{
  "trial_number": 132,
  "params": {
    "lr": 0.012798069383030254,
    "weight_decay": 0.0018509630276752165,
    "batch_size": 128,
    "dropout": 0.012212224458834707,
    "optimizer": "AdamW",
    "scheduler": "cosine",
    "model": "resnet18"
  },
  "best_val_acc": 0.9198,
  "elapsed_s": 141.69203901290894,
  "slurm_task": 79,
  "device": "cuda"
}