{
  "trial_number": 297,
  "params": {
    "lr": 0.00045008213836854365,
    "weight_decay": 0.001485068850715803,
    "batch_size": 64,
    "dropout": 0.011408873105321904,
    "optimizer": "AdamW",
    "scheduler": "cosine",
    "model": "resnet18"
  },
  "best_val_acc": 0.9255,
  "elapsed_s": 170.3829619884491,
  "slurm_task": 145,
  "device": "cuda"
}