{
  "trial_number": 311,
  "params": {
    "lr": 0.0014895290877484594,
    "weight_decay": 0.001992951960763823,
    "batch_size": 64,
    "dropout": 0.33583350297743914,
    "optimizer": "AdamW",
    "scheduler": "cosine",
    "model": "resnet18"
  },
  "best_val_acc": 0.9227,
  "elapsed_s": 172.81827354431152,
  "slurm_task": 160,
  "device": "cuda"
}