{
  "trial_number": 165,
  "params": {
    "lr": 0.012844449982551916,
    "weight_decay": 0.0003008534972479344,
    "batch_size": 128,
    "dropout": 0.12185594196263623,
    "optimizer": "AdamW",
    "scheduler": "cosine",
    "model": "resnet34"
  },
  "best_val_acc": 0.9185,
  "elapsed_s": 185.0337028503418,
  "slurm_task": 104,
  "device": "cuda"
}