{
  "trial_number": 33,
  "params": {
    "lr": 0.0008179499475211679,
    "weight_decay": 0.0001256104370001356,
    "batch_size": 256,
    "dropout": 0.06974693032602092,
    "optimizer": "AdamW",
    "scheduler": "cosine",
    "model": "efficientnet_b0"
  },
  "best_val_acc": 0.7713,
  "elapsed_s": 139.4763958454132,
  "slurm_task": 21,
  "device": "cuda"
}