{
  "trial_number": 280,
  "params": {
    "lr": 0.003748491656858629,
    "weight_decay": 0.004252108937664763,
    "batch_size": 64,
    "dropout": 0.014949602395457383,
    "optimizer": "AdamW",
    "scheduler": "cosine",
    "model": "resnet18"
  },
  "best_val_acc": 0.9239,
  "elapsed_s": 169.2027726173401,
  "slurm_task": 163,
  "device": "cuda"
}