{
  "trial_number": 283,
  "params": {
    "lr": 0.003748491656858629,
    "weight_decay": 0.004252108937664763,
    "batch_size": 64,
    "dropout": 0.014949602395457383,
    "optimizer": "AdamW",
    "scheduler": "cosine",
    "model": "resnet18"
  },
  "best_val_acc": 0.921,
  "elapsed_s": 167.28350234031677,
  "slurm_task": 166,
  "device": "cuda"
}