{
  "trial_number": 105,
  "params": {
    "lr": 0.005830115077537222,
    "weight_decay": 0.00230317902529889,
    "batch_size": 128,
    "dropout": 0.04529849746925721,
    "optimizer": "AdamW",
    "scheduler": "cosine",
    "model": "resnet18"
  },
  "best_val_acc": 0.916,
  "elapsed_s": 139.55803847312927,
  "slurm_task": 49,
  "device": "cuda"
}