{
  "trial_number": 97,
  "params": {
    "lr": 0.005909010451049464,
    "weight_decay": 0.002263211978510882,
    "batch_size": 128,
    "dropout": 0.04619835949007531,
    "optimizer": "AdamW",
    "scheduler": "cosine",
    "model": "resnet18"
  },
  "best_val_acc": 0.9205,
  "elapsed_s": 140.65485644340515,
  "slurm_task": 48,
  "device": "cuda"
}