{
  "trial_number": 302,
  "params": {
    "lr": 0.0009106743327051981,
    "weight_decay": 0.00323136127807364,
    "batch_size": 64,
    "dropout": 0.22777361350275482,
    "optimizer": "AdamW",
    "scheduler": "cosine",
    "model": "resnet18"
  },
  "best_val_acc": 0.9247,
  "elapsed_s": 167.3721480369568,
  "slurm_task": 153,
  "device": "cuda"
}