{
  "trial_number": 303,
  "params": {
    "lr": 0.0009106743327051981,
    "weight_decay": 0.00323136127807364,
    "batch_size": 64,
    "dropout": 0.22777361350275482,
    "optimizer": "AdamW",
    "scheduler": "cosine",
    "model": "resnet18"
  },
  "best_val_acc": 0.925,
  "elapsed_s": 166.98263883590698,
  "slurm_task": 154,
  "device": "cuda"
}