{
  "trial_number": 203,
  "params": {
    "lr": 0.012696250250522697,
    "weight_decay": 0.0003122087233729245,
    "batch_size": 128,
    "dropout": 0.12036687559989788,
    "optimizer": "AdamW",
    "scheduler": "cosine",
    "model": "resnet34"
  },
  "best_val_acc": 0.9175,
  "elapsed_s": 184.11322808265686,
  "slurm_task": 120,
  "device": "cuda"
}