{
  "trial_number": 41,
  "params": {
    "lr": 0.003200349592459556,
    "weight_decay": 0.00301411999834151,
    "batch_size": 64,
    "dropout": 0.018166519933438416,
    "optimizer": "AdamW",
    "scheduler": "cosine",
    "model": "efficientnet_b0"
  },
  "best_val_acc": 0.8095,
  "elapsed_s": 403.41498923301697,
  "slurm_task": 19,
  "device": "cuda"
}