{
  "trial_number": 42,
  "params": {
    "lr": 0.003200349592459556,
    "weight_decay": 0.00301411999834151,
    "batch_size": 64,
    "dropout": 0.018166519933438416,
    "optimizer": "AdamW",
    "scheduler": "cosine",
    "model": "efficientnet_b0"
  },
  "best_val_acc": 0.8057,
  "elapsed_s": 360.4458312988281,
  "slurm_task": 41,
  "device": "cuda"
}