{
  "trial_number": 122,
  "params": {
    "lr": 0.005830115077537222,
    "weight_decay": 0.00230317902529889,
    "batch_size": 128,
    "dropout": 0.04529849746925721,
    "optimizer": "AdamW",
    "scheduler": "cosine",
    "model": "resnet18"
  },
  "best_val_acc": 0.9194,
  "elapsed_s": 142.96728563308716,
  "slurm_task": 57,
  "device": "cuda"
}