{
  "trial_number": 130,
  "params": {
    "lr": 0.010684660444611232,
    "weight_decay": 0.002945202576796489,
    "batch_size": 128,
    "dropout": 0.20844470841083465,
    "optimizer": "AdamW",
    "scheduler": "cosine",
    "model": "resnet18"
  },
  "best_val_acc": 0.9145,
  "elapsed_s": 140.6210813522339,
  "slurm_task": 77,
  "device": "cuda"
}