{
  "trial_number": 310,
  "params": {
    "lr": 0.002606723052637675,
    "weight_decay": 0.00026801865002976197,
    "batch_size": 256,
    "dropout": 0.03488339986417256,
    "optimizer": "AdamW",
    "scheduler": "step",
    "model": "resnet34"
  },
  "best_val_acc": 0.9087,
  "elapsed_s": 161.24670314788818,
  "slurm_task": 161,
  "device": "cuda"
}