{
  "trial_number": 78,
  "params": {
    "lr": 0.0007088671022461283,
    "weight_decay": 0.0031836639250343315,
    "batch_size": 256,
    "dropout": 0.12002731984717474,
    "optimizer": "AdamW",
    "scheduler": "plateau",
    "model": "resnet34"
  },
  "best_val_acc": 0.8784,
  "elapsed_s": 159.89878964424133,
  "slurm_task": 39,
  "device": "cuda"
}