{
  "trial_number": 321,
  "params": {
    "lr": 0.0030024981412685036,
    "weight_decay": 0.00027657664547253924,
    "batch_size": 256,
    "dropout": 0.011876122723594479,
    "optimizer": "AdamW",
    "scheduler": "step",
    "model": "resnet34"
  },
  "best_val_acc": 0.9113,
  "elapsed_s": 160.1377820968628,
  "slurm_task": 157,
  "device": "cuda"
}