{
  "trial_number": 99,
  "params": {
    "lr": 0.0008094734676314076,
    "weight_decay": 0.0030893608024695996,
    "batch_size": 64,
    "dropout": 0.03885731444814218,
    "optimizer": "Adam",
    "scheduler": "step",
    "model": "resnet34"
  },
  "best_val_acc": 0.78,
  "elapsed_s": 252.31915426254272,
  "slurm_task": 63,
  "device": "cuda"
}