{
  "trial_number": 274,
  "params": {
    "lr": 0.012259560092688523,
    "weight_decay": 0.003938349255497802,
    "batch_size": 256,
    "dropout": 0.028985308641871647,
    "optimizer": "AdamW",
    "scheduler": "step",
    "model": "resnet34"
  },
  "best_val_acc": 0.9104,
  "elapsed_s": 161.32762479782104,
  "slurm_task": 156,
  "device": "cuda"
}