{
  "trial_number": 174,
  "params": {
    "lr": 0.014826759535380468,
    "weight_decay": 0.00025933773990325824,
    "batch_size": 256,
    "dropout": 0.15211678965009542,
    "optimizer": "AdamW",
    "scheduler": "step",
    "model": "resnet34"
  },
  "best_val_acc": 0.9064,
  "elapsed_s": 161.1261293888092,
  "slurm_task": 83,
  "device": "cuda"
}