{
  "trial_number": 347,
  "params": {
    "lr": 0.0031584209083033946,
    "weight_decay": 0.00036315184161464807,
    "batch_size": 256,
    "dropout": 0.3773412449955975,
    "optimizer": "AdamW",
    "scheduler": "step",
    "model": "resnet34"
  },
  "best_val_acc": 0.9103,
  "elapsed_s": 161.35742664337158,
  "slurm_task": 176,
  "device": "cuda"
}