{
  "trial_number": 197,
  "params": {
    "lr": 0.015843384237474334,
    "weight_decay": 0.0007921478853776503,
    "batch_size": 256,
    "dropout": 0.4172592880976009,
    "optimizer": "AdamW",
    "scheduler": "step",
    "model": "resnet34"
  },
  "best_val_acc": 0.9043,
  "elapsed_s": 161.16356897354126,
  "slurm_task": 93,
  "device": "cuda"
}