{
  "trial_number": 222,
  "params": {
    "lr": 0.016917885765198887,
    "weight_decay": 8.992614255635364e-05,
    "batch_size": 256,
    "dropout": 0.31887973184738455,
    "optimizer": "AdamW",
    "scheduler": "step",
    "model": "resnet34"
  },
  "best_val_acc": 0.9087,
  "elapsed_s": 160.97710704803467,
  "slurm_task": 128,
  "device": "cuda"
}