{
  "trial_number": 319,
  "params": {
    "lr": 0.0030673926544796982,
    "weight_decay": 0.00039081593309216916,
    "batch_size": 256,
    "dropout": 0.014493053431305594,
    "optimizer": "AdamW",
    "scheduler": "step",
    "model": "resnet34"
  },
  "best_val_acc": 0.9131,
  "elapsed_s": 160.5734875202179,
  "slurm_task": 168,
  "device": "cuda"
}