{
  "trial_number": 364,
  "params": {
    "lr": 0.00372741230446191,
    "weight_decay": 0.00022415296530423423,
    "batch_size": 256,
    "dropout": 0.483768217188109,
    "optimizer": "AdamW",
    "scheduler": "cosine",
    "model": "resnet34"
  },
  "best_val_acc": 0.9175,
  "elapsed_s": 160.7850091457367,
  "slurm_task": 186,
  "device": "cuda"
}