{
  "trial_number": 215,
  "params": {
    "lr": 0.014746875696464053,
    "weight_decay": 8.967753755593957e-05,
    "batch_size": 256,
    "dropout": 0.26882226573209766,
    "optimizer": "AdamW",
    "scheduler": "step",
    "model": "resnet34"
  },
  "best_val_acc": 0.9062,
  "elapsed_s": 161.06108498573303,
  "slurm_task": 124,
  "device": "cuda"
}