{
  "trial_number": 329,
  "params": {
    "lr": 0.00312769755726748,
    "weight_decay": 0.004270590324498362,
    "batch_size": 256,
    "dropout": 0.3126450773915353,
    "optimizer": "AdamW",
    "scheduler": "step",
    "model": "resnet34"
  },
  "best_val_acc": 0.9032,
  "elapsed_s": 161.41172671318054,
  "slurm_task": 155,
  "device": "cuda"
}