{
  "trial_number": 108,
  "params": {
    "lr": 0.02146403547714586,
    "weight_decay": 0.0031579096283600094,
    "batch_size": 256,
    "dropout": 0.03804967312332717,
    "optimizer": "AdamW",
    "scheduler": "step",
    "model": "resnet34"
  },
  "best_val_acc": 0.9103,
  "elapsed_s": 160.96034455299377,
  "slurm_task": 71,
  "device": "cuda"
}