{
  "trial_number": 366,
  "params": {
    "lr": 0.00372741230446191,
    "weight_decay": 0.00022415296530423423,
    "batch_size": 256,
    "dropout": 0.483768217188109,
    "optimizer": "AdamW",
    "scheduler": "cosine",
    "model": "resnet34"
  },
  "best_val_acc": 0.909,
  "elapsed_s": 159.53573369979858,
  "slurm_task": 195,
  "device": "cuda"
}