{
  "trial_number": 371,
  "params": {
    "lr": 0.0015024887695629058,
    "weight_decay": 0.0006011598747525201,
    "batch_size": 256,
    "dropout": 0.02473990576305049,
    "optimizer": "AdamW",
    "scheduler": "step",
    "model": "resnet34"
  },
  "best_val_acc": 0.9137,
  "elapsed_s": 160.25868129730225,
  "slurm_task": 200,
  "device": "cuda"
}