{
  "trial_number": 147,
  "params": {
    "lr": 0.02764960597370897,
    "weight_decay": 0.0009520145760425403,
    "batch_size": 256,
    "dropout": 0.0214711282459382,
    "optimizer": "AdamW",
    "scheduler": "step",
    "model": "resnet34"
  },
  "best_val_acc": 0.9074,
  "elapsed_s": 160.946298122406,
  "slurm_task": 52,
  "device": "cuda"
}