{
  "trial_number": 198,
  "params": {
    "lr": 0.025201630271784663,
    "weight_decay": 0.0044706630534438975,
    "batch_size": 256,
    "dropout": 0.011810929853379448,
    "optimizer": "AdamW",
    "scheduler": "step",
    "model": "resnet34"
  },
  "best_val_acc": 0.9092,
  "elapsed_s": 161.20128393173218,
  "slurm_task": 116,
  "device": "cuda"
}