{
  "trial_number": 172,
  "params": {
    "lr": 0.014464453920345411,
    "weight_decay": 0.00024807154715840196,
    "batch_size": 256,
    "dropout": 0.1397149402338035,
    "optimizer": "AdamW",
    "scheduler": "step",
    "model": "resnet34"
  },
  "best_val_acc": 0.9085,
  "elapsed_s": 161.0807433128357,
  "slurm_task": 82,
  "device": "cuda"
}