{
  "trial_number": 161,
  "params": {
    "lr": 0.01384318740162874,
    "weight_decay": 0.0047566140007827135,
    "batch_size": 256,
    "dropout": 0.012970677409658859,
    "optimizer": "AdamW",
    "scheduler": "step",
    "model": "resnet34"
  },
  "best_val_acc": 0.9094,
  "elapsed_s": 161.74129605293274,
  "slurm_task": 95,
  "device": "cuda"
}