{
  "trial_number": 250,
  "params": {
    "lr": 0.009686074726814226,
    "weight_decay": 0.00032176187174456325,
    "batch_size": 256,
    "dropout": 0.04760466943390773,
    "optimizer": "AdamW",
    "scheduler": "step",
    "model": "resnet34"
  },
  "best_val_acc": 0.9057,
  "elapsed_s": 160.71123623847961,
  "slurm_task": 135,
  "device": "cuda"
}