{
  "trial_number": 317,
  "params": {
    "lr": 0.0030543722335030265,
    "weight_decay": 0.000384144668072389,
    "batch_size": 256,
    "dropout": 0.011228623669385235,
    "optimizer": "AdamW",
    "scheduler": "step",
    "model": "resnet34"
  },
  "best_val_acc": 0.9128,
  "elapsed_s": 162.1139566898346,
  "slurm_task": 180,
  "device": "cuda"
}