{
  "trial_number": 307,
  "params": {
    "lr": 0.002875167245079823,
    "weight_decay": 0.0004016199900572182,
    "batch_size": 256,
    "dropout": 0.032763289005878875,
    "optimizer": "AdamW",
    "scheduler": "step",
    "model": "resnet34"
  },
  "best_val_acc": 0.9099,
  "elapsed_s": 162.47382020950317,
  "slurm_task": 174,
  "device": "cuda"
}