{
  "trial_number": 369,
  "params": {
    "lr": 0.0015024887695629058,
    "weight_decay": 0.0006011598747525201,
    "batch_size": 256,
    "dropout": 0.483768217188109,
    "optimizer": "AdamW",
    "scheduler": "step",
    "model": "resnet34"
  },
  "best_val_acc": 0.9092,
  "elapsed_s": 159.22618079185486,
  "slurm_task": 188,
  "device": "cuda"
}