{
  "trial_number": 145,
  "params": {
    "lr": 0.030820077309029612,
    "weight_decay": 0.0009520145760425403,
    "batch_size": 256,
    "dropout": 0.0214711282459382,
    "optimizer": "AdamW",
    "scheduler": "step",
    "model": "resnet34"
  },
  "best_val_acc": 0.8961,
  "elapsed_s": 160.97555494308472,
  "slurm_task": 55,
  "device": "cuda"
}