{
  "trial_number": 58,
  "params": {
    "lr": 0.008567646050479907,
    "weight_decay": 0.0014760280355480889,
    "batch_size": 256,
    "dropout": 0.0052575103624639685,
    "optimizer": "AdamW",
    "scheduler": "cosine",
    "model": "efficientnet_b0"
  },
  "best_val_acc": 0.7465,
  "elapsed_s": 138.6602268218994,
  "slurm_task": 21,
  "device": "cuda"
}