{
  "trial_number": 315,
  "params": {
    "lr": 0.0030673926544796982,
    "weight_decay": 0.00039081593309216916,
    "batch_size": 256,
    "dropout": 0.014627807234336054,
    "optimizer": "AdamW",
    "scheduler": "step",
    "model": "resnet34"
  },
  "best_val_acc": 0.907,
  "elapsed_s": 160.82183575630188,
  "slurm_task": 167,
  "device": "cuda"
}