JobID,BaseJobID,JobName,State,ExitCode,Node,SpeedClass,Submit,Start,End,ElapsedSeconds,FastFailed,Sampler,Dataset,NominalW_ArrayLo,NominalW_ArrayHi,NominalW_Throttle,NominalW_Source,WorkDir,SubmitLine
6921028_1,6921028,hpo_%a,COMPLETED,0:0,gpu12,SLOW,2026-04-19T06:18:20,2026-04-19T06:18:21,2026-04-19T06:27:50,569,False,random,,1,200,40,archive_sbatch_directive,/mnt/storage_6/project_data/pl0844-01/hpo_project,sbatch hpo_array.slurm random
6921028_2,6921028,hpo_%a,FAILED,1:0,gpu12,SLOW,2026-04-19T06:18:20,2026-04-19T06:18:21,2026-04-19T06:18:42,21,False,random,,1,200,40,archive_sbatch_directive,/mnt/storage_6/project_data/pl0844-01/hpo_project,sbatch hpo_array.slurm random
6921028_3,6921028,hpo_%a,FAILED,1:0,gpu12,SLOW,2026-04-19T06:18:20,2026-04-19T06:18:21,2026-04-19T06:18:42,21,False,random,,1,200,40,archive_sbatch_directive,/mnt/storage_6/project_data/pl0844-01/hpo_project,sbatch hpo_array.slurm random
6921028_4,6921028,hpo_%a,FAILED,1:0,gpu12,SLOW,2026-04-19T06:18:20,2026-04-19T06:18:21,2026-04-19T06:18:42,21,False,random,,1,200,40,archive_sbatch_directive,/mnt/storage_6/project_data/pl0844-01/hpo_project,sbatch hpo_array.slurm random
6921028_5,6921028,hpo_%a,FAILED,1:0,gpu12,SLOW,2026-04-19T06:18:20,2026-04-19T06:18:21,2026-04-19T06:18:42,21,False,random,,1,200,40,archive_sbatch_directive,/mnt/storage_6/project_data/pl0844-01/hpo_project,sbatch hpo_array.slurm random
6921028_6,6921028,hpo_%a,FAILED,1:0,gpu12,SLOW,2026-04-19T06:18:20,2026-04-19T06:18:21,2026-04-19T06:18:42,21,False,random,,1,200,40,archive_sbatch_directive,/mnt/storage_6/project_data/pl0844-01/hpo_project,sbatch hpo_array.slurm random
6921028_7,6921028,hpo_%a,FAILED,1:0,gpu12,SLOW,2026-04-19T06:18:20,2026-04-19T06:18:21,2026-04-19T06:18:42,21,False,random,,1,200,40,archive_sbatch_directive,/mnt/storage_6/project_data/pl0844-01/hpo_project,sbatch hpo_array.slurm random
6921028_8,6921028,hpo_%a,FAILED,1:0,gpu12,SLOW,2026-04-19T06:18:20,2026-04-19T06:18:21,2026-04-19T06:18:42,21,False,random,,1,200,40,archive_sbatch_directive,/mnt/storage_6/project_data/pl0844-01/hpo_project,sbatch hpo_array.slurm random
6921028_9,6921028,hpo_%a,COMPLETED,0:0,gpu06,SLOW,2026-04-19T06:18:20,2026-04-19T06:30:16,2026-04-19T06:42:40,744,False,random,,1,200,40,archive_sbatch_directive,/mnt/storage_6/project_data/pl0844-01/hpo_project,sbatch hpo_array.slurm random
6921028_10,6921028,hpo_%a,COMPLETED,0:0,gpu06,SLOW,2026-04-19T06:18:20,2026-04-19T06:30:16,2026-04-19T06:45:24,908,False,random,,1,200,40,archive_sbatch_directive,/mnt/storage_6/project_data/pl0844-01/hpo_project,sbatch hpo_array.slurm random
6921028_11,6921028,hpo_%a,COMPLETED,0:0,gpu06,SLOW,2026-04-19T06:18:20,2026-04-19T06:30:16,2026-04-19T06:45:37,921,False,random,,1,200,40,archive_sbatch_directive,/mnt/storage_6/project_data/pl0844-01/hpo_project,sbatch hpo_array.slurm random
6921028_12,6921028,hpo_%a,COMPLETED,0:0,gpu06,SLOW,2026-04-19T06:18:20,2026-04-19T06:30:16,2026-04-19T06:48:51,1115,False,random,,1,200,40,archive_sbatch_directive,/mnt/storage_6/project_data/pl0844-01/hpo_project,sbatch hpo_array.slurm random
6921028_13,6921028,hpo_%a,COMPLETED,0:0,gpu06,SLOW,2026-04-19T06:18:20,2026-04-19T06:30:16,2026-04-19T06:45:48,932,False,random,,1,200,40,archive_sbatch_directive,/mnt/storage_6/project_data/pl0844-01/hpo_project,sbatch hpo_array.slurm random
6921028_14,6921028,hpo_%a,COMPLETED,0:0,gpu06,SLOW,2026-04-19T06:18:20,2026-04-19T06:30:16,2026-04-19T06:46:04,948,False,random,,1,200,40,archive_sbatch_directive,/mnt/storage_6/project_data/pl0844-01/hpo_project,sbatch hpo_array.slurm random
6921028_15,6921028,hpo_%a,COMPLETED,0:0,gpu06,SLOW,2026-04-19T06:18:20,2026-04-19T06:30:16,2026-04-19T06:56:57,1601,False,random,,1,200,40,archive_sbatch_directive,/mnt/storage_6/project_data/pl0844-01/hpo_project,sbatch hpo_array.slurm random
6921028_16,6921028,hpo_%a,COMPLETED,0:0,gpu06,SLOW,2026-04-19T06:18:20,2026-04-19T06:30:16,2026-04-19T06:41:21,665,False,random,,1,200,40,archive_sbatch_directive,/mnt/storage_6/project_data/pl0844-01/hpo_project,sbatch hpo_array.slurm random
6921028_17,6921028,hpo_%a,COMPLETED,0:0,gpu07,SLOW,2026-04-19T06:18:20,2026-04-19T06:27:45,2026-04-19T06:47:18,1173,False,random,,1,200,40,archive_sbatch_directive,/mnt/storage_6/project_data/pl0844-01/hpo_project,sbatch hpo_array.slurm random
6921028_18,6921028,hpo_%a,COMPLETED,0:0,gpu07,SLOW,2026-04-19T06:18:20,2026-04-19T06:27:45,2026-04-19T06:55:15,1650,False,random,,1,200,40,archive_sbatch_directive,/mnt/storage_6/project_data/pl0844-01/hpo_project,sbatch hpo_array.slurm random
6921028_19,6921028,hpo_%a,COMPLETED,0:0,gpu07,SLOW,2026-04-19T06:18:20,2026-04-19T06:27:45,2026-04-19T06:47:14,1169,False,random,,1,200,40,archive_sbatch_directive,/mnt/storage_6/project_data/pl0844-01/hpo_project,sbatch hpo_array.slurm random
6921028_20,6921028,hpo_%a,COMPLETED,0:0,gpu07,SLOW,2026-04-19T06:18:20,2026-04-19T06:27:45,2026-04-19T06:41:05,800,False,random,,1,200,40,archive_sbatch_directive,/mnt/storage_6/project_data/pl0844-01/hpo_project,sbatch hpo_array.slurm random
6921028_21,6921028,hpo_%a,FAILED,1:0,gpu07,SLOW,2026-04-19T06:18:20,2026-04-19T06:27:45,2026-04-19T06:36:25,520,False,random,,1,200,40,archive_sbatch_directive,/mnt/storage_6/project_data/pl0844-01/hpo_project,sbatch hpo_array.slurm random
6921028_22,6921028,hpo_%a,FAILED,1:0,gpu07,SLOW,2026-04-19T06:18:20,2026-04-19T06:27:45,2026-04-19T06:38:30,645,False,random,,1,200,40,archive_sbatch_directive,/mnt/storage_6/project_data/pl0844-01/hpo_project,sbatch hpo_array.slurm random
6921028_23,6921028,hpo_%a,COMPLETED,0:0,gpu07,SLOW,2026-04-19T06:18:20,2026-04-19T06:27:45,2026-04-19T06:46:08,1103,False,random,,1,200,40,archive_sbatch_directive,/mnt/storage_6/project_data/pl0844-01/hpo_project,sbatch hpo_array.slurm random
6921028_24,6921028,hpo_%a,COMPLETED,0:0,gpu07,SLOW,2026-04-19T06:18:20,2026-04-19T06:27:45,2026-04-19T06:45:42,1077,False,random,,1,200,40,archive_sbatch_directive,/mnt/storage_6/project_data/pl0844-01/hpo_project,sbatch hpo_array.slurm random
6921028_25,6921028,hpo_%a,COMPLETED,0:0,gpu08,SLOW,2026-04-19T06:18:20,2026-04-19T06:27:45,2026-04-19T06:50:39,1374,False,random,,1,200,40,archive_sbatch_directive,/mnt/storage_6/project_data/pl0844-01/hpo_project,sbatch hpo_array.slurm random
6921028_26,6921028,hpo_%a,COMPLETED,0:0,gpu08,SLOW,2026-04-19T06:18:20,2026-04-19T06:27:45,2026-04-19T06:40:19,754,False,random,,1,200,40,archive_sbatch_directive,/mnt/storage_6/project_data/pl0844-01/hpo_project,sbatch hpo_array.slurm random
6921028_27,6921028,hpo_%a,COMPLETED,0:0,gpu08,SLOW,2026-04-19T06:18:20,2026-04-19T06:27:45,2026-04-19T06:38:23,638,False,random,,1,200,40,archive_sbatch_directive,/mnt/storage_6/project_data/pl0844-01/hpo_project,sbatch hpo_array.slurm random
6921028_28,6921028,hpo_%a,FAILED,1:0,gpu08,SLOW,2026-04-19T06:18:20,2026-04-19T06:27:45,2026-04-19T06:40:24,759,False,random,,1,200,40,archive_sbatch_directive,/mnt/storage_6/project_data/pl0844-01/hpo_project,sbatch hpo_array.slurm random
6921028_29,6921028,hpo_%a,COMPLETED,0:0,gpu08,SLOW,2026-04-19T06:18:20,2026-04-19T06:27:45,2026-04-19T06:47:23,1178,False,random,,1,200,40,archive_sbatch_directive,/mnt/storage_6/project_data/pl0844-01/hpo_project,sbatch hpo_array.slurm random
6921028_30,6921028,hpo_%a,COMPLETED,0:0,gpu08,SLOW,2026-04-19T06:18:20,2026-04-19T06:27:45,2026-04-19T06:56:20,1715,False,random,,1,200,40,archive_sbatch_directive,/mnt/storage_6/project_data/pl0844-01/hpo_project,sbatch hpo_array.slurm random
6921028_31,6921028,hpo_%a,COMPLETED,0:0,gpu08,SLOW,2026-04-19T06:18:20,2026-04-19T06:27:45,2026-04-19T06:48:23,1238,False,random,,1,200,40,archive_sbatch_directive,/mnt/storage_6/project_data/pl0844-01/hpo_project,sbatch hpo_array.slurm random
6921028_32,6921028,hpo_%a,COMPLETED,0:0,gpu08,SLOW,2026-04-19T06:18:20,2026-04-19T06:27:45,2026-04-19T06:52:03,1458,False,random,,1,200,40,archive_sbatch_directive,/mnt/storage_6/project_data/pl0844-01/hpo_project,sbatch hpo_array.slurm random
6921028_33,6921028,hpo_%a,COMPLETED,0:0,gpu09,SLOW,2026-04-19T06:18:20,2026-04-19T06:28:16,2026-04-19T06:43:15,899,False,random,,1,200,40,archive_sbatch_directive,/mnt/storage_6/project_data/pl0844-01/hpo_project,sbatch hpo_array.slurm random
6921028_34,6921028,hpo_%a,COMPLETED,0:0,gpu09,SLOW,2026-04-19T06:18:20,2026-04-19T06:28:16,2026-04-19T06:54:19,1563,False,random,,1,200,40,archive_sbatch_directive,/mnt/storage_6/project_data/pl0844-01/hpo_project,sbatch hpo_array.slurm random
6921028_35,6921028,hpo_%a,COMPLETED,0:0,gpu09,SLOW,2026-04-19T06:18:20,2026-04-19T06:28:16,2026-04-19T06:42:25,849,False,random,,1,200,40,archive_sbatch_directive,/mnt/storage_6/project_data/pl0844-01/hpo_project,sbatch hpo_array.slurm random
6921028_36,6921028,hpo_%a,COMPLETED,0:0,gpu09,SLOW,2026-04-19T06:18:20,2026-04-19T06:28:16,2026-04-19T06:40:42,746,False,random,,1,200,40,archive_sbatch_directive,/mnt/storage_6/project_data/pl0844-01/hpo_project,sbatch hpo_array.slurm random
6921028_37,6921028,hpo_%a,COMPLETED,0:0,gpu09,SLOW,2026-04-19T06:18:20,2026-04-19T06:28:16,2026-04-19T06:49:54,1298,False,random,,1,200,40,archive_sbatch_directive,/mnt/storage_6/project_data/pl0844-01/hpo_project,sbatch hpo_array.slurm random
6921028_38,6921028,hpo_%a,COMPLETED,0:0,gpu09,SLOW,2026-04-19T06:18:20,2026-04-19T06:28:16,2026-04-19T06:47:44,1168,False,random,,1,200,40,archive_sbatch_directive,/mnt/storage_6/project_data/pl0844-01/hpo_project,sbatch hpo_array.slurm random
6921028_39,6921028,hpo_%a,COMPLETED,0:0,gpu09,SLOW,2026-04-19T06:18:20,2026-04-19T06:28:16,2026-04-19T06:43:48,932,False,random,,1,200,40,archive_sbatch_directive,/mnt/storage_6/project_data/pl0844-01/hpo_project,sbatch hpo_array.slurm random
6921028_40,6921028,hpo_%a,COMPLETED,0:0,gpu09,SLOW,2026-04-19T06:18:20,2026-04-19T06:28:16,2026-04-19T06:49:20,1264,False,random,,1,200,40,archive_sbatch_directive,/mnt/storage_6/project_data/pl0844-01/hpo_project,sbatch hpo_array.slurm random
6921028_41,6921028,hpo_%a,COMPLETED,0:0,gpu10,SLOW,2026-04-19T06:18:20,2026-04-19T06:27:45,2026-04-19T06:47:53,1208,False,random,,1,200,40,archive_sbatch_directive,/mnt/storage_6/project_data/pl0844-01/hpo_project,sbatch hpo_array.slurm random
6921028_42,6921028,hpo_%a,COMPLETED,0:0,gpu10,SLOW,2026-04-19T06:18:20,2026-04-19T06:27:45,2026-04-19T06:43:12,927,False,random,,1,200,40,archive_sbatch_directive,/mnt/storage_6/project_data/pl0844-01/hpo_project,sbatch hpo_array.slurm random
6921028_43,6921028,hpo_%a,COMPLETED,0:0,gpu10,SLOW,2026-04-19T06:18:20,2026-04-19T06:27:45,2026-04-19T06:46:14,1109,False,random,,1,200,40,archive_sbatch_directive,/mnt/storage_6/project_data/pl0844-01/hpo_project,sbatch hpo_array.slurm random
6921028_44,6921028,hpo_%a,COMPLETED,0:0,gpu10,SLOW,2026-04-19T06:18:20,2026-04-19T06:27:45,2026-04-19T06:41:31,826,False,random,,1,200,40,archive_sbatch_directive,/mnt/storage_6/project_data/pl0844-01/hpo_project,sbatch hpo_array.slurm random
6921028_45,6921028,hpo_%a,COMPLETED,0:0,gpu10,SLOW,2026-04-19T06:18:20,2026-04-19T06:27:45,2026-04-19T06:52:57,1512,False,random,,1,200,40,archive_sbatch_directive,/mnt/storage_6/project_data/pl0844-01/hpo_project,sbatch hpo_array.slurm random
6921028_46,6921028,hpo_%a,COMPLETED,0:0,gpu10,SLOW,2026-04-19T06:18:20,2026-04-19T06:27:45,2026-04-19T06:43:17,932,False,random,,1,200,40,archive_sbatch_directive,/mnt/storage_6/project_data/pl0844-01/hpo_project,sbatch hpo_array.slurm random
6921028_47,6921028,hpo_%a,COMPLETED,0:0,gpu10,SLOW,2026-04-19T06:18:20,2026-04-19T06:27:45,2026-04-19T06:48:16,1231,False,random,,1,200,40,archive_sbatch_directive,/mnt/storage_6/project_data/pl0844-01/hpo_project,sbatch hpo_array.slurm random
6921028_48,6921028,hpo_%a,COMPLETED,0:0,gpu12,SLOW,2026-04-19T06:18:20,2026-04-19T06:27:51,2026-04-19T06:50:07,1336,False,random,,1,200,40,archive_sbatch_directive,/mnt/storage_6/project_data/pl0844-01/hpo_project,sbatch hpo_array.slurm random
6921028_49,6921028,hpo_%a,COMPLETED,0:0,gpu07,SLOW,2026-04-19T06:18:20,2026-04-19T06:36:25,2026-04-19T06:47:30,665,False,random,,1,200,40,archive_sbatch_directive,/mnt/storage_6/project_data/pl0844-01/hpo_project,sbatch hpo_array.slurm random
6921028_50,6921028,hpo_%a,COMPLETED,0:0,gpu08,SLOW,2026-04-19T06:18:20,2026-04-19T06:38:23,2026-04-19T07:06:13,1670,False,random,,1,200,40,archive_sbatch_directive,/mnt/storage_6/project_data/pl0844-01/hpo_project,sbatch hpo_array.slurm random
6921028_51,6921028,hpo_%a,COMPLETED,0:0,gpu07,SLOW,2026-04-19T06:18:20,2026-04-19T06:38:31,2026-04-19T06:53:24,893,False,random,,1,200,40,archive_sbatch_directive,/mnt/storage_6/project_data/pl0844-01/hpo_project,sbatch hpo_array.slurm random
6921028_52,6921028,hpo_%a,COMPLETED,0:0,gpu08,SLOW,2026-04-19T06:18:20,2026-04-19T06:40:19,2026-04-19T06:55:35,916,False,random,,1,200,40,archive_sbatch_directive,/mnt/storage_6/project_data/pl0844-01/hpo_project,sbatch hpo_array.slurm random
6921028_53,6921028,hpo_%a,COMPLETED,0:0,gpu08,SLOW,2026-04-19T06:18:20,2026-04-19T06:40:24,2026-04-19T07:09:07,1723,False,random,,1,200,40,archive_sbatch_directive,/mnt/storage_6/project_data/pl0844-01/hpo_project,sbatch hpo_array.slurm random
6921028_54,6921028,hpo_%a,COMPLETED,0:0,gpu09,SLOW,2026-04-19T06:18:20,2026-04-19T06:40:42,2026-04-19T07:01:32,1250,False,random,,1,200,40,archive_sbatch_directive,/mnt/storage_6/project_data/pl0844-01/hpo_project,sbatch hpo_array.slurm random
6921028_55,6921028,hpo_%a,COMPLETED,0:0,gpu07,SLOW,2026-04-19T06:18:20,2026-04-19T06:41:05,2026-04-19T06:58:04,1019,False,random,,1,200,40,archive_sbatch_directive,/mnt/storage_6/project_data/pl0844-01/hpo_project,sbatch hpo_array.slurm random
6921028_56,6921028,hpo_%a,COMPLETED,0:0,gpu06,SLOW,2026-04-19T06:18:20,2026-04-19T06:41:21,2026-04-19T06:57:17,956,False,random,,1,200,40,archive_sbatch_directive,/mnt/storage_6/project_data/pl0844-01/hpo_project,sbatch hpo_array.slurm random
6921028_57,6921028,hpo_%a,COMPLETED,0:0,gpu10,SLOW,2026-04-19T06:18:20,2026-04-19T06:41:31,2026-04-19T06:59:50,1099,False,random,,1,200,40,archive_sbatch_directive,/mnt/storage_6/project_data/pl0844-01/hpo_project,sbatch hpo_array.slurm random
6921028_58,6921028,hpo_%a,COMPLETED,0:0,gpu09,SLOW,2026-04-19T06:18:20,2026-04-19T06:42:25,2026-04-19T06:58:18,953,False,random,,1,200,40,archive_sbatch_directive,/mnt/storage_6/project_data/pl0844-01/hpo_project,sbatch hpo_array.slurm random
6921028_59,6921028,hpo_%a,COMPLETED,0:0,gpu06,SLOW,2026-04-19T06:18:20,2026-04-19T06:42:40,2026-04-19T06:57:59,919,False,random,,1,200,40,archive_sbatch_directive,/mnt/storage_6/project_data/pl0844-01/hpo_project,sbatch hpo_array.slurm random
6921028_60,6921028,hpo_%a,COMPLETED,0:0,gpu10,SLOW,2026-04-19T06:18:20,2026-04-19T06:43:12,2026-04-19T06:54:48,696,False,random,,1,200,40,archive_sbatch_directive,/mnt/storage_6/project_data/pl0844-01/hpo_project,sbatch hpo_array.slurm random
6921028_61,6921028,hpo_%a,COMPLETED,0:0,gpu09,SLOW,2026-04-19T06:18:20,2026-04-19T06:43:15,2026-04-19T07:05:51,1356,False,random,,1,200,40,archive_sbatch_directive,/mnt/storage_6/project_data/pl0844-01/hpo_project,sbatch hpo_array.slurm random
6921028_62,6921028,hpo_%a,COMPLETED,0:0,gpu10,SLOW,2026-04-19T06:18:20,2026-04-19T06:43:17,2026-04-19T07:03:25,1208,False,random,,1,200,40,archive_sbatch_directive,/mnt/storage_6/project_data/pl0844-01/hpo_project,sbatch hpo_array.slurm random
6921028_63,6921028,hpo_%a,COMPLETED,0:0,gpu09,SLOW,2026-04-19T06:18:20,2026-04-19T06:43:48,2026-04-19T07:04:56,1268,False,random,,1,200,40,archive_sbatch_directive,/mnt/storage_6/project_data/pl0844-01/hpo_project,sbatch hpo_array.slurm random
6921028_64,6921028,hpo_%a,COMPLETED,0:0,gpu06,SLOW,2026-04-19T06:18:20,2026-04-19T06:45:24,2026-04-19T07:05:52,1228,False,random,,1,200,40,archive_sbatch_directive,/mnt/storage_6/project_data/pl0844-01/hpo_project,sbatch hpo_array.slurm random
6921028_65,6921028,hpo_%a,COMPLETED,0:0,gpu06,SLOW,2026-04-19T06:18:20,2026-04-19T06:45:37,2026-04-19T07:08:11,1354,False,random,,1,200,40,archive_sbatch_directive,/mnt/storage_6/project_data/pl0844-01/hpo_project,sbatch hpo_array.slurm random
6921028_66,6921028,hpo_%a,COMPLETED,0:0,gpu07,SLOW,2026-04-19T06:18:20,2026-04-19T06:45:42,2026-04-19T07:00:41,899,False,random,,1,200,40,archive_sbatch_directive,/mnt/storage_6/project_data/pl0844-01/hpo_project,sbatch hpo_array.slurm random
6921028_67,6921028,hpo_%a,COMPLETED,0:0,gpu06,SLOW,2026-04-19T06:18:20,2026-04-19T06:45:48,2026-04-19T07:00:05,857,False,random,,1,200,40,archive_sbatch_directive,/mnt/storage_6/project_data/pl0844-01/hpo_project,sbatch hpo_array.slurm random
6921028_68,6921028,hpo_%a,COMPLETED,0:0,gpu06,SLOW,2026-04-19T06:18:20,2026-04-19T06:46:05,2026-04-19T07:03:34,1049,False,random,,1,200,40,archive_sbatch_directive,/mnt/storage_6/project_data/pl0844-01/hpo_project,sbatch hpo_array.slurm random
6921028_69,6921028,hpo_%a,COMPLETED,0:0,gpu07,SLOW,2026-04-19T06:18:20,2026-04-19T06:46:09,2026-04-19T07:05:29,1160,False,random,,1,200,40,archive_sbatch_directive,/mnt/storage_6/project_data/pl0844-01/hpo_project,sbatch hpo_array.slurm random
6921028_70,6921028,hpo_%a,COMPLETED,0:0,gpu10,SLOW,2026-04-19T06:18:20,2026-04-19T06:46:15,2026-04-19T07:11:12,1497,False,random,,1,200,40,archive_sbatch_directive,/mnt/storage_6/project_data/pl0844-01/hpo_project,sbatch hpo_array.slurm random
6921028_71,6921028,hpo_%a,COMPLETED,0:0,gpu07,SLOW,2026-04-19T06:18:20,2026-04-19T06:47:14,2026-04-19T07:15:03,1669,False,random,,1,200,40,archive_sbatch_directive,/mnt/storage_6/project_data/pl0844-01/hpo_project,sbatch hpo_array.slurm random
6921028_72,6921028,hpo_%a,COMPLETED,0:0,gpu07,SLOW,2026-04-19T06:18:20,2026-04-19T06:47:18,2026-04-19T07:15:33,1695,False,random,,1,200,40,archive_sbatch_directive,/mnt/storage_6/project_data/pl0844-01/hpo_project,sbatch hpo_array.slurm random
6921028_73,6921028,hpo_%a,COMPLETED,0:0,gpu08,SLOW,2026-04-19T06:18:20,2026-04-19T06:47:23,2026-04-19T07:00:14,771,False,random,,1,200,40,archive_sbatch_directive,/mnt/storage_6/project_data/pl0844-01/hpo_project,sbatch hpo_array.slurm random
6921028_74,6921028,hpo_%a,COMPLETED,0:0,gpu07,SLOW,2026-04-19T06:18:20,2026-04-19T06:47:31,2026-04-19T07:12:27,1496,False,random,,1,200,40,archive_sbatch_directive,/mnt/storage_6/project_data/pl0844-01/hpo_project,sbatch hpo_array.slurm random
6921028_75,6921028,hpo_%a,COMPLETED,0:0,gpu09,SLOW,2026-04-19T06:18:20,2026-04-19T06:47:44,2026-04-19T07:06:52,1148,False,random,,1,200,40,archive_sbatch_directive,/mnt/storage_6/project_data/pl0844-01/hpo_project,sbatch hpo_array.slurm random
6921028_76,6921028,hpo_%a,COMPLETED,0:0,gpu10,SLOW,2026-04-19T06:18:20,2026-04-19T06:47:53,2026-04-19T07:01:45,832,False,random,,1,200,40,archive_sbatch_directive,/mnt/storage_6/project_data/pl0844-01/hpo_project,sbatch hpo_array.slurm random
6921028_77,6921028,hpo_%a,COMPLETED,0:0,gpu10,SLOW,2026-04-19T06:18:20,2026-04-19T06:48:16,2026-04-19T07:01:55,819,False,random,,1,200,40,archive_sbatch_directive,/mnt/storage_6/project_data/pl0844-01/hpo_project,sbatch hpo_array.slurm random
6921028_78,6921028,hpo_%a,COMPLETED,0:0,gpu08,SLOW,2026-04-19T06:18:20,2026-04-19T06:48:23,2026-04-19T07:07:12,1129,False,random,,1,200,40,archive_sbatch_directive,/mnt/storage_6/project_data/pl0844-01/hpo_project,sbatch hpo_array.slurm random
6921028_79,6921028,hpo_%a,COMPLETED,0:0,gpu06,SLOW,2026-04-19T06:18:20,2026-04-19T06:48:51,2026-04-19T07:14:40,1549,False,random,,1,200,40,archive_sbatch_directive,/mnt/storage_6/project_data/pl0844-01/hpo_project,sbatch hpo_array.slurm random
6921028_80,6921028,hpo_%a,COMPLETED,0:0,gpu09,SLOW,2026-04-19T06:18:20,2026-04-19T06:49:20,2026-04-19T07:16:29,1629,False,random,,1,200,40,archive_sbatch_directive,/mnt/storage_6/project_data/pl0844-01/hpo_project,sbatch hpo_array.slurm random
6921028_81,6921028,hpo_%a,COMPLETED,0:0,gpu09,SLOW,2026-04-19T06:18:20,2026-04-19T06:49:54,2026-04-19T07:02:12,738,False,random,,1,200,40,archive_sbatch_directive,/mnt/storage_6/project_data/pl0844-01/hpo_project,sbatch hpo_array.slurm random
6921028_82,6921028,hpo_%a,COMPLETED,0:0,gpu11,SLOW,2026-04-19T06:18:20,2026-04-19T06:50:07,2026-04-19T07:12:04,1317,False,random,,1,200,40,archive_sbatch_directive,/mnt/storage_6/project_data/pl0844-01/hpo_project,sbatch hpo_array.slurm random
6921028_83,6921028,hpo_%a,COMPLETED,0:0,gpu08,SLOW,2026-04-19T06:18:20,2026-04-19T06:50:39,2026-04-19T07:03:27,768,False,random,,1,200,40,archive_sbatch_directive,/mnt/storage_6/project_data/pl0844-01/hpo_project,sbatch hpo_array.slurm random
6921028_84,6921028,hpo_%a,COMPLETED,0:0,gpu08,SLOW,2026-04-19T06:18:20,2026-04-19T06:52:05,2026-04-19T07:12:20,1215,False,random,,1,200,40,archive_sbatch_directive,/mnt/storage_6/project_data/pl0844-01/hpo_project,sbatch hpo_array.slurm random
6921028_85,6921028,hpo_%a,COMPLETED,0:0,gpu10,SLOW,2026-04-19T06:18:20,2026-04-19T06:52:57,2026-04-19T07:04:50,713,False,random,,1,200,40,archive_sbatch_directive,/mnt/storage_6/project_data/pl0844-01/hpo_project,sbatch hpo_array.slurm random
6921028_86,6921028,hpo_%a,COMPLETED,0:0,gpu07,SLOW,2026-04-19T06:18:20,2026-04-19T06:53:24,2026-04-19T07:07:55,871,False,random,,1,200,40,archive_sbatch_directive,/mnt/storage_6/project_data/pl0844-01/hpo_project,sbatch hpo_array.slurm random
6921028_87,6921028,hpo_%a,COMPLETED,0:0,gpu09,SLOW,2026-04-19T06:18:20,2026-04-19T06:54:19,2026-04-19T07:11:52,1053,False,random,,1,200,40,archive_sbatch_directive,/mnt/storage_6/project_data/pl0844-01/hpo_project,sbatch hpo_array.slurm random
6921028_88,6921028,hpo_%a,COMPLETED,0:0,gpu10,SLOW,2026-04-19T06:18:20,2026-04-19T06:54:48,2026-04-19T07:19:09,1461,False,random,,1,200,40,archive_sbatch_directive,/mnt/storage_6/project_data/pl0844-01/hpo_project,sbatch hpo_array.slurm random
6921028_89,6921028,hpo_%a,COMPLETED,0:0,gpu07,SLOW,2026-04-19T06:18:20,2026-04-19T06:55:15,2026-04-19T07:04:59,584,False,random,,1,200,40,archive_sbatch_directive,/mnt/storage_6/project_data/pl0844-01/hpo_project,sbatch hpo_array.slurm random
6921028_90,6921028,hpo_%a,COMPLETED,0:0,gpu08,SLOW,2026-04-19T06:18:20,2026-04-19T06:55:35,2026-04-19T07:20:17,1482,False,random,,1,200,40,archive_sbatch_directive,/mnt/storage_6/project_data/pl0844-01/hpo_project,sbatch hpo_array.slurm random
6921028_91,6921028,hpo_%a,COMPLETED,0:0,gpu11,SLOW,2026-04-19T06:18:20,2026-04-19T06:56:20,2026-04-19T07:06:29,609,False,random,,1,200,40,archive_sbatch_directive,/mnt/storage_6/project_data/pl0844-01/hpo_project,sbatch hpo_array.slurm random
6921028_92,6921028,hpo_%a,COMPLETED,0:0,gpu06,SLOW,2026-04-19T06:18:20,2026-04-19T06:56:57,2026-04-19T07:24:11,1634,False,random,,1,200,40,archive_sbatch_directive,/mnt/storage_6/project_data/pl0844-01/hpo_project,sbatch hpo_array.slurm random
6921028_93,6921028,hpo_%a,COMPLETED,0:0,gpu06,SLOW,2026-04-19T06:18:20,2026-04-19T06:57:17,2026-04-19T07:18:26,1269,False,random,,1,200,40,archive_sbatch_directive,/mnt/storage_6/project_data/pl0844-01/hpo_project,sbatch hpo_array.slurm random
6921028_94,6921028,hpo_%a,COMPLETED,0:0,gpu06,SLOW,2026-04-19T06:18:20,2026-04-19T06:57:59,2026-04-19T07:24:30,1591,False,random,,1,200,40,archive_sbatch_directive,/mnt/storage_6/project_data/pl0844-01/hpo_project,sbatch hpo_array.slurm random
6921028_95,6921028,hpo_%a,COMPLETED,0:0,gpu07,SLOW,2026-04-19T06:18:20,2026-04-19T06:58:05,2026-04-19T07:11:42,817,False,random,,1,200,40,archive_sbatch_directive,/mnt/storage_6/project_data/pl0844-01/hpo_project,sbatch hpo_array.slurm random
6921028_96,6921028,hpo_%a,COMPLETED,0:0,gpu08,SLOW,2026-04-19T06:18:20,2026-04-19T06:58:18,2026-04-19T07:19:10,1252,False,random,,1,200,40,archive_sbatch_directive,/mnt/storage_6/project_data/pl0844-01/hpo_project,sbatch hpo_array.slurm random
6921028_97,6921028,hpo_%a,COMPLETED,0:0,gpu09,SLOW,2026-04-19T06:18:20,2026-04-19T06:59:50,2026-04-19T07:15:16,926,False,random,,1,200,40,archive_sbatch_directive,/mnt/storage_6/project_data/pl0844-01/hpo_project,sbatch hpo_array.slurm random
6921028_98,6921028,hpo_%a,COMPLETED,0:0,gpu06,SLOW,2026-04-19T06:18:20,2026-04-19T07:00:05,2026-04-19T07:21:04,1259,False,random,,1,200,40,archive_sbatch_directive,/mnt/storage_6/project_data/pl0844-01/hpo_project,sbatch hpo_array.slurm random
6921028_99,6921028,hpo_%a,COMPLETED,0:0,gpu08,SLOW,2026-04-19T06:18:20,2026-04-19T07:00:14,2026-04-19T07:21:41,1287,False,random,,1,200,40,archive_sbatch_directive,/mnt/storage_6/project_data/pl0844-01/hpo_project,sbatch hpo_array.slurm random
6921028_100,6921028,hpo_%a,COMPLETED,0:0,gpu07,SLOW,2026-04-19T06:18:20,2026-04-19T07:00:41,2026-04-19T07:13:29,768,False,random,,1,200,40,archive_sbatch_directive,/mnt/storage_6/project_data/pl0844-01/hpo_project,sbatch hpo_array.slurm random
6921028_101,6921028,hpo_%a,COMPLETED,0:0,gpu09,SLOW,2026-04-19T06:18:20,2026-04-19T07:01:32,2026-04-19T07:13:24,712,False,random,,1,200,40,archive_sbatch_directive,/mnt/storage_6/project_data/pl0844-01/hpo_project,sbatch hpo_array.slurm random
6921028_102,6921028,hpo_%a,COMPLETED,0:0,gpu10,SLOW,2026-04-19T06:18:20,2026-04-19T07:01:45,2026-04-19T07:16:08,863,False,random,,1,200,40,archive_sbatch_directive,/mnt/storage_6/project_data/pl0844-01/hpo_project,sbatch hpo_array.slurm random
6921028_103,6921028,hpo_%a,COMPLETED,0:0,gpu10,SLOW,2026-04-19T06:18:20,2026-04-19T07:01:55,2026-04-19T07:15:07,792,False,random,,1,200,40,archive_sbatch_directive,/mnt/storage_6/project_data/pl0844-01/hpo_project,sbatch hpo_array.slurm random
6921028_104,6921028,hpo_%a,COMPLETED,0:0,gpu09,SLOW,2026-04-19T06:18:20,2026-04-19T07:02:12,2026-04-19T07:14:32,740,False,random,,1,200,40,archive_sbatch_directive,/mnt/storage_6/project_data/pl0844-01/hpo_project,sbatch hpo_array.slurm random
6921028_105,6921028,hpo_%a,COMPLETED,0:0,gpu10,SLOW,2026-04-19T06:18:20,2026-04-19T07:03:25,2026-04-19T07:31:10,1665,False,random,,1,200,40,archive_sbatch_directive,/mnt/storage_6/project_data/pl0844-01/hpo_project,sbatch hpo_array.slurm random
6921028_106,6921028,hpo_%a,COMPLETED,0:0,gpu08,SLOW,2026-04-19T06:18:20,2026-04-19T07:03:27,2026-04-19T07:15:20,713,False,random,,1,200,40,archive_sbatch_directive,/mnt/storage_6/project_data/pl0844-01/hpo_project,sbatch hpo_array.slurm random
6921028_107,6921028,hpo_%a,COMPLETED,0:0,gpu06,SLOW,2026-04-19T06:18:20,2026-04-19T07:03:34,2026-04-19T07:23:37,1203,False,random,,1,200,40,archive_sbatch_directive,/mnt/storage_6/project_data/pl0844-01/hpo_project,sbatch hpo_array.slurm random
6921028_108,6921028,hpo_%a,COMPLETED,0:0,gpu10,SLOW,2026-04-19T06:18:20,2026-04-19T07:04:50,2026-04-19T07:22:12,1042,False,random,,1,200,40,archive_sbatch_directive,/mnt/storage_6/project_data/pl0844-01/hpo_project,sbatch hpo_array.slurm random
6921028_109,6921028,hpo_%a,COMPLETED,0:0,gpu09,SLOW,2026-04-19T06:18:20,2026-04-19T07:04:56,2026-04-19T07:20:05,909,False,random,,1,200,40,archive_sbatch_directive,/mnt/storage_6/project_data/pl0844-01/hpo_project,sbatch hpo_array.slurm random
6921028_110,6921028,hpo_%a,COMPLETED,0:0,gpu07,SLOW,2026-04-19T06:18:20,2026-04-19T07:04:59,2026-04-19T07:21:54,1015,False,random,,1,200,40,archive_sbatch_directive,/mnt/storage_6/project_data/pl0844-01/hpo_project,sbatch hpo_array.slurm random
6921028_111,6921028,hpo_%a,COMPLETED,0:0,gpu07,SLOW,2026-04-19T06:18:20,2026-04-19T07:05:29,2026-04-19T07:17:46,737,False,random,,1,200,40,archive_sbatch_directive,/mnt/storage_6/project_data/pl0844-01/hpo_project,sbatch hpo_array.slurm random
6921028_112,6921028,hpo_%a,COMPLETED,0:0,gpu09,SLOW,2026-04-19T06:18:20,2026-04-19T07:05:51,2026-04-19T07:21:13,922,False,random,,1,200,40,archive_sbatch_directive,/mnt/storage_6/project_data/pl0844-01/hpo_project,sbatch hpo_array.slurm random
6921028_113,6921028,hpo_%a,COMPLETED,0:0,gpu06,SLOW,2026-04-19T06:18:20,2026-04-19T07:05:52,2026-04-19T07:27:49,1317,False,random,,1,200,40,archive_sbatch_directive,/mnt/storage_6/project_data/pl0844-01/hpo_project,sbatch hpo_array.slurm random
6921028_114,6921028,hpo_%a,COMPLETED,0:0,gpu08,SLOW,2026-04-19T06:18:20,2026-04-19T07:06:13,2026-04-19T07:18:52,759,False,random,,1,200,40,archive_sbatch_directive,/mnt/storage_6/project_data/pl0844-01/hpo_project,sbatch hpo_array.slurm random
6921028_115,6921028,hpo_%a,COMPLETED,0:0,gpu10,SLOW,2026-04-19T06:18:20,2026-04-19T07:06:29,2026-04-19T07:26:21,1192,False,random,,1,200,40,archive_sbatch_directive,/mnt/storage_6/project_data/pl0844-01/hpo_project,sbatch hpo_array.slurm random
6921028_116,6921028,hpo_%a,COMPLETED,0:0,gpu09,SLOW,2026-04-19T06:18:20,2026-04-19T07:06:52,2026-04-19T07:19:57,785,False,random,,1,200,40,archive_sbatch_directive,/mnt/storage_6/project_data/pl0844-01/hpo_project,sbatch hpo_array.slurm random
6921028_117,6921028,hpo_%a,COMPLETED,0:0,gpu08,SLOW,2026-04-19T06:18:20,2026-04-19T07:07:12,2026-04-19T07:29:24,1332,False,random,,1,200,40,archive_sbatch_directive,/mnt/storage_6/project_data/pl0844-01/hpo_project,sbatch hpo_array.slurm random
6921028_118,6921028,hpo_%a,COMPLETED,0:0,gpu07,SLOW,2026-04-19T06:18:20,2026-04-19T07:07:55,2026-04-19T07:18:13,618,False,random,,1,200,40,archive_sbatch_directive,/mnt/storage_6/project_data/pl0844-01/hpo_project,sbatch hpo_array.slurm random
6921028_119,6921028,hpo_%a,COMPLETED,0:0,gpu06,SLOW,2026-04-19T06:18:20,2026-04-19T07:08:12,2026-04-19T07:27:40,1168,False,random,,1,200,40,archive_sbatch_directive,/mnt/storage_6/project_data/pl0844-01/hpo_project,sbatch hpo_array.slurm random
6921028_120,6921028,hpo_%a,COMPLETED,0:0,gpu08,SLOW,2026-04-19T06:18:20,2026-04-19T07:09:07,2026-04-19T07:25:04,957,False,random,,1,200,40,archive_sbatch_directive,/mnt/storage_6/project_data/pl0844-01/hpo_project,sbatch hpo_array.slurm random
6921028_121,6921028,hpo_%a,COMPLETED,0:0,gpu10,SLOW,2026-04-19T06:18:20,2026-04-19T07:11:12,2026-04-19T07:30:33,1161,False,random,,1,200,40,archive_sbatch_directive,/mnt/storage_6/project_data/pl0844-01/hpo_project,sbatch hpo_array.slurm random
6921028_122,6921028,hpo_%a,COMPLETED,0:0,gpu07,SLOW,2026-04-19T06:18:20,2026-04-19T07:11:43,2026-04-19T07:22:21,638,False,random,,1,200,40,archive_sbatch_directive,/mnt/storage_6/project_data/pl0844-01/hpo_project,sbatch hpo_array.slurm random
6921028_123,6921028,hpo_%a,COMPLETED,0:0,gpu09,SLOW,2026-04-19T06:18:20,2026-04-19T07:11:52,2026-04-19T07:36:12,1460,False,random,,1,200,40,archive_sbatch_directive,/mnt/storage_6/project_data/pl0844-01/hpo_project,sbatch hpo_array.slurm random
6921028_124,6921028,hpo_%a,COMPLETED,0:0,gpu11,SLOW,2026-04-19T06:18:20,2026-04-19T07:12:04,2026-04-19T07:29:23,1039,False,random,,1,200,40,archive_sbatch_directive,/mnt/storage_6/project_data/pl0844-01/hpo_project,sbatch hpo_array.slurm random
6921028_125,6921028,hpo_%a,COMPLETED,0:0,gpu08,SLOW,2026-04-19T06:18:20,2026-04-19T07:12:20,2026-04-19T07:27:22,902,False,random,,1,200,40,archive_sbatch_directive,/mnt/storage_6/project_data/pl0844-01/hpo_project,sbatch hpo_array.slurm random
6921028_126,6921028,hpo_%a,COMPLETED,0:0,gpu07,SLOW,2026-04-19T06:18:20,2026-04-19T07:12:27,2026-04-19T07:32:51,1224,False,random,,1,200,40,archive_sbatch_directive,/mnt/storage_6/project_data/pl0844-01/hpo_project,sbatch hpo_array.slurm random
6921028_127,6921028,hpo_%a,COMPLETED,0:0,gpu09,SLOW,2026-04-19T06:18:20,2026-04-19T07:13:24,2026-04-19T07:32:41,1157,False,random,,1,200,40,archive_sbatch_directive,/mnt/storage_6/project_data/pl0844-01/hpo_project,sbatch hpo_array.slurm random
6921028_128,6921028,hpo_%a,COMPLETED,0:0,gpu07,SLOW,2026-04-19T06:18:20,2026-04-19T07:13:29,2026-04-19T07:33:02,1173,False,random,,1,200,40,archive_sbatch_directive,/mnt/storage_6/project_data/pl0844-01/hpo_project,sbatch hpo_array.slurm random
6921028_129,6921028,hpo_%a,COMPLETED,0:0,gpu09,SLOW,2026-04-19T06:18:20,2026-04-19T07:14:32,2026-04-19T07:34:58,1226,False,random,,1,200,40,archive_sbatch_directive,/mnt/storage_6/project_data/pl0844-01/hpo_project,sbatch hpo_array.slurm random
6921028_130,6921028,hpo_%a,COMPLETED,0:0,gpu11,SLOW,2026-04-19T06:18:20,2026-04-19T07:14:40,2026-04-19T07:27:27,767,False,random,,1,200,40,archive_sbatch_directive,/mnt/storage_6/project_data/pl0844-01/hpo_project,sbatch hpo_array.slurm random
6921028_131,6921028,hpo_%a,COMPLETED,0:0,gpu06,SLOW,2026-04-19T06:18:20,2026-04-19T07:15:04,2026-04-19T07:29:58,894,False,random,,1,200,40,archive_sbatch_directive,/mnt/storage_6/project_data/pl0844-01/hpo_project,sbatch hpo_array.slurm random
6921028_132,6921028,hpo_%a,COMPLETED,0:0,gpu07,SLOW,2026-04-19T06:18:20,2026-04-19T07:15:07,2026-04-19T07:27:28,741,False,random,,1,200,40,archive_sbatch_directive,/mnt/storage_6/project_data/pl0844-01/hpo_project,sbatch hpo_array.slurm random
6921028_133,6921028,hpo_%a,COMPLETED,0:0,gpu09,SLOW,2026-04-19T06:18:20,2026-04-19T07:15:17,2026-04-19T07:28:41,804,False,random,,1,200,40,archive_sbatch_directive,/mnt/storage_6/project_data/pl0844-01/hpo_project,sbatch hpo_array.slurm random
6921028_134,6921028,hpo_%a,COMPLETED,0:0,gpu08,SLOW,2026-04-19T06:18:20,2026-04-19T07:15:21,2026-04-19T07:28:27,786,False,random,,1,200,40,archive_sbatch_directive,/mnt/storage_6/project_data/pl0844-01/hpo_project,sbatch hpo_array.slurm random
6921028_135,6921028,hpo_%a,FAILED,1:0,gpu07,SLOW,2026-04-19T06:18:20,2026-04-19T07:15:33,2026-04-19T07:25:03,570,False,random,,1,200,40,archive_sbatch_directive,/mnt/storage_6/project_data/pl0844-01/hpo_project,sbatch hpo_array.slurm random
6921028_136,6921028,hpo_%a,COMPLETED,0:0,gpu10,SLOW,2026-04-19T06:18:20,2026-04-19T07:16:08,2026-04-19T07:33:04,1016,False,random,,1,200,40,archive_sbatch_directive,/mnt/storage_6/project_data/pl0844-01/hpo_project,sbatch hpo_array.slurm random
6921028_137,6921028,hpo_%a,COMPLETED,0:0,gpu09,SLOW,2026-04-19T06:18:20,2026-04-19T07:16:29,2026-04-19T07:38:47,1338,False,random,,1,200,40,archive_sbatch_directive,/mnt/storage_6/project_data/pl0844-01/hpo_project,sbatch hpo_array.slurm random
6921028_138,6921028,hpo_%a,COMPLETED,0:0,gpu07,SLOW,2026-04-19T06:18:20,2026-04-19T07:17:47,2026-04-19T07:42:19,1472,False,random,,1,200,40,archive_sbatch_directive,/mnt/storage_6/project_data/pl0844-01/hpo_project,sbatch hpo_array.slurm random
6921028_139,6921028,hpo_%a,COMPLETED,0:0,gpu07,SLOW,2026-04-19T06:18:20,2026-04-19T07:18:13,2026-04-19T07:31:19,786,False,random,,1,200,40,archive_sbatch_directive,/mnt/storage_6/project_data/pl0844-01/hpo_project,sbatch hpo_array.slurm random
6921028_140,6921028,hpo_%a,COMPLETED,0:0,gpu06,SLOW,2026-04-19T06:18:20,2026-04-19T07:18:26,2026-04-19T07:30:20,714,False,random,,1,200,40,archive_sbatch_directive,/mnt/storage_6/project_data/pl0844-01/hpo_project,sbatch hpo_array.slurm random
6921028_141,6921028,hpo_%a,COMPLETED,0:0,gpu08,SLOW,2026-04-19T06:18:20,2026-04-19T07:18:52,2026-04-19T07:43:24,1472,False,random,,1,200,40,archive_sbatch_directive,/mnt/storage_6/project_data/pl0844-01/hpo_project,sbatch hpo_array.slurm random
6921028_142,6921028,hpo_%a,COMPLETED,0:0,gpu10,SLOW,2026-04-19T06:18:20,2026-04-19T07:19:09,2026-04-19T07:34:21,912,False,random,,1,200,40,archive_sbatch_directive,/mnt/storage_6/project_data/pl0844-01/hpo_project,sbatch hpo_array.slurm random
6921028_143,6921028,hpo_%a,COMPLETED,0:0,gpu08,SLOW,2026-04-19T06:18:20,2026-04-19T07:19:10,2026-04-19T07:39:05,1195,False,random,,1,200,40,archive_sbatch_directive,/mnt/storage_6/project_data/pl0844-01/hpo_project,sbatch hpo_array.slurm random
6921028_144,6921028,hpo_%a,COMPLETED,0:0,gpu09,SLOW,2026-04-19T06:18:20,2026-04-19T07:19:57,2026-04-19T07:39:05,1148,False,random,,1,200,40,archive_sbatch_directive,/mnt/storage_6/project_data/pl0844-01/hpo_project,sbatch hpo_array.slurm random
6921028_145,6921028,hpo_%a,COMPLETED,0:0,gpu09,SLOW,2026-04-19T06:18:20,2026-04-19T07:20:06,2026-04-19T07:40:31,1225,False,random,,1,200,40,archive_sbatch_directive,/mnt/storage_6/project_data/pl0844-01/hpo_project,sbatch hpo_array.slurm random
6921028_146,6921028,hpo_%a,COMPLETED,0:0,gpu08,SLOW,2026-04-19T06:18:20,2026-04-19T07:20:17,2026-04-19T07:33:40,803,False,random,,1,200,40,archive_sbatch_directive,/mnt/storage_6/project_data/pl0844-01/hpo_project,sbatch hpo_array.slurm random
6921028_147,6921028,hpo_%a,COMPLETED,0:0,gpu06,SLOW,2026-04-19T06:18:20,2026-04-19T07:21:04,2026-04-19T07:42:06,1262,False,random,,1,200,40,archive_sbatch_directive,/mnt/storage_6/project_data/pl0844-01/hpo_project,sbatch hpo_array.slurm random
6921028_148,6921028,hpo_%a,COMPLETED,0:0,gpu09,SLOW,2026-04-19T06:18:20,2026-04-19T07:21:13,2026-04-19T07:38:11,1018,False,random,,1,200,40,archive_sbatch_directive,/mnt/storage_6/project_data/pl0844-01/hpo_project,sbatch hpo_array.slurm random
6921028_149,6921028,hpo_%a,COMPLETED,0:0,gpu08,SLOW,2026-04-19T06:18:20,2026-04-19T07:21:41,2026-04-19T07:34:06,745,False,random,,1,200,40,archive_sbatch_directive,/mnt/storage_6/project_data/pl0844-01/hpo_project,sbatch hpo_array.slurm random
6921028_150,6921028,hpo_%a,COMPLETED,0:0,gpu07,SLOW,2026-04-19T06:18:20,2026-04-19T07:21:55,2026-04-19T07:43:49,1314,False,random,,1,200,40,archive_sbatch_directive,/mnt/storage_6/project_data/pl0844-01/hpo_project,sbatch hpo_array.slurm random
6921028_151,6921028,hpo_%a,COMPLETED,0:0,gpu10,SLOW,2026-04-19T06:18:20,2026-04-19T07:22:12,2026-04-19T07:34:05,713,False,random,,1,200,40,archive_sbatch_directive,/mnt/storage_6/project_data/pl0844-01/hpo_project,sbatch hpo_array.slurm random
6921028_152,6921028,hpo_%a,COMPLETED,0:0,gpu07,SLOW,2026-04-19T06:18:20,2026-04-19T07:22:21,2026-04-19T07:42:47,1226,False,random,,1,200,40,archive_sbatch_directive,/mnt/storage_6/project_data/pl0844-01/hpo_project,sbatch hpo_array.slurm random
6921028_153,6921028,hpo_%a,COMPLETED,0:0,gpu10,SLOW,2026-04-19T06:18:20,2026-04-19T07:23:41,2026-04-19T07:50:01,1580,False,random,,1,200,40,archive_sbatch_directive,/mnt/storage_6/project_data/pl0844-01/hpo_project,sbatch hpo_array.slurm random
6921028_154,6921028,hpo_%a,COMPLETED,0:0,gpu06,SLOW,2026-04-19T06:18:20,2026-04-19T07:24:11,2026-04-19T07:36:40,749,False,random,,1,200,40,archive_sbatch_directive,/mnt/storage_6/project_data/pl0844-01/hpo_project,sbatch hpo_array.slurm random
6921028_155,6921028,hpo_%a,COMPLETED,0:0,gpu06,SLOW,2026-04-19T06:18:20,2026-04-19T07:24:30,2026-04-19T07:44:41,1211,False,random,,1,200,40,archive_sbatch_directive,/mnt/storage_6/project_data/pl0844-01/hpo_project,sbatch hpo_array.slurm random
6921028_156,6921028,hpo_%a,COMPLETED,0:0,gpu06,SLOW,2026-04-19T06:18:20,2026-04-19T07:25:05,2026-04-19T07:45:34,1229,False,random,,1,200,40,archive_sbatch_directive,/mnt/storage_6/project_data/pl0844-01/hpo_project,sbatch hpo_array.slurm random
6921028_157,6921028,hpo_%a,COMPLETED,0:0,gpu08,SLOW,2026-04-19T06:18:20,2026-04-19T07:25:05,2026-04-19T07:43:32,1107,False,random,,1,200,40,archive_sbatch_directive,/mnt/storage_6/project_data/pl0844-01/hpo_project,sbatch hpo_array.slurm random
6921028_158,6921028,hpo_%a,COMPLETED,0:0,gpu07,SLOW,2026-04-19T06:18:20,2026-04-19T07:26:21,2026-04-19T07:39:25,784,False,random,,1,200,40,archive_sbatch_directive,/mnt/storage_6/project_data/pl0844-01/hpo_project,sbatch hpo_array.slurm random
6921028_159,6921028,hpo_%a,COMPLETED,0:0,gpu08,SLOW,2026-04-19T06:18:20,2026-04-19T07:27:22,2026-04-19T07:44:57,1055,False,random,,1,200,40,archive_sbatch_directive,/mnt/storage_6/project_data/pl0844-01/hpo_project,sbatch hpo_array.slurm random
6921028_160,6921028,hpo_%a,COMPLETED,0:0,gpu10,SLOW,2026-04-19T06:18:20,2026-04-19T07:27:27,2026-04-19T07:40:22,775,False,random,,1,200,40,archive_sbatch_directive,/mnt/storage_6/project_data/pl0844-01/hpo_project,sbatch hpo_array.slurm random
6921028_161,6921028,hpo_%a,FAILED,1:0,gpu07,SLOW,2026-04-19T06:18:20,2026-04-19T07:27:28,2026-04-19T07:42:20,892,False,random,,1,200,40,archive_sbatch_directive,/mnt/storage_6/project_data/pl0844-01/hpo_project,sbatch hpo_array.slurm random
6921028_162,6921028,hpo_%a,COMPLETED,0:0,gpu06,SLOW,2026-04-19T06:18:20,2026-04-19T07:27:40,2026-04-19T07:49:26,1306,False,random,,1,200,40,archive_sbatch_directive,/mnt/storage_6/project_data/pl0844-01/hpo_project,sbatch hpo_array.slurm random
6921028_163,6921028,hpo_%a,COMPLETED,0:0,gpu06,SLOW,2026-04-19T06:18:20,2026-04-19T07:27:52,2026-04-19T07:49:18,1286,False,random,,1,200,40,archive_sbatch_directive,/mnt/storage_6/project_data/pl0844-01/hpo_project,sbatch hpo_array.slurm random
6921028_164,6921028,hpo_%a,COMPLETED,0:0,gpu08,SLOW,2026-04-19T06:18:20,2026-04-19T07:28:27,2026-04-19T07:45:32,1025,False,random,,1,200,40,archive_sbatch_directive,/mnt/storage_6/project_data/pl0844-01/hpo_project,sbatch hpo_array.slurm random
6921028_165,6921028,hpo_%a,COMPLETED,0:0,gpu09,SLOW,2026-04-19T06:18:20,2026-04-19T07:28:41,2026-04-19T07:51:38,1377,False,random,,1,200,40,archive_sbatch_directive,/mnt/storage_6/project_data/pl0844-01/hpo_project,sbatch hpo_array.slurm random
6921028_166,6921028,hpo_%a,COMPLETED,0:0,gpu11,SLOW,2026-04-19T06:18:20,2026-04-19T07:29:24,2026-04-19T07:39:31,607,False,random,,1,200,40,archive_sbatch_directive,/mnt/storage_6/project_data/pl0844-01/hpo_project,sbatch hpo_array.slurm random
6921028_167,6921028,hpo_%a,COMPLETED,0:0,gpu08,SLOW,2026-04-19T06:18:20,2026-04-19T07:29:24,2026-04-19T07:52:58,1414,False,random,,1,200,40,archive_sbatch_directive,/mnt/storage_6/project_data/pl0844-01/hpo_project,sbatch hpo_array.slurm random
6921028_168,6921028,hpo_%a,COMPLETED,0:0,gpu06,SLOW,2026-04-19T06:18:20,2026-04-19T07:29:59,2026-04-19T07:51:11,1272,False,random,,1,200,40,archive_sbatch_directive,/mnt/storage_6/project_data/pl0844-01/hpo_project,sbatch hpo_array.slurm random
6921028_169,6921028,hpo_%a,COMPLETED,0:0,gpu06,SLOW,2026-04-19T06:18:20,2026-04-19T07:30:20,2026-04-19T07:55:53,1533,False,random,,1,200,40,archive_sbatch_directive,/mnt/storage_6/project_data/pl0844-01/hpo_project,sbatch hpo_array.slurm random
6921028_170,6921028,hpo_%a,COMPLETED,0:0,gpu10,SLOW,2026-04-19T06:18:20,2026-04-19T07:30:33,2026-04-19T07:50:19,1186,False,random,,1,200,40,archive_sbatch_directive,/mnt/storage_6/project_data/pl0844-01/hpo_project,sbatch hpo_array.slurm random
6921028_171,6921028,hpo_%a,COMPLETED,0:0,gpu10,SLOW,2026-04-19T06:18:20,2026-04-19T07:31:11,2026-04-19T07:57:29,1578,False,random,,1,200,40,archive_sbatch_directive,/mnt/storage_6/project_data/pl0844-01/hpo_project,sbatch hpo_array.slurm random
6921028_172,6921028,hpo_%a,COMPLETED,0:0,gpu07,SLOW,2026-04-19T06:18:20,2026-04-19T07:31:19,2026-04-19T07:51:04,1185,False,random,,1,200,40,archive_sbatch_directive,/mnt/storage_6/project_data/pl0844-01/hpo_project,sbatch hpo_array.slurm random
6921028_173,6921028,hpo_%a,COMPLETED,0:0,gpu09,SLOW,2026-04-19T06:18:20,2026-04-19T07:32:41,2026-04-19T07:45:02,741,False,random,,1,200,40,archive_sbatch_directive,/mnt/storage_6/project_data/pl0844-01/hpo_project,sbatch hpo_array.slurm random
6921028_174,6921028,hpo_%a,FAILED,1:0,gpu07,SLOW,2026-04-19T06:18:20,2026-04-19T07:32:51,2026-04-19T07:45:56,785,False,random,,1,200,40,archive_sbatch_directive,/mnt/storage_6/project_data/pl0844-01/hpo_project,sbatch hpo_array.slurm random
6921028_175,6921028,hpo_%a,COMPLETED,0:0,gpu07,SLOW,2026-04-19T06:18:20,2026-04-19T07:33:02,2026-04-19T07:51:11,1089,False,random,,1,200,40,archive_sbatch_directive,/mnt/storage_6/project_data/pl0844-01/hpo_project,sbatch hpo_array.slurm random
6921028_176,6921028,hpo_%a,COMPLETED,0:0,gpu10,SLOW,2026-04-19T06:18:20,2026-04-19T07:33:04,2026-04-19T07:58:22,1518,False,random,,1,200,40,archive_sbatch_directive,/mnt/storage_6/project_data/pl0844-01/hpo_project,sbatch hpo_array.slurm random
6921028_177,6921028,hpo_%a,COMPLETED,0:0,gpu08,SLOW,2026-04-19T06:18:20,2026-04-19T07:33:40,2026-04-19T07:48:32,892,False,random,,1,200,40,archive_sbatch_directive,/mnt/storage_6/project_data/pl0844-01/hpo_project,sbatch hpo_array.slurm random
6921028_178,6921028,hpo_%a,COMPLETED,0:0,gpu10,SLOW,2026-04-19T06:18:20,2026-04-19T07:34:05,2026-04-19T08:02:36,1711,False,random,,1,200,40,archive_sbatch_directive,/mnt/storage_6/project_data/pl0844-01/hpo_project,sbatch hpo_array.slurm random
6921028_179,6921028,hpo_%a,COMPLETED,0:0,gpu08,SLOW,2026-04-19T06:18:20,2026-04-19T07:34:06,2026-04-19T07:53:38,1172,False,random,,1,200,40,archive_sbatch_directive,/mnt/storage_6/project_data/pl0844-01/hpo_project,sbatch hpo_array.slurm random
6921028_180,6921028,hpo_%a,COMPLETED,0:0,gpu10,SLOW,2026-04-19T06:18:20,2026-04-19T07:34:21,2026-04-19T08:00:25,1564,False,random,,1,200,40,archive_sbatch_directive,/mnt/storage_6/project_data/pl0844-01/hpo_project,sbatch hpo_array.slurm random
6921028_181,6921028,hpo_%a,COMPLETED,0:0,gpu09,SLOW,2026-04-19T06:18:20,2026-04-19T07:34:58,2026-04-19T08:02:39,1661,False,random,,1,200,40,archive_sbatch_directive,/mnt/storage_6/project_data/pl0844-01/hpo_project,sbatch hpo_array.slurm random
6921028_182,6921028,hpo_%a,COMPLETED,0:0,gpu09,SLOW,2026-04-19T06:18:20,2026-04-19T07:36:12,2026-04-19T07:48:15,723,False,random,,1,200,40,archive_sbatch_directive,/mnt/storage_6/project_data/pl0844-01/hpo_project,sbatch hpo_array.slurm random
6921028_183,6921028,hpo_%a,COMPLETED,0:0,gpu06,SLOW,2026-04-19T06:18:20,2026-04-19T07:36:40,2026-04-19T07:55:18,1118,False,random,,1,200,40,archive_sbatch_directive,/mnt/storage_6/project_data/pl0844-01/hpo_project,sbatch hpo_array.slurm random
6921028_184,6921028,hpo_%a,FAILED,1:0,gpu09,SLOW,2026-04-19T06:18:20,2026-04-19T07:38:12,2026-04-19T07:44:34,382,False,random,,1,200,40,archive_sbatch_directive,/mnt/storage_6/project_data/pl0844-01/hpo_project,sbatch hpo_array.slurm random
6921028_185,6921028,hpo_%a,COMPLETED,0:0,gpu09,SLOW,2026-04-19T06:18:20,2026-04-19T07:38:48,2026-04-19T07:54:25,937,False,random,,1,200,40,archive_sbatch_directive,/mnt/storage_6/project_data/pl0844-01/hpo_project,sbatch hpo_array.slurm random
6921028_186,6921028,hpo_%a,COMPLETED,0:0,gpu09,SLOW,2026-04-19T06:18:20,2026-04-19T07:39:05,2026-04-19T08:05:51,1606,False,random,,1,200,40,archive_sbatch_directive,/mnt/storage_6/project_data/pl0844-01/hpo_project,sbatch hpo_array.slurm random
6921028_187,6921028,hpo_%a,COMPLETED,0:0,gpu08,SLOW,2026-04-19T06:18:20,2026-04-19T07:39:05,2026-04-19T07:58:36,1171,False,random,,1,200,40,archive_sbatch_directive,/mnt/storage_6/project_data/pl0844-01/hpo_project,sbatch hpo_array.slurm random
6921028_188,6921028,hpo_%a,COMPLETED,0:0,gpu07,SLOW,2026-04-19T06:18:20,2026-04-19T07:39:25,2026-04-19T07:53:46,861,False,random,,1,200,40,archive_sbatch_directive,/mnt/storage_6/project_data/pl0844-01/hpo_project,sbatch hpo_array.slurm random
6921028_189,6921028,hpo_%a,FAILED,1:0,gpu11,SLOW,2026-04-19T06:18:20,2026-04-19T07:39:32,2026-04-19T07:40:53,81,False,random,,1,200,40,archive_sbatch_directive,/mnt/storage_6/project_data/pl0844-01/hpo_project,sbatch hpo_array.slurm random
6921028_190,6921028,hpo_%a,COMPLETED,0:0,gpu10,SLOW,2026-04-19T06:18:20,2026-04-19T07:40:23,2026-04-19T07:52:18,715,False,random,,1,200,40,archive_sbatch_directive,/mnt/storage_6/project_data/pl0844-01/hpo_project,sbatch hpo_array.slurm random
6921028_191,6921028,hpo_%a,COMPLETED,0:0,gpu09,SLOW,2026-04-19T06:18:20,2026-04-19T07:40:31,2026-04-19T08:01:10,1239,False,random,,1,200,40,archive_sbatch_directive,/mnt/storage_6/project_data/pl0844-01/hpo_project,sbatch hpo_array.slurm random
6921028_192,6921028,hpo_%a,COMPLETED,0:0,gpu11,SLOW,2026-04-19T06:18:20,2026-04-19T07:40:53,2026-04-19T07:51:33,640,False,random,,1,200,40,archive_sbatch_directive,/mnt/storage_6/project_data/pl0844-01/hpo_project,sbatch hpo_array.slurm random
6921028_193,6921028,hpo_%a,COMPLETED,0:0,gpu06,SLOW,2026-04-19T06:18:20,2026-04-19T07:42:06,2026-04-19T08:01:44,1178,False,random,,1,200,40,archive_sbatch_directive,/mnt/storage_6/project_data/pl0844-01/hpo_project,sbatch hpo_array.slurm random
6921028_194,6921028,hpo_%a,COMPLETED,0:0,gpu07,SLOW,2026-04-19T06:18:20,2026-04-19T07:42:19,2026-04-19T08:02:53,1234,False,random,,1,200,40,archive_sbatch_directive,/mnt/storage_6/project_data/pl0844-01/hpo_project,sbatch hpo_array.slurm random
6921028_195,6921028,hpo_%a,COMPLETED,0:0,gpu07,SLOW,2026-04-19T06:18:20,2026-04-19T07:42:20,2026-04-19T07:54:33,733,False,random,,1,200,40,archive_sbatch_directive,/mnt/storage_6/project_data/pl0844-01/hpo_project,sbatch hpo_array.slurm random
6921028_196,6921028,hpo_%a,COMPLETED,0:0,gpu07,SLOW,2026-04-19T06:18:20,2026-04-19T07:42:48,2026-04-19T07:58:04,916,False,random,,1,200,40,archive_sbatch_directive,/mnt/storage_6/project_data/pl0844-01/hpo_project,sbatch hpo_array.slurm random
6921028_197,6921028,hpo_%a,COMPLETED,0:0,gpu08,SLOW,2026-04-19T06:18:20,2026-04-19T07:43:24,2026-04-19T08:08:38,1514,False,random,,1,200,40,archive_sbatch_directive,/mnt/storage_6/project_data/pl0844-01/hpo_project,sbatch hpo_array.slurm random
6921028_198,6921028,hpo_%a,COMPLETED,0:0,gpu08,SLOW,2026-04-19T06:18:20,2026-04-19T07:43:32,2026-04-19T08:12:00,1708,False,random,,1,200,40,archive_sbatch_directive,/mnt/storage_6/project_data/pl0844-01/hpo_project,sbatch hpo_array.slurm random
6921028_199,6921028,hpo_%a,COMPLETED,0:0,gpu07,SLOW,2026-04-19T06:18:20,2026-04-19T07:43:49,2026-04-19T08:02:04,1095,False,random,,1,200,40,archive_sbatch_directive,/mnt/storage_6/project_data/pl0844-01/hpo_project,sbatch hpo_array.slurm random
6921028_200,6921028,hpo_%a,COMPLETED,0:0,gpu09,SLOW,2026-04-19T06:18:20,2026-04-19T07:44:34,2026-04-19T08:00:51,977,False,random,,1,200,40,archive_sbatch_directive,/mnt/storage_6/project_data/pl0844-01/hpo_project,sbatch hpo_array.slurm random
6921076_1,6921076,hpo_%a,FAILED,1:0,gpu12,SLOW,2026-04-19T06:18:45,2026-04-19T06:18:46,2026-04-19T06:18:57,11,True,tpe,,1,200,40,archive_sbatch_directive,/mnt/storage_6/project_data/pl0844-01/hpo_project,sbatch hpo_array.slurm tpe
6921076_2,6921076,hpo_%a,FAILED,1:0,gpu12,SLOW,2026-04-19T06:18:45,2026-04-19T06:18:46,2026-04-19T06:18:57,11,True,tpe,,1,200,40,archive_sbatch_directive,/mnt/storage_6/project_data/pl0844-01/hpo_project,sbatch hpo_array.slurm tpe
6921076_3,6921076,hpo_%a,COMPLETED,0:0,gpu12,SLOW,2026-04-19T06:18:45,2026-04-19T06:18:46,2026-04-19T06:33:00,854,False,tpe,,1,200,40,archive_sbatch_directive,/mnt/storage_6/project_data/pl0844-01/hpo_project,sbatch hpo_array.slurm tpe
6921076_4,6921076,hpo_%a,FAILED,1:0,gpu12,SLOW,2026-04-19T06:18:45,2026-04-19T06:18:46,2026-04-19T06:18:57,11,True,tpe,,1,200,40,archive_sbatch_directive,/mnt/storage_6/project_data/pl0844-01/hpo_project,sbatch hpo_array.slurm tpe
6921076_5,6921076,hpo_%a,FAILED,1:0,gpu12,SLOW,2026-04-19T06:18:45,2026-04-19T06:18:46,2026-04-19T06:18:57,11,True,tpe,,1,200,40,archive_sbatch_directive,/mnt/storage_6/project_data/pl0844-01/hpo_project,sbatch hpo_array.slurm tpe
6921076_6,6921076,hpo_%a,FAILED,1:0,gpu12,SLOW,2026-04-19T06:18:45,2026-04-19T06:18:46,2026-04-19T06:18:57,11,True,tpe,,1,200,40,archive_sbatch_directive,/mnt/storage_6/project_data/pl0844-01/hpo_project,sbatch hpo_array.slurm tpe
6921076_7,6921076,hpo_%a,FAILED,1:0,gpu12,SLOW,2026-04-19T06:18:45,2026-04-19T06:18:46,2026-04-19T06:18:57,11,True,tpe,,1,200,40,archive_sbatch_directive,/mnt/storage_6/project_data/pl0844-01/hpo_project,sbatch hpo_array.slurm tpe
6921076_8,6921076,hpo_%a,COMPLETED,0:0,gpu10,SLOW,2026-04-19T06:18:45,2026-04-19T06:27:45,2026-04-19T07:59:31,5506,False,tpe,,1,200,40,archive_sbatch_directive,/mnt/storage_6/project_data/pl0844-01/hpo_project,sbatch hpo_array.slurm tpe
6921076_9,6921076,hpo_%a,COMPLETED,0:0,gpu11,SLOW,2026-04-19T06:18:45,2026-04-19T06:28:16,2026-04-19T06:39:51,695,False,tpe,,1,200,40,archive_sbatch_directive,/mnt/storage_6/project_data/pl0844-01/hpo_project,sbatch hpo_array.slurm tpe
6921076_10,6921076,hpo_%a,COMPLETED,0:0,gpu11,SLOW,2026-04-19T06:18:45,2026-04-19T06:28:16,2026-04-19T06:40:04,708,False,tpe,,1,200,40,archive_sbatch_directive,/mnt/storage_6/project_data/pl0844-01/hpo_project,sbatch hpo_array.slurm tpe
6921076_11,6921076,hpo_%a,COMPLETED,0:0,gpu11,SLOW,2026-04-19T06:18:45,2026-04-19T06:28:16,2026-04-19T06:39:00,644,False,tpe,,1,200,40,archive_sbatch_directive,/mnt/storage_6/project_data/pl0844-01/hpo_project,sbatch hpo_array.slurm tpe
6921076_12,6921076,hpo_%a,COMPLETED,0:0,gpu11,SLOW,2026-04-19T06:18:45,2026-04-19T06:28:16,2026-04-19T06:39:30,674,False,tpe,,1,200,40,archive_sbatch_directive,/mnt/storage_6/project_data/pl0844-01/hpo_project,sbatch hpo_array.slurm tpe
6921076_13,6921076,hpo_%a,COMPLETED,0:0,gpu11,SLOW,2026-04-19T06:18:45,2026-04-19T06:28:16,2026-04-19T06:39:52,696,False,tpe,,1,200,40,archive_sbatch_directive,/mnt/storage_6/project_data/pl0844-01/hpo_project,sbatch hpo_array.slurm tpe
6921076_14,6921076,hpo_%a,COMPLETED,0:0,gpu11,SLOW,2026-04-19T06:18:45,2026-04-19T06:28:16,2026-04-19T06:38:42,626,False,tpe,,1,200,40,archive_sbatch_directive,/mnt/storage_6/project_data/pl0844-01/hpo_project,sbatch hpo_array.slurm tpe
6921076_15,6921076,hpo_%a,COMPLETED,0:0,gpu11,SLOW,2026-04-19T06:18:45,2026-04-19T06:28:16,2026-04-19T06:39:52,696,False,tpe,,1,200,40,archive_sbatch_directive,/mnt/storage_6/project_data/pl0844-01/hpo_project,sbatch hpo_array.slurm tpe
6921076_16,6921076,hpo_%a,COMPLETED,0:0,gpu11,SLOW,2026-04-19T06:18:45,2026-04-19T06:28:16,2026-04-19T06:39:46,690,False,tpe,,1,200,40,archive_sbatch_directive,/mnt/storage_6/project_data/pl0844-01/hpo_project,sbatch hpo_array.slurm tpe
6921076_17,6921076,hpo_%a,COMPLETED,0:0,gpu13,FAST,2026-04-19T06:18:45,2026-04-19T06:18:46,2026-04-19T06:24:17,331,False,tpe,,1,200,40,archive_sbatch_directive,/mnt/storage_6/project_data/pl0844-01/hpo_project,sbatch hpo_array.slurm tpe
6921076_18,6921076,hpo_%a,COMPLETED,0:0,gpu19,FAST,2026-04-19T06:18:45,2026-04-19T06:18:46,2026-04-19T06:28:40,594,False,tpe,,1,200,40,archive_sbatch_directive,/mnt/storage_6/project_data/pl0844-01/hpo_project,sbatch hpo_array.slurm tpe
6921076_19,6921076,hpo_%a,COMPLETED,0:0,gpu21,FAST,2026-04-19T06:18:45,2026-04-19T06:18:46,2026-04-19T06:29:08,622,False,tpe,,1,200,40,archive_sbatch_directive,/mnt/storage_6/project_data/pl0844-01/hpo_project,sbatch hpo_array.slurm tpe
6921076_20,6921076,hpo_%a,COMPLETED,0:0,gpu21,FAST,2026-04-19T06:18:45,2026-04-19T06:18:46,2026-04-19T06:24:15,329,False,tpe,,1,200,40,archive_sbatch_directive,/mnt/storage_6/project_data/pl0844-01/hpo_project,sbatch hpo_array.slurm tpe
6921076_21,6921076,hpo_%a,COMPLETED,0:0,gpu25,FAST,2026-04-19T06:18:45,2026-04-19T06:18:46,2026-04-19T06:24:14,328,False,tpe,,1,200,40,archive_sbatch_directive,/mnt/storage_6/project_data/pl0844-01/hpo_project,sbatch hpo_array.slurm tpe
6921076_22,6921076,hpo_%a,COMPLETED,0:0,gpu25,FAST,2026-04-19T06:18:45,2026-04-19T06:18:46,2026-04-19T06:24:14,328,False,tpe,,1,200,40,archive_sbatch_directive,/mnt/storage_6/project_data/pl0844-01/hpo_project,sbatch hpo_array.slurm tpe
6921076_23,6921076,hpo_%a,COMPLETED,0:0,gpu29,FAST,2026-04-19T06:18:45,2026-04-19T06:18:46,2026-04-19T06:29:27,641,False,tpe,,1,200,40,archive_sbatch_directive,/mnt/storage_6/project_data/pl0844-01/hpo_project,sbatch hpo_array.slurm tpe
6921076_24,6921076,hpo_%a,COMPLETED,0:0,gpu29,FAST,2026-04-19T06:18:45,2026-04-19T06:18:46,2026-04-19T06:28:41,595,False,tpe,,1,200,40,archive_sbatch_directive,/mnt/storage_6/project_data/pl0844-01/hpo_project,sbatch hpo_array.slurm tpe
6921076_25,6921076,hpo_%a,COMPLETED,0:0,gpu34,FAST,2026-04-19T06:18:45,2026-04-19T06:18:46,2026-04-19T06:28:49,603,False,tpe,,1,200,40,archive_sbatch_directive,/mnt/storage_6/project_data/pl0844-01/hpo_project,sbatch hpo_array.slurm tpe
6921076_26,6921076,hpo_%a,COMPLETED,0:0,gpu34,FAST,2026-04-19T06:18:45,2026-04-19T06:18:46,2026-04-19T06:28:45,599,False,tpe,,1,200,40,archive_sbatch_directive,/mnt/storage_6/project_data/pl0844-01/hpo_project,sbatch hpo_array.slurm tpe
6921076_27,6921076,hpo_%a,COMPLETED,0:0,gpu34,FAST,2026-04-19T06:18:45,2026-04-19T06:18:46,2026-04-19T06:28:43,597,False,tpe,,1,200,40,archive_sbatch_directive,/mnt/storage_6/project_data/pl0844-01/hpo_project,sbatch hpo_array.slurm tpe
6921076_28,6921076,hpo_%a,COMPLETED,0:0,gpu34,FAST,2026-04-19T06:18:45,2026-04-19T06:18:46,2026-04-19T06:28:44,598,False,tpe,,1,200,40,archive_sbatch_directive,/mnt/storage_6/project_data/pl0844-01/hpo_project,sbatch hpo_array.slurm tpe
6921076_29,6921076,hpo_%a,COMPLETED,0:0,gpu36,FAST,2026-04-19T06:18:45,2026-04-19T06:18:46,2026-04-19T06:28:44,598,False,tpe,,1,200,40,archive_sbatch_directive,/mnt/storage_6/project_data/pl0844-01/hpo_project,sbatch hpo_array.slurm tpe
6921076_30,6921076,hpo_%a,COMPLETED,0:0,gpu36,FAST,2026-04-19T06:18:45,2026-04-19T06:18:46,2026-04-19T06:28:47,601,False,tpe,,1,200,40,archive_sbatch_directive,/mnt/storage_6/project_data/pl0844-01/hpo_project,sbatch hpo_array.slurm tpe
6921076_31,6921076,hpo_%a,COMPLETED,0:0,gpu36,FAST,2026-04-19T06:18:45,2026-04-19T06:18:46,2026-04-19T06:24:19,333,False,tpe,,1,200,40,archive_sbatch_directive,/mnt/storage_6/project_data/pl0844-01/hpo_project,sbatch hpo_array.slurm tpe
6921076_32,6921076,hpo_%a,COMPLETED,0:0,gpu37,FAST,2026-04-19T06:18:45,2026-04-19T06:18:46,2026-04-19T06:28:35,589,False,tpe,,1,200,40,archive_sbatch_directive,/mnt/storage_6/project_data/pl0844-01/hpo_project,sbatch hpo_array.slurm tpe
6921076_33,6921076,hpo_%a,COMPLETED,0:0,gpu38,FAST,2026-04-19T06:18:45,2026-04-19T06:18:46,2026-04-19T06:29:32,646,False,tpe,,1,200,40,archive_sbatch_directive,/mnt/storage_6/project_data/pl0844-01/hpo_project,sbatch hpo_array.slurm tpe
6921076_34,6921076,hpo_%a,COMPLETED,0:0,gpu38,FAST,2026-04-19T06:18:45,2026-04-19T06:18:46,2026-04-19T06:29:40,654,False,tpe,,1,200,40,archive_sbatch_directive,/mnt/storage_6/project_data/pl0844-01/hpo_project,sbatch hpo_array.slurm tpe
6921076_35,6921076,hpo_%a,COMPLETED,0:0,gpu38,FAST,2026-04-19T06:18:45,2026-04-19T06:18:46,2026-04-19T06:28:46,600,False,tpe,,1,200,40,archive_sbatch_directive,/mnt/storage_6/project_data/pl0844-01/hpo_project,sbatch hpo_array.slurm tpe
6921076_36,6921076,hpo_%a,COMPLETED,0:0,gpu38,FAST,2026-04-19T06:18:45,2026-04-19T06:18:46,2026-04-19T06:28:55,609,False,tpe,,1,200,40,archive_sbatch_directive,/mnt/storage_6/project_data/pl0844-01/hpo_project,sbatch hpo_array.slurm tpe
6921076_37,6921076,hpo_%a,COMPLETED,0:0,gpu39,FAST,2026-04-19T06:18:45,2026-04-19T06:18:46,2026-04-19T06:28:47,601,False,tpe,,1,200,40,archive_sbatch_directive,/mnt/storage_6/project_data/pl0844-01/hpo_project,sbatch hpo_array.slurm tpe
6921076_38,6921076,hpo_%a,COMPLETED,0:0,gpu39,FAST,2026-04-19T06:18:45,2026-04-19T06:18:46,2026-04-19T06:28:48,602,False,tpe,,1,200,40,archive_sbatch_directive,/mnt/storage_6/project_data/pl0844-01/hpo_project,sbatch hpo_array.slurm tpe
6921076_39,6921076,hpo_%a,COMPLETED,0:0,gpu39,FAST,2026-04-19T06:18:45,2026-04-19T06:18:46,2026-04-19T06:28:48,602,False,tpe,,1,200,40,archive_sbatch_directive,/mnt/storage_6/project_data/pl0844-01/hpo_project,sbatch hpo_array.slurm tpe
6921076_40,6921076,hpo_%a,COMPLETED,0:0,gpu39,FAST,2026-04-19T06:18:45,2026-04-19T06:18:46,2026-04-19T06:28:48,602,False,tpe,,1,200,40,archive_sbatch_directive,/mnt/storage_6/project_data/pl0844-01/hpo_project,sbatch hpo_array.slurm tpe
6921076_41,6921076,hpo_%a,COMPLETED,0:0,gpu40,FAST,2026-04-19T06:18:45,2026-04-19T06:18:57,2026-04-19T06:28:40,583,False,tpe,,1,200,40,archive_sbatch_directive,/mnt/storage_6/project_data/pl0844-01/hpo_project,sbatch hpo_array.slurm tpe
6921076_42,6921076,hpo_%a,COMPLETED,0:0,gpu40,FAST,2026-04-19T06:18:45,2026-04-19T06:18:57,2026-04-19T06:29:33,636,False,tpe,,1,200,40,archive_sbatch_directive,/mnt/storage_6/project_data/pl0844-01/hpo_project,sbatch hpo_array.slurm tpe
6921076_43,6921076,hpo_%a,COMPLETED,0:0,gpu40,FAST,2026-04-19T06:18:45,2026-04-19T06:18:57,2026-04-19T06:28:56,599,False,tpe,,1,200,40,archive_sbatch_directive,/mnt/storage_6/project_data/pl0844-01/hpo_project,sbatch hpo_array.slurm tpe
6921076_44,6921076,hpo_%a,COMPLETED,0:0,gpu40,FAST,2026-04-19T06:18:45,2026-04-19T06:18:57,2026-04-19T06:28:49,592,False,tpe,,1,200,40,archive_sbatch_directive,/mnt/storage_6/project_data/pl0844-01/hpo_project,sbatch hpo_array.slurm tpe
6921076_45,6921076,hpo_%a,COMPLETED,0:0,gpu41,FAST,2026-04-19T06:18:45,2026-04-19T06:18:57,2026-04-19T06:29:28,631,False,tpe,,1,200,40,archive_sbatch_directive,/mnt/storage_6/project_data/pl0844-01/hpo_project,sbatch hpo_array.slurm tpe
6921076_46,6921076,hpo_%a,COMPLETED,0:0,gpu12,SLOW,2026-04-19T06:18:45,2026-04-19T06:18:57,2026-04-19T06:29:43,646,False,tpe,,1,200,40,archive_sbatch_directive,/mnt/storage_6/project_data/pl0844-01/hpo_project,sbatch hpo_array.slurm tpe
6921076_47,6921076,hpo_%a,COMPLETED,0:0,gpu66,FAST,2026-04-19T06:18:45,2026-04-19T06:24:14,2026-04-19T06:32:06,472,False,tpe,,1,200,40,archive_sbatch_directive,/mnt/storage_6/project_data/pl0844-01/hpo_project,sbatch hpo_array.slurm tpe
6921076_48,6921076,hpo_%a,COMPLETED,0:0,gpu71,FAST,2026-04-19T06:18:45,2026-04-19T06:24:14,2026-04-19T06:31:56,462,False,tpe,,1,200,40,archive_sbatch_directive,/mnt/storage_6/project_data/pl0844-01/hpo_project,sbatch hpo_array.slurm tpe
6921076_49,6921076,hpo_%a,COMPLETED,0:0,gpu21,FAST,2026-04-19T06:18:45,2026-04-19T06:24:15,2026-04-19T06:32:28,493,False,tpe,,1,200,40,archive_sbatch_directive,/mnt/storage_6/project_data/pl0844-01/hpo_project,sbatch hpo_array.slurm tpe
6921076_50,6921076,hpo_%a,COMPLETED,0:0,gpu13,FAST,2026-04-19T06:18:45,2026-04-19T06:24:17,2026-04-19T06:31:50,453,False,tpe,,1,200,40,archive_sbatch_directive,/mnt/storage_6/project_data/pl0844-01/hpo_project,sbatch hpo_array.slurm tpe
6921076_51,6921076,hpo_%a,COMPLETED,0:0,gpu25,FAST,2026-04-19T06:18:45,2026-04-19T06:24:20,2026-04-19T06:31:49,449,False,tpe,,1,200,40,archive_sbatch_directive,/mnt/storage_6/project_data/pl0844-01/hpo_project,sbatch hpo_array.slurm tpe
6921076_52,6921076,hpo_%a,COMPLETED,0:0,gpu37,FAST,2026-04-19T06:18:45,2026-04-19T06:28:35,2026-04-19T06:32:38,243,False,tpe,,1,200,40,archive_sbatch_directive,/mnt/storage_6/project_data/pl0844-01/hpo_project,sbatch hpo_array.slurm tpe
6921076_53,6921076,hpo_%a,COMPLETED,0:0,gpu40,FAST,2026-04-19T06:18:45,2026-04-19T06:28:40,2026-04-19T06:32:46,246,False,tpe,,1,200,40,archive_sbatch_directive,/mnt/storage_6/project_data/pl0844-01/hpo_project,sbatch hpo_array.slurm tpe
6921076_54,6921076,hpo_%a,COMPLETED,0:0,gpu19,FAST,2026-04-19T06:18:45,2026-04-19T06:28:40,2026-04-19T06:32:53,253,False,tpe,,1,200,40,archive_sbatch_directive,/mnt/storage_6/project_data/pl0844-01/hpo_project,sbatch hpo_array.slurm tpe
6921076_55,6921076,hpo_%a,COMPLETED,0:0,gpu29,FAST,2026-04-19T06:18:45,2026-04-19T06:28:41,2026-04-19T06:32:53,252,False,tpe,,1,200,40,archive_sbatch_directive,/mnt/storage_6/project_data/pl0844-01/hpo_project,sbatch hpo_array.slurm tpe
6921076_56,6921076,hpo_%a,COMPLETED,0:0,gpu34,FAST,2026-04-19T06:18:45,2026-04-19T06:28:43,2026-04-19T06:32:55,252,False,tpe,,1,200,40,archive_sbatch_directive,/mnt/storage_6/project_data/pl0844-01/hpo_project,sbatch hpo_array.slurm tpe
6921076_57,6921076,hpo_%a,COMPLETED,0:0,gpu34,FAST,2026-04-19T06:18:45,2026-04-19T06:28:44,2026-04-19T06:33:07,263,False,tpe,,1,200,40,archive_sbatch_directive,/mnt/storage_6/project_data/pl0844-01/hpo_project,sbatch hpo_array.slurm tpe
6921076_58,6921076,hpo_%a,COMPLETED,0:0,gpu72,FAST,2026-04-19T06:18:45,2026-04-19T06:28:44,2026-04-19T06:32:56,252,False,tpe,,1,200,40,archive_sbatch_directive,/mnt/storage_6/project_data/pl0844-01/hpo_project,sbatch hpo_array.slurm tpe
6921076_59,6921076,hpo_%a,COMPLETED,0:0,gpu34,FAST,2026-04-19T06:18:45,2026-04-19T06:28:45,2026-04-19T06:32:57,252,False,tpe,,1,200,40,archive_sbatch_directive,/mnt/storage_6/project_data/pl0844-01/hpo_project,sbatch hpo_array.slurm tpe
6921076_60,6921076,hpo_%a,COMPLETED,0:0,gpu36,FAST,2026-04-19T06:18:45,2026-04-19T06:28:46,2026-04-19T06:32:58,252,False,tpe,,1,200,40,archive_sbatch_directive,/mnt/storage_6/project_data/pl0844-01/hpo_project,sbatch hpo_array.slurm tpe
6921076_61,6921076,hpo_%a,COMPLETED,0:0,gpu38,FAST,2026-04-19T06:18:45,2026-04-19T06:28:47,2026-04-19T06:33:01,254,False,tpe,,1,200,40,archive_sbatch_directive,/mnt/storage_6/project_data/pl0844-01/hpo_project,sbatch hpo_array.slurm tpe
6921076_62,6921076,hpo_%a,COMPLETED,0:0,gpu39,FAST,2026-04-19T06:18:45,2026-04-19T06:28:47,2026-04-19T06:32:58,251,False,tpe,,1,200,40,archive_sbatch_directive,/mnt/storage_6/project_data/pl0844-01/hpo_project,sbatch hpo_array.slurm tpe
6921076_63,6921076,hpo_%a,COMPLETED,0:0,gpu36,FAST,2026-04-19T06:18:45,2026-04-19T06:28:48,2026-04-19T06:32:55,247,False,tpe,,1,200,40,archive_sbatch_directive,/mnt/storage_6/project_data/pl0844-01/hpo_project,sbatch hpo_array.slurm tpe
6921076_64,6921076,hpo_%a,COMPLETED,0:0,gpu72,FAST,2026-04-19T06:18:45,2026-04-19T06:28:48,2026-04-19T06:32:48,240,False,tpe,,1,200,40,archive_sbatch_directive,/mnt/storage_6/project_data/pl0844-01/hpo_project,sbatch hpo_array.slurm tpe
6921076_65,6921076,hpo_%a,COMPLETED,0:0,gpu39,FAST,2026-04-19T06:18:45,2026-04-19T06:28:48,2026-04-19T06:32:58,250,False,tpe,,1,200,40,archive_sbatch_directive,/mnt/storage_6/project_data/pl0844-01/hpo_project,sbatch hpo_array.slurm tpe
6921076_66,6921076,hpo_%a,COMPLETED,0:0,gpu39,FAST,2026-04-19T06:18:45,2026-04-19T06:28:49,2026-04-19T06:32:56,247,False,tpe,,1,200,40,archive_sbatch_directive,/mnt/storage_6/project_data/pl0844-01/hpo_project,sbatch hpo_array.slurm tpe
6921076_67,6921076,hpo_%a,COMPLETED,0:0,gpu34,FAST,2026-04-19T06:18:45,2026-04-19T06:28:50,2026-04-19T06:32:49,239,False,tpe,,1,200,40,archive_sbatch_directive,/mnt/storage_6/project_data/pl0844-01/hpo_project,sbatch hpo_array.slurm tpe
6921076_68,6921076,hpo_%a,COMPLETED,0:0,gpu38,FAST,2026-04-19T06:18:45,2026-04-19T06:28:55,2026-04-19T06:33:07,252,False,tpe,,1,200,40,archive_sbatch_directive,/mnt/storage_6/project_data/pl0844-01/hpo_project,sbatch hpo_array.slurm tpe
6921076_69,6921076,hpo_%a,COMPLETED,0:0,gpu39,FAST,2026-04-19T06:18:45,2026-04-19T06:28:56,2026-04-19T06:33:03,247,False,tpe,,1,200,40,archive_sbatch_directive,/mnt/storage_6/project_data/pl0844-01/hpo_project,sbatch hpo_array.slurm tpe
6921076_70,6921076,hpo_%a,COMPLETED,0:0,gpu21,FAST,2026-04-19T06:18:45,2026-04-19T06:29:08,2026-04-19T06:33:43,275,False,tpe,,1,200,40,archive_sbatch_directive,/mnt/storage_6/project_data/pl0844-01/hpo_project,sbatch hpo_array.slurm tpe
6921076_71,6921076,hpo_%a,COMPLETED,0:0,gpu29,FAST,2026-04-19T06:18:45,2026-04-19T06:29:27,2026-04-19T06:33:39,252,False,tpe,,1,200,40,archive_sbatch_directive,/mnt/storage_6/project_data/pl0844-01/hpo_project,sbatch hpo_array.slurm tpe
6921076_72,6921076,hpo_%a,COMPLETED,0:0,gpu41,FAST,2026-04-19T06:18:45,2026-04-19T06:29:28,2026-04-19T06:34:05,277,False,tpe,,1,200,40,archive_sbatch_directive,/mnt/storage_6/project_data/pl0844-01/hpo_project,sbatch hpo_array.slurm tpe
6921076_73,6921076,hpo_%a,COMPLETED,0:0,gpu46,FAST,2026-04-19T06:18:45,2026-04-19T06:29:32,2026-04-19T06:34:32,300,False,tpe,,1,200,40,archive_sbatch_directive,/mnt/storage_6/project_data/pl0844-01/hpo_project,sbatch hpo_array.slurm tpe
6921076_74,6921076,hpo_%a,COMPLETED,0:0,gpu38,FAST,2026-04-19T06:18:45,2026-04-19T06:29:34,2026-04-19T06:33:56,262,False,tpe,,1,200,40,archive_sbatch_directive,/mnt/storage_6/project_data/pl0844-01/hpo_project,sbatch hpo_array.slurm tpe
6921076_75,6921076,hpo_%a,COMPLETED,0:0,gpu38,FAST,2026-04-19T06:18:45,2026-04-19T06:29:40,2026-04-19T06:35:57,377,False,tpe,,1,200,40,archive_sbatch_directive,/mnt/storage_6/project_data/pl0844-01/hpo_project,sbatch hpo_array.slurm tpe
6921076_76,6921076,hpo_%a,COMPLETED,0:0,gpu12,SLOW,2026-04-19T06:18:45,2026-04-19T06:29:43,2026-04-19T06:41:35,712,False,tpe,,1,200,40,archive_sbatch_directive,/mnt/storage_6/project_data/pl0844-01/hpo_project,sbatch hpo_array.slurm tpe
6921076_77,6921076,hpo_%a,COMPLETED,0:0,gpu25,FAST,2026-04-19T06:18:45,2026-04-19T06:31:49,2026-04-19T06:35:35,226,False,tpe,,1,200,40,archive_sbatch_directive,/mnt/storage_6/project_data/pl0844-01/hpo_project,sbatch hpo_array.slurm tpe
6921076_78,6921076,hpo_%a,COMPLETED,0:0,gpu13,FAST,2026-04-19T06:18:45,2026-04-19T06:31:50,2026-04-19T06:35:33,223,False,tpe,,1,200,40,archive_sbatch_directive,/mnt/storage_6/project_data/pl0844-01/hpo_project,sbatch hpo_array.slurm tpe
6921076_79,6921076,hpo_%a,COMPLETED,0:0,gpu71,FAST,2026-04-19T06:18:45,2026-04-19T06:31:56,2026-04-19T06:35:42,226,False,tpe,,1,200,40,archive_sbatch_directive,/mnt/storage_6/project_data/pl0844-01/hpo_project,sbatch hpo_array.slurm tpe
6921076_80,6921076,hpo_%a,COMPLETED,0:0,gpu66,FAST,2026-04-19T06:18:45,2026-04-19T06:32:06,2026-04-19T06:35:57,231,False,tpe,,1,200,40,archive_sbatch_directive,/mnt/storage_6/project_data/pl0844-01/hpo_project,sbatch hpo_array.slurm tpe
6921076_81,6921076,hpo_%a,COMPLETED,0:0,gpu21,FAST,2026-04-19T06:18:45,2026-04-19T06:32:28,2026-04-19T06:37:22,294,False,tpe,,1,200,40,archive_sbatch_directive,/mnt/storage_6/project_data/pl0844-01/hpo_project,sbatch hpo_array.slurm tpe
6921076_82,6921076,hpo_%a,COMPLETED,0:0,gpu37,FAST,2026-04-19T06:18:45,2026-04-19T06:32:38,2026-04-19T06:37:30,292,False,tpe,,1,200,40,archive_sbatch_directive,/mnt/storage_6/project_data/pl0844-01/hpo_project,sbatch hpo_array.slurm tpe
6921076_83,6921076,hpo_%a,COMPLETED,0:0,gpu40,FAST,2026-04-19T06:18:45,2026-04-19T06:32:46,2026-04-19T06:35:32,166,False,tpe,,1,200,40,archive_sbatch_directive,/mnt/storage_6/project_data/pl0844-01/hpo_project,sbatch hpo_array.slurm tpe
6921076_84,6921076,hpo_%a,COMPLETED,0:0,gpu71,FAST,2026-04-19T06:18:45,2026-04-19T06:32:49,2026-04-19T06:35:42,173,False,tpe,,1,200,40,archive_sbatch_directive,/mnt/storage_6/project_data/pl0844-01/hpo_project,sbatch hpo_array.slurm tpe
6921076_85,6921076,hpo_%a,COMPLETED,0:0,gpu34,FAST,2026-04-19T06:18:45,2026-04-19T06:32:49,2026-04-19T06:35:34,165,False,tpe,,1,200,40,archive_sbatch_directive,/mnt/storage_6/project_data/pl0844-01/hpo_project,sbatch hpo_array.slurm tpe
6921076_86,6921076,hpo_%a,COMPLETED,0:0,gpu19,FAST,2026-04-19T06:18:45,2026-04-19T06:32:53,2026-04-19T06:35:38,165,False,tpe,,1,200,40,archive_sbatch_directive,/mnt/storage_6/project_data/pl0844-01/hpo_project,sbatch hpo_array.slurm tpe
6921076_87,6921076,hpo_%a,COMPLETED,0:0,gpu29,FAST,2026-04-19T06:18:45,2026-04-19T06:32:53,2026-04-19T06:35:38,165,False,tpe,,1,200,40,archive_sbatch_directive,/mnt/storage_6/project_data/pl0844-01/hpo_project,sbatch hpo_array.slurm tpe
6921076_88,6921076,hpo_%a,COMPLETED,0:0,gpu34,FAST,2026-04-19T06:18:45,2026-04-19T06:32:55,2026-04-19T06:35:37,162,False,tpe,,1,200,40,archive_sbatch_directive,/mnt/storage_6/project_data/pl0844-01/hpo_project,sbatch hpo_array.slurm tpe
6921076_89,6921076,hpo_%a,COMPLETED,0:0,gpu36,FAST,2026-04-19T06:18:45,2026-04-19T06:32:55,2026-04-19T06:35:43,168,False,tpe,,1,200,40,archive_sbatch_directive,/mnt/storage_6/project_data/pl0844-01/hpo_project,sbatch hpo_array.slurm tpe
6921076_90,6921076,hpo_%a,COMPLETED,0:0,gpu71,FAST,2026-04-19T06:18:45,2026-04-19T06:32:56,2026-04-19T06:35:45,169,False,tpe,,1,200,40,archive_sbatch_directive,/mnt/storage_6/project_data/pl0844-01/hpo_project,sbatch hpo_array.slurm tpe
6921076_91,6921076,hpo_%a,COMPLETED,0:0,gpu39,FAST,2026-04-19T06:18:45,2026-04-19T06:32:56,2026-04-19T06:35:44,168,False,tpe,,1,200,40,archive_sbatch_directive,/mnt/storage_6/project_data/pl0844-01/hpo_project,sbatch hpo_array.slurm tpe
6921076_92,6921076,hpo_%a,COMPLETED,0:0,gpu34,FAST,2026-04-19T06:18:45,2026-04-19T06:32:57,2026-04-19T06:35:41,164,False,tpe,,1,200,40,archive_sbatch_directive,/mnt/storage_6/project_data/pl0844-01/hpo_project,sbatch hpo_array.slurm tpe
6921076_93,6921076,hpo_%a,COMPLETED,0:0,gpu39,FAST,2026-04-19T06:18:45,2026-04-19T06:32:58,2026-04-19T06:35:43,165,False,tpe,,1,200,40,archive_sbatch_directive,/mnt/storage_6/project_data/pl0844-01/hpo_project,sbatch hpo_array.slurm tpe
6921076_94,6921076,hpo_%a,COMPLETED,0:0,gpu36,FAST,2026-04-19T06:18:45,2026-04-19T06:32:58,2026-04-19T06:35:41,163,False,tpe,,1,200,40,archive_sbatch_directive,/mnt/storage_6/project_data/pl0844-01/hpo_project,sbatch hpo_array.slurm tpe
6921076_95,6921076,hpo_%a,COMPLETED,0:0,gpu39,FAST,2026-04-19T06:18:45,2026-04-19T06:32:58,2026-04-19T06:35:45,167,False,tpe,,1,200,40,archive_sbatch_directive,/mnt/storage_6/project_data/pl0844-01/hpo_project,sbatch hpo_array.slurm tpe
6921076_96,6921076,hpo_%a,COMPLETED,0:0,gpu12,SLOW,2026-04-19T06:18:45,2026-04-19T06:33:00,2026-04-19T06:37:19,259,False,tpe,,1,200,40,archive_sbatch_directive,/mnt/storage_6/project_data/pl0844-01/hpo_project,sbatch hpo_array.slurm tpe
6921076_97,6921076,hpo_%a,COMPLETED,0:0,gpu38,FAST,2026-04-19T06:18:45,2026-04-19T06:33:01,2026-04-19T06:35:48,167,False,tpe,,1,200,40,archive_sbatch_directive,/mnt/storage_6/project_data/pl0844-01/hpo_project,sbatch hpo_array.slurm tpe
6921076_98,6921076,hpo_%a,COMPLETED,0:0,gpu39,FAST,2026-04-19T06:18:45,2026-04-19T06:33:04,2026-04-19T06:35:49,165,False,tpe,,1,200,40,archive_sbatch_directive,/mnt/storage_6/project_data/pl0844-01/hpo_project,sbatch hpo_array.slurm tpe
6921076_99,6921076,hpo_%a,COMPLETED,0:0,gpu34,FAST,2026-04-19T06:18:45,2026-04-19T06:33:07,2026-04-19T06:35:52,165,False,tpe,,1,200,40,archive_sbatch_directive,/mnt/storage_6/project_data/pl0844-01/hpo_project,sbatch hpo_array.slurm tpe
6921076_100,6921076,hpo_%a,COMPLETED,0:0,gpu38,FAST,2026-04-19T06:18:45,2026-04-19T06:33:07,2026-04-19T06:35:52,165,False,tpe,,1,200,40,archive_sbatch_directive,/mnt/storage_6/project_data/pl0844-01/hpo_project,sbatch hpo_array.slurm tpe
6921076_101,6921076,hpo_%a,COMPLETED,0:0,gpu29,FAST,2026-04-19T06:18:45,2026-04-19T06:33:39,2026-04-19T06:37:23,224,False,tpe,,1,200,40,archive_sbatch_directive,/mnt/storage_6/project_data/pl0844-01/hpo_project,sbatch hpo_array.slurm tpe
6921076_102,6921076,hpo_%a,COMPLETED,0:0,gpu21,FAST,2026-04-19T06:18:45,2026-04-19T06:33:43,2026-04-19T06:37:38,235,False,tpe,,1,200,40,archive_sbatch_directive,/mnt/storage_6/project_data/pl0844-01/hpo_project,sbatch hpo_array.slurm tpe
6921076_103,6921076,hpo_%a,COMPLETED,0:0,gpu38,FAST,2026-04-19T06:18:45,2026-04-19T06:33:57,2026-04-19T06:39:41,344,False,tpe,,1,200,40,archive_sbatch_directive,/mnt/storage_6/project_data/pl0844-01/hpo_project,sbatch hpo_array.slurm tpe
6921076_104,6921076,hpo_%a,COMPLETED,0:0,gpu41,FAST,2026-04-19T06:18:45,2026-04-19T06:34:05,2026-04-19T06:40:12,367,False,tpe,,1,200,40,archive_sbatch_directive,/mnt/storage_6/project_data/pl0844-01/hpo_project,sbatch hpo_array.slurm tpe
6921076_105,6921076,hpo_%a,COMPLETED,0:0,gpu46,FAST,2026-04-19T06:18:45,2026-04-19T06:34:32,2026-04-19T06:39:41,309,False,tpe,,1,200,40,archive_sbatch_directive,/mnt/storage_6/project_data/pl0844-01/hpo_project,sbatch hpo_array.slurm tpe
6921076_106,6921076,hpo_%a,COMPLETED,0:0,gpu40,FAST,2026-04-19T06:18:45,2026-04-19T06:35:32,2026-04-19T06:40:35,303,False,tpe,,1,200,40,archive_sbatch_directive,/mnt/storage_6/project_data/pl0844-01/hpo_project,sbatch hpo_array.slurm tpe
6921076_107,6921076,hpo_%a,COMPLETED,0:0,gpu13,FAST,2026-04-19T06:18:45,2026-04-19T06:35:33,2026-04-19T06:40:20,287,False,tpe,,1,200,40,archive_sbatch_directive,/mnt/storage_6/project_data/pl0844-01/hpo_project,sbatch hpo_array.slurm tpe
6921076_108,6921076,hpo_%a,COMPLETED,0:0,gpu34,FAST,2026-04-19T06:18:45,2026-04-19T06:35:34,2026-04-19T06:40:39,305,False,tpe,,1,200,40,archive_sbatch_directive,/mnt/storage_6/project_data/pl0844-01/hpo_project,sbatch hpo_array.slurm tpe
6921076_109,6921076,hpo_%a,COMPLETED,0:0,gpu25,FAST,2026-04-19T06:18:45,2026-04-19T06:35:35,2026-04-19T06:40:26,291,False,tpe,,1,200,40,archive_sbatch_directive,/mnt/storage_6/project_data/pl0844-01/hpo_project,sbatch hpo_array.slurm tpe
6921076_110,6921076,hpo_%a,COMPLETED,0:0,gpu34,FAST,2026-04-19T06:18:45,2026-04-19T06:35:37,2026-04-19T06:40:33,296,False,tpe,,1,200,40,archive_sbatch_directive,/mnt/storage_6/project_data/pl0844-01/hpo_project,sbatch hpo_array.slurm tpe
6921076_111,6921076,hpo_%a,COMPLETED,0:0,gpu19,FAST,2026-04-19T06:18:45,2026-04-19T06:35:38,2026-04-19T06:40:11,273,False,tpe,,1,200,40,archive_sbatch_directive,/mnt/storage_6/project_data/pl0844-01/hpo_project,sbatch hpo_array.slurm tpe
6921076_112,6921076,hpo_%a,COMPLETED,0:0,gpu71,FAST,2026-04-19T06:18:45,2026-04-19T06:35:38,2026-04-19T06:40:41,303,False,tpe,,1,200,40,archive_sbatch_directive,/mnt/storage_6/project_data/pl0844-01/hpo_project,sbatch hpo_array.slurm tpe
6921076_113,6921076,hpo_%a,COMPLETED,0:0,gpu29,FAST,2026-04-19T06:18:45,2026-04-19T06:35:41,2026-04-19T06:40:10,269,False,tpe,,1,200,40,archive_sbatch_directive,/mnt/storage_6/project_data/pl0844-01/hpo_project,sbatch hpo_array.slurm tpe
6921076_114,6921076,hpo_%a,COMPLETED,0:0,gpu34,FAST,2026-04-19T06:18:45,2026-04-19T06:35:42,2026-04-19T06:40:09,267,False,tpe,,1,200,40,archive_sbatch_directive,/mnt/storage_6/project_data/pl0844-01/hpo_project,sbatch hpo_array.slurm tpe
6921076_115,6921076,hpo_%a,COMPLETED,0:0,gpu36,FAST,2026-04-19T06:18:45,2026-04-19T06:35:42,2026-04-19T06:40:16,274,False,tpe,,1,200,40,archive_sbatch_directive,/mnt/storage_6/project_data/pl0844-01/hpo_project,sbatch hpo_array.slurm tpe
6921076_116,6921076,hpo_%a,COMPLETED,0:0,gpu71,FAST,2026-04-19T06:18:45,2026-04-19T06:35:42,2026-04-19T06:40:28,286,False,tpe,,1,200,40,archive_sbatch_directive,/mnt/storage_6/project_data/pl0844-01/hpo_project,sbatch hpo_array.slurm tpe
6921076_117,6921076,hpo_%a,COMPLETED,0:0,gpu36,FAST,2026-04-19T06:18:45,2026-04-19T06:35:43,2026-04-19T06:40:36,293,False,tpe,,1,200,40,archive_sbatch_directive,/mnt/storage_6/project_data/pl0844-01/hpo_project,sbatch hpo_array.slurm tpe
6921076_118,6921076,hpo_%a,COMPLETED,0:0,gpu39,FAST,2026-04-19T06:18:45,2026-04-19T06:35:43,2026-04-19T06:40:17,274,False,tpe,,1,200,40,archive_sbatch_directive,/mnt/storage_6/project_data/pl0844-01/hpo_project,sbatch hpo_array.slurm tpe
6921076_119,6921076,hpo_%a,COMPLETED,0:0,gpu39,FAST,2026-04-19T06:18:45,2026-04-19T06:35:44,2026-04-19T06:40:13,269,False,tpe,,1,200,40,archive_sbatch_directive,/mnt/storage_6/project_data/pl0844-01/hpo_project,sbatch hpo_array.slurm tpe
6921076_120,6921076,hpo_%a,COMPLETED,0:0,gpu71,FAST,2026-04-19T06:18:45,2026-04-19T06:35:45,2026-04-19T06:40:12,267,False,tpe,,1,200,40,archive_sbatch_directive,/mnt/storage_6/project_data/pl0844-01/hpo_project,sbatch hpo_array.slurm tpe
6921076_121,6921076,hpo_%a,COMPLETED,0:0,gpu39,FAST,2026-04-19T06:18:45,2026-04-19T06:35:46,2026-04-19T06:40:55,309,False,tpe,,1,200,40,archive_sbatch_directive,/mnt/storage_6/project_data/pl0844-01/hpo_project,sbatch hpo_array.slurm tpe
6921076_122,6921076,hpo_%a,COMPLETED,0:0,gpu38,FAST,2026-04-19T06:18:45,2026-04-19T06:35:48,2026-04-19T06:40:31,283,False,tpe,,1,200,40,archive_sbatch_directive,/mnt/storage_6/project_data/pl0844-01/hpo_project,sbatch hpo_array.slurm tpe
6921076_123,6921076,hpo_%a,COMPLETED,0:0,gpu39,FAST,2026-04-19T06:18:45,2026-04-19T06:35:49,2026-04-19T06:40:19,270,False,tpe,,1,200,40,archive_sbatch_directive,/mnt/storage_6/project_data/pl0844-01/hpo_project,sbatch hpo_array.slurm tpe
6921076_124,6921076,hpo_%a,COMPLETED,0:0,gpu38,FAST,2026-04-19T06:18:45,2026-04-19T06:35:52,2026-04-19T06:40:47,295,False,tpe,,1,200,40,archive_sbatch_directive,/mnt/storage_6/project_data/pl0844-01/hpo_project,sbatch hpo_array.slurm tpe
6921076_125,6921076,hpo_%a,COMPLETED,0:0,gpu34,FAST,2026-04-19T06:18:45,2026-04-19T06:35:52,2026-04-19T06:40:34,282,False,tpe,,1,200,40,archive_sbatch_directive,/mnt/storage_6/project_data/pl0844-01/hpo_project,sbatch hpo_array.slurm tpe
6921076_126,6921076,hpo_%a,COMPLETED,0:0,gpu66,FAST,2026-04-19T06:18:45,2026-04-19T06:35:57,2026-04-19T06:40:37,280,False,tpe,,1,200,40,archive_sbatch_directive,/mnt/storage_6/project_data/pl0844-01/hpo_project,sbatch hpo_array.slurm tpe
6921076_127,6921076,hpo_%a,COMPLETED,0:0,gpu38,FAST,2026-04-19T06:18:45,2026-04-19T06:35:57,2026-04-19T06:40:46,289,False,tpe,,1,200,40,archive_sbatch_directive,/mnt/storage_6/project_data/pl0844-01/hpo_project,sbatch hpo_array.slurm tpe
6921076_128,6921076,hpo_%a,COMPLETED,0:0,gpu12,SLOW,2026-04-19T06:18:45,2026-04-19T06:37:19,2026-04-19T06:47:44,625,False,tpe,,1,200,40,archive_sbatch_directive,/mnt/storage_6/project_data/pl0844-01/hpo_project,sbatch hpo_array.slurm tpe
6921076_129,6921076,hpo_%a,COMPLETED,0:0,gpu21,FAST,2026-04-19T06:18:45,2026-04-19T06:37:22,2026-04-19T06:41:07,225,False,tpe,,1,200,40,archive_sbatch_directive,/mnt/storage_6/project_data/pl0844-01/hpo_project,sbatch hpo_array.slurm tpe
6921076_130,6921076,hpo_%a,COMPLETED,0:0,gpu29,FAST,2026-04-19T06:18:45,2026-04-19T06:37:23,2026-04-19T06:40:54,211,False,tpe,,1,200,40,archive_sbatch_directive,/mnt/storage_6/project_data/pl0844-01/hpo_project,sbatch hpo_array.slurm tpe
6921076_131,6921076,hpo_%a,COMPLETED,0:0,gpu37,FAST,2026-04-19T06:18:45,2026-04-19T06:37:30,2026-04-19T06:41:19,229,False,tpe,,1,200,40,archive_sbatch_directive,/mnt/storage_6/project_data/pl0844-01/hpo_project,sbatch hpo_array.slurm tpe
6921076_132,6921076,hpo_%a,COMPLETED,0:0,gpu21,FAST,2026-04-19T06:18:45,2026-04-19T06:37:38,2026-04-19T06:41:02,204,False,tpe,,1,200,40,archive_sbatch_directive,/mnt/storage_6/project_data/pl0844-01/hpo_project,sbatch hpo_array.slurm tpe
6921076_133,6921076,hpo_%a,COMPLETED,0:0,gpu11,SLOW,2026-04-19T06:18:45,2026-04-19T06:38:42,2026-04-19T06:47:01,499,False,tpe,,1,200,40,archive_sbatch_directive,/mnt/storage_6/project_data/pl0844-01/hpo_project,sbatch hpo_array.slurm tpe
6921076_134,6921076,hpo_%a,COMPLETED,0:0,gpu11,SLOW,2026-04-19T06:18:45,2026-04-19T06:39:00,2026-04-19T06:49:35,635,False,tpe,,1,200,40,archive_sbatch_directive,/mnt/storage_6/project_data/pl0844-01/hpo_project,sbatch hpo_array.slurm tpe
6921076_135,6921076,hpo_%a,COMPLETED,0:0,gpu11,SLOW,2026-04-19T06:18:45,2026-04-19T06:39:30,2026-04-19T06:50:06,636,False,tpe,,1,200,40,archive_sbatch_directive,/mnt/storage_6/project_data/pl0844-01/hpo_project,sbatch hpo_array.slurm tpe
6921076_136,6921076,hpo_%a,COMPLETED,0:0,gpu38,FAST,2026-04-19T06:18:45,2026-04-19T06:39:41,2026-04-19T06:45:38,357,False,tpe,,1,200,40,archive_sbatch_directive,/mnt/storage_6/project_data/pl0844-01/hpo_project,sbatch hpo_array.slurm tpe
6921076_137,6921076,hpo_%a,COMPLETED,0:0,gpu64,FAST,2026-04-19T06:18:45,2026-04-19T06:39:41,2026-04-19T06:45:34,353,False,tpe,,1,200,40,archive_sbatch_directive,/mnt/storage_6/project_data/pl0844-01/hpo_project,sbatch hpo_array.slurm tpe
6921076_138,6921076,hpo_%a,COMPLETED,0:0,gpu11,SLOW,2026-04-19T06:18:45,2026-04-19T06:39:46,2026-04-19T06:56:04,978,False,tpe,,1,200,40,archive_sbatch_directive,/mnt/storage_6/project_data/pl0844-01/hpo_project,sbatch hpo_array.slurm tpe
6921076_139,6921076,hpo_%a,COMPLETED,0:0,gpu11,SLOW,2026-04-19T06:18:45,2026-04-19T06:39:52,2026-04-19T06:56:09,977,False,tpe,,1,200,40,archive_sbatch_directive,/mnt/storage_6/project_data/pl0844-01/hpo_project,sbatch hpo_array.slurm tpe
6921076_140,6921076,hpo_%a,COMPLETED,0:0,gpu72,FAST,2026-04-19T06:18:45,2026-04-19T06:39:52,2026-04-19T06:45:42,350,False,tpe,,1,200,40,archive_sbatch_directive,/mnt/storage_6/project_data/pl0844-01/hpo_project,sbatch hpo_array.slurm tpe
6921076_141,6921076,hpo_%a,COMPLETED,0:0,gpu72,FAST,2026-04-19T06:18:45,2026-04-19T06:39:52,2026-04-19T06:44:56,304,False,tpe,,1,200,40,archive_sbatch_directive,/mnt/storage_6/project_data/pl0844-01/hpo_project,sbatch hpo_array.slurm tpe
6921076_142,6921076,hpo_%a,COMPLETED,0:0,gpu11,SLOW,2026-04-19T06:18:45,2026-04-19T06:40:05,2026-04-19T06:56:20,975,False,tpe,,1,200,40,archive_sbatch_directive,/mnt/storage_6/project_data/pl0844-01/hpo_project,sbatch hpo_array.slurm tpe
6921076_143,6921076,hpo_%a,COMPLETED,0:0,gpu34,FAST,2026-04-19T06:18:45,2026-04-19T06:40:09,2026-04-19T06:46:00,351,False,tpe,,1,200,40,archive_sbatch_directive,/mnt/storage_6/project_data/pl0844-01/hpo_project,sbatch hpo_array.slurm tpe
6921076_144,6921076,hpo_%a,COMPLETED,0:0,gpu29,FAST,2026-04-19T06:18:45,2026-04-19T06:40:10,2026-04-19T06:46:04,354,False,tpe,,1,200,40,archive_sbatch_directive,/mnt/storage_6/project_data/pl0844-01/hpo_project,sbatch hpo_array.slurm tpe
6921076_145,6921076,hpo_%a,COMPLETED,0:0,gpu19,FAST,2026-04-19T06:18:45,2026-04-19T06:40:11,2026-04-19T06:46:11,360,False,tpe,,1,200,40,archive_sbatch_directive,/mnt/storage_6/project_data/pl0844-01/hpo_project,sbatch hpo_array.slurm tpe
6921076_146,6921076,hpo_%a,COMPLETED,0:0,gpu46,FAST,2026-04-19T06:18:45,2026-04-19T06:40:12,2026-04-19T06:45:17,305,False,tpe,,1,200,40,archive_sbatch_directive,/mnt/storage_6/project_data/pl0844-01/hpo_project,sbatch hpo_array.slurm tpe
6921076_147,6921076,hpo_%a,COMPLETED,0:0,gpu41,FAST,2026-04-19T06:18:45,2026-04-19T06:40:12,2026-04-19T06:46:05,353,False,tpe,,1,200,40,archive_sbatch_directive,/mnt/storage_6/project_data/pl0844-01/hpo_project,sbatch hpo_array.slurm tpe
6921076_148,6921076,hpo_%a,COMPLETED,0:0,gpu39,FAST,2026-04-19T06:18:45,2026-04-19T06:40:13,2026-04-19T06:46:05,352,False,tpe,,1,200,40,archive_sbatch_directive,/mnt/storage_6/project_data/pl0844-01/hpo_project,sbatch hpo_array.slurm tpe
6921076_149,6921076,hpo_%a,COMPLETED,0:0,gpu36,FAST,2026-04-19T06:18:45,2026-04-19T06:40:17,2026-04-19T06:44:38,261,False,tpe,,1,200,40,archive_sbatch_directive,/mnt/storage_6/project_data/pl0844-01/hpo_project,sbatch hpo_array.slurm tpe
6921076_150,6921076,hpo_%a,COMPLETED,0:0,gpu39,FAST,2026-04-19T06:18:45,2026-04-19T06:40:17,2026-04-19T06:46:13,356,False,tpe,,1,200,40,archive_sbatch_directive,/mnt/storage_6/project_data/pl0844-01/hpo_project,sbatch hpo_array.slurm tpe
6921076_151,6921076,hpo_%a,COMPLETED,0:0,gpu39,FAST,2026-04-19T06:18:45,2026-04-19T06:40:19,2026-04-19T06:46:11,352,False,tpe,,1,200,40,archive_sbatch_directive,/mnt/storage_6/project_data/pl0844-01/hpo_project,sbatch hpo_array.slurm tpe
6921076_152,6921076,hpo_%a,COMPLETED,0:0,gpu13,FAST,2026-04-19T06:18:45,2026-04-19T06:40:20,2026-04-19T06:44:38,258,False,tpe,,1,200,40,archive_sbatch_directive,/mnt/storage_6/project_data/pl0844-01/hpo_project,sbatch hpo_array.slurm tpe
6921076_153,6921076,hpo_%a,COMPLETED,0:0,gpu25,FAST,2026-04-19T06:18:45,2026-04-19T06:40:26,2026-04-19T06:46:18,352,False,tpe,,1,200,40,archive_sbatch_directive,/mnt/storage_6/project_data/pl0844-01/hpo_project,sbatch hpo_array.slurm tpe
6921076_154,6921076,hpo_%a,COMPLETED,0:0,gpu71,FAST,2026-04-19T06:18:45,2026-04-19T06:40:28,2026-04-19T06:46:20,352,False,tpe,,1,200,40,archive_sbatch_directive,/mnt/storage_6/project_data/pl0844-01/hpo_project,sbatch hpo_array.slurm tpe
6921076_155,6921076,hpo_%a,COMPLETED,0:0,gpu38,FAST,2026-04-19T06:18:45,2026-04-19T06:40:31,2026-04-19T06:44:54,263,False,tpe,,1,200,40,archive_sbatch_directive,/mnt/storage_6/project_data/pl0844-01/hpo_project,sbatch hpo_array.slurm tpe
6921076_156,6921076,hpo_%a,COMPLETED,0:0,gpu34,FAST,2026-04-19T06:18:45,2026-04-19T06:40:34,2026-04-19T06:44:54,260,False,tpe,,1,200,40,archive_sbatch_directive,/mnt/storage_6/project_data/pl0844-01/hpo_project,sbatch hpo_array.slurm tpe
6921076_157,6921076,hpo_%a,COMPLETED,0:0,gpu34,FAST,2026-04-19T06:18:45,2026-04-19T06:40:34,2026-04-19T06:44:54,260,False,tpe,,1,200,40,archive_sbatch_directive,/mnt/storage_6/project_data/pl0844-01/hpo_project,sbatch hpo_array.slurm tpe
6921076_158,6921076,hpo_%a,COMPLETED,0:0,gpu40,FAST,2026-04-19T06:18:45,2026-04-19T06:40:36,2026-04-19T06:44:56,260,False,tpe,,1,200,40,archive_sbatch_directive,/mnt/storage_6/project_data/pl0844-01/hpo_project,sbatch hpo_array.slurm tpe
6921076_159,6921076,hpo_%a,COMPLETED,0:0,gpu36,FAST,2026-04-19T06:18:45,2026-04-19T06:40:36,2026-04-19T06:44:56,260,False,tpe,,1,200,40,archive_sbatch_directive,/mnt/storage_6/project_data/pl0844-01/hpo_project,sbatch hpo_array.slurm tpe
6921076_160,6921076,hpo_%a,COMPLETED,0:0,gpu66,FAST,2026-04-19T06:18:45,2026-04-19T06:40:37,2026-04-19T06:46:41,364,False,tpe,,1,200,40,archive_sbatch_directive,/mnt/storage_6/project_data/pl0844-01/hpo_project,sbatch hpo_array.slurm tpe
6921076_161,6921076,hpo_%a,COMPLETED,0:0,gpu34,FAST,2026-04-19T06:18:45,2026-04-19T06:40:39,2026-04-19T06:46:30,351,False,tpe,,1,200,40,archive_sbatch_directive,/mnt/storage_6/project_data/pl0844-01/hpo_project,sbatch hpo_array.slurm tpe
6921076_162,6921076,hpo_%a,COMPLETED,0:0,gpu71,FAST,2026-04-19T06:18:45,2026-04-19T06:40:41,2026-04-19T06:46:30,349,False,tpe,,1,200,40,archive_sbatch_directive,/mnt/storage_6/project_data/pl0844-01/hpo_project,sbatch hpo_array.slurm tpe
6921076_163,6921076,hpo_%a,COMPLETED,0:0,gpu38,FAST,2026-04-19T06:18:45,2026-04-19T06:40:46,2026-04-19T06:46:44,358,False,tpe,,1,200,40,archive_sbatch_directive,/mnt/storage_6/project_data/pl0844-01/hpo_project,sbatch hpo_array.slurm tpe
6921076_164,6921076,hpo_%a,COMPLETED,0:0,gpu38,FAST,2026-04-19T06:18:45,2026-04-19T06:40:47,2026-04-19T06:46:45,358,False,tpe,,1,200,40,archive_sbatch_directive,/mnt/storage_6/project_data/pl0844-01/hpo_project,sbatch hpo_array.slurm tpe
6921076_165,6921076,hpo_%a,COMPLETED,0:0,gpu29,FAST,2026-04-19T06:18:45,2026-04-19T06:40:54,2026-04-19T06:45:10,256,False,tpe,,1,200,40,archive_sbatch_directive,/mnt/storage_6/project_data/pl0844-01/hpo_project,sbatch hpo_array.slurm tpe
6921076_166,6921076,hpo_%a,COMPLETED,0:0,gpu39,FAST,2026-04-19T06:18:45,2026-04-19T06:40:55,2026-04-19T06:45:12,257,False,tpe,,1,200,40,archive_sbatch_directive,/mnt/storage_6/project_data/pl0844-01/hpo_project,sbatch hpo_array.slurm tpe
6921076_167,6921076,hpo_%a,COMPLETED,0:0,gpu21,FAST,2026-04-19T06:18:45,2026-04-19T06:41:02,2026-04-19T06:46:18,316,False,tpe,,1,200,40,archive_sbatch_directive,/mnt/storage_6/project_data/pl0844-01/hpo_project,sbatch hpo_array.slurm tpe
6921076_168,6921076,hpo_%a,COMPLETED,0:0,gpu21,FAST,2026-04-19T06:18:45,2026-04-19T06:41:07,2026-04-19T06:45:49,282,False,tpe,,1,200,40,archive_sbatch_directive,/mnt/storage_6/project_data/pl0844-01/hpo_project,sbatch hpo_array.slurm tpe
6921076_169,6921076,hpo_%a,COMPLETED,0:0,gpu37,FAST,2026-04-19T06:18:45,2026-04-19T06:41:19,2026-04-19T06:45:40,261,False,tpe,,1,200,40,archive_sbatch_directive,/mnt/storage_6/project_data/pl0844-01/hpo_project,sbatch hpo_array.slurm tpe
6921076_170,6921076,hpo_%a,COMPLETED,0:0,gpu12,SLOW,2026-04-19T06:18:45,2026-04-19T06:41:35,2026-04-19T06:57:58,983,False,tpe,,1,200,40,archive_sbatch_directive,/mnt/storage_6/project_data/pl0844-01/hpo_project,sbatch hpo_array.slurm tpe
6921076_171,6921076,hpo_%a,COMPLETED,0:0,gpu12,SLOW,2026-04-19T06:18:45,2026-04-19T06:44:38,2026-04-19T06:56:26,708,False,tpe,,1,200,40,archive_sbatch_directive,/mnt/storage_6/project_data/pl0844-01/hpo_project,sbatch hpo_array.slurm tpe
6921076_172,6921076,hpo_%a,COMPLETED,0:0,gpu12,SLOW,2026-04-19T06:18:45,2026-04-19T06:44:38,2026-04-19T06:56:28,710,False,tpe,,1,200,40,archive_sbatch_directive,/mnt/storage_6/project_data/pl0844-01/hpo_project,sbatch hpo_array.slurm tpe
6921076_173,6921076,hpo_%a,COMPLETED,0:0,gpu13,FAST,2026-04-19T06:18:45,2026-04-19T06:44:54,2026-04-19T06:51:25,391,False,tpe,,1,200,40,archive_sbatch_directive,/mnt/storage_6/project_data/pl0844-01/hpo_project,sbatch hpo_array.slurm tpe
6921076_174,6921076,hpo_%a,COMPLETED,0:0,gpu25,FAST,2026-04-19T06:18:45,2026-04-19T06:44:54,2026-04-19T06:50:36,342,False,tpe,,1,200,40,archive_sbatch_directive,/mnt/storage_6/project_data/pl0844-01/hpo_project,sbatch hpo_array.slurm tpe
6921076_175,6921076,hpo_%a,COMPLETED,0:0,gpu34,FAST,2026-04-19T06:18:45,2026-04-19T06:44:55,2026-04-19T06:48:31,216,False,tpe,,1,200,40,archive_sbatch_directive,/mnt/storage_6/project_data/pl0844-01/hpo_project,sbatch hpo_array.slurm tpe
6921076_176,6921076,hpo_%a,COMPLETED,0:0,gpu34,FAST,2026-04-19T06:18:45,2026-04-19T06:44:56,2026-04-19T06:49:32,276,False,tpe,,1,200,40,archive_sbatch_directive,/mnt/storage_6/project_data/pl0844-01/hpo_project,sbatch hpo_array.slurm tpe
6921076_177,6921076,hpo_%a,COMPLETED,0:0,gpu36,FAST,2026-04-19T06:18:45,2026-04-19T06:44:56,2026-04-19T06:48:07,191,False,tpe,,1,200,40,archive_sbatch_directive,/mnt/storage_6/project_data/pl0844-01/hpo_project,sbatch hpo_array.slurm tpe
6921076_178,6921076,hpo_%a,COMPLETED,0:0,gpu36,FAST,2026-04-19T06:18:45,2026-04-19T06:44:56,2026-04-19T06:48:00,184,False,tpe,,1,200,40,archive_sbatch_directive,/mnt/storage_6/project_data/pl0844-01/hpo_project,sbatch hpo_array.slurm tpe
6921076_179,6921076,hpo_%a,COMPLETED,0:0,gpu29,FAST,2026-04-19T06:18:45,2026-04-19T06:45:10,2026-04-19T06:48:20,190,False,tpe,,1,200,40,archive_sbatch_directive,/mnt/storage_6/project_data/pl0844-01/hpo_project,sbatch hpo_array.slurm tpe
6921076_180,6921076,hpo_%a,COMPLETED,0:0,gpu38,FAST,2026-04-19T06:18:45,2026-04-19T06:45:12,2026-04-19T06:48:17,185,False,tpe,,1,200,40,archive_sbatch_directive,/mnt/storage_6/project_data/pl0844-01/hpo_project,sbatch hpo_array.slurm tpe
6921076_181,6921076,hpo_%a,COMPLETED,0:0,gpu39,FAST,2026-04-19T06:18:45,2026-04-19T06:45:17,2026-04-19T06:48:19,182,False,tpe,,1,200,40,archive_sbatch_directive,/mnt/storage_6/project_data/pl0844-01/hpo_project,sbatch hpo_array.slurm tpe
6921076_182,6921076,hpo_%a,COMPLETED,0:0,gpu40,FAST,2026-04-19T06:18:45,2026-04-19T06:45:34,2026-04-19T06:50:53,319,False,tpe,,1,200,40,archive_sbatch_directive,/mnt/storage_6/project_data/pl0844-01/hpo_project,sbatch hpo_array.slurm tpe
6921076_183,6921076,hpo_%a,COMPLETED,0:0,gpu38,FAST,2026-04-19T06:18:45,2026-04-19T06:45:38,2026-04-19T06:48:53,195,False,tpe,,1,200,40,archive_sbatch_directive,/mnt/storage_6/project_data/pl0844-01/hpo_project,sbatch hpo_array.slurm tpe
6921076_184,6921076,hpo_%a,COMPLETED,0:0,gpu37,FAST,2026-04-19T06:18:45,2026-04-19T06:45:40,2026-04-19T06:48:57,197,False,tpe,,1,200,40,archive_sbatch_directive,/mnt/storage_6/project_data/pl0844-01/hpo_project,sbatch hpo_array.slurm tpe
6921076_185,6921076,hpo_%a,COMPLETED,0:0,gpu40,FAST,2026-04-19T06:18:45,2026-04-19T06:45:43,2026-04-19T06:50:43,300,False,tpe,,1,200,40,archive_sbatch_directive,/mnt/storage_6/project_data/pl0844-01/hpo_project,sbatch hpo_array.slurm tpe
6921076_186,6921076,hpo_%a,COMPLETED,0:0,gpu21,FAST,2026-04-19T06:18:45,2026-04-19T06:45:49,2026-04-19T06:48:33,164,False,tpe,,1,200,40,archive_sbatch_directive,/mnt/storage_6/project_data/pl0844-01/hpo_project,sbatch hpo_array.slurm tpe
6921076_187,6921076,hpo_%a,COMPLETED,0:0,gpu12,SLOW,2026-04-19T06:18:45,2026-04-19T06:46:00,2026-04-19T06:56:39,639,False,tpe,,1,200,40,archive_sbatch_directive,/mnt/storage_6/project_data/pl0844-01/hpo_project,sbatch hpo_array.slurm tpe
6921076_188,6921076,hpo_%a,COMPLETED,0:0,gpu34,FAST,2026-04-19T06:18:45,2026-04-19T06:46:05,2026-04-19T06:50:23,258,False,tpe,,1,200,40,archive_sbatch_directive,/mnt/storage_6/project_data/pl0844-01/hpo_project,sbatch hpo_array.slurm tpe
6921076_189,6921076,hpo_%a,COMPLETED,0:0,gpu40,FAST,2026-04-19T06:18:45,2026-04-19T06:46:05,2026-04-19T06:51:52,347,False,tpe,,1,200,40,archive_sbatch_directive,/mnt/storage_6/project_data/pl0844-01/hpo_project,sbatch hpo_array.slurm tpe
6921076_190,6921076,hpo_%a,COMPLETED,0:0,gpu29,FAST,2026-04-19T06:18:45,2026-04-19T06:46:05,2026-04-19T06:51:51,346,False,tpe,,1,200,40,archive_sbatch_directive,/mnt/storage_6/project_data/pl0844-01/hpo_project,sbatch hpo_array.slurm tpe
6921076_191,6921076,hpo_%a,COMPLETED,0:0,gpu19,FAST,2026-04-19T06:18:45,2026-04-19T06:46:11,2026-04-19T06:50:32,261,False,tpe,,1,200,40,archive_sbatch_directive,/mnt/storage_6/project_data/pl0844-01/hpo_project,sbatch hpo_array.slurm tpe
6921076_192,6921076,hpo_%a,COMPLETED,0:0,gpu39,FAST,2026-04-19T06:18:45,2026-04-19T06:46:11,2026-04-19T06:51:52,341,False,tpe,,1,200,40,archive_sbatch_directive,/mnt/storage_6/project_data/pl0844-01/hpo_project,sbatch hpo_array.slurm tpe
6921076_193,6921076,hpo_%a,COMPLETED,0:0,gpu39,FAST,2026-04-19T06:18:45,2026-04-19T06:46:13,2026-04-19T06:52:00,347,False,tpe,,1,200,40,archive_sbatch_directive,/mnt/storage_6/project_data/pl0844-01/hpo_project,sbatch hpo_array.slurm tpe
6921076_194,6921076,hpo_%a,COMPLETED,0:0,gpu25,FAST,2026-04-19T06:18:45,2026-04-19T06:46:18,2026-04-19T06:51:07,289,False,tpe,,1,200,40,archive_sbatch_directive,/mnt/storage_6/project_data/pl0844-01/hpo_project,sbatch hpo_array.slurm tpe
6921076_195,6921076,hpo_%a,COMPLETED,0:0,gpu21,FAST,2026-04-19T06:18:45,2026-04-19T06:46:18,2026-04-19T06:52:59,401,False,tpe,,1,200,40,archive_sbatch_directive,/mnt/storage_6/project_data/pl0844-01/hpo_project,sbatch hpo_array.slurm tpe
6921076_196,6921076,hpo_%a,COMPLETED,0:0,gpu39,FAST,2026-04-19T06:18:45,2026-04-19T06:46:20,2026-04-19T06:50:40,260,False,tpe,,1,200,40,archive_sbatch_directive,/mnt/storage_6/project_data/pl0844-01/hpo_project,sbatch hpo_array.slurm tpe
6921076_197,6921076,hpo_%a,COMPLETED,0:0,gpu36,FAST,2026-04-19T06:18:45,2026-04-19T06:46:31,2026-04-19T06:51:16,285,False,tpe,,1,200,40,archive_sbatch_directive,/mnt/storage_6/project_data/pl0844-01/hpo_project,sbatch hpo_array.slurm tpe
6921076_198,6921076,hpo_%a,COMPLETED,0:0,gpu40,FAST,2026-04-19T06:18:45,2026-04-19T06:46:31,2026-04-19T06:52:19,348,False,tpe,,1,200,40,archive_sbatch_directive,/mnt/storage_6/project_data/pl0844-01/hpo_project,sbatch hpo_array.slurm tpe
6921076_199,6921076,hpo_%a,COMPLETED,0:0,gpu34,FAST,2026-04-19T06:18:45,2026-04-19T06:46:41,2026-04-19T06:52:24,343,False,tpe,,1,200,40,archive_sbatch_directive,/mnt/storage_6/project_data/pl0844-01/hpo_project,sbatch hpo_array.slurm tpe
6921076_200,6921076,hpo_%a,COMPLETED,0:0,gpu38,FAST,2026-04-19T06:18:45,2026-04-19T06:46:44,2026-04-19T06:50:42,238,False,tpe,,1,200,40,archive_sbatch_directive,/mnt/storage_6/project_data/pl0844-01/hpo_project,sbatch hpo_array.slurm tpe
6921123_1,6921123,hpo_%a,FAILED,1:0,gpu12,SLOW,2026-04-19T06:19:21,2026-04-19T06:19:22,2026-04-19T06:19:32,10,True,hyperband,,1,200,40,archive_sbatch_directive,/mnt/storage_6/project_data/pl0844-01/hpo_project,sbatch hpo_array.slurm hyperband
6921123_2,6921123,hpo_%a,FAILED,1:0,gpu12,SLOW,2026-04-19T06:19:21,2026-04-19T06:19:22,2026-04-19T06:19:32,10,True,hyperband,,1,200,40,archive_sbatch_directive,/mnt/storage_6/project_data/pl0844-01/hpo_project,sbatch hpo_array.slurm hyperband
6921123_3,6921123,hpo_%a,COMPLETED,0:0,gpu12,SLOW,2026-04-19T06:19:21,2026-04-19T06:19:22,2026-04-19T06:24:32,310,False,hyperband,,1,200,40,archive_sbatch_directive,/mnt/storage_6/project_data/pl0844-01/hpo_project,sbatch hpo_array.slurm hyperband
6921123_4,6921123,hpo_%a,FAILED,1:0,gpu12,SLOW,2026-04-19T06:19:21,2026-04-19T06:19:22,2026-04-19T06:19:33,11,True,hyperband,,1,200,40,archive_sbatch_directive,/mnt/storage_6/project_data/pl0844-01/hpo_project,sbatch hpo_array.slurm hyperband
6921123_5,6921123,hpo_%a,FAILED,1:0,gpu12,SLOW,2026-04-19T06:19:21,2026-04-19T06:19:22,2026-04-19T06:19:32,10,True,hyperband,,1,200,40,archive_sbatch_directive,/mnt/storage_6/project_data/pl0844-01/hpo_project,sbatch hpo_array.slurm hyperband
6921123_6,6921123,hpo_%a,COMPLETED,0:0,gpu41,FAST,2026-04-19T06:19:21,2026-04-19T06:19:22,2026-04-19T06:24:51,329,False,hyperband,,1,200,40,archive_sbatch_directive,/mnt/storage_6/project_data/pl0844-01/hpo_project,sbatch hpo_array.slurm hyperband
6921123_7,6921123,hpo_%a,COMPLETED,0:0,gpu41,FAST,2026-04-19T06:19:21,2026-04-19T06:19:22,2026-04-19T06:23:30,248,False,hyperband,,1,200,40,archive_sbatch_directive,/mnt/storage_6/project_data/pl0844-01/hpo_project,sbatch hpo_array.slurm hyperband
6921123_8,6921123,hpo_%a,COMPLETED,0:0,gpu41,FAST,2026-04-19T06:19:21,2026-04-19T06:19:22,2026-04-19T06:23:30,248,False,hyperband,,1,200,40,archive_sbatch_directive,/mnt/storage_6/project_data/pl0844-01/hpo_project,sbatch hpo_array.slurm hyperband
6921123_9,6921123,hpo_%a,COMPLETED,0:0,gpu42,FAST,2026-04-19T06:19:21,2026-04-19T06:19:22,2026-04-19T06:23:17,235,False,hyperband,,1,200,40,archive_sbatch_directive,/mnt/storage_6/project_data/pl0844-01/hpo_project,sbatch hpo_array.slurm hyperband
6921123_10,6921123,hpo_%a,COMPLETED,0:0,gpu42,FAST,2026-04-19T06:19:21,2026-04-19T06:19:22,2026-04-19T06:22:30,188,False,hyperband,,1,200,40,archive_sbatch_directive,/mnt/storage_6/project_data/pl0844-01/hpo_project,sbatch hpo_array.slurm hyperband
6921123_11,6921123,hpo_%a,COMPLETED,0:0,gpu42,FAST,2026-04-19T06:19:21,2026-04-19T06:19:22,2026-04-19T06:22:29,187,False,hyperband,,1,200,40,archive_sbatch_directive,/mnt/storage_6/project_data/pl0844-01/hpo_project,sbatch hpo_array.slurm hyperband
6921123_12,6921123,hpo_%a,COMPLETED,0:0,gpu42,FAST,2026-04-19T06:19:21,2026-04-19T06:19:22,2026-04-19T06:22:29,187,False,hyperband,,1,200,40,archive_sbatch_directive,/mnt/storage_6/project_data/pl0844-01/hpo_project,sbatch hpo_array.slurm hyperband
6921123_13,6921123,hpo_%a,FAILED,1:0,gpu43,FAST,2026-04-19T06:19:21,2026-04-19T06:19:22,2026-04-19T06:22:09,167,False,hyperband,,1,200,40,archive_sbatch_directive,/mnt/storage_6/project_data/pl0844-01/hpo_project,sbatch hpo_array.slurm hyperband
6921123_14,6921123,hpo_%a,COMPLETED,0:0,gpu43,FAST,2026-04-19T06:19:21,2026-04-19T06:19:22,2026-04-19T06:23:01,219,False,hyperband,,1,200,40,archive_sbatch_directive,/mnt/storage_6/project_data/pl0844-01/hpo_project,sbatch hpo_array.slurm hyperband
6921123_15,6921123,hpo_%a,FAILED,1:0,gpu43,FAST,2026-04-19T06:19:21,2026-04-19T06:19:22,2026-04-19T06:21:43,141,False,hyperband,,1,200,40,archive_sbatch_directive,/mnt/storage_6/project_data/pl0844-01/hpo_project,sbatch hpo_array.slurm hyperband
6921123_16,6921123,hpo_%a,COMPLETED,0:0,gpu43,FAST,2026-04-19T06:19:21,2026-04-19T06:19:22,2026-04-19T06:22:39,197,False,hyperband,,1,200,40,archive_sbatch_directive,/mnt/storage_6/project_data/pl0844-01/hpo_project,sbatch hpo_array.slurm hyperband
6921123_17,6921123,hpo_%a,COMPLETED,0:0,gpu45,FAST,2026-04-19T06:19:21,2026-04-19T06:19:22,2026-04-19T06:27:45,503,False,hyperband,,1,200,40,archive_sbatch_directive,/mnt/storage_6/project_data/pl0844-01/hpo_project,sbatch hpo_array.slurm hyperband
6921123_18,6921123,hpo_%a,COMPLETED,0:0,gpu45,FAST,2026-04-19T06:19:21,2026-04-19T06:19:22,2026-04-19T06:23:48,266,False,hyperband,,1,200,40,archive_sbatch_directive,/mnt/storage_6/project_data/pl0844-01/hpo_project,sbatch hpo_array.slurm hyperband
6921123_19,6921123,hpo_%a,COMPLETED,0:0,gpu45,FAST,2026-04-19T06:19:21,2026-04-19T06:19:22,2026-04-19T06:23:03,221,False,hyperband,,1,200,40,archive_sbatch_directive,/mnt/storage_6/project_data/pl0844-01/hpo_project,sbatch hpo_array.slurm hyperband
6921123_20,6921123,hpo_%a,FAILED,1:0,gpu45,FAST,2026-04-19T06:19:21,2026-04-19T06:19:22,2026-04-19T06:22:11,169,False,hyperband,,1,200,40,archive_sbatch_directive,/mnt/storage_6/project_data/pl0844-01/hpo_project,sbatch hpo_array.slurm hyperband
6921123_21,6921123,hpo_%a,COMPLETED,0:0,gpu46,FAST,2026-04-19T06:19:21,2026-04-19T06:19:22,2026-04-19T06:23:46,264,False,hyperband,,1,200,40,archive_sbatch_directive,/mnt/storage_6/project_data/pl0844-01/hpo_project,sbatch hpo_array.slurm hyperband
6921123_22,6921123,hpo_%a,FAILED,1:0,gpu46,FAST,2026-04-19T06:19:21,2026-04-19T06:19:22,2026-04-19T06:22:12,170,False,hyperband,,1,200,40,archive_sbatch_directive,/mnt/storage_6/project_data/pl0844-01/hpo_project,sbatch hpo_array.slurm hyperband
6921123_23,6921123,hpo_%a,FAILED,1:0,gpu46,FAST,2026-04-19T06:19:21,2026-04-19T06:19:22,2026-04-19T06:22:04,162,False,hyperband,,1,200,40,archive_sbatch_directive,/mnt/storage_6/project_data/pl0844-01/hpo_project,sbatch hpo_array.slurm hyperband
6921123_24,6921123,hpo_%a,FAILED,1:0,gpu46,FAST,2026-04-19T06:19:21,2026-04-19T06:19:22,2026-04-19T06:22:12,170,False,hyperband,,1,200,40,archive_sbatch_directive,/mnt/storage_6/project_data/pl0844-01/hpo_project,sbatch hpo_array.slurm hyperband
6921123_25,6921123,hpo_%a,COMPLETED,0:0,gpu63,FAST,2026-04-19T06:19:21,2026-04-19T06:19:22,2026-04-19T06:23:53,271,False,hyperband,,1,200,40,archive_sbatch_directive,/mnt/storage_6/project_data/pl0844-01/hpo_project,sbatch hpo_array.slurm hyperband
6921123_26,6921123,hpo_%a,COMPLETED,0:0,gpu63,FAST,2026-04-19T06:19:21,2026-04-19T06:19:22,2026-04-19T06:23:03,221,False,hyperband,,1,200,40,archive_sbatch_directive,/mnt/storage_6/project_data/pl0844-01/hpo_project,sbatch hpo_array.slurm hyperband
6921123_27,6921123,hpo_%a,COMPLETED,0:0,gpu63,FAST,2026-04-19T06:19:21,2026-04-19T06:19:22,2026-04-19T06:26:56,454,False,hyperband,,1,200,40,archive_sbatch_directive,/mnt/storage_6/project_data/pl0844-01/hpo_project,sbatch hpo_array.slurm hyperband
6921123_28,6921123,hpo_%a,COMPLETED,0:0,gpu63,FAST,2026-04-19T06:19:21,2026-04-19T06:19:22,2026-04-19T06:26:53,451,False,hyperband,,1,200,40,archive_sbatch_directive,/mnt/storage_6/project_data/pl0844-01/hpo_project,sbatch hpo_array.slurm hyperband
6921123_29,6921123,hpo_%a,COMPLETED,0:0,gpu64,FAST,2026-04-19T06:19:21,2026-04-19T06:19:22,2026-04-19T06:24:20,298,False,hyperband,,1,200,40,archive_sbatch_directive,/mnt/storage_6/project_data/pl0844-01/hpo_project,sbatch hpo_array.slurm hyperband
6921123_30,6921123,hpo_%a,FAILED,1:0,gpu64,FAST,2026-04-19T06:19:21,2026-04-19T06:19:22,2026-04-19T06:22:28,186,False,hyperband,,1,200,40,archive_sbatch_directive,/mnt/storage_6/project_data/pl0844-01/hpo_project,sbatch hpo_array.slurm hyperband
6921123_31,6921123,hpo_%a,FAILED,1:0,gpu64,FAST,2026-04-19T06:19:21,2026-04-19T06:19:22,2026-04-19T06:22:11,169,False,hyperband,,1,200,40,archive_sbatch_directive,/mnt/storage_6/project_data/pl0844-01/hpo_project,sbatch hpo_array.slurm hyperband
6921123_32,6921123,hpo_%a,COMPLETED,0:0,gpu64,FAST,2026-04-19T06:19:21,2026-04-19T06:19:22,2026-04-19T06:23:49,267,False,hyperband,,1,200,40,archive_sbatch_directive,/mnt/storage_6/project_data/pl0844-01/hpo_project,sbatch hpo_array.slurm hyperband
6921123_33,6921123,hpo_%a,COMPLETED,0:0,gpu66,FAST,2026-04-19T06:19:21,2026-04-19T06:19:22,2026-04-19T06:28:03,521,False,hyperband,,1,200,40,archive_sbatch_directive,/mnt/storage_6/project_data/pl0844-01/hpo_project,sbatch hpo_array.slurm hyperband
6921123_34,6921123,hpo_%a,COMPLETED,0:0,gpu66,FAST,2026-04-19T06:19:21,2026-04-19T06:19:22,2026-04-19T06:24:37,315,False,hyperband,,1,200,40,archive_sbatch_directive,/mnt/storage_6/project_data/pl0844-01/hpo_project,sbatch hpo_array.slurm hyperband
6921123_35,6921123,hpo_%a,COMPLETED,0:0,gpu66,FAST,2026-04-19T06:19:21,2026-04-19T06:19:22,2026-04-19T06:22:30,188,False,hyperband,,1,200,40,archive_sbatch_directive,/mnt/storage_6/project_data/pl0844-01/hpo_project,sbatch hpo_array.slurm hyperband
6921123_36,6921123,hpo_%a,COMPLETED,0:0,gpu66,FAST,2026-04-19T06:19:21,2026-04-19T06:19:22,2026-04-19T06:23:14,232,False,hyperband,,1,200,40,archive_sbatch_directive,/mnt/storage_6/project_data/pl0844-01/hpo_project,sbatch hpo_array.slurm hyperband
6921123_37,6921123,hpo_%a,COMPLETED,0:0,gpu71,FAST,2026-04-19T06:19:21,2026-04-19T06:19:22,2026-04-19T06:22:40,198,False,hyperband,,1,200,40,archive_sbatch_directive,/mnt/storage_6/project_data/pl0844-01/hpo_project,sbatch hpo_array.slurm hyperband
6921123_38,6921123,hpo_%a,COMPLETED,0:0,gpu71,FAST,2026-04-19T06:19:21,2026-04-19T06:19:22,2026-04-19T06:23:52,270,False,hyperband,,1,200,40,archive_sbatch_directive,/mnt/storage_6/project_data/pl0844-01/hpo_project,sbatch hpo_array.slurm hyperband
6921123_39,6921123,hpo_%a,COMPLETED,0:0,gpu71,FAST,2026-04-19T06:19:21,2026-04-19T06:19:22,2026-04-19T06:25:17,355,False,hyperband,,1,200,40,archive_sbatch_directive,/mnt/storage_6/project_data/pl0844-01/hpo_project,sbatch hpo_array.slurm hyperband
6921123_40,6921123,hpo_%a,COMPLETED,0:0,gpu71,FAST,2026-04-19T06:19:21,2026-04-19T06:19:22,2026-04-19T06:25:16,354,False,hyperband,,1,200,40,archive_sbatch_directive,/mnt/storage_6/project_data/pl0844-01/hpo_project,sbatch hpo_array.slurm hyperband
6921123_41,6921123,hpo_%a,COMPLETED,0:0,gpu72,FAST,2026-04-19T06:19:21,2026-04-19T06:19:32,2026-04-19T06:27:26,474,False,hyperband,,1,200,40,archive_sbatch_directive,/mnt/storage_6/project_data/pl0844-01/hpo_project,sbatch hpo_array.slurm hyperband
6921123_42,6921123,hpo_%a,COMPLETED,0:0,gpu72,FAST,2026-04-19T06:19:21,2026-04-19T06:19:32,2026-04-19T06:27:19,467,False,hyperband,,1,200,40,archive_sbatch_directive,/mnt/storage_6/project_data/pl0844-01/hpo_project,sbatch hpo_array.slurm hyperband
6921123_43,6921123,hpo_%a,COMPLETED,0:0,gpu72,FAST,2026-04-19T06:19:21,2026-04-19T06:19:33,2026-04-19T06:27:25,472,False,hyperband,,1,200,40,archive_sbatch_directive,/mnt/storage_6/project_data/pl0844-01/hpo_project,sbatch hpo_array.slurm hyperband
6921123_44,6921123,hpo_%a,COMPLETED,0:0,gpu72,FAST,2026-04-19T06:19:21,2026-04-19T06:19:33,2026-04-19T06:23:04,211,False,hyperband,,1,200,40,archive_sbatch_directive,/mnt/storage_6/project_data/pl0844-01/hpo_project,sbatch hpo_array.slurm hyperband
6921123_45,6921123,hpo_%a,COMPLETED,0:0,gpu12,SLOW,2026-04-19T06:19:21,2026-04-19T06:21:43,2026-04-19T06:28:43,420,False,hyperband,,1,200,40,archive_sbatch_directive,/mnt/storage_6/project_data/pl0844-01/hpo_project,sbatch hpo_array.slurm hyperband
6921123_46,6921123,hpo_%a,FAILED,1:0,gpu12,SLOW,2026-04-19T06:19:21,2026-04-19T06:22:04,2026-04-19T06:24:52,168,False,hyperband,,1,200,40,archive_sbatch_directive,/mnt/storage_6/project_data/pl0844-01/hpo_project,sbatch hpo_array.slurm hyperband
6921123_47,6921123,hpo_%a,COMPLETED,0:0,gpu12,SLOW,2026-04-19T06:19:21,2026-04-19T06:22:09,2026-04-19T06:32:09,600,False,hyperband,,1,200,40,archive_sbatch_directive,/mnt/storage_6/project_data/pl0844-01/hpo_project,sbatch hpo_array.slurm hyperband
6921123_48,6921123,hpo_%a,COMPLETED,0:0,gpu12,SLOW,2026-04-19T06:19:21,2026-04-19T06:22:11,2026-04-19T06:37:42,931,False,hyperband,,1,200,40,archive_sbatch_directive,/mnt/storage_6/project_data/pl0844-01/hpo_project,sbatch hpo_array.slurm hyperband
6921123_49,6921123,hpo_%a,COMPLETED,0:0,gpu43,FAST,2026-04-19T06:19:21,2026-04-19T06:22:11,2026-04-19T06:26:19,248,False,hyperband,,1,200,40,archive_sbatch_directive,/mnt/storage_6/project_data/pl0844-01/hpo_project,sbatch hpo_array.slurm hyperband
6921123_50,6921123,hpo_%a,COMPLETED,0:0,gpu43,FAST,2026-04-19T06:19:21,2026-04-19T06:22:12,2026-04-19T06:25:35,203,False,hyperband,,1,200,40,archive_sbatch_directive,/mnt/storage_6/project_data/pl0844-01/hpo_project,sbatch hpo_array.slurm hyperband
6921123_51,6921123,hpo_%a,COMPLETED,0:0,gpu45,FAST,2026-04-19T06:19:21,2026-04-19T06:22:12,2026-04-19T06:26:41,269,False,hyperband,,1,200,40,archive_sbatch_directive,/mnt/storage_6/project_data/pl0844-01/hpo_project,sbatch hpo_array.slurm hyperband
6921123_52,6921123,hpo_%a,COMPLETED,0:0,gpu46,FAST,2026-04-19T06:19:21,2026-04-19T06:22:28,2026-04-19T06:30:09,461,False,hyperband,,1,200,40,archive_sbatch_directive,/mnt/storage_6/project_data/pl0844-01/hpo_project,sbatch hpo_array.slurm hyperband
6921123_53,6921123,hpo_%a,FAILED,1:0,gpu46,FAST,2026-04-19T06:19:21,2026-04-19T06:22:29,2026-04-19T06:28:21,352,False,hyperband,,1,200,40,archive_sbatch_directive,/mnt/storage_6/project_data/pl0844-01/hpo_project,sbatch hpo_array.slurm hyperband
6921123_54,6921123,hpo_%a,COMPLETED,0:0,gpu46,FAST,2026-04-19T06:19:21,2026-04-19T06:22:29,2026-04-19T06:29:48,439,False,hyperband,,1,200,40,archive_sbatch_directive,/mnt/storage_6/project_data/pl0844-01/hpo_project,sbatch hpo_array.slurm hyperband
6921123_55,6921123,hpo_%a,COMPLETED,0:0,gpu64,FAST,2026-04-19T06:19:21,2026-04-19T06:22:30,2026-04-19T06:30:06,456,False,hyperband,,1,200,40,archive_sbatch_directive,/mnt/storage_6/project_data/pl0844-01/hpo_project,sbatch hpo_array.slurm hyperband
6921123_56,6921123,hpo_%a,COMPLETED,0:0,gpu42,FAST,2026-04-19T06:19:21,2026-04-19T06:22:30,2026-04-19T06:30:13,463,False,hyperband,,1,200,40,archive_sbatch_directive,/mnt/storage_6/project_data/pl0844-01/hpo_project,sbatch hpo_array.slurm hyperband
6921123_57,6921123,hpo_%a,COMPLETED,0:0,gpu42,FAST,2026-04-19T06:19:21,2026-04-19T06:22:39,2026-04-19T06:26:30,231,False,hyperband,,1,200,40,archive_sbatch_directive,/mnt/storage_6/project_data/pl0844-01/hpo_project,sbatch hpo_array.slurm hyperband
6921123_58,6921123,hpo_%a,COMPLETED,0:0,gpu42,FAST,2026-04-19T06:19:21,2026-04-19T06:22:40,2026-04-19T06:30:17,457,False,hyperband,,1,200,40,archive_sbatch_directive,/mnt/storage_6/project_data/pl0844-01/hpo_project,sbatch hpo_array.slurm hyperband
6921123_59,6921123,hpo_%a,FAILED,1:0,gpu43,FAST,2026-04-19T06:19:21,2026-04-19T06:23:01,2026-04-19T06:25:22,141,False,hyperband,,1,200,40,archive_sbatch_directive,/mnt/storage_6/project_data/pl0844-01/hpo_project,sbatch hpo_array.slurm hyperband
6921123_60,6921123,hpo_%a,COMPLETED,0:0,gpu43,FAST,2026-04-19T06:19:21,2026-04-19T06:23:04,2026-04-19T06:26:25,201,False,hyperband,,1,200,40,archive_sbatch_directive,/mnt/storage_6/project_data/pl0844-01/hpo_project,sbatch hpo_array.slurm hyperband
6921123_61,6921123,hpo_%a,COMPLETED,0:0,gpu64,FAST,2026-04-19T06:19:21,2026-04-19T06:23:04,2026-04-19T06:29:35,391,False,hyperband,,1,200,40,archive_sbatch_directive,/mnt/storage_6/project_data/pl0844-01/hpo_project,sbatch hpo_array.slurm hyperband
6921123_62,6921123,hpo_%a,COMPLETED,0:0,gpu66,FAST,2026-04-19T06:19:21,2026-04-19T06:23:04,2026-04-19T06:28:23,319,False,hyperband,,1,200,40,archive_sbatch_directive,/mnt/storage_6/project_data/pl0844-01/hpo_project,sbatch hpo_array.slurm hyperband
6921123_63,6921123,hpo_%a,COMPLETED,0:0,gpu45,FAST,2026-04-19T06:19:21,2026-04-19T06:23:14,2026-04-19T06:30:57,463,False,hyperband,,1,200,40,archive_sbatch_directive,/mnt/storage_6/project_data/pl0844-01/hpo_project,sbatch hpo_array.slurm hyperband
6921123_64,6921123,hpo_%a,COMPLETED,0:0,gpu42,FAST,2026-04-19T06:19:21,2026-04-19T06:23:17,2026-04-19T06:31:04,467,False,hyperband,,1,200,40,archive_sbatch_directive,/mnt/storage_6/project_data/pl0844-01/hpo_project,sbatch hpo_array.slurm hyperband
6921123_65,6921123,hpo_%a,FAILED,1:0,gpu41,FAST,2026-04-19T06:19:21,2026-04-19T06:23:30,2026-04-19T06:26:52,202,False,hyperband,,1,200,40,archive_sbatch_directive,/mnt/storage_6/project_data/pl0844-01/hpo_project,sbatch hpo_array.slurm hyperband
6921123_66,6921123,hpo_%a,COMPLETED,0:0,gpu41,FAST,2026-04-19T06:19:21,2026-04-19T06:23:30,2026-04-19T06:28:38,308,False,hyperband,,1,200,40,archive_sbatch_directive,/mnt/storage_6/project_data/pl0844-01/hpo_project,sbatch hpo_array.slurm hyperband
6921123_67,6921123,hpo_%a,COMPLETED,0:0,gpu46,FAST,2026-04-19T06:19:21,2026-04-19T06:23:46,2026-04-19T06:29:27,341,False,hyperband,,1,200,40,archive_sbatch_directive,/mnt/storage_6/project_data/pl0844-01/hpo_project,sbatch hpo_array.slurm hyperband
6921123_68,6921123,hpo_%a,FAILED,1:0,gpu45,FAST,2026-04-19T06:19:21,2026-04-19T06:23:48,2026-04-19T06:27:25,217,False,hyperband,,1,200,40,archive_sbatch_directive,/mnt/storage_6/project_data/pl0844-01/hpo_project,sbatch hpo_array.slurm hyperband
6921123_69,6921123,hpo_%a,COMPLETED,0:0,gpu63,FAST,2026-04-19T06:19:21,2026-04-19T06:23:50,2026-04-19T06:28:24,274,False,hyperband,,1,200,40,archive_sbatch_directive,/mnt/storage_6/project_data/pl0844-01/hpo_project,sbatch hpo_array.slurm hyperband
6921123_70,6921123,hpo_%a,COMPLETED,0:0,gpu64,FAST,2026-04-19T06:19:21,2026-04-19T06:23:52,2026-04-19T06:28:26,274,False,hyperband,,1,200,40,archive_sbatch_directive,/mnt/storage_6/project_data/pl0844-01/hpo_project,sbatch hpo_array.slurm hyperband
6921123_71,6921123,hpo_%a,COMPLETED,0:0,gpu63,FAST,2026-04-19T06:19:21,2026-04-19T06:23:53,2026-04-19T06:29:32,339,False,hyperband,,1,200,40,archive_sbatch_directive,/mnt/storage_6/project_data/pl0844-01/hpo_project,sbatch hpo_array.slurm hyperband
6921123_72,6921123,hpo_%a,FAILED,1:0,gpu25,FAST,2026-04-19T06:19:21,2026-04-19T06:24:20,2026-04-19T06:30:41,381,False,hyperband,,1,200,40,archive_sbatch_directive,/mnt/storage_6/project_data/pl0844-01/hpo_project,sbatch hpo_array.slurm hyperband
6921123_73,6921123,hpo_%a,COMPLETED,0:0,gpu12,SLOW,2026-04-19T06:19:21,2026-04-19T06:24:32,2026-04-19T06:39:08,876,False,hyperband,,1,200,40,archive_sbatch_directive,/mnt/storage_6/project_data/pl0844-01/hpo_project,sbatch hpo_array.slurm hyperband
6921123_74,6921123,hpo_%a,COMPLETED,0:0,gpu36,FAST,2026-04-19T06:19:21,2026-04-19T06:24:38,2026-04-19T06:29:34,296,False,hyperband,,1,200,40,archive_sbatch_directive,/mnt/storage_6/project_data/pl0844-01/hpo_project,sbatch hpo_array.slurm hyperband
6921123_75,6921123,hpo_%a,COMPLETED,0:0,gpu41,FAST,2026-04-19T06:19:21,2026-04-19T06:24:51,2026-04-19T06:29:47,296,False,hyperband,,1,200,40,archive_sbatch_directive,/mnt/storage_6/project_data/pl0844-01/hpo_project,sbatch hpo_array.slurm hyperband
6921123_76,6921123,hpo_%a,COMPLETED,0:0,gpu12,SLOW,2026-04-19T06:19:21,2026-04-19T06:24:52,2026-04-19T06:42:34,1062,False,hyperband,,1,200,40,archive_sbatch_directive,/mnt/storage_6/project_data/pl0844-01/hpo_project,sbatch hpo_array.slurm hyperband
6921123_77,6921123,hpo_%a,COMPLETED,0:0,gpu64,FAST,2026-04-19T06:19:21,2026-04-19T06:25:16,2026-04-19T06:29:17,241,False,hyperband,,1,200,40,archive_sbatch_directive,/mnt/storage_6/project_data/pl0844-01/hpo_project,sbatch hpo_array.slurm hyperband
6921123_78,6921123,hpo_%a,FAILED,1:0,gpu66,FAST,2026-04-19T06:19:21,2026-04-19T06:25:17,2026-04-19T06:28:39,202,False,hyperband,,1,200,40,archive_sbatch_directive,/mnt/storage_6/project_data/pl0844-01/hpo_project,sbatch hpo_array.slurm hyperband
6921123_79,6921123,hpo_%a,COMPLETED,0:0,gpu43,FAST,2026-04-19T06:19:21,2026-04-19T06:25:22,2026-04-19T06:29:22,240,False,hyperband,,1,200,40,archive_sbatch_directive,/mnt/storage_6/project_data/pl0844-01/hpo_project,sbatch hpo_array.slurm hyperband
6921123_80,6921123,hpo_%a,COMPLETED,0:0,gpu43,FAST,2026-04-19T06:19:21,2026-04-19T06:25:35,2026-04-19T06:31:27,352,False,hyperband,,1,200,40,archive_sbatch_directive,/mnt/storage_6/project_data/pl0844-01/hpo_project,sbatch hpo_array.slurm hyperband
6921123_81,6921123,hpo_%a,COMPLETED,0:0,gpu43,FAST,2026-04-19T06:19:21,2026-04-19T06:26:19,2026-04-19T06:32:59,400,False,hyperband,,1,200,40,archive_sbatch_directive,/mnt/storage_6/project_data/pl0844-01/hpo_project,sbatch hpo_array.slurm hyperband
6921123_82,6921123,hpo_%a,COMPLETED,0:0,gpu43,FAST,2026-04-19T06:19:21,2026-04-19T06:26:25,2026-04-19T06:32:04,339,False,hyperband,,1,200,40,archive_sbatch_directive,/mnt/storage_6/project_data/pl0844-01/hpo_project,sbatch hpo_array.slurm hyperband
6921123_83,6921123,hpo_%a,COMPLETED,0:0,gpu42,FAST,2026-04-19T06:19:21,2026-04-19T06:26:30,2026-04-19T06:32:16,346,False,hyperband,,1,200,40,archive_sbatch_directive,/mnt/storage_6/project_data/pl0844-01/hpo_project,sbatch hpo_array.slurm hyperband
6921123_84,6921123,hpo_%a,COMPLETED,0:0,gpu45,FAST,2026-04-19T06:19:21,2026-04-19T06:26:41,2026-04-19T06:32:52,371,False,hyperband,,1,200,40,archive_sbatch_directive,/mnt/storage_6/project_data/pl0844-01/hpo_project,sbatch hpo_array.slurm hyperband
6921123_85,6921123,hpo_%a,COMPLETED,0:0,gpu41,FAST,2026-04-19T06:19:21,2026-04-19T06:26:52,2026-04-19T06:31:56,304,False,hyperband,,1,200,40,archive_sbatch_directive,/mnt/storage_6/project_data/pl0844-01/hpo_project,sbatch hpo_array.slurm hyperband
6921123_86,6921123,hpo_%a,COMPLETED,0:0,gpu63,FAST,2026-04-19T06:19:21,2026-04-19T06:26:54,2026-04-19T06:31:30,276,False,hyperband,,1,200,40,archive_sbatch_directive,/mnt/storage_6/project_data/pl0844-01/hpo_project,sbatch hpo_array.slurm hyperband
6921123_87,6921123,hpo_%a,COMPLETED,0:0,gpu63,FAST,2026-04-19T06:19:21,2026-04-19T06:26:56,2026-04-19T06:32:37,341,False,hyperband,,1,200,40,archive_sbatch_directive,/mnt/storage_6/project_data/pl0844-01/hpo_project,sbatch hpo_array.slurm hyperband
6921123_88,6921123,hpo_%a,FAILED,1:0,gpu71,FAST,2026-04-19T06:19:21,2026-04-19T06:27:19,2026-04-19T06:28:20,61,False,hyperband,,1,200,40,archive_sbatch_directive,/mnt/storage_6/project_data/pl0844-01/hpo_project,sbatch hpo_array.slurm hyperband
6921123_89,6921123,hpo_%a,COMPLETED,0:0,gpu45,FAST,2026-04-19T06:19:21,2026-04-19T06:27:25,2026-04-19T06:32:28,303,False,hyperband,,1,200,40,archive_sbatch_directive,/mnt/storage_6/project_data/pl0844-01/hpo_project,sbatch hpo_array.slurm hyperband
6921123_90,6921123,hpo_%a,FAILED,1:0,gpu71,FAST,2026-04-19T06:19:21,2026-04-19T06:27:26,2026-04-19T06:33:45,379,False,hyperband,,1,200,40,archive_sbatch_directive,/mnt/storage_6/project_data/pl0844-01/hpo_project,sbatch hpo_array.slurm hyperband
6921123_91,6921123,hpo_%a,FAILED,1:0,gpu71,FAST,2026-04-19T06:19:21,2026-04-19T06:27:26,2026-04-19T06:30:14,168,False,hyperband,,1,200,40,archive_sbatch_directive,/mnt/storage_6/project_data/pl0844-01/hpo_project,sbatch hpo_array.slurm hyperband
6921123_92,6921123,hpo_%a,COMPLETED,0:0,gpu45,FAST,2026-04-19T06:19:21,2026-04-19T06:27:45,2026-04-19T06:32:21,276,False,hyperband,,1,200,40,archive_sbatch_directive,/mnt/storage_6/project_data/pl0844-01/hpo_project,sbatch hpo_array.slurm hyperband
6921123_93,6921123,hpo_%a,COMPLETED,0:0,gpu66,FAST,2026-04-19T06:19:21,2026-04-19T06:28:04,2026-04-19T06:33:50,346,False,hyperband,,1,200,40,archive_sbatch_directive,/mnt/storage_6/project_data/pl0844-01/hpo_project,sbatch hpo_array.slurm hyperband
6921123_94,6921123,hpo_%a,FAILED,1:0,gpu71,FAST,2026-04-19T06:19:21,2026-04-19T06:28:20,2026-04-19T06:31:30,190,False,hyperband,,1,200,40,archive_sbatch_directive,/mnt/storage_6/project_data/pl0844-01/hpo_project,sbatch hpo_array.slurm hyperband
6921123_95,6921123,hpo_%a,COMPLETED,0:0,gpu46,FAST,2026-04-19T06:19:21,2026-04-19T06:28:21,2026-04-19T06:34:32,371,False,hyperband,,1,200,40,archive_sbatch_directive,/mnt/storage_6/project_data/pl0844-01/hpo_project,sbatch hpo_array.slurm hyperband
6921123_96,6921123,hpo_%a,FAILED,1:0,gpu66,FAST,2026-04-19T06:19:21,2026-04-19T06:28:24,2026-04-19T06:32:54,270,False,hyperband,,1,200,40,archive_sbatch_directive,/mnt/storage_6/project_data/pl0844-01/hpo_project,sbatch hpo_array.slurm hyperband
6921123_97,6921123,hpo_%a,COMPLETED,0:0,gpu63,FAST,2026-04-19T06:19:21,2026-04-19T06:28:24,2026-04-19T06:34:07,343,False,hyperband,,1,200,40,archive_sbatch_directive,/mnt/storage_6/project_data/pl0844-01/hpo_project,sbatch hpo_array.slurm hyperband
6921123_98,6921123,hpo_%a,COMPLETED,0:0,gpu64,FAST,2026-04-19T06:19:21,2026-04-19T06:28:26,2026-04-19T06:34:10,344,False,hyperband,,1,200,40,archive_sbatch_directive,/mnt/storage_6/project_data/pl0844-01/hpo_project,sbatch hpo_array.slurm hyperband
6921123_99,6921123,hpo_%a,COMPLETED,0:0,gpu41,FAST,2026-04-19T06:19:21,2026-04-19T06:28:38,2026-04-19T06:32:06,208,False,hyperband,,1,200,40,archive_sbatch_directive,/mnt/storage_6/project_data/pl0844-01/hpo_project,sbatch hpo_array.slurm hyperband
6921123_100,6921123,hpo_%a,COMPLETED,0:0,gpu66,FAST,2026-04-19T06:19:21,2026-04-19T06:28:39,2026-04-19T06:32:09,210,False,hyperband,,1,200,40,archive_sbatch_directive,/mnt/storage_6/project_data/pl0844-01/hpo_project,sbatch hpo_array.slurm hyperband
6921123_101,6921123,hpo_%a,COMPLETED,0:0,gpu12,SLOW,2026-04-19T06:19:21,2026-04-19T06:28:43,2026-04-19T06:45:56,1033,False,hyperband,,1,200,40,archive_sbatch_directive,/mnt/storage_6/project_data/pl0844-01/hpo_project,sbatch hpo_array.slurm hyperband
6921123_102,6921123,hpo_%a,FAILED,1:0,gpu40,FAST,2026-04-19T06:19:21,2026-04-19T06:29:17,2026-04-19T06:33:55,278,False,hyperband,,1,200,40,archive_sbatch_directive,/mnt/storage_6/project_data/pl0844-01/hpo_project,sbatch hpo_array.slurm hyperband
6921123_103,6921123,hpo_%a,COMPLETED,0:0,gpu40,FAST,2026-04-19T06:19:21,2026-04-19T06:29:23,2026-04-19T06:34:24,301,False,hyperband,,1,200,40,archive_sbatch_directive,/mnt/storage_6/project_data/pl0844-01/hpo_project,sbatch hpo_array.slurm hyperband
6921123_104,6921123,hpo_%a,COMPLETED,0:0,gpu43,FAST,2026-04-19T06:19:21,2026-04-19T06:29:27,2026-04-19T06:36:09,402,False,hyperband,,1,200,40,archive_sbatch_directive,/mnt/storage_6/project_data/pl0844-01/hpo_project,sbatch hpo_array.slurm hyperband
6921123_105,6921123,hpo_%a,COMPLETED,0:0,gpu63,FAST,2026-04-19T06:19:21,2026-04-19T06:29:32,2026-04-19T06:34:09,277,False,hyperband,,1,200,40,archive_sbatch_directive,/mnt/storage_6/project_data/pl0844-01/hpo_project,sbatch hpo_array.slurm hyperband
6921123_106,6921123,hpo_%a,FAILED,1:0,gpu36,FAST,2026-04-19T06:19:21,2026-04-19T06:29:34,2026-04-19T06:33:20,226,False,hyperband,,1,200,40,archive_sbatch_directive,/mnt/storage_6/project_data/pl0844-01/hpo_project,sbatch hpo_array.slurm hyperband
6921123_107,6921123,hpo_%a,COMPLETED,0:0,gpu40,FAST,2026-04-19T06:19:21,2026-04-19T06:29:35,2026-04-19T06:35:46,371,False,hyperband,,1,200,40,archive_sbatch_directive,/mnt/storage_6/project_data/pl0844-01/hpo_project,sbatch hpo_array.slurm hyperband
6921123_108,6921123,hpo_%a,COMPLETED,0:0,gpu41,FAST,2026-04-19T06:19:21,2026-04-19T06:29:47,2026-04-19T06:33:13,206,False,hyperband,,1,200,40,archive_sbatch_directive,/mnt/storage_6/project_data/pl0844-01/hpo_project,sbatch hpo_array.slurm hyperband
6921123_109,6921123,hpo_%a,COMPLETED,0:0,gpu46,FAST,2026-04-19T06:19:21,2026-04-19T06:29:49,2026-04-19T06:34:19,270,False,hyperband,,1,200,40,archive_sbatch_directive,/mnt/storage_6/project_data/pl0844-01/hpo_project,sbatch hpo_array.slurm hyperband
6921123_110,6921123,hpo_%a,COMPLETED,0:0,gpu64,FAST,2026-04-19T06:19:21,2026-04-19T06:30:06,2026-04-19T06:33:04,178,False,hyperband,,1,200,40,archive_sbatch_directive,/mnt/storage_6/project_data/pl0844-01/hpo_project,sbatch hpo_array.slurm hyperband
6921123_111,6921123,hpo_%a,COMPLETED,0:0,gpu46,FAST,2026-04-19T06:19:21,2026-04-19T06:30:09,2026-04-19T06:33:35,206,False,hyperband,,1,200,40,archive_sbatch_directive,/mnt/storage_6/project_data/pl0844-01/hpo_project,sbatch hpo_array.slurm hyperband
6921123_112,6921123,hpo_%a,COMPLETED,0:0,gpu42,FAST,2026-04-19T06:19:21,2026-04-19T06:30:13,2026-04-19T06:35:59,346,False,hyperband,,1,200,40,archive_sbatch_directive,/mnt/storage_6/project_data/pl0844-01/hpo_project,sbatch hpo_array.slurm hyperband
6921123_113,6921123,hpo_%a,COMPLETED,0:0,gpu64,FAST,2026-04-19T06:19:21,2026-04-19T06:30:14,2026-04-19T06:34:47,273,False,hyperband,,1,200,40,archive_sbatch_directive,/mnt/storage_6/project_data/pl0844-01/hpo_project,sbatch hpo_array.slurm hyperband
6921123_114,6921123,hpo_%a,COMPLETED,0:0,gpu42,FAST,2026-04-19T06:19:21,2026-04-19T06:30:18,2026-04-19T06:34:49,271,False,hyperband,,1,200,40,archive_sbatch_directive,/mnt/storage_6/project_data/pl0844-01/hpo_project,sbatch hpo_array.slurm hyperband
6921123_115,6921123,hpo_%a,FAILED,1:0,gpu25,FAST,2026-04-19T06:19:21,2026-04-19T06:30:41,2026-04-19T06:37:05,384,False,hyperband,,1,200,40,archive_sbatch_directive,/mnt/storage_6/project_data/pl0844-01/hpo_project,sbatch hpo_array.slurm hyperband
6921123_116,6921123,hpo_%a,COMPLETED,0:0,gpu45,FAST,2026-04-19T06:19:21,2026-04-19T06:30:57,2026-04-19T06:36:40,343,False,hyperband,,1,200,40,archive_sbatch_directive,/mnt/storage_6/project_data/pl0844-01/hpo_project,sbatch hpo_array.slurm hyperband
6921123_117,6921123,hpo_%a,FAILED,1:0,gpu42,FAST,2026-04-19T06:19:21,2026-04-19T06:31:05,2026-04-19T06:32:06,61,False,hyperband,,1,200,40,archive_sbatch_directive,/mnt/storage_6/project_data/pl0844-01/hpo_project,sbatch hpo_array.slurm hyperband
6921123_118,6921123,hpo_%a,COMPLETED,0:0,gpu43,FAST,2026-04-19T06:19:21,2026-04-19T06:31:27,2026-04-19T06:36:04,277,False,hyperband,,1,200,40,archive_sbatch_directive,/mnt/storage_6/project_data/pl0844-01/hpo_project,sbatch hpo_array.slurm hyperband
6921123_119,6921123,hpo_%a,COMPLETED,0:0,gpu64,FAST,2026-04-19T06:19:21,2026-04-19T06:31:30,2026-04-19T06:34:26,176,False,hyperband,,1,200,40,archive_sbatch_directive,/mnt/storage_6/project_data/pl0844-01/hpo_project,sbatch hpo_array.slurm hyperband
6921123_120,6921123,hpo_%a,COMPLETED,0:0,gpu63,FAST,2026-04-19T06:19:21,2026-04-19T06:31:30,2026-04-19T06:37:42,372,False,hyperband,,1,200,40,archive_sbatch_directive,/mnt/storage_6/project_data/pl0844-01/hpo_project,sbatch hpo_array.slurm hyperband
6921123_121,6921123,hpo_%a,COMPLETED,0:0,gpu41,FAST,2026-04-19T06:19:21,2026-04-19T06:31:56,2026-04-19T06:35:59,243,False,hyperband,,1,200,40,archive_sbatch_directive,/mnt/storage_6/project_data/pl0844-01/hpo_project,sbatch hpo_array.slurm hyperband
6921123_122,6921123,hpo_%a,COMPLETED,0:0,gpu43,FAST,2026-04-19T06:19:21,2026-04-19T06:32:05,2026-04-19T06:36:06,241,False,hyperband,,1,200,40,archive_sbatch_directive,/mnt/storage_6/project_data/pl0844-01/hpo_project,sbatch hpo_array.slurm hyperband
6921123_123,6921123,hpo_%a,COMPLETED,0:0,gpu42,FAST,2026-04-19T06:19:21,2026-04-19T06:32:06,2026-04-19T06:36:42,276,False,hyperband,,1,200,40,archive_sbatch_directive,/mnt/storage_6/project_data/pl0844-01/hpo_project,sbatch hpo_array.slurm hyperband
6921123_124,6921123,hpo_%a,COMPLETED,0:0,gpu41,FAST,2026-04-19T06:19:21,2026-04-19T06:32:06,2026-04-19T06:37:48,342,False,hyperband,,1,200,40,archive_sbatch_directive,/mnt/storage_6/project_data/pl0844-01/hpo_project,sbatch hpo_array.slurm hyperband
6921123_125,6921123,hpo_%a,COMPLETED,0:0,gpu66,FAST,2026-04-19T06:19:21,2026-04-19T06:32:09,2026-04-19T06:38:21,372,False,hyperband,,1,200,40,archive_sbatch_directive,/mnt/storage_6/project_data/pl0844-01/hpo_project,sbatch hpo_array.slurm hyperband
6921123_126,6921123,hpo_%a,COMPLETED,0:0,gpu12,SLOW,2026-04-19T06:19:21,2026-04-19T06:32:09,2026-04-19T06:57:02,1493,False,hyperband,,1,200,40,archive_sbatch_directive,/mnt/storage_6/project_data/pl0844-01/hpo_project,sbatch hpo_array.slurm hyperband
6921123_127,6921123,hpo_%a,COMPLETED,0:0,gpu42,FAST,2026-04-19T06:19:21,2026-04-19T06:32:16,2026-04-19T06:36:50,274,False,hyperband,,1,200,40,archive_sbatch_directive,/mnt/storage_6/project_data/pl0844-01/hpo_project,sbatch hpo_array.slurm hyperband
6921123_128,6921123,hpo_%a,COMPLETED,0:0,gpu45,FAST,2026-04-19T06:19:21,2026-04-19T06:32:21,2026-04-19T06:36:59,278,False,hyperband,,1,200,40,archive_sbatch_directive,/mnt/storage_6/project_data/pl0844-01/hpo_project,sbatch hpo_array.slurm hyperband
6921123_129,6921123,hpo_%a,COMPLETED,0:0,gpu45,FAST,2026-04-19T06:19:21,2026-04-19T06:32:28,2026-04-19T06:36:28,240,False,hyperband,,1,200,40,archive_sbatch_directive,/mnt/storage_6/project_data/pl0844-01/hpo_project,sbatch hpo_array.slurm hyperband
6921123_130,6921123,hpo_%a,COMPLETED,0:0,gpu63,FAST,2026-04-19T06:19:21,2026-04-19T06:32:37,2026-04-19T06:36:42,245,False,hyperband,,1,200,40,archive_sbatch_directive,/mnt/storage_6/project_data/pl0844-01/hpo_project,sbatch hpo_array.slurm hyperband
6921123_131,6921123,hpo_%a,COMPLETED,0:0,gpu45,FAST,2026-04-19T06:19:21,2026-04-19T06:32:52,2026-04-19T06:37:27,275,False,hyperband,,1,200,40,archive_sbatch_directive,/mnt/storage_6/project_data/pl0844-01/hpo_project,sbatch hpo_array.slurm hyperband
6921123_132,6921123,hpo_%a,FAILED,1:0,gpu66,FAST,2026-04-19T06:19:21,2026-04-19T06:32:54,2026-04-19T06:34:00,66,False,hyperband,,1,200,40,archive_sbatch_directive,/mnt/storage_6/project_data/pl0844-01/hpo_project,sbatch hpo_array.slurm hyperband
6921123_133,6921123,hpo_%a,COMPLETED,0:0,gpu43,FAST,2026-04-19T06:19:21,2026-04-19T06:32:59,2026-04-19T06:37:34,275,False,hyperband,,1,200,40,archive_sbatch_directive,/mnt/storage_6/project_data/pl0844-01/hpo_project,sbatch hpo_array.slurm hyperband
6921123_134,6921123,hpo_%a,COMPLETED,0:0,gpu72,FAST,2026-04-19T06:19:21,2026-04-19T06:33:04,2026-04-19T06:39:42,398,False,hyperband,,1,200,40,archive_sbatch_directive,/mnt/storage_6/project_data/pl0844-01/hpo_project,sbatch hpo_array.slurm hyperband
6921123_135,6921123,hpo_%a,COMPLETED,0:0,gpu41,FAST,2026-04-19T06:19:21,2026-04-19T06:33:13,2026-04-19T06:37:16,243,False,hyperband,,1,200,40,archive_sbatch_directive,/mnt/storage_6/project_data/pl0844-01/hpo_project,sbatch hpo_array.slurm hyperband
6921123_136,6921123,hpo_%a,COMPLETED,0:0,gpu36,FAST,2026-04-19T06:19:21,2026-04-19T06:33:20,2026-04-19T06:36:13,173,False,hyperband,,1,200,40,archive_sbatch_directive,/mnt/storage_6/project_data/pl0844-01/hpo_project,sbatch hpo_array.slurm hyperband
6921123_137,6921123,hpo_%a,COMPLETED,0:0,gpu46,FAST,2026-04-19T06:19:21,2026-04-19T06:33:35,2026-04-19T06:36:32,177,False,hyperband,,1,200,40,archive_sbatch_directive,/mnt/storage_6/project_data/pl0844-01/hpo_project,sbatch hpo_array.slurm hyperband
6921123_138,6921123,hpo_%a,COMPLETED,0:0,gpu64,FAST,2026-04-19T06:19:21,2026-04-19T06:33:45,2026-04-19T06:39:28,343,False,hyperband,,1,200,40,archive_sbatch_directive,/mnt/storage_6/project_data/pl0844-01/hpo_project,sbatch hpo_array.slurm hyperband
6921123_139,6921123,hpo_%a,FAILED,1:0,gpu66,FAST,2026-04-19T06:19:21,2026-04-19T06:33:50,2026-04-19T06:38:09,259,False,hyperband,,1,200,40,archive_sbatch_directive,/mnt/storage_6/project_data/pl0844-01/hpo_project,sbatch hpo_array.slurm hyperband
6921123_140,6921123,hpo_%a,FAILED,1:0,gpu40,FAST,2026-04-19T06:19:21,2026-04-19T06:33:56,2026-04-19T06:37:22,206,False,hyperband,,1,200,40,archive_sbatch_directive,/mnt/storage_6/project_data/pl0844-01/hpo_project,sbatch hpo_array.slurm hyperband
6921123_141,6921123,hpo_%a,COMPLETED,0:0,gpu66,FAST,2026-04-19T06:19:21,2026-04-19T06:34:00,2026-04-19T06:39:06,306,False,hyperband,,1,200,40,archive_sbatch_directive,/mnt/storage_6/project_data/pl0844-01/hpo_project,sbatch hpo_array.slurm hyperband
6921123_142,6921123,hpo_%a,COMPLETED,0:0,gpu63,FAST,2026-04-19T06:19:21,2026-04-19T06:34:07,2026-04-19T06:38:51,284,False,hyperband,,1,200,40,archive_sbatch_directive,/mnt/storage_6/project_data/pl0844-01/hpo_project,sbatch hpo_array.slurm hyperband
6921123_143,6921123,hpo_%a,COMPLETED,0:0,gpu63,FAST,2026-04-19T06:19:21,2026-04-19T06:34:09,2026-04-19T06:38:52,283,False,hyperband,,1,200,40,archive_sbatch_directive,/mnt/storage_6/project_data/pl0844-01/hpo_project,sbatch hpo_array.slurm hyperband
6921123_144,6921123,hpo_%a,COMPLETED,0:0,gpu64,FAST,2026-04-19T06:19:21,2026-04-19T06:34:10,2026-04-19T06:38:52,282,False,hyperband,,1,200,40,archive_sbatch_directive,/mnt/storage_6/project_data/pl0844-01/hpo_project,sbatch hpo_array.slurm hyperband
6921123_145,6921123,hpo_%a,COMPLETED,0:0,gpu46,FAST,2026-04-19T06:19:21,2026-04-19T06:34:19,2026-04-19T06:40:00,341,False,hyperband,,1,200,40,archive_sbatch_directive,/mnt/storage_6/project_data/pl0844-01/hpo_project,sbatch hpo_array.slurm hyperband
6921123_146,6921123,hpo_%a,COMPLETED,0:0,gpu40,FAST,2026-04-19T06:19:21,2026-04-19T06:34:24,2026-04-19T06:39:05,281,False,hyperband,,1,200,40,archive_sbatch_directive,/mnt/storage_6/project_data/pl0844-01/hpo_project,sbatch hpo_array.slurm hyperband
6921123_147,6921123,hpo_%a,COMPLETED,0:0,gpu64,FAST,2026-04-19T06:19:21,2026-04-19T06:34:26,2026-04-19T06:39:08,282,False,hyperband,,1,200,40,archive_sbatch_directive,/mnt/storage_6/project_data/pl0844-01/hpo_project,sbatch hpo_array.slurm hyperband
6921123_148,6921123,hpo_%a,FAILED,1:0,gpu46,FAST,2026-04-19T06:19:21,2026-04-19T06:34:32,2026-04-19T06:37:21,169,False,hyperband,,1,200,40,archive_sbatch_directive,/mnt/storage_6/project_data/pl0844-01/hpo_project,sbatch hpo_array.slurm hyperband
6921123_149,6921123,hpo_%a,COMPLETED,0:0,gpu64,FAST,2026-04-19T06:19:21,2026-04-19T06:34:47,2026-04-19T06:38:17,210,False,hyperband,,1,200,40,archive_sbatch_directive,/mnt/storage_6/project_data/pl0844-01/hpo_project,sbatch hpo_array.slurm hyperband
6921123_150,6921123,hpo_%a,COMPLETED,0:0,gpu42,FAST,2026-04-19T06:19:21,2026-04-19T06:34:49,2026-04-19T06:40:02,313,False,hyperband,,1,200,40,archive_sbatch_directive,/mnt/storage_6/project_data/pl0844-01/hpo_project,sbatch hpo_array.slurm hyperband
6921123_151,6921123,hpo_%a,COMPLETED,0:0,gpu40,FAST,2026-04-19T06:19:21,2026-04-19T06:35:46,2026-04-19T06:39:48,242,False,hyperband,,1,200,40,archive_sbatch_directive,/mnt/storage_6/project_data/pl0844-01/hpo_project,sbatch hpo_array.slurm hyperband
6921123_152,6921123,hpo_%a,COMPLETED,0:0,gpu42,FAST,2026-04-19T06:19:21,2026-04-19T06:35:59,2026-04-19T06:40:38,279,False,hyperband,,1,200,40,archive_sbatch_directive,/mnt/storage_6/project_data/pl0844-01/hpo_project,sbatch hpo_array.slurm hyperband
6921123_153,6921123,hpo_%a,COMPLETED,0:0,gpu71,FAST,2026-04-19T06:19:21,2026-04-19T06:35:59,2026-04-19T06:39:58,239,False,hyperband,,1,200,40,archive_sbatch_directive,/mnt/storage_6/project_data/pl0844-01/hpo_project,sbatch hpo_array.slurm hyperband
6921123_154,6921123,hpo_%a,COMPLETED,0:0,gpu41,FAST,2026-04-19T06:19:21,2026-04-19T06:36:05,2026-04-19T06:39:15,190,False,hyperband,,1,200,40,archive_sbatch_directive,/mnt/storage_6/project_data/pl0844-01/hpo_project,sbatch hpo_array.slurm hyperband
6921123_155,6921123,hpo_%a,COMPLETED,0:0,gpu43,FAST,2026-04-19T06:19:21,2026-04-19T06:36:06,2026-04-19T06:42:18,372,False,hyperband,,1,200,40,archive_sbatch_directive,/mnt/storage_6/project_data/pl0844-01/hpo_project,sbatch hpo_array.slurm hyperband
6921123_156,6921123,hpo_%a,COMPLETED,0:0,gpu43,FAST,2026-04-19T06:19:21,2026-04-19T06:36:09,2026-04-19T06:41:51,342,False,hyperband,,1,200,40,archive_sbatch_directive,/mnt/storage_6/project_data/pl0844-01/hpo_project,sbatch hpo_array.slurm hyperband
6921123_157,6921123,hpo_%a,COMPLETED,0:0,gpu36,FAST,2026-04-19T06:19:21,2026-04-19T06:36:13,2026-04-19T06:41:52,339,False,hyperband,,1,200,40,archive_sbatch_directive,/mnt/storage_6/project_data/pl0844-01/hpo_project,sbatch hpo_array.slurm hyperband
6921123_158,6921123,hpo_%a,COMPLETED,0:0,gpu43,FAST,2026-04-19T06:19:21,2026-04-19T06:36:28,2026-04-19T06:41:32,304,False,hyperband,,1,200,40,archive_sbatch_directive,/mnt/storage_6/project_data/pl0844-01/hpo_project,sbatch hpo_array.slurm hyperband
6921123_159,6921123,hpo_%a,COMPLETED,0:0,gpu45,FAST,2026-04-19T06:19:21,2026-04-19T06:36:32,2026-04-19T06:42:16,344,False,hyperband,,1,200,40,archive_sbatch_directive,/mnt/storage_6/project_data/pl0844-01/hpo_project,sbatch hpo_array.slurm hyperband
6921123_160,6921123,hpo_%a,COMPLETED,0:0,gpu45,FAST,2026-04-19T06:19:21,2026-04-19T06:36:40,2026-04-19T06:42:50,370,False,hyperband,,1,200,40,archive_sbatch_directive,/mnt/storage_6/project_data/pl0844-01/hpo_project,sbatch hpo_array.slurm hyperband
6921123_161,6921123,hpo_%a,COMPLETED,0:0,gpu46,FAST,2026-04-19T06:19:21,2026-04-19T06:36:42,2026-04-19T06:41:18,276,False,hyperband,,1,200,40,archive_sbatch_directive,/mnt/storage_6/project_data/pl0844-01/hpo_project,sbatch hpo_array.slurm hyperband
6921123_162,6921123,hpo_%a,COMPLETED,0:0,gpu63,FAST,2026-04-19T06:19:21,2026-04-19T06:36:42,2026-04-19T06:42:54,372,False,hyperband,,1,200,40,archive_sbatch_directive,/mnt/storage_6/project_data/pl0844-01/hpo_project,sbatch hpo_array.slurm hyperband
6921123_163,6921123,hpo_%a,COMPLETED,0:0,gpu42,FAST,2026-04-19T06:19:21,2026-04-19T06:36:50,2026-04-19T06:43:03,373,False,hyperband,,1,200,40,archive_sbatch_directive,/mnt/storage_6/project_data/pl0844-01/hpo_project,sbatch hpo_array.slurm hyperband
6921123_164,6921123,hpo_%a,COMPLETED,0:0,gpu42,FAST,2026-04-19T06:19:21,2026-04-19T06:36:59,2026-04-19T06:42:14,315,False,hyperband,,1,200,40,archive_sbatch_directive,/mnt/storage_6/project_data/pl0844-01/hpo_project,sbatch hpo_array.slurm hyperband
6921123_165,6921123,hpo_%a,COMPLETED,0:0,gpu45,FAST,2026-04-19T06:19:21,2026-04-19T06:37:06,2026-04-19T06:42:09,303,False,hyperband,,1,200,40,archive_sbatch_directive,/mnt/storage_6/project_data/pl0844-01/hpo_project,sbatch hpo_array.slurm hyperband
6921123_166,6921123,hpo_%a,FAILED,1:0,gpu25,FAST,2026-04-19T06:19:21,2026-04-19T06:37:16,2026-04-19T06:38:16,60,False,hyperband,,1,200,40,archive_sbatch_directive,/mnt/storage_6/project_data/pl0844-01/hpo_project,sbatch hpo_array.slurm hyperband
6921123_167,6921123,hpo_%a,COMPLETED,0:0,gpu41,FAST,2026-04-19T06:19:21,2026-04-19T06:37:21,2026-04-19T06:41:47,266,False,hyperband,,1,200,40,archive_sbatch_directive,/mnt/storage_6/project_data/pl0844-01/hpo_project,sbatch hpo_array.slurm hyperband
6921123_168,6921123,hpo_%a,COMPLETED,0:0,gpu40,FAST,2026-04-19T06:19:21,2026-04-19T06:37:22,2026-04-19T06:41:49,267,False,hyperband,,1,200,40,archive_sbatch_directive,/mnt/storage_6/project_data/pl0844-01/hpo_project,sbatch hpo_array.slurm hyperband
6921123_169,6921123,hpo_%a,COMPLETED,0:0,gpu45,FAST,2026-04-19T06:19:21,2026-04-19T06:37:27,2026-04-19T06:43:38,371,False,hyperband,,1,200,40,archive_sbatch_directive,/mnt/storage_6/project_data/pl0844-01/hpo_project,sbatch hpo_array.slurm hyperband
6921123_170,6921123,hpo_%a,COMPLETED,0:0,gpu43,FAST,2026-04-19T06:19:21,2026-04-19T06:37:34,2026-04-19T06:41:35,241,False,hyperband,,1,200,40,archive_sbatch_directive,/mnt/storage_6/project_data/pl0844-01/hpo_project,sbatch hpo_array.slurm hyperband
6921123_171,6921123,hpo_%a,COMPLETED,0:0,gpu12,SLOW,2026-04-19T06:19:21,2026-04-19T06:37:42,2026-04-19T06:43:22,340,False,hyperband,,1,200,40,archive_sbatch_directive,/mnt/storage_6/project_data/pl0844-01/hpo_project,sbatch hpo_array.slurm hyperband
6921123_172,6921123,hpo_%a,COMPLETED,0:0,gpu46,FAST,2026-04-19T06:19:21,2026-04-19T06:37:43,2026-04-19T06:41:43,240,False,hyperband,,1,200,40,archive_sbatch_directive,/mnt/storage_6/project_data/pl0844-01/hpo_project,sbatch hpo_array.slurm hyperband
6921123_173,6921123,hpo_%a,COMPLETED,0:0,gpu41,FAST,2026-04-19T06:19:21,2026-04-19T06:37:48,2026-04-19T06:42:13,265,False,hyperband,,1,200,40,archive_sbatch_directive,/mnt/storage_6/project_data/pl0844-01/hpo_project,sbatch hpo_array.slurm hyperband
6921123_174,6921123,hpo_%a,COMPLETED,0:0,gpu63,FAST,2026-04-19T06:19:21,2026-04-19T06:38:09,2026-04-19T06:44:23,374,False,hyperband,,1,200,40,archive_sbatch_directive,/mnt/storage_6/project_data/pl0844-01/hpo_project,sbatch hpo_array.slurm hyperband
6921123_175,6921123,hpo_%a,FAILED,1:0,gpu25,FAST,2026-04-19T06:19:21,2026-04-19T06:38:17,2026-04-19T06:42:01,224,False,hyperband,,1,200,40,archive_sbatch_directive,/mnt/storage_6/project_data/pl0844-01/hpo_project,sbatch hpo_array.slurm hyperband
6921123_176,6921123,hpo_%a,COMPLETED,0:0,gpu64,FAST,2026-04-19T06:19:21,2026-04-19T06:38:17,2026-04-19T06:43:59,342,False,hyperband,,1,200,40,archive_sbatch_directive,/mnt/storage_6/project_data/pl0844-01/hpo_project,sbatch hpo_array.slurm hyperband
6921123_177,6921123,hpo_%a,FAILED,1:0,gpu66,FAST,2026-04-19T06:19:21,2026-04-19T06:38:21,2026-04-19T06:42:26,245,False,hyperband,,1,200,40,archive_sbatch_directive,/mnt/storage_6/project_data/pl0844-01/hpo_project,sbatch hpo_array.slurm hyperband
6921123_178,6921123,hpo_%a,COMPLETED,0:0,gpu63,FAST,2026-04-19T06:19:21,2026-04-19T06:38:51,2026-04-19T06:44:34,343,False,hyperband,,1,200,40,archive_sbatch_directive,/mnt/storage_6/project_data/pl0844-01/hpo_project,sbatch hpo_array.slurm hyperband
6921123_179,6921123,hpo_%a,COMPLETED,0:0,gpu64,FAST,2026-04-19T06:19:21,2026-04-19T06:38:52,2026-04-19T06:45:04,372,False,hyperband,,1,200,40,archive_sbatch_directive,/mnt/storage_6/project_data/pl0844-01/hpo_project,sbatch hpo_array.slurm hyperband
6921123_180,6921123,hpo_%a,COMPLETED,0:0,gpu63,FAST,2026-04-19T06:19:21,2026-04-19T06:38:52,2026-04-19T06:44:33,341,False,hyperband,,1,200,40,archive_sbatch_directive,/mnt/storage_6/project_data/pl0844-01/hpo_project,sbatch hpo_array.slurm hyperband
6921123_181,6921123,hpo_%a,COMPLETED,0:0,gpu40,FAST,2026-04-19T06:19:21,2026-04-19T06:39:05,2026-04-19T06:44:47,342,False,hyperband,,1,200,40,archive_sbatch_directive,/mnt/storage_6/project_data/pl0844-01/hpo_project,sbatch hpo_array.slurm hyperband
6921123_182,6921123,hpo_%a,COMPLETED,0:0,gpu66,FAST,2026-04-19T06:19:21,2026-04-19T06:39:06,2026-04-19T06:43:43,277,False,hyperband,,1,200,40,archive_sbatch_directive,/mnt/storage_6/project_data/pl0844-01/hpo_project,sbatch hpo_array.slurm hyperband
6921123_183,6921123,hpo_%a,COMPLETED,0:0,gpu64,FAST,2026-04-19T06:19:21,2026-04-19T06:39:08,2026-04-19T06:44:52,344,False,hyperband,,1,200,40,archive_sbatch_directive,/mnt/storage_6/project_data/pl0844-01/hpo_project,sbatch hpo_array.slurm hyperband
6921123_184,6921123,hpo_%a,COMPLETED,0:0,gpu66,FAST,2026-04-19T06:19:21,2026-04-19T06:39:08,2026-04-19T06:44:52,344,False,hyperband,,1,200,40,archive_sbatch_directive,/mnt/storage_6/project_data/pl0844-01/hpo_project,sbatch hpo_array.slurm hyperband
6921123_185,6921123,hpo_%a,COMPLETED,0:0,gpu12,SLOW,2026-04-19T06:19:21,2026-04-19T06:39:15,2026-04-19T06:53:08,833,False,hyperband,,1,200,40,archive_sbatch_directive,/mnt/storage_6/project_data/pl0844-01/hpo_project,sbatch hpo_array.slurm hyperband
6921123_186,6921123,hpo_%a,COMPLETED,0:0,gpu41,FAST,2026-04-19T06:19:21,2026-04-19T06:39:28,2026-04-19T06:45:12,344,False,hyperband,,1,200,40,archive_sbatch_directive,/mnt/storage_6/project_data/pl0844-01/hpo_project,sbatch hpo_array.slurm hyperband
6921123_187,6921123,hpo_%a,COMPLETED,0:0,gpu46,FAST,2026-04-19T06:19:21,2026-04-19T06:39:42,2026-04-19T06:45:54,372,False,hyperband,,1,200,40,archive_sbatch_directive,/mnt/storage_6/project_data/pl0844-01/hpo_project,sbatch hpo_array.slurm hyperband
6921123_188,6921123,hpo_%a,COMPLETED,0:0,gpu40,FAST,2026-04-19T06:19:21,2026-04-19T06:39:48,2026-04-19T06:45:55,367,False,hyperband,,1,200,40,archive_sbatch_directive,/mnt/storage_6/project_data/pl0844-01/hpo_project,sbatch hpo_array.slurm hyperband
6921123_189,6921123,hpo_%a,COMPLETED,0:0,gpu11,SLOW,2026-04-19T06:19:21,2026-04-19T06:39:58,2026-04-19T06:53:41,823,False,hyperband,,1,200,40,archive_sbatch_directive,/mnt/storage_6/project_data/pl0844-01/hpo_project,sbatch hpo_array.slurm hyperband
6921123_190,6921123,hpo_%a,COMPLETED,0:0,gpu11,SLOW,2026-04-19T06:19:21,2026-04-19T06:40:00,2026-04-19T06:57:04,1024,False,hyperband,,1,200,40,archive_sbatch_directive,/mnt/storage_6/project_data/pl0844-01/hpo_project,sbatch hpo_array.slurm hyperband
6921123_191,6921123,hpo_%a,COMPLETED,0:0,gpu42,FAST,2026-04-19T06:19:21,2026-04-19T06:40:04,2026-04-19T06:45:49,345,False,hyperband,,1,200,40,archive_sbatch_directive,/mnt/storage_6/project_data/pl0844-01/hpo_project,sbatch hpo_array.slurm hyperband
6921123_192,6921123,hpo_%a,COMPLETED,0:0,gpu42,FAST,2026-04-19T06:19:21,2026-04-19T06:40:38,2026-04-19T06:44:07,209,False,hyperband,,1,200,40,archive_sbatch_directive,/mnt/storage_6/project_data/pl0844-01/hpo_project,sbatch hpo_array.slurm hyperband
6921123_193,6921123,hpo_%a,COMPLETED,0:0,gpu46,FAST,2026-04-19T06:19:21,2026-04-19T06:41:18,2026-04-19T06:47:29,371,False,hyperband,,1,200,40,archive_sbatch_directive,/mnt/storage_6/project_data/pl0844-01/hpo_project,sbatch hpo_array.slurm hyperband
6921123_194,6921123,hpo_%a,COMPLETED,0:0,gpu43,FAST,2026-04-19T06:19:21,2026-04-19T06:41:32,2026-04-19T06:45:36,244,False,hyperband,,1,200,40,archive_sbatch_directive,/mnt/storage_6/project_data/pl0844-01/hpo_project,sbatch hpo_array.slurm hyperband
6921123_195,6921123,hpo_%a,COMPLETED,0:0,gpu43,FAST,2026-04-19T06:19:21,2026-04-19T06:41:35,2026-04-19T06:45:34,239,False,hyperband,,1,200,40,archive_sbatch_directive,/mnt/storage_6/project_data/pl0844-01/hpo_project,sbatch hpo_array.slurm hyperband
6921123_196,6921123,hpo_%a,COMPLETED,0:0,gpu46,FAST,2026-04-19T06:19:21,2026-04-19T06:41:43,2026-04-19T06:46:15,272,False,hyperband,,1,200,40,archive_sbatch_directive,/mnt/storage_6/project_data/pl0844-01/hpo_project,sbatch hpo_array.slurm hyperband
6921123_197,6921123,hpo_%a,COMPLETED,0:0,gpu41,FAST,2026-04-19T06:19:21,2026-04-19T06:41:47,2026-04-19T06:47:26,339,False,hyperband,,1,200,40,archive_sbatch_directive,/mnt/storage_6/project_data/pl0844-01/hpo_project,sbatch hpo_array.slurm hyperband
6921123_198,6921123,hpo_%a,COMPLETED,0:0,gpu40,FAST,2026-04-19T06:19:21,2026-04-19T06:41:49,2026-04-19T06:46:22,273,False,hyperband,,1,200,40,archive_sbatch_directive,/mnt/storage_6/project_data/pl0844-01/hpo_project,sbatch hpo_array.slurm hyperband
6921123_199,6921123,hpo_%a,COMPLETED,0:0,gpu43,FAST,2026-04-19T06:19:21,2026-04-19T06:41:51,2026-04-19T06:45:52,241,False,hyperband,,1,200,40,archive_sbatch_directive,/mnt/storage_6/project_data/pl0844-01/hpo_project,sbatch hpo_array.slurm hyperband
6921123_200,6921123,hpo_%a,COMPLETED,0:0,gpu36,FAST,2026-04-19T06:19:21,2026-04-19T06:41:52,2026-04-19T06:46:26,274,False,hyperband,,1,200,40,archive_sbatch_directive,/mnt/storage_6/project_data/pl0844-01/hpo_project,sbatch hpo_array.slurm hyperband
6923377_1,6923377,hpo2_%a,FAILED,1:0,gpu12,SLOW,2026-04-19T22:11:13,2026-04-19T22:11:14,2026-04-19T22:11:27,13,True,tpe,cifar10,1,40,40,submitline,/mnt/storage_6/project_data/pl0844-01/hpo_project,sbatch --array=1-40%40 hpo_v2.slurm tpe cifar10 40
6923377_2,6923377,hpo2_%a,COMPLETED,0:0,gpu12,SLOW,2026-04-19T22:11:13,2026-04-19T22:11:14,2026-04-19T22:18:05,411,False,tpe,cifar10,1,40,40,submitline,/mnt/storage_6/project_data/pl0844-01/hpo_project,sbatch --array=1-40%40 hpo_v2.slurm tpe cifar10 40
6923377_3,6923377,hpo2_%a,FAILED,1:0,gpu12,SLOW,2026-04-19T22:11:13,2026-04-19T22:11:14,2026-04-19T22:11:26,12,True,tpe,cifar10,1,40,40,submitline,/mnt/storage_6/project_data/pl0844-01/hpo_project,sbatch --array=1-40%40 hpo_v2.slurm tpe cifar10 40
6923377_4,6923377,hpo2_%a,COMPLETED,0:0,gpu12,SLOW,2026-04-19T22:11:13,2026-04-19T22:11:14,2026-04-19T22:32:09,1255,False,tpe,cifar10,1,40,40,submitline,/mnt/storage_6/project_data/pl0844-01/hpo_project,sbatch --array=1-40%40 hpo_v2.slurm tpe cifar10 40
6923377_5,6923377,hpo2_%a,COMPLETED,0:0,gpu12,SLOW,2026-04-19T22:11:13,2026-04-19T22:11:14,2026-04-19T22:22:17,663,False,tpe,cifar10,1,40,40,submitline,/mnt/storage_6/project_data/pl0844-01/hpo_project,sbatch --array=1-40%40 hpo_v2.slurm tpe cifar10 40
6923377_6,6923377,hpo2_%a,COMPLETED,0:0,gpu12,SLOW,2026-04-19T22:11:13,2026-04-19T22:11:14,2026-04-19T22:25:30,856,False,tpe,cifar10,1,40,40,submitline,/mnt/storage_6/project_data/pl0844-01/hpo_project,sbatch --array=1-40%40 hpo_v2.slurm tpe cifar10 40
6923377_7,6923377,hpo2_%a,COMPLETED,0:0,gpu12,SLOW,2026-04-19T22:11:13,2026-04-19T22:11:14,2026-04-19T22:30:04,1130,False,tpe,cifar10,1,40,40,submitline,/mnt/storage_6/project_data/pl0844-01/hpo_project,sbatch --array=1-40%40 hpo_v2.slurm tpe cifar10 40
6923377_8,6923377,hpo2_%a,COMPLETED,0:0,gpu12,SLOW,2026-04-19T22:11:13,2026-04-19T22:11:14,2026-04-19T22:25:38,864,False,tpe,cifar10,1,40,40,submitline,/mnt/storage_6/project_data/pl0844-01/hpo_project,sbatch --array=1-40%40 hpo_v2.slurm tpe cifar10 40
6923377_9,6923377,hpo2_%a,COMPLETED,0:0,gpu13,FAST,2026-04-19T22:11:13,2026-04-19T22:11:14,2026-04-19T22:16:37,323,False,tpe,cifar10,1,40,40,submitline,/mnt/storage_6/project_data/pl0844-01/hpo_project,sbatch --array=1-40%40 hpo_v2.slurm tpe cifar10 40
6923377_10,6923377,hpo2_%a,COMPLETED,0:0,gpu20,FAST,2026-04-19T22:11:13,2026-04-19T22:11:14,2026-04-19T22:16:53,339,False,tpe,cifar10,1,40,40,submitline,/mnt/storage_6/project_data/pl0844-01/hpo_project,sbatch --array=1-40%40 hpo_v2.slurm tpe cifar10 40
6923377_11,6923377,hpo2_%a,COMPLETED,0:0,gpu23,FAST,2026-04-19T22:11:13,2026-04-19T22:11:14,2026-04-19T22:17:21,367,False,tpe,cifar10,1,40,40,submitline,/mnt/storage_6/project_data/pl0844-01/hpo_project,sbatch --array=1-40%40 hpo_v2.slurm tpe cifar10 40
6923377_12,6923377,hpo2_%a,COMPLETED,0:0,gpu23,FAST,2026-04-19T22:11:13,2026-04-19T22:11:14,2026-04-19T22:20:57,583,False,tpe,cifar10,1,40,40,submitline,/mnt/storage_6/project_data/pl0844-01/hpo_project,sbatch --array=1-40%40 hpo_v2.slurm tpe cifar10 40
6923377_13,6923377,hpo2_%a,COMPLETED,0:0,gpu23,FAST,2026-04-19T22:11:13,2026-04-19T22:11:14,2026-04-19T22:17:56,402,False,tpe,cifar10,1,40,40,submitline,/mnt/storage_6/project_data/pl0844-01/hpo_project,sbatch --array=1-40%40 hpo_v2.slurm tpe cifar10 40
6923377_14,6923377,hpo2_%a,COMPLETED,0:0,gpu23,FAST,2026-04-19T22:11:13,2026-04-19T22:11:14,2026-04-19T22:16:55,341,False,tpe,cifar10,1,40,40,submitline,/mnt/storage_6/project_data/pl0844-01/hpo_project,sbatch --array=1-40%40 hpo_v2.slurm tpe cifar10 40
6923377_15,6923377,hpo2_%a,COMPLETED,0:0,gpu25,FAST,2026-04-19T22:11:13,2026-04-19T22:11:14,2026-04-19T22:16:44,330,False,tpe,cifar10,1,40,40,submitline,/mnt/storage_6/project_data/pl0844-01/hpo_project,sbatch --array=1-40%40 hpo_v2.slurm tpe cifar10 40
6923377_16,6923377,hpo2_%a,COMPLETED,0:0,gpu25,FAST,2026-04-19T22:11:13,2026-04-19T22:11:14,2026-04-19T22:16:45,331,False,tpe,cifar10,1,40,40,submitline,/mnt/storage_6/project_data/pl0844-01/hpo_project,sbatch --array=1-40%40 hpo_v2.slurm tpe cifar10 40
6923377_17,6923377,hpo2_%a,COMPLETED,0:0,gpu25,FAST,2026-04-19T22:11:13,2026-04-19T22:11:14,2026-04-19T22:16:51,337,False,tpe,cifar10,1,40,40,submitline,/mnt/storage_6/project_data/pl0844-01/hpo_project,sbatch --array=1-40%40 hpo_v2.slurm tpe cifar10 40
6923377_18,6923377,hpo2_%a,COMPLETED,0:0,gpu25,FAST,2026-04-19T22:11:13,2026-04-19T22:11:14,2026-04-19T22:16:44,330,False,tpe,cifar10,1,40,40,submitline,/mnt/storage_6/project_data/pl0844-01/hpo_project,sbatch --array=1-40%40 hpo_v2.slurm tpe cifar10 40
6923377_19,6923377,hpo2_%a,COMPLETED,0:0,gpu27,FAST,2026-04-19T22:11:13,2026-04-19T22:11:14,2026-04-19T22:16:47,333,False,tpe,cifar10,1,40,40,submitline,/mnt/storage_6/project_data/pl0844-01/hpo_project,sbatch --array=1-40%40 hpo_v2.slurm tpe cifar10 40
6923377_20,6923377,hpo2_%a,COMPLETED,0:0,gpu27,FAST,2026-04-19T22:11:13,2026-04-19T22:11:14,2026-04-19T22:17:10,356,False,tpe,cifar10,1,40,40,submitline,/mnt/storage_6/project_data/pl0844-01/hpo_project,sbatch --array=1-40%40 hpo_v2.slurm tpe cifar10 40
6923377_21,6923377,hpo2_%a,COMPLETED,0:0,gpu29,FAST,2026-04-19T22:11:13,2026-04-19T22:11:14,2026-04-19T22:17:13,359,False,tpe,cifar10,1,40,40,submitline,/mnt/storage_6/project_data/pl0844-01/hpo_project,sbatch --array=1-40%40 hpo_v2.slurm tpe cifar10 40
6923377_22,6923377,hpo2_%a,COMPLETED,0:0,gpu29,FAST,2026-04-19T22:11:13,2026-04-19T22:11:14,2026-04-19T22:16:40,326,False,tpe,cifar10,1,40,40,submitline,/mnt/storage_6/project_data/pl0844-01/hpo_project,sbatch --array=1-40%40 hpo_v2.slurm tpe cifar10 40
6923377_23,6923377,hpo2_%a,COMPLETED,0:0,gpu29,FAST,2026-04-19T22:11:13,2026-04-19T22:11:14,2026-04-19T22:17:15,361,False,tpe,cifar10,1,40,40,submitline,/mnt/storage_6/project_data/pl0844-01/hpo_project,sbatch --array=1-40%40 hpo_v2.slurm tpe cifar10 40
6923377_24,6923377,hpo2_%a,FAILED,1:0,gpu29,FAST,2026-04-19T22:11:13,2026-04-19T22:11:14,2026-04-19T22:11:28,14,True,tpe,cifar10,1,40,40,submitline,/mnt/storage_6/project_data/pl0844-01/hpo_project,sbatch --array=1-40%40 hpo_v2.slurm tpe cifar10 40
6923377_25,6923377,hpo2_%a,COMPLETED,0:0,gpu31,FAST,2026-04-19T22:11:13,2026-04-19T22:11:14,2026-04-19T22:19:11,477,False,tpe,cifar10,1,40,40,submitline,/mnt/storage_6/project_data/pl0844-01/hpo_project,sbatch --array=1-40%40 hpo_v2.slurm tpe cifar10 40
6923377_26,6923377,hpo2_%a,COMPLETED,0:0,gpu31,FAST,2026-04-19T22:11:13,2026-04-19T22:11:14,2026-04-19T22:17:09,355,False,tpe,cifar10,1,40,40,submitline,/mnt/storage_6/project_data/pl0844-01/hpo_project,sbatch --array=1-40%40 hpo_v2.slurm tpe cifar10 40
6923377_27,6923377,hpo2_%a,COMPLETED,0:0,gpu34,FAST,2026-04-19T22:11:13,2026-04-19T22:11:14,2026-04-19T22:16:44,330,False,tpe,cifar10,1,40,40,submitline,/mnt/storage_6/project_data/pl0844-01/hpo_project,sbatch --array=1-40%40 hpo_v2.slurm tpe cifar10 40
6923377_28,6923377,hpo2_%a,COMPLETED,0:0,gpu34,FAST,2026-04-19T22:11:13,2026-04-19T22:11:14,2026-04-19T22:17:10,356,False,tpe,cifar10,1,40,40,submitline,/mnt/storage_6/project_data/pl0844-01/hpo_project,sbatch --array=1-40%40 hpo_v2.slurm tpe cifar10 40
6923377_29,6923377,hpo2_%a,COMPLETED,0:0,gpu34,FAST,2026-04-19T22:11:13,2026-04-19T22:11:14,2026-04-19T22:22:22,668,False,tpe,cifar10,1,40,40,submitline,/mnt/storage_6/project_data/pl0844-01/hpo_project,sbatch --array=1-40%40 hpo_v2.slurm tpe cifar10 40
6923377_30,6923377,hpo2_%a,COMPLETED,0:0,gpu34,FAST,2026-04-19T22:11:13,2026-04-19T22:11:14,2026-04-19T22:17:46,392,False,tpe,cifar10,1,40,40,submitline,/mnt/storage_6/project_data/pl0844-01/hpo_project,sbatch --array=1-40%40 hpo_v2.slurm tpe cifar10 40
6923377_31,6923377,hpo2_%a,FAILED,1:0,gpu35,FAST,2026-04-19T22:11:13,2026-04-19T22:11:14,2026-04-19T22:11:37,23,False,tpe,cifar10,1,40,40,submitline,/mnt/storage_6/project_data/pl0844-01/hpo_project,sbatch --array=1-40%40 hpo_v2.slurm tpe cifar10 40
6923377_32,6923377,hpo2_%a,COMPLETED,0:0,gpu35,FAST,2026-04-19T22:11:13,2026-04-19T22:11:14,2026-04-19T22:20:54,580,False,tpe,cifar10,1,40,40,submitline,/mnt/storage_6/project_data/pl0844-01/hpo_project,sbatch --array=1-40%40 hpo_v2.slurm tpe cifar10 40
6923377_33,6923377,hpo2_%a,COMPLETED,0:0,gpu35,FAST,2026-04-19T22:11:13,2026-04-19T22:11:14,2026-04-19T22:19:17,483,False,tpe,cifar10,1,40,40,submitline,/mnt/storage_6/project_data/pl0844-01/hpo_project,sbatch --array=1-40%40 hpo_v2.slurm tpe cifar10 40
6923377_34,6923377,hpo2_%a,FAILED,1:0,gpu35,FAST,2026-04-19T22:11:13,2026-04-19T22:11:14,2026-04-19T22:11:37,23,False,tpe,cifar10,1,40,40,submitline,/mnt/storage_6/project_data/pl0844-01/hpo_project,sbatch --array=1-40%40 hpo_v2.slurm tpe cifar10 40
6923377_35,6923377,hpo2_%a,COMPLETED,0:0,gpu36,FAST,2026-04-19T22:11:13,2026-04-19T22:11:14,2026-04-19T22:16:16,302,False,tpe,cifar10,1,40,40,submitline,/mnt/storage_6/project_data/pl0844-01/hpo_project,sbatch --array=1-40%40 hpo_v2.slurm tpe cifar10 40
6923377_36,6923377,hpo2_%a,FAILED,1:0,gpu36,FAST,2026-04-19T22:11:13,2026-04-19T22:11:14,2026-04-19T22:11:28,14,True,tpe,cifar10,1,40,40,submitline,/mnt/storage_6/project_data/pl0844-01/hpo_project,sbatch --array=1-40%40 hpo_v2.slurm tpe cifar10 40
6923377_37,6923377,hpo2_%a,COMPLETED,0:0,gpu36,FAST,2026-04-19T22:11:13,2026-04-19T22:11:14,2026-04-19T22:17:09,355,False,tpe,cifar10,1,40,40,submitline,/mnt/storage_6/project_data/pl0844-01/hpo_project,sbatch --array=1-40%40 hpo_v2.slurm tpe cifar10 40
6923377_38,6923377,hpo2_%a,COMPLETED,0:0,gpu36,FAST,2026-04-19T22:11:13,2026-04-19T22:11:14,2026-04-19T22:16:37,323,False,tpe,cifar10,1,40,40,submitline,/mnt/storage_6/project_data/pl0844-01/hpo_project,sbatch --array=1-40%40 hpo_v2.slurm tpe cifar10 40
6923377_39,6923377,hpo2_%a,FAILED,1:0,gpu37,FAST,2026-04-19T22:11:13,2026-04-19T22:11:14,2026-04-19T22:13:04,110,False,tpe,cifar10,1,40,40,submitline,/mnt/storage_6/project_data/pl0844-01/hpo_project,sbatch --array=1-40%40 hpo_v2.slurm tpe cifar10 40
6923377_40,6923377,hpo2_%a,FAILED,1:0,gpu37,FAST,2026-04-19T22:11:13,2026-04-19T22:11:14,2026-04-19T22:11:29,15,True,tpe,cifar10,1,40,40,submitline,/mnt/storage_6/project_data/pl0844-01/hpo_project,sbatch --array=1-40%40 hpo_v2.slurm tpe cifar10 40
6923378_1,6923378,hpo2_%a,COMPLETED,0:0,gpu37,FAST,2026-04-19T22:11:13,2026-04-19T22:11:14,2026-04-19T22:16:51,337,False,tpe,cifar10,1,20,20,submitline,/mnt/storage_6/project_data/pl0844-01/hpo_project,sbatch --array=1-20%20 hpo_v2.slurm tpe cifar10 20
6923378_2,6923378,hpo2_%a,COMPLETED,0:0,gpu37,FAST,2026-04-19T22:11:13,2026-04-19T22:11:14,2026-04-19T22:16:34,320,False,tpe,cifar10,1,20,20,submitline,/mnt/storage_6/project_data/pl0844-01/hpo_project,sbatch --array=1-20%20 hpo_v2.slurm tpe cifar10 20
6923378_3,6923378,hpo2_%a,COMPLETED,0:0,gpu38,FAST,2026-04-19T22:11:13,2026-04-19T22:11:14,2026-04-19T22:22:20,666,False,tpe,cifar10,1,20,20,submitline,/mnt/storage_6/project_data/pl0844-01/hpo_project,sbatch --array=1-20%20 hpo_v2.slurm tpe cifar10 20
6923378_4,6923378,hpo2_%a,COMPLETED,0:0,gpu38,FAST,2026-04-19T22:11:13,2026-04-19T22:11:14,2026-04-19T22:16:41,327,False,tpe,cifar10,1,20,20,submitline,/mnt/storage_6/project_data/pl0844-01/hpo_project,sbatch --array=1-20%20 hpo_v2.slurm tpe cifar10 20
6923378_5,6923378,hpo2_%a,COMPLETED,0:0,gpu38,FAST,2026-04-19T22:11:13,2026-04-19T22:11:14,2026-04-19T22:17:40,386,False,tpe,cifar10,1,20,20,submitline,/mnt/storage_6/project_data/pl0844-01/hpo_project,sbatch --array=1-20%20 hpo_v2.slurm tpe cifar10 20
6923378_6,6923378,hpo2_%a,COMPLETED,0:0,gpu38,FAST,2026-04-19T22:11:13,2026-04-19T22:11:14,2026-04-19T22:16:19,305,False,tpe,cifar10,1,20,20,submitline,/mnt/storage_6/project_data/pl0844-01/hpo_project,sbatch --array=1-20%20 hpo_v2.slurm tpe cifar10 20
6923378_7,6923378,hpo2_%a,COMPLETED,0:0,gpu39,FAST,2026-04-19T22:11:13,2026-04-19T22:11:14,2026-04-19T22:17:08,354,False,tpe,cifar10,1,20,20,submitline,/mnt/storage_6/project_data/pl0844-01/hpo_project,sbatch --array=1-20%20 hpo_v2.slurm tpe cifar10 20
6923378_8,6923378,hpo2_%a,COMPLETED,0:0,gpu39,FAST,2026-04-19T22:11:13,2026-04-19T22:11:14,2026-04-19T22:17:39,385,False,tpe,cifar10,1,20,20,submitline,/mnt/storage_6/project_data/pl0844-01/hpo_project,sbatch --array=1-20%20 hpo_v2.slurm tpe cifar10 20
6923378_9,6923378,hpo2_%a,COMPLETED,0:0,gpu39,FAST,2026-04-19T22:11:13,2026-04-19T22:11:14,2026-04-19T22:17:10,356,False,tpe,cifar10,1,20,20,submitline,/mnt/storage_6/project_data/pl0844-01/hpo_project,sbatch --array=1-20%20 hpo_v2.slurm tpe cifar10 20
6923378_10,6923378,hpo2_%a,COMPLETED,0:0,gpu39,FAST,2026-04-19T22:11:13,2026-04-19T22:11:14,2026-04-19T22:16:40,326,False,tpe,cifar10,1,20,20,submitline,/mnt/storage_6/project_data/pl0844-01/hpo_project,sbatch --array=1-20%20 hpo_v2.slurm tpe cifar10 20
6923378_11,6923378,hpo2_%a,COMPLETED,0:0,gpu40,FAST,2026-04-19T22:11:13,2026-04-19T22:11:14,2026-04-19T22:17:14,360,False,tpe,cifar10,1,20,20,submitline,/mnt/storage_6/project_data/pl0844-01/hpo_project,sbatch --array=1-20%20 hpo_v2.slurm tpe cifar10 20
6923378_12,6923378,hpo2_%a,COMPLETED,0:0,gpu40,FAST,2026-04-19T22:11:13,2026-04-19T22:11:14,2026-04-19T22:17:48,394,False,tpe,cifar10,1,20,20,submitline,/mnt/storage_6/project_data/pl0844-01/hpo_project,sbatch --array=1-20%20 hpo_v2.slurm tpe cifar10 20
6923378_13,6923378,hpo2_%a,COMPLETED,0:0,gpu40,FAST,2026-04-19T22:11:13,2026-04-19T22:11:14,2026-04-19T22:16:40,326,False,tpe,cifar10,1,20,20,submitline,/mnt/storage_6/project_data/pl0844-01/hpo_project,sbatch --array=1-20%20 hpo_v2.slurm tpe cifar10 20
6923378_14,6923378,hpo2_%a,COMPLETED,0:0,gpu40,FAST,2026-04-19T22:11:13,2026-04-19T22:11:14,2026-04-19T22:17:16,362,False,tpe,cifar10,1,20,20,submitline,/mnt/storage_6/project_data/pl0844-01/hpo_project,sbatch --array=1-20%20 hpo_v2.slurm tpe cifar10 20
6923378_15,6923378,hpo2_%a,COMPLETED,0:0,gpu41,FAST,2026-04-19T22:11:13,2026-04-19T22:11:14,2026-04-19T22:16:43,329,False,tpe,cifar10,1,20,20,submitline,/mnt/storage_6/project_data/pl0844-01/hpo_project,sbatch --array=1-20%20 hpo_v2.slurm tpe cifar10 20
6923378_16,6923378,hpo2_%a,COMPLETED,0:0,gpu41,FAST,2026-04-19T22:11:13,2026-04-19T22:11:14,2026-04-19T22:17:08,354,False,tpe,cifar10,1,20,20,submitline,/mnt/storage_6/project_data/pl0844-01/hpo_project,sbatch --array=1-20%20 hpo_v2.slurm tpe cifar10 20
6923378_17,6923378,hpo2_%a,COMPLETED,0:0,gpu41,FAST,2026-04-19T22:11:13,2026-04-19T22:11:14,2026-04-19T22:20:59,585,False,tpe,cifar10,1,20,20,submitline,/mnt/storage_6/project_data/pl0844-01/hpo_project,sbatch --array=1-20%20 hpo_v2.slurm tpe cifar10 20
6923378_18,6923378,hpo2_%a,COMPLETED,0:0,gpu41,FAST,2026-04-19T22:11:13,2026-04-19T22:11:14,2026-04-19T22:16:46,332,False,tpe,cifar10,1,20,20,submitline,/mnt/storage_6/project_data/pl0844-01/hpo_project,sbatch --array=1-20%20 hpo_v2.slurm tpe cifar10 20
6923378_19,6923378,hpo2_%a,COMPLETED,0:0,gpu42,FAST,2026-04-19T22:11:13,2026-04-19T22:11:14,2026-04-19T22:16:18,304,False,tpe,cifar10,1,20,20,submitline,/mnt/storage_6/project_data/pl0844-01/hpo_project,sbatch --array=1-20%20 hpo_v2.slurm tpe cifar10 20
6923378_20,6923378,hpo2_%a,COMPLETED,0:0,gpu42,FAST,2026-04-19T22:11:13,2026-04-19T22:11:14,2026-04-19T22:16:41,327,False,tpe,cifar10,1,20,20,submitline,/mnt/storage_6/project_data/pl0844-01/hpo_project,sbatch --array=1-20%20 hpo_v2.slurm tpe cifar10 20
6923379_1,6923379,hpo2_%a,FAILED,1:0,gpu42,FAST,2026-04-19T22:11:13,2026-04-19T22:11:14,2026-04-19T22:15:43,269,False,tpe,cifar10,1,10,10,submitline,/mnt/storage_6/project_data/pl0844-01/hpo_project,sbatch --array=1-10%10 hpo_v2.slurm tpe cifar10 10
6923379_2,6923379,hpo2_%a,FAILED,1:0,gpu42,FAST,2026-04-19T22:11:13,2026-04-19T22:11:14,2026-04-19T22:12:44,90,False,tpe,cifar10,1,10,10,submitline,/mnt/storage_6/project_data/pl0844-01/hpo_project,sbatch --array=1-10%10 hpo_v2.slurm tpe cifar10 10
6923379_3,6923379,hpo2_%a,COMPLETED,0:0,gpu43,FAST,2026-04-19T22:11:13,2026-04-19T22:11:14,2026-04-19T22:16:43,329,False,tpe,cifar10,1,10,10,submitline,/mnt/storage_6/project_data/pl0844-01/hpo_project,sbatch --array=1-10%10 hpo_v2.slurm tpe cifar10 10
6923379_4,6923379,hpo2_%a,COMPLETED,0:0,gpu43,FAST,2026-04-19T22:11:13,2026-04-19T22:11:14,2026-04-19T22:17:25,371,False,tpe,cifar10,1,10,10,submitline,/mnt/storage_6/project_data/pl0844-01/hpo_project,sbatch --array=1-10%10 hpo_v2.slurm tpe cifar10 10
6923379_5,6923379,hpo2_%a,COMPLETED,0:0,gpu43,FAST,2026-04-19T22:11:13,2026-04-19T22:11:14,2026-04-19T22:16:38,324,False,tpe,cifar10,1,10,10,submitline,/mnt/storage_6/project_data/pl0844-01/hpo_project,sbatch --array=1-10%10 hpo_v2.slurm tpe cifar10 10
6923379_6,6923379,hpo2_%a,COMPLETED,0:0,gpu43,FAST,2026-04-19T22:11:13,2026-04-19T22:11:14,2026-04-19T22:17:23,369,False,tpe,cifar10,1,10,10,submitline,/mnt/storage_6/project_data/pl0844-01/hpo_project,sbatch --array=1-10%10 hpo_v2.slurm tpe cifar10 10
6923379_7,6923379,hpo2_%a,COMPLETED,0:0,gpu45,FAST,2026-04-19T22:11:13,2026-04-19T22:11:14,2026-04-19T22:16:40,326,False,tpe,cifar10,1,10,10,submitline,/mnt/storage_6/project_data/pl0844-01/hpo_project,sbatch --array=1-10%10 hpo_v2.slurm tpe cifar10 10
6923379_8,6923379,hpo2_%a,COMPLETED,0:0,gpu45,FAST,2026-04-19T22:11:13,2026-04-19T22:11:14,2026-04-19T22:16:43,329,False,tpe,cifar10,1,10,10,submitline,/mnt/storage_6/project_data/pl0844-01/hpo_project,sbatch --array=1-10%10 hpo_v2.slurm tpe cifar10 10
6923379_9,6923379,hpo2_%a,COMPLETED,0:0,gpu45,FAST,2026-04-19T22:11:13,2026-04-19T22:11:14,2026-04-19T22:16:42,328,False,tpe,cifar10,1,10,10,submitline,/mnt/storage_6/project_data/pl0844-01/hpo_project,sbatch --array=1-10%10 hpo_v2.slurm tpe cifar10 10
6923379_10,6923379,hpo2_%a,COMPLETED,0:0,gpu45,FAST,2026-04-19T22:11:13,2026-04-19T22:11:14,2026-04-19T22:16:40,326,False,tpe,cifar10,1,10,10,submitline,/mnt/storage_6/project_data/pl0844-01/hpo_project,sbatch --array=1-10%10 hpo_v2.slurm tpe cifar10 10
6923380_1,6923380,hpo2_%a,COMPLETED,0:0,gpu46,FAST,2026-04-19T22:11:13,2026-04-19T22:11:14,2026-04-19T22:16:41,327,False,tpe,cifar10,1,5,5,submitline,/mnt/storage_6/project_data/pl0844-01/hpo_project,sbatch --array=1-5%5 hpo_v2.slurm tpe cifar10 5
6923380_2,6923380,hpo2_%a,COMPLETED,0:0,gpu46,FAST,2026-04-19T22:11:13,2026-04-19T22:11:14,2026-04-19T22:16:40,326,False,tpe,cifar10,1,5,5,submitline,/mnt/storage_6/project_data/pl0844-01/hpo_project,sbatch --array=1-5%5 hpo_v2.slurm tpe cifar10 5
6923380_3,6923380,hpo2_%a,COMPLETED,0:0,gpu46,FAST,2026-04-19T22:11:13,2026-04-19T22:11:14,2026-04-19T22:16:38,324,False,tpe,cifar10,1,5,5,submitline,/mnt/storage_6/project_data/pl0844-01/hpo_project,sbatch --array=1-5%5 hpo_v2.slurm tpe cifar10 5
6923380_4,6923380,hpo2_%a,COMPLETED,0:0,gpu46,FAST,2026-04-19T22:11:13,2026-04-19T22:11:14,2026-04-19T22:16:44,330,False,tpe,cifar10,1,5,5,submitline,/mnt/storage_6/project_data/pl0844-01/hpo_project,sbatch --array=1-5%5 hpo_v2.slurm tpe cifar10 5
6923380_5,6923380,hpo2_%a,COMPLETED,0:0,gpu63,FAST,2026-04-19T22:11:13,2026-04-19T22:11:14,2026-04-19T22:16:33,319,False,tpe,cifar10,1,5,5,submitline,/mnt/storage_6/project_data/pl0844-01/hpo_project,sbatch --array=1-5%5 hpo_v2.slurm tpe cifar10 5
6923381_1,6923381,hpo2_%a,COMPLETED,0:0,gpu63,FAST,2026-04-19T22:11:13,2026-04-19T22:11:14,2026-04-19T22:16:30,316,False,tpe,cifar10,1,1,1,submitline,/mnt/storage_6/project_data/pl0844-01/hpo_project,sbatch --array=1-1%1 hpo_v2.slurm tpe cifar10 1
6923453_1,6923453,hpo2_%a,TIMEOUT,0:0,gpu12,SLOW,2026-04-19T22:11:43,2026-04-19T22:11:44,2026-04-20T00:12:14,7230,False,random,cifar100,1,40,40,submitline,/mnt/storage_6/project_data/pl0844-01/hpo_project,sbatch --array=1-40%40 hpo_v2.slurm random cifar100 40
6923453_2,6923453,hpo2_%a,TIMEOUT,0:0,gpu12,SLOW,2026-04-19T22:11:43,2026-04-19T22:11:44,2026-04-20T00:12:14,7230,False,random,cifar100,1,40,40,submitline,/mnt/storage_6/project_data/pl0844-01/hpo_project,sbatch --array=1-40%40 hpo_v2.slurm random cifar100 40
6923453_3,6923453,hpo2_%a,COMPLETED,0:0,gpu06,SLOW,2026-04-19T22:11:43,2026-04-19T22:24:01,2026-04-19T22:38:29,868,False,random,cifar100,1,40,40,submitline,/mnt/storage_6/project_data/pl0844-01/hpo_project,sbatch --array=1-40%40 hpo_v2.slurm random cifar100 40
6923453_4,6923453,hpo2_%a,COMPLETED,0:0,gpu06,SLOW,2026-04-19T22:11:43,2026-04-19T22:24:01,2026-04-19T22:43:52,1191,False,random,cifar100,1,40,40,submitline,/mnt/storage_6/project_data/pl0844-01/hpo_project,sbatch --array=1-40%40 hpo_v2.slurm random cifar100 40
6923453_5,6923453,hpo2_%a,COMPLETED,0:0,gpu06,SLOW,2026-04-19T22:11:43,2026-04-19T22:24:01,2026-04-19T22:39:26,925,False,random,cifar100,1,40,40,submitline,/mnt/storage_6/project_data/pl0844-01/hpo_project,sbatch --array=1-40%40 hpo_v2.slurm random cifar100 40
6923453_6,6923453,hpo2_%a,COMPLETED,0:0,gpu06,SLOW,2026-04-19T22:11:43,2026-04-19T22:24:01,2026-04-19T22:46:47,1366,False,random,cifar100,1,40,40,submitline,/mnt/storage_6/project_data/pl0844-01/hpo_project,sbatch --array=1-40%40 hpo_v2.slurm random cifar100 40
6923453_7,6923453,hpo2_%a,COMPLETED,0:0,gpu06,SLOW,2026-04-19T22:11:43,2026-04-19T22:24:01,2026-04-19T22:39:47,946,False,random,cifar100,1,40,40,submitline,/mnt/storage_6/project_data/pl0844-01/hpo_project,sbatch --array=1-40%40 hpo_v2.slurm random cifar100 40
6923453_8,6923453,hpo2_%a,COMPLETED,0:0,gpu06,SLOW,2026-04-19T22:11:43,2026-04-19T22:24:01,2026-04-19T22:47:16,1395,False,random,cifar100,1,40,40,submitline,/mnt/storage_6/project_data/pl0844-01/hpo_project,sbatch --array=1-40%40 hpo_v2.slurm random cifar100 40
6923453_9,6923453,hpo2_%a,COMPLETED,0:0,gpu06,SLOW,2026-04-19T22:11:43,2026-04-19T22:24:01,2026-04-19T22:36:28,747,False,random,cifar100,1,40,40,submitline,/mnt/storage_6/project_data/pl0844-01/hpo_project,sbatch --array=1-40%40 hpo_v2.slurm random cifar100 40
6923453_10,6923453,hpo2_%a,COMPLETED,0:0,gpu06,SLOW,2026-04-19T22:11:43,2026-04-19T22:24:01,2026-04-19T22:37:50,829,False,random,cifar100,1,40,40,submitline,/mnt/storage_6/project_data/pl0844-01/hpo_project,sbatch --array=1-40%40 hpo_v2.slurm random cifar100 40
6923453_11,6923453,hpo2_%a,COMPLETED,0:0,gpu07,SLOW,2026-04-19T22:11:43,2026-04-19T22:21:02,2026-04-19T22:36:16,914,False,random,cifar100,1,40,40,submitline,/mnt/storage_6/project_data/pl0844-01/hpo_project,sbatch --array=1-40%40 hpo_v2.slurm random cifar100 40
6923453_12,6923453,hpo2_%a,COMPLETED,0:0,gpu07,SLOW,2026-04-19T22:11:43,2026-04-19T22:21:02,2026-04-19T22:40:01,1139,False,random,cifar100,1,40,40,submitline,/mnt/storage_6/project_data/pl0844-01/hpo_project,sbatch --array=1-40%40 hpo_v2.slurm random cifar100 40
6923453_13,6923453,hpo2_%a,COMPLETED,0:0,gpu07,SLOW,2026-04-19T22:11:43,2026-04-19T22:21:02,2026-04-19T22:36:20,918,False,random,cifar100,1,40,40,submitline,/mnt/storage_6/project_data/pl0844-01/hpo_project,sbatch --array=1-40%40 hpo_v2.slurm random cifar100 40
6923453_14,6923453,hpo2_%a,COMPLETED,0:0,gpu07,SLOW,2026-04-19T22:11:43,2026-04-19T22:21:02,2026-04-19T22:36:57,955,False,random,cifar100,1,40,40,submitline,/mnt/storage_6/project_data/pl0844-01/hpo_project,sbatch --array=1-40%40 hpo_v2.slurm random cifar100 40
6923453_15,6923453,hpo2_%a,COMPLETED,0:0,gpu07,SLOW,2026-04-19T22:11:43,2026-04-19T22:21:02,2026-04-19T22:46:54,1552,False,random,cifar100,1,40,40,submitline,/mnt/storage_6/project_data/pl0844-01/hpo_project,sbatch --array=1-40%40 hpo_v2.slurm random cifar100 40
6923453_16,6923453,hpo2_%a,COMPLETED,0:0,gpu07,SLOW,2026-04-19T22:11:43,2026-04-19T22:21:02,2026-04-19T22:31:48,646,False,random,cifar100,1,40,40,submitline,/mnt/storage_6/project_data/pl0844-01/hpo_project,sbatch --array=1-40%40 hpo_v2.slurm random cifar100 40
6923453_17,6923453,hpo2_%a,COMPLETED,0:0,gpu07,SLOW,2026-04-19T22:11:43,2026-04-19T22:21:02,2026-04-19T22:40:36,1174,False,random,cifar100,1,40,40,submitline,/mnt/storage_6/project_data/pl0844-01/hpo_project,sbatch --array=1-40%40 hpo_v2.slurm random cifar100 40
6923453_18,6923453,hpo2_%a,COMPLETED,0:0,gpu07,SLOW,2026-04-19T22:11:43,2026-04-19T22:21:02,2026-04-19T22:47:48,1606,False,random,cifar100,1,40,40,submitline,/mnt/storage_6/project_data/pl0844-01/hpo_project,sbatch --array=1-40%40 hpo_v2.slurm random cifar100 40
6923453_19,6923453,hpo2_%a,COMPLETED,0:0,gpu08,SLOW,2026-04-19T22:11:43,2026-04-19T22:20:31,2026-04-19T22:40:00,1169,False,random,cifar100,1,40,40,submitline,/mnt/storage_6/project_data/pl0844-01/hpo_project,sbatch --array=1-40%40 hpo_v2.slurm random cifar100 40
6923453_20,6923453,hpo2_%a,COMPLETED,0:0,gpu08,SLOW,2026-04-19T22:11:43,2026-04-19T22:20:31,2026-04-19T22:33:58,807,False,random,cifar100,1,40,40,submitline,/mnt/storage_6/project_data/pl0844-01/hpo_project,sbatch --array=1-40%40 hpo_v2.slurm random cifar100 40
6923453_21,6923453,hpo2_%a,COMPLETED,0:0,gpu08,SLOW,2026-04-19T22:11:43,2026-04-19T22:20:31,2026-04-19T22:31:09,638,False,random,cifar100,1,40,40,submitline,/mnt/storage_6/project_data/pl0844-01/hpo_project,sbatch --array=1-40%40 hpo_v2.slurm random cifar100 40
6923453_22,6923453,hpo2_%a,COMPLETED,0:0,gpu08,SLOW,2026-04-19T22:11:43,2026-04-19T22:20:31,2026-04-19T22:36:06,935,False,random,cifar100,1,40,40,submitline,/mnt/storage_6/project_data/pl0844-01/hpo_project,sbatch --array=1-40%40 hpo_v2.slurm random cifar100 40
6923453_23,6923453,hpo2_%a,COMPLETED,0:0,gpu08,SLOW,2026-04-19T22:11:43,2026-04-19T22:20:31,2026-04-19T22:39:00,1109,False,random,cifar100,1,40,40,submitline,/mnt/storage_6/project_data/pl0844-01/hpo_project,sbatch --array=1-40%40 hpo_v2.slurm random cifar100 40
6923453_24,6923453,hpo2_%a,COMPLETED,0:0,gpu08,SLOW,2026-04-19T22:11:43,2026-04-19T22:20:31,2026-04-19T22:38:11,1060,False,random,cifar100,1,40,40,submitline,/mnt/storage_6/project_data/pl0844-01/hpo_project,sbatch --array=1-40%40 hpo_v2.slurm random cifar100 40
6923453_25,6923453,hpo2_%a,COMPLETED,0:0,gpu08,SLOW,2026-04-19T22:11:43,2026-04-19T22:20:31,2026-04-19T22:43:05,1354,False,random,cifar100,1,40,40,submitline,/mnt/storage_6/project_data/pl0844-01/hpo_project,sbatch --array=1-40%40 hpo_v2.slurm random cifar100 40
6923453_26,6923453,hpo2_%a,COMPLETED,0:0,gpu08,SLOW,2026-04-19T22:11:43,2026-04-19T22:20:31,2026-04-19T22:32:58,747,False,random,cifar100,1,40,40,submitline,/mnt/storage_6/project_data/pl0844-01/hpo_project,sbatch --array=1-40%40 hpo_v2.slurm random cifar100 40
6923453_27,6923453,hpo2_%a,COMPLETED,0:0,gpu09,SLOW,2026-04-19T22:11:43,2026-04-19T22:20:31,2026-04-19T22:31:10,639,False,random,cifar100,1,40,40,submitline,/mnt/storage_6/project_data/pl0844-01/hpo_project,sbatch --array=1-40%40 hpo_v2.slurm random cifar100 40
6923453_28,6923453,hpo2_%a,COMPLETED,0:0,gpu09,SLOW,2026-04-19T22:11:43,2026-04-19T22:20:31,2026-04-19T22:34:01,810,False,random,cifar100,1,40,40,submitline,/mnt/storage_6/project_data/pl0844-01/hpo_project,sbatch --array=1-40%40 hpo_v2.slurm random cifar100 40
6923453_29,6923453,hpo2_%a,COMPLETED,0:0,gpu09,SLOW,2026-04-19T22:11:43,2026-04-19T22:20:31,2026-04-19T22:40:00,1169,False,random,cifar100,1,40,40,submitline,/mnt/storage_6/project_data/pl0844-01/hpo_project,sbatch --array=1-40%40 hpo_v2.slurm random cifar100 40
6923453_30,6923453,hpo2_%a,COMPLETED,0:0,gpu09,SLOW,2026-04-19T22:11:43,2026-04-19T22:20:31,2026-04-19T22:48:41,1690,False,random,cifar100,1,40,40,submitline,/mnt/storage_6/project_data/pl0844-01/hpo_project,sbatch --array=1-40%40 hpo_v2.slurm random cifar100 40
6923453_31,6923453,hpo2_%a,COMPLETED,0:0,gpu09,SLOW,2026-04-19T22:11:43,2026-04-19T22:20:31,2026-04-19T22:41:13,1242,False,random,cifar100,1,40,40,submitline,/mnt/storage_6/project_data/pl0844-01/hpo_project,sbatch --array=1-40%40 hpo_v2.slurm random cifar100 40
6923453_32,6923453,hpo2_%a,COMPLETED,0:0,gpu09,SLOW,2026-04-19T22:11:43,2026-04-19T22:20:31,2026-04-19T22:44:35,1444,False,random,cifar100,1,40,40,submitline,/mnt/storage_6/project_data/pl0844-01/hpo_project,sbatch --array=1-40%40 hpo_v2.slurm random cifar100 40
6923453_33,6923453,hpo2_%a,COMPLETED,0:0,gpu09,SLOW,2026-04-19T22:11:43,2026-04-19T22:20:31,2026-04-19T22:35:35,904,False,random,cifar100,1,40,40,submitline,/mnt/storage_6/project_data/pl0844-01/hpo_project,sbatch --array=1-40%40 hpo_v2.slurm random cifar100 40
6923453_34,6923453,hpo2_%a,COMPLETED,0:0,gpu09,SLOW,2026-04-19T22:11:43,2026-04-19T22:20:31,2026-04-19T22:44:55,1464,False,random,cifar100,1,40,40,submitline,/mnt/storage_6/project_data/pl0844-01/hpo_project,sbatch --array=1-40%40 hpo_v2.slurm random cifar100 40
6923453_35,6923453,hpo2_%a,COMPLETED,0:0,gpu10,SLOW,2026-04-19T22:11:43,2026-04-19T22:20:31,2026-04-19T22:34:43,852,False,random,cifar100,1,40,40,submitline,/mnt/storage_6/project_data/pl0844-01/hpo_project,sbatch --array=1-40%40 hpo_v2.slurm random cifar100 40
6923453_36,6923453,hpo2_%a,COMPLETED,0:0,gpu10,SLOW,2026-04-19T22:11:43,2026-04-19T22:20:31,2026-04-19T22:33:10,759,False,random,cifar100,1,40,40,submitline,/mnt/storage_6/project_data/pl0844-01/hpo_project,sbatch --array=1-40%40 hpo_v2.slurm random cifar100 40
6923453_37,6923453,hpo2_%a,COMPLETED,0:0,gpu10,SLOW,2026-04-19T22:11:43,2026-04-19T22:20:31,2026-04-19T22:42:05,1294,False,random,cifar100,1,40,40,submitline,/mnt/storage_6/project_data/pl0844-01/hpo_project,sbatch --array=1-40%40 hpo_v2.slurm random cifar100 40
6923453_38,6923453,hpo2_%a,COMPLETED,0:0,gpu10,SLOW,2026-04-19T22:11:43,2026-04-19T22:20:31,2026-04-19T22:39:38,1147,False,random,cifar100,1,40,40,submitline,/mnt/storage_6/project_data/pl0844-01/hpo_project,sbatch --array=1-40%40 hpo_v2.slurm random cifar100 40
6923453_39,6923453,hpo2_%a,COMPLETED,0:0,gpu10,SLOW,2026-04-19T22:11:43,2026-04-19T22:20:31,2026-04-19T22:36:03,932,False,random,cifar100,1,40,40,submitline,/mnt/storage_6/project_data/pl0844-01/hpo_project,sbatch --array=1-40%40 hpo_v2.slurm random cifar100 40
6923453_40,6923453,hpo2_%a,COMPLETED,0:0,gpu10,SLOW,2026-04-19T22:11:43,2026-04-19T22:20:31,2026-04-19T22:41:21,1250,False,random,cifar100,1,40,40,submitline,/mnt/storage_6/project_data/pl0844-01/hpo_project,sbatch --array=1-40%40 hpo_v2.slurm random cifar100 40
6923454_1,6923454,hpo2_%a,FAILED,1:0,gpu10,SLOW,2026-04-19T22:11:43,2026-04-19T22:20:31,2026-04-19T22:20:50,19,False,tpe,cifar100,1,40,40,submitline,/mnt/storage_6/project_data/pl0844-01/hpo_project,sbatch --array=1-40%40 hpo_v2.slurm tpe cifar100 40
6923454_2,6923454,hpo2_%a,FAILED,1:0,gpu10,SLOW,2026-04-19T22:11:43,2026-04-19T22:20:31,2026-04-19T22:20:50,19,False,tpe,cifar100,1,40,40,submitline,/mnt/storage_6/project_data/pl0844-01/hpo_project,sbatch --array=1-40%40 hpo_v2.slurm tpe cifar100 40
6923454_3,6923454,hpo2_%a,FAILED,1:0,gpu11,SLOW,2026-04-19T22:11:43,2026-04-19T22:21:02,2026-04-19T22:21:23,21,False,tpe,cifar100,1,40,40,submitline,/mnt/storage_6/project_data/pl0844-01/hpo_project,sbatch --array=1-40%40 hpo_v2.slurm tpe cifar100 40
6923454_4,6923454,hpo2_%a,FAILED,1:0,gpu11,SLOW,2026-04-19T22:11:43,2026-04-19T22:21:02,2026-04-19T22:21:23,21,False,tpe,cifar100,1,40,40,submitline,/mnt/storage_6/project_data/pl0844-01/hpo_project,sbatch --array=1-40%40 hpo_v2.slurm tpe cifar100 40
6923454_5,6923454,hpo2_%a,FAILED,1:0,gpu11,SLOW,2026-04-19T22:11:43,2026-04-19T22:21:02,2026-04-19T22:21:23,21,False,tpe,cifar100,1,40,40,submitline,/mnt/storage_6/project_data/pl0844-01/hpo_project,sbatch --array=1-40%40 hpo_v2.slurm tpe cifar100 40
6923454_6,6923454,hpo2_%a,FAILED,1:0,gpu11,SLOW,2026-04-19T22:11:43,2026-04-19T22:21:02,2026-04-19T22:21:23,21,False,tpe,cifar100,1,40,40,submitline,/mnt/storage_6/project_data/pl0844-01/hpo_project,sbatch --array=1-40%40 hpo_v2.slurm tpe cifar100 40
6923454_7,6923454,hpo2_%a,FAILED,1:0,gpu11,SLOW,2026-04-19T22:11:43,2026-04-19T22:21:02,2026-04-19T22:21:23,21,False,tpe,cifar100,1,40,40,submitline,/mnt/storage_6/project_data/pl0844-01/hpo_project,sbatch --array=1-40%40 hpo_v2.slurm tpe cifar100 40
6923454_8,6923454,hpo2_%a,FAILED,1:0,gpu11,SLOW,2026-04-19T22:11:43,2026-04-19T22:21:02,2026-04-19T22:21:23,21,False,tpe,cifar100,1,40,40,submitline,/mnt/storage_6/project_data/pl0844-01/hpo_project,sbatch --array=1-40%40 hpo_v2.slurm tpe cifar100 40
6923454_9,6923454,hpo2_%a,FAILED,1:0,gpu11,SLOW,2026-04-19T22:11:43,2026-04-19T22:21:02,2026-04-19T22:21:23,21,False,tpe,cifar100,1,40,40,submitline,/mnt/storage_6/project_data/pl0844-01/hpo_project,sbatch --array=1-40%40 hpo_v2.slurm tpe cifar100 40
6923454_10,6923454,hpo2_%a,FAILED,1:0,gpu11,SLOW,2026-04-19T22:11:43,2026-04-19T22:21:02,2026-04-19T22:21:23,21,False,tpe,cifar100,1,40,40,submitline,/mnt/storage_6/project_data/pl0844-01/hpo_project,sbatch --array=1-40%40 hpo_v2.slurm tpe cifar100 40
6923454_11,6923454,hpo2_%a,TIMEOUT,0:0,gpu29,FAST,2026-04-19T22:11:43,2026-04-19T22:11:44,2026-04-20T00:12:14,7230,False,tpe,cifar100,1,40,40,submitline,/mnt/storage_6/project_data/pl0844-01/hpo_project,sbatch --array=1-40%40 hpo_v2.slurm tpe cifar100 40
6923454_12,6923454,hpo2_%a,TIMEOUT,0:0,gpu35,FAST,2026-04-19T22:11:43,2026-04-19T22:11:44,2026-04-20T00:12:14,7230,False,tpe,cifar100,1,40,40,submitline,/mnt/storage_6/project_data/pl0844-01/hpo_project,sbatch --array=1-40%40 hpo_v2.slurm tpe cifar100 40
6923454_13,6923454,hpo2_%a,TIMEOUT,0:0,gpu35,FAST,2026-04-19T22:11:43,2026-04-19T22:11:44,2026-04-20T00:12:14,7230,False,tpe,cifar100,1,40,40,submitline,/mnt/storage_6/project_data/pl0844-01/hpo_project,sbatch --array=1-40%40 hpo_v2.slurm tpe cifar100 40
6923454_14,6923454,hpo2_%a,TIMEOUT,0:0,gpu36,FAST,2026-04-19T22:11:43,2026-04-19T22:11:44,2026-04-20T00:12:14,7230,False,tpe,cifar100,1,40,40,submitline,/mnt/storage_6/project_data/pl0844-01/hpo_project,sbatch --array=1-40%40 hpo_v2.slurm tpe cifar100 40
6923454_15,6923454,hpo2_%a,TIMEOUT,0:0,gpu37,FAST,2026-04-19T22:11:43,2026-04-19T22:11:44,2026-04-20T00:12:14,7230,False,tpe,cifar100,1,40,40,submitline,/mnt/storage_6/project_data/pl0844-01/hpo_project,sbatch --array=1-40%40 hpo_v2.slurm tpe cifar100 40
6923454_16,6923454,hpo2_%a,TIMEOUT,0:0,gpu63,FAST,2026-04-19T22:11:43,2026-04-19T22:11:44,2026-04-20T00:12:14,7230,False,tpe,cifar100,1,40,40,submitline,/mnt/storage_6/project_data/pl0844-01/hpo_project,sbatch --array=1-40%40 hpo_v2.slurm tpe cifar100 40
6923454_17,6923454,hpo2_%a,TIMEOUT,0:0,gpu63,FAST,2026-04-19T22:11:43,2026-04-19T22:11:44,2026-04-20T00:12:14,7230,False,tpe,cifar100,1,40,40,submitline,/mnt/storage_6/project_data/pl0844-01/hpo_project,sbatch --array=1-40%40 hpo_v2.slurm tpe cifar100 40
6923454_18,6923454,hpo2_%a,TIMEOUT,0:0,gpu64,FAST,2026-04-19T22:11:43,2026-04-19T22:11:44,2026-04-20T00:12:14,7230,False,tpe,cifar100,1,40,40,submitline,/mnt/storage_6/project_data/pl0844-01/hpo_project,sbatch --array=1-40%40 hpo_v2.slurm tpe cifar100 40
6923454_19,6923454,hpo2_%a,FAILED,1:0,gpu64,FAST,2026-04-19T22:11:43,2026-04-19T22:11:44,2026-04-19T22:12:01,17,False,tpe,cifar100,1,40,40,submitline,/mnt/storage_6/project_data/pl0844-01/hpo_project,sbatch --array=1-40%40 hpo_v2.slurm tpe cifar100 40
6923454_20,6923454,hpo2_%a,FAILED,1:0,gpu64,FAST,2026-04-19T22:11:43,2026-04-19T22:11:44,2026-04-19T22:30:10,1106,False,tpe,cifar100,1,40,40,submitline,/mnt/storage_6/project_data/pl0844-01/hpo_project,sbatch --array=1-40%40 hpo_v2.slurm tpe cifar100 40
6923454_21,6923454,hpo2_%a,TIMEOUT,0:0,gpu64,FAST,2026-04-19T22:11:43,2026-04-19T22:11:44,2026-04-20T00:12:14,7230,False,tpe,cifar100,1,40,40,submitline,/mnt/storage_6/project_data/pl0844-01/hpo_project,sbatch --array=1-40%40 hpo_v2.slurm tpe cifar100 40
6923454_22,6923454,hpo2_%a,FAILED,1:0,gpu66,FAST,2026-04-19T22:11:43,2026-04-19T22:11:44,2026-04-19T22:21:04,560,False,tpe,cifar100,1,40,40,submitline,/mnt/storage_6/project_data/pl0844-01/hpo_project,sbatch --array=1-40%40 hpo_v2.slurm tpe cifar100 40
6923454_23,6923454,hpo2_%a,FAILED,1:0,gpu66,FAST,2026-04-19T22:11:43,2026-04-19T22:11:44,2026-04-19T22:11:58,14,True,tpe,cifar100,1,40,40,submitline,/mnt/storage_6/project_data/pl0844-01/hpo_project,sbatch --array=1-40%40 hpo_v2.slurm tpe cifar100 40
6923454_24,6923454,hpo2_%a,FAILED,1:0,gpu66,FAST,2026-04-19T22:11:43,2026-04-19T22:11:44,2026-04-19T22:21:03,559,False,tpe,cifar100,1,40,40,submitline,/mnt/storage_6/project_data/pl0844-01/hpo_project,sbatch --array=1-40%40 hpo_v2.slurm tpe cifar100 40
6923454_25,6923454,hpo2_%a,TIMEOUT,0:0,gpu66,FAST,2026-04-19T22:11:43,2026-04-19T22:11:44,2026-04-20T00:12:14,7230,False,tpe,cifar100,1,40,40,submitline,/mnt/storage_6/project_data/pl0844-01/hpo_project,sbatch --array=1-40%40 hpo_v2.slurm tpe cifar100 40
6923454_26,6923454,hpo2_%a,TIMEOUT,0:0,gpu71,FAST,2026-04-19T22:11:43,2026-04-19T22:11:44,2026-04-20T00:12:14,7230,False,tpe,cifar100,1,40,40,submitline,/mnt/storage_6/project_data/pl0844-01/hpo_project,sbatch --array=1-40%40 hpo_v2.slurm tpe cifar100 40
6923454_27,6923454,hpo2_%a,FAILED,1:0,gpu71,FAST,2026-04-19T22:11:43,2026-04-19T22:11:44,2026-04-19T22:12:01,17,False,tpe,cifar100,1,40,40,submitline,/mnt/storage_6/project_data/pl0844-01/hpo_project,sbatch --array=1-40%40 hpo_v2.slurm tpe cifar100 40
6923454_28,6923454,hpo2_%a,TIMEOUT,0:0,gpu71,FAST,2026-04-19T22:11:43,2026-04-19T22:11:44,2026-04-20T00:12:14,7230,False,tpe,cifar100,1,40,40,submitline,/mnt/storage_6/project_data/pl0844-01/hpo_project,sbatch --array=1-40%40 hpo_v2.slurm tpe cifar100 40
6923454_29,6923454,hpo2_%a,TIMEOUT,0:0,gpu71,FAST,2026-04-19T22:11:43,2026-04-19T22:11:44,2026-04-20T00:12:14,7230,False,tpe,cifar100,1,40,40,submitline,/mnt/storage_6/project_data/pl0844-01/hpo_project,sbatch --array=1-40%40 hpo_v2.slurm tpe cifar100 40
6923454_30,6923454,hpo2_%a,FAILED,1:0,gpu72,FAST,2026-04-19T22:11:43,2026-04-19T22:11:44,2026-04-19T22:12:01,17,False,tpe,cifar100,1,40,40,submitline,/mnt/storage_6/project_data/pl0844-01/hpo_project,sbatch --array=1-40%40 hpo_v2.slurm tpe cifar100 40
6923454_31,6923454,hpo2_%a,FAILED,1:0,gpu72,FAST,2026-04-19T22:11:43,2026-04-19T22:11:44,2026-04-19T22:12:01,17,False,tpe,cifar100,1,40,40,submitline,/mnt/storage_6/project_data/pl0844-01/hpo_project,sbatch --array=1-40%40 hpo_v2.slurm tpe cifar100 40
6923454_32,6923454,hpo2_%a,FAILED,1:0,gpu72,FAST,2026-04-19T22:11:43,2026-04-19T22:11:44,2026-04-19T22:12:01,17,False,tpe,cifar100,1,40,40,submitline,/mnt/storage_6/project_data/pl0844-01/hpo_project,sbatch --array=1-40%40 hpo_v2.slurm tpe cifar100 40
6923454_33,6923454,hpo2_%a,FAILED,1:0,gpu72,FAST,2026-04-19T22:11:43,2026-04-19T22:11:44,2026-04-19T22:12:03,19,False,tpe,cifar100,1,40,40,submitline,/mnt/storage_6/project_data/pl0844-01/hpo_project,sbatch --array=1-40%40 hpo_v2.slurm tpe cifar100 40
6923454_34,6923454,hpo2_%a,FAILED,1:0,gpu73,FAST,2026-04-19T22:11:43,2026-04-19T22:11:44,2026-04-19T22:12:04,20,False,tpe,cifar100,1,40,40,submitline,/mnt/storage_6/project_data/pl0844-01/hpo_project,sbatch --array=1-40%40 hpo_v2.slurm tpe cifar100 40
6923454_35,6923454,hpo2_%a,FAILED,1:0,gpu73,FAST,2026-04-19T22:11:43,2026-04-19T22:11:44,2026-04-19T22:12:04,20,False,tpe,cifar100,1,40,40,submitline,/mnt/storage_6/project_data/pl0844-01/hpo_project,sbatch --array=1-40%40 hpo_v2.slurm tpe cifar100 40
6923454_36,6923454,hpo2_%a,FAILED,1:0,gpu73,FAST,2026-04-19T22:11:43,2026-04-19T22:11:44,2026-04-19T22:12:05,21,False,tpe,cifar100,1,40,40,submitline,/mnt/storage_6/project_data/pl0844-01/hpo_project,sbatch --array=1-40%40 hpo_v2.slurm tpe cifar100 40
6923454_37,6923454,hpo2_%a,FAILED,1:0,gpu73,FAST,2026-04-19T22:11:43,2026-04-19T22:11:44,2026-04-19T22:12:03,19,False,tpe,cifar100,1,40,40,submitline,/mnt/storage_6/project_data/pl0844-01/hpo_project,sbatch --array=1-40%40 hpo_v2.slurm tpe cifar100 40
6923454_38,6923454,hpo2_%a,FAILED,1:0,gpu74,FAST,2026-04-19T22:11:43,2026-04-19T22:11:44,2026-04-19T22:12:15,31,False,tpe,cifar100,1,40,40,submitline,/mnt/storage_6/project_data/pl0844-01/hpo_project,sbatch --array=1-40%40 hpo_v2.slurm tpe cifar100 40
6923454_39,6923454,hpo2_%a,FAILED,1:0,gpu74,FAST,2026-04-19T22:11:43,2026-04-19T22:11:44,2026-04-19T22:12:15,31,False,tpe,cifar100,1,40,40,submitline,/mnt/storage_6/project_data/pl0844-01/hpo_project,sbatch --array=1-40%40 hpo_v2.slurm tpe cifar100 40
6923454_40,6923454,hpo2_%a,FAILED,1:0,gpu74,FAST,2026-04-19T22:11:43,2026-04-19T22:11:44,2026-04-19T22:12:12,28,False,tpe,cifar100,1,40,40,submitline,/mnt/storage_6/project_data/pl0844-01/hpo_project,sbatch --array=1-40%40 hpo_v2.slurm tpe cifar100 40
6923455_1,6923455,hpo2_%a,FAILED,1:0,gpu74,FAST,2026-04-19T22:11:43,2026-04-19T22:11:44,2026-04-19T22:14:25,161,False,hyperband,cifar100,1,40,40,submitline,/mnt/storage_6/project_data/pl0844-01/hpo_project,sbatch --array=1-40%40 hpo_v2.slurm hyperband cifar100 40
6923455_2,6923455,hpo2_%a,FAILED,1:0,gpu75,FAST,2026-04-19T22:11:43,2026-04-19T22:11:44,2026-04-19T22:14:14,150,False,hyperband,cifar100,1,40,40,submitline,/mnt/storage_6/project_data/pl0844-01/hpo_project,sbatch --array=1-40%40 hpo_v2.slurm hyperband cifar100 40
6923455_3,6923455,hpo2_%a,FAILED,1:0,gpu75,FAST,2026-04-19T22:11:43,2026-04-19T22:11:44,2026-04-19T22:14:14,150,False,hyperband,cifar100,1,40,40,submitline,/mnt/storage_6/project_data/pl0844-01/hpo_project,sbatch --array=1-40%40 hpo_v2.slurm hyperband cifar100 40
6923455_4,6923455,hpo2_%a,FAILED,1:0,gpu75,FAST,2026-04-19T22:11:43,2026-04-19T22:11:44,2026-04-19T22:14:18,154,False,hyperband,cifar100,1,40,40,submitline,/mnt/storage_6/project_data/pl0844-01/hpo_project,sbatch --array=1-40%40 hpo_v2.slurm hyperband cifar100 40
6923455_5,6923455,hpo2_%a,FAILED,1:0,gpu75,FAST,2026-04-19T22:11:43,2026-04-19T22:11:44,2026-04-19T22:14:14,150,False,hyperband,cifar100,1,40,40,submitline,/mnt/storage_6/project_data/pl0844-01/hpo_project,sbatch --array=1-40%40 hpo_v2.slurm hyperband cifar100 40
6923455_6,6923455,hpo2_%a,FAILED,1:0,gpu76,FAST,2026-04-19T22:11:43,2026-04-19T22:11:44,2026-04-19T22:14:12,148,False,hyperband,cifar100,1,40,40,submitline,/mnt/storage_6/project_data/pl0844-01/hpo_project,sbatch --array=1-40%40 hpo_v2.slurm hyperband cifar100 40
6923455_7,6923455,hpo2_%a,FAILED,1:0,gpu76,FAST,2026-04-19T22:11:43,2026-04-19T22:11:54,2026-04-19T22:14:16,142,False,hyperband,cifar100,1,40,40,submitline,/mnt/storage_6/project_data/pl0844-01/hpo_project,sbatch --array=1-40%40 hpo_v2.slurm hyperband cifar100 40
6923455_8,6923455,hpo2_%a,FAILED,1:0,gpu76,FAST,2026-04-19T22:11:43,2026-04-19T22:11:54,2026-04-19T22:14:16,142,False,hyperband,cifar100,1,40,40,submitline,/mnt/storage_6/project_data/pl0844-01/hpo_project,sbatch --array=1-40%40 hpo_v2.slurm hyperband cifar100 40
6923455_9,6923455,hpo2_%a,FAILED,1:0,gpu76,FAST,2026-04-19T22:11:43,2026-04-19T22:11:54,2026-04-19T22:14:16,142,False,hyperband,cifar100,1,40,40,submitline,/mnt/storage_6/project_data/pl0844-01/hpo_project,sbatch --array=1-40%40 hpo_v2.slurm hyperband cifar100 40
6923455_10,6923455,hpo2_%a,FAILED,1:0,gpu78,FAST,2026-04-19T22:11:43,2026-04-19T22:11:54,2026-04-19T22:14:27,153,False,hyperband,cifar100,1,40,40,submitline,/mnt/storage_6/project_data/pl0844-01/hpo_project,sbatch --array=1-40%40 hpo_v2.slurm hyperband cifar100 40
6923455_11,6923455,hpo2_%a,FAILED,1:0,gpu78,FAST,2026-04-19T22:11:43,2026-04-19T22:11:54,2026-04-19T22:14:27,153,False,hyperband,cifar100,1,40,40,submitline,/mnt/storage_6/project_data/pl0844-01/hpo_project,sbatch --array=1-40%40 hpo_v2.slurm hyperband cifar100 40
6923455_12,6923455,hpo2_%a,FAILED,1:0,gpu78,FAST,2026-04-19T22:11:43,2026-04-19T22:11:54,2026-04-19T22:14:27,153,False,hyperband,cifar100,1,40,40,submitline,/mnt/storage_6/project_data/pl0844-01/hpo_project,sbatch --array=1-40%40 hpo_v2.slurm hyperband cifar100 40
6923455_13,6923455,hpo2_%a,FAILED,1:0,gpu78,FAST,2026-04-19T22:11:43,2026-04-19T22:11:54,2026-04-19T22:14:27,153,False,hyperband,cifar100,1,40,40,submitline,/mnt/storage_6/project_data/pl0844-01/hpo_project,sbatch --array=1-40%40 hpo_v2.slurm hyperband cifar100 40
6923455_14,6923455,hpo2_%a,FAILED,1:0,gpu80,FAST,2026-04-19T22:11:43,2026-04-19T22:11:54,2026-04-19T22:14:30,156,False,hyperband,cifar100,1,40,40,submitline,/mnt/storage_6/project_data/pl0844-01/hpo_project,sbatch --array=1-40%40 hpo_v2.slurm hyperband cifar100 40
6923455_15,6923455,hpo2_%a,FAILED,1:0,gpu80,FAST,2026-04-19T22:11:43,2026-04-19T22:11:54,2026-04-19T22:14:30,156,False,hyperband,cifar100,1,40,40,submitline,/mnt/storage_6/project_data/pl0844-01/hpo_project,sbatch --array=1-40%40 hpo_v2.slurm hyperband cifar100 40
6923455_16,6923455,hpo2_%a,FAILED,1:0,gpu80,FAST,2026-04-19T22:11:43,2026-04-19T22:11:54,2026-04-19T22:14:30,156,False,hyperband,cifar100,1,40,40,submitline,/mnt/storage_6/project_data/pl0844-01/hpo_project,sbatch --array=1-40%40 hpo_v2.slurm hyperband cifar100 40
6923455_17,6923455,hpo2_%a,FAILED,1:0,gpu80,FAST,2026-04-19T22:11:43,2026-04-19T22:11:54,2026-04-19T22:14:34,160,False,hyperband,cifar100,1,40,40,submitline,/mnt/storage_6/project_data/pl0844-01/hpo_project,sbatch --array=1-40%40 hpo_v2.slurm hyperband cifar100 40
6923455_18,6923455,hpo2_%a,FAILED,1:0,gpu81,FAST,2026-04-19T22:11:43,2026-04-19T22:11:54,2026-04-19T22:14:35,161,False,hyperband,cifar100,1,40,40,submitline,/mnt/storage_6/project_data/pl0844-01/hpo_project,sbatch --array=1-40%40 hpo_v2.slurm hyperband cifar100 40
6923455_19,6923455,hpo2_%a,FAILED,1:0,gpu81,FAST,2026-04-19T22:11:43,2026-04-19T22:11:54,2026-04-19T22:14:30,156,False,hyperband,cifar100,1,40,40,submitline,/mnt/storage_6/project_data/pl0844-01/hpo_project,sbatch --array=1-40%40 hpo_v2.slurm hyperband cifar100 40
6923455_20,6923455,hpo2_%a,FAILED,1:0,gpu81,FAST,2026-04-19T22:11:43,2026-04-19T22:11:54,2026-04-19T22:14:35,161,False,hyperband,cifar100,1,40,40,submitline,/mnt/storage_6/project_data/pl0844-01/hpo_project,sbatch --array=1-40%40 hpo_v2.slurm hyperband cifar100 40
6923455_21,6923455,hpo2_%a,FAILED,1:0,gpu81,FAST,2026-04-19T22:11:43,2026-04-19T22:11:54,2026-04-19T22:14:30,156,False,hyperband,cifar100,1,40,40,submitline,/mnt/storage_6/project_data/pl0844-01/hpo_project,sbatch --array=1-40%40 hpo_v2.slurm hyperband cifar100 40
6923455_22,6923455,hpo2_%a,FAILED,1:0,gpu82,FAST,2026-04-19T22:11:43,2026-04-19T22:11:54,2026-04-19T22:14:28,154,False,hyperband,cifar100,1,40,40,submitline,/mnt/storage_6/project_data/pl0844-01/hpo_project,sbatch --array=1-40%40 hpo_v2.slurm hyperband cifar100 40
6923455_23,6923455,hpo2_%a,FAILED,1:0,gpu82,FAST,2026-04-19T22:11:43,2026-04-19T22:11:54,2026-04-19T22:14:28,154,False,hyperband,cifar100,1,40,40,submitline,/mnt/storage_6/project_data/pl0844-01/hpo_project,sbatch --array=1-40%40 hpo_v2.slurm hyperband cifar100 40
6923455_24,6923455,hpo2_%a,FAILED,1:0,gpu82,FAST,2026-04-19T22:11:43,2026-04-19T22:11:54,2026-04-19T22:14:28,154,False,hyperband,cifar100,1,40,40,submitline,/mnt/storage_6/project_data/pl0844-01/hpo_project,sbatch --array=1-40%40 hpo_v2.slurm hyperband cifar100 40
6923455_25,6923455,hpo2_%a,FAILED,1:0,gpu82,FAST,2026-04-19T22:11:43,2026-04-19T22:11:54,2026-04-19T22:14:28,154,False,hyperband,cifar100,1,40,40,submitline,/mnt/storage_6/project_data/pl0844-01/hpo_project,sbatch --array=1-40%40 hpo_v2.slurm hyperband cifar100 40
6923455_26,6923455,hpo2_%a,FAILED,1:0,gpu83,FAST,2026-04-19T22:11:43,2026-04-19T22:11:54,2026-04-19T22:14:24,150,False,hyperband,cifar100,1,40,40,submitline,/mnt/storage_6/project_data/pl0844-01/hpo_project,sbatch --array=1-40%40 hpo_v2.slurm hyperband cifar100 40
6923455_27,6923455,hpo2_%a,FAILED,1:0,gpu66,FAST,2026-04-19T22:11:43,2026-04-19T22:11:58,2026-04-19T22:14:22,144,False,hyperband,cifar100,1,40,40,submitline,/mnt/storage_6/project_data/pl0844-01/hpo_project,sbatch --array=1-40%40 hpo_v2.slurm hyperband cifar100 40
6923455_28,6923455,hpo2_%a,FAILED,1:0,gpu83,FAST,2026-04-19T22:11:43,2026-04-19T22:11:58,2026-04-19T22:14:28,150,False,hyperband,cifar100,1,40,40,submitline,/mnt/storage_6/project_data/pl0844-01/hpo_project,sbatch --array=1-40%40 hpo_v2.slurm hyperband cifar100 40
6923455_29,6923455,hpo2_%a,FAILED,1:0,gpu83,FAST,2026-04-19T22:11:43,2026-04-19T22:11:58,2026-04-19T22:14:28,150,False,hyperband,cifar100,1,40,40,submitline,/mnt/storage_6/project_data/pl0844-01/hpo_project,sbatch --array=1-40%40 hpo_v2.slurm hyperband cifar100 40
6923455_30,6923455,hpo2_%a,FAILED,1:0,gpu83,FAST,2026-04-19T22:11:43,2026-04-19T22:11:58,2026-04-19T22:14:24,146,False,hyperband,cifar100,1,40,40,submitline,/mnt/storage_6/project_data/pl0844-01/hpo_project,sbatch --array=1-40%40 hpo_v2.slurm hyperband cifar100 40
6923455_31,6923455,hpo2_%a,FAILED,1:0,gpu84,FAST,2026-04-19T22:11:43,2026-04-19T22:11:58,2026-04-19T22:14:38,160,False,hyperband,cifar100,1,40,40,submitline,/mnt/storage_6/project_data/pl0844-01/hpo_project,sbatch --array=1-40%40 hpo_v2.slurm hyperband cifar100 40
6923455_32,6923455,hpo2_%a,FAILED,1:0,gpu84,FAST,2026-04-19T22:11:43,2026-04-19T22:11:58,2026-04-19T22:14:38,160,False,hyperband,cifar100,1,40,40,submitline,/mnt/storage_6/project_data/pl0844-01/hpo_project,sbatch --array=1-40%40 hpo_v2.slurm hyperband cifar100 40
6923455_33,6923455,hpo2_%a,FAILED,1:0,gpu84,FAST,2026-04-19T22:11:43,2026-04-19T22:11:58,2026-04-19T22:14:38,160,False,hyperband,cifar100,1,40,40,submitline,/mnt/storage_6/project_data/pl0844-01/hpo_project,sbatch --array=1-40%40 hpo_v2.slurm hyperband cifar100 40
6923455_34,6923455,hpo2_%a,FAILED,1:0,gpu84,FAST,2026-04-19T22:11:43,2026-04-19T22:11:58,2026-04-19T22:14:38,160,False,hyperband,cifar100,1,40,40,submitline,/mnt/storage_6/project_data/pl0844-01/hpo_project,sbatch --array=1-40%40 hpo_v2.slurm hyperband cifar100 40
6923455_35,6923455,hpo2_%a,FAILED,1:0,gpu86,FAST,2026-04-19T22:11:43,2026-04-19T22:11:58,2026-04-19T22:14:32,154,False,hyperband,cifar100,1,40,40,submitline,/mnt/storage_6/project_data/pl0844-01/hpo_project,sbatch --array=1-40%40 hpo_v2.slurm hyperband cifar100 40
6923455_36,6923455,hpo2_%a,FAILED,1:0,gpu86,FAST,2026-04-19T22:11:43,2026-04-19T22:11:58,2026-04-19T22:14:32,154,False,hyperband,cifar100,1,40,40,submitline,/mnt/storage_6/project_data/pl0844-01/hpo_project,sbatch --array=1-40%40 hpo_v2.slurm hyperband cifar100 40
6923455_37,6923455,hpo2_%a,FAILED,1:0,gpu86,FAST,2026-04-19T22:11:43,2026-04-19T22:11:58,2026-04-19T22:14:36,158,False,hyperband,cifar100,1,40,40,submitline,/mnt/storage_6/project_data/pl0844-01/hpo_project,sbatch --array=1-40%40 hpo_v2.slurm hyperband cifar100 40
6923455_38,6923455,hpo2_%a,FAILED,1:0,gpu86,FAST,2026-04-19T22:11:43,2026-04-19T22:11:58,2026-04-19T22:14:32,154,False,hyperband,cifar100,1,40,40,submitline,/mnt/storage_6/project_data/pl0844-01/hpo_project,sbatch --array=1-40%40 hpo_v2.slurm hyperband cifar100 40
6923455_39,6923455,hpo2_%a,FAILED,1:0,gpu87,FAST,2026-04-19T22:11:43,2026-04-19T22:11:58,2026-04-19T22:14:34,156,False,hyperband,cifar100,1,40,40,submitline,/mnt/storage_6/project_data/pl0844-01/hpo_project,sbatch --array=1-40%40 hpo_v2.slurm hyperband cifar100 40
6923455_40,6923455,hpo2_%a,FAILED,1:0,gpu87,FAST,2026-04-19T22:11:43,2026-04-19T22:11:58,2026-04-19T22:14:30,152,False,hyperband,cifar100,1,40,40,submitline,/mnt/storage_6/project_data/pl0844-01/hpo_project,sbatch --array=1-40%40 hpo_v2.slurm hyperband cifar100 40
6923456_1,6923456,hpo2_%a,FAILED,1:0,gpu87,FAST,2026-04-19T22:11:43,2026-04-19T22:11:58,2026-04-19T22:15:06,188,False,cmaes,cifar10,1,40,40,submitline,/mnt/storage_6/project_data/pl0844-01/hpo_project,sbatch --array=1-40%40 hpo_v2.slurm cmaes cifar10 40
6923456_2,6923456,hpo2_%a,FAILED,1:0,gpu87,FAST,2026-04-19T22:11:43,2026-04-19T22:11:58,2026-04-19T22:12:19,21,False,cmaes,cifar10,1,40,40,submitline,/mnt/storage_6/project_data/pl0844-01/hpo_project,sbatch --array=1-40%40 hpo_v2.slurm cmaes cifar10 40
6923456_3,6923456,hpo2_%a,FAILED,1:0,gpu88,FAST,2026-04-19T22:11:43,2026-04-19T22:11:58,2026-04-19T22:15:57,239,False,cmaes,cifar10,1,40,40,submitline,/mnt/storage_6/project_data/pl0844-01/hpo_project,sbatch --array=1-40%40 hpo_v2.slurm cmaes cifar10 40
6923456_4,6923456,hpo2_%a,FAILED,1:0,gpu88,FAST,2026-04-19T22:11:43,2026-04-19T22:11:58,2026-04-19T22:15:55,237,False,cmaes,cifar10,1,40,40,submitline,/mnt/storage_6/project_data/pl0844-01/hpo_project,sbatch --array=1-40%40 hpo_v2.slurm cmaes cifar10 40
6923456_5,6923456,hpo2_%a,FAILED,1:0,gpu88,FAST,2026-04-19T22:11:43,2026-04-19T22:11:58,2026-04-19T22:15:22,204,False,cmaes,cifar10,1,40,40,submitline,/mnt/storage_6/project_data/pl0844-01/hpo_project,sbatch --array=1-40%40 hpo_v2.slurm cmaes cifar10 40
6923456_6,6923456,hpo2_%a,FAILED,1:0,gpu88,FAST,2026-04-19T22:11:43,2026-04-19T22:11:58,2026-04-19T22:15:22,204,False,cmaes,cifar10,1,40,40,submitline,/mnt/storage_6/project_data/pl0844-01/hpo_project,sbatch --array=1-40%40 hpo_v2.slurm cmaes cifar10 40
6923456_7,6923456,hpo2_%a,FAILED,1:0,gpu03,UNKNOWN,2026-04-19T22:11:43,2026-04-19T22:11:58,2026-04-19T22:11:58,0,True,cmaes,cifar10,1,40,40,submitline,/mnt/storage_6/project_data/pl0844-01/hpo_project,sbatch --array=1-40%40 hpo_v2.slurm cmaes cifar10 40
6923456_8,6923456,hpo2_%a,FAILED,1:0,gpu03,UNKNOWN,2026-04-19T22:11:43,2026-04-19T22:11:58,2026-04-19T22:11:58,0,True,cmaes,cifar10,1,40,40,submitline,/mnt/storage_6/project_data/pl0844-01/hpo_project,sbatch --array=1-40%40 hpo_v2.slurm cmaes cifar10 40
6923456_17,6923456,hpo2_%a,FAILED,1:0,gpu71,FAST,2026-04-19T22:11:43,2026-04-19T22:12:01,2026-04-19T22:15:00,179,False,cmaes,cifar10,1,40,40,submitline,/mnt/storage_6/project_data/pl0844-01/hpo_project,sbatch --array=1-40%40 hpo_v2.slurm cmaes cifar10 40
6923456_18,6923456,hpo2_%a,FAILED,1:0,gpu64,FAST,2026-04-19T22:11:43,2026-04-19T22:12:01,2026-04-19T22:15:03,182,False,cmaes,cifar10,1,40,40,submitline,/mnt/storage_6/project_data/pl0844-01/hpo_project,sbatch --array=1-40%40 hpo_v2.slurm cmaes cifar10 40
6923456_19,6923456,hpo2_%a,FAILED,1:0,gpu72,FAST,2026-04-19T22:11:43,2026-04-19T22:12:01,2026-04-19T22:15:04,183,False,cmaes,cifar10,1,40,40,submitline,/mnt/storage_6/project_data/pl0844-01/hpo_project,sbatch --array=1-40%40 hpo_v2.slurm cmaes cifar10 40
6923456_20,6923456,hpo2_%a,FAILED,1:0,gpu72,FAST,2026-04-19T22:11:43,2026-04-19T22:12:01,2026-04-19T22:15:04,183,False,cmaes,cifar10,1,40,40,submitline,/mnt/storage_6/project_data/pl0844-01/hpo_project,sbatch --array=1-40%40 hpo_v2.slurm cmaes cifar10 40
6923456_21,6923456,hpo2_%a,FAILED,1:0,gpu72,FAST,2026-04-19T22:11:43,2026-04-19T22:12:01,2026-04-19T22:12:14,13,True,cmaes,cifar10,1,40,40,submitline,/mnt/storage_6/project_data/pl0844-01/hpo_project,sbatch --array=1-40%40 hpo_v2.slurm cmaes cifar10 40
6923456_22,6923456,hpo2_%a,FAILED,1:0,gpu73,FAST,2026-04-19T22:11:43,2026-04-19T22:12:05,2026-04-19T22:15:10,185,False,cmaes,cifar10,1,40,40,submitline,/mnt/storage_6/project_data/pl0844-01/hpo_project,sbatch --array=1-40%40 hpo_v2.slurm cmaes cifar10 40
6923456_23,6923456,hpo2_%a,FAILED,1:0,gpu73,FAST,2026-04-19T22:11:43,2026-04-19T22:12:05,2026-04-19T22:15:09,184,False,cmaes,cifar10,1,40,40,submitline,/mnt/storage_6/project_data/pl0844-01/hpo_project,sbatch --array=1-40%40 hpo_v2.slurm cmaes cifar10 40
6923456_24,6923456,hpo2_%a,FAILED,1:0,gpu73,FAST,2026-04-19T22:11:43,2026-04-19T22:12:05,2026-04-19T22:15:09,184,False,cmaes,cifar10,1,40,40,submitline,/mnt/storage_6/project_data/pl0844-01/hpo_project,sbatch --array=1-40%40 hpo_v2.slurm cmaes cifar10 40
6923456_25,6923456,hpo2_%a,FAILED,1:0,gpu73,FAST,2026-04-19T22:11:43,2026-04-19T22:12:05,2026-04-19T22:15:10,185,False,cmaes,cifar10,1,40,40,submitline,/mnt/storage_6/project_data/pl0844-01/hpo_project,sbatch --array=1-40%40 hpo_v2.slurm cmaes cifar10 40
6923456_26,6923456,hpo2_%a,FAILED,1:0,gpu72,FAST,2026-04-19T22:11:43,2026-04-19T22:12:05,2026-04-19T22:15:04,179,False,cmaes,cifar10,1,40,40,submitline,/mnt/storage_6/project_data/pl0844-01/hpo_project,sbatch --array=1-40%40 hpo_v2.slurm cmaes cifar10 40
6923456_27,6923456,hpo2_%a,FAILED,1:0,gpu74,FAST,2026-04-19T22:11:43,2026-04-19T22:12:12,2026-04-19T22:15:22,190,False,cmaes,cifar10,1,40,40,submitline,/mnt/storage_6/project_data/pl0844-01/hpo_project,sbatch --array=1-40%40 hpo_v2.slurm cmaes cifar10 40
6923456_28,6923456,hpo2_%a,FAILED,1:0,gpu72,FAST,2026-04-19T22:11:43,2026-04-19T22:12:14,2026-04-19T22:15:50,216,False,cmaes,cifar10,1,40,40,submitline,/mnt/storage_6/project_data/pl0844-01/hpo_project,sbatch --array=1-40%40 hpo_v2.slurm cmaes cifar10 40
6923456_29,6923456,hpo2_%a,FAILED,1:0,gpu74,FAST,2026-04-19T22:11:43,2026-04-19T22:12:15,2026-04-19T22:15:22,187,False,cmaes,cifar10,1,40,40,submitline,/mnt/storage_6/project_data/pl0844-01/hpo_project,sbatch --array=1-40%40 hpo_v2.slurm cmaes cifar10 40
6923456_30,6923456,hpo2_%a,FAILED,1:0,gpu74,FAST,2026-04-19T22:11:43,2026-04-19T22:12:15,2026-04-19T22:15:18,183,False,cmaes,cifar10,1,40,40,submitline,/mnt/storage_6/project_data/pl0844-01/hpo_project,sbatch --array=1-40%40 hpo_v2.slurm cmaes cifar10 40
6923456_31,6923456,hpo2_%a,FAILED,1:0,gpu87,FAST,2026-04-19T22:11:43,2026-04-19T22:12:19,2026-04-19T22:15:21,182,False,cmaes,cifar10,1,40,40,submitline,/mnt/storage_6/project_data/pl0844-01/hpo_project,sbatch --array=1-40%40 hpo_v2.slurm cmaes cifar10 40
6923456_32,6923456,hpo2_%a,FAILED,1:0,gpu42,FAST,2026-04-19T22:11:43,2026-04-19T22:12:44,2026-04-19T22:15:48,184,False,cmaes,cifar10,1,40,40,submitline,/mnt/storage_6/project_data/pl0844-01/hpo_project,sbatch --array=1-40%40 hpo_v2.slurm cmaes cifar10 40
6923456_33,6923456,hpo2_%a,FAILED,1:0,gpu37,FAST,2026-04-19T22:11:43,2026-04-19T22:13:05,2026-04-19T22:16:13,188,False,cmaes,cifar10,1,40,40,submitline,/mnt/storage_6/project_data/pl0844-01/hpo_project,sbatch --array=1-40%40 hpo_v2.slurm cmaes cifar10 40
6923456_34,6923456,hpo2_%a,FAILED,1:0,gpu75,FAST,2026-04-19T22:11:43,2026-04-19T22:14:16,2026-04-19T22:15:56,100,False,cmaes,cifar10,1,40,40,submitline,/mnt/storage_6/project_data/pl0844-01/hpo_project,sbatch --array=1-40%40 hpo_v2.slurm cmaes cifar10 40
6923456_35,6923456,hpo2_%a,FAILED,1:0,gpu75,FAST,2026-04-19T22:11:43,2026-04-19T22:14:16,2026-04-19T22:15:54,98,False,cmaes,cifar10,1,40,40,submitline,/mnt/storage_6/project_data/pl0844-01/hpo_project,sbatch --array=1-40%40 hpo_v2.slurm cmaes cifar10 40
6923456_36,6923456,hpo2_%a,FAILED,1:0,gpu75,FAST,2026-04-19T22:11:43,2026-04-19T22:14:16,2026-04-19T22:17:20,184,False,cmaes,cifar10,1,40,40,submitline,/mnt/storage_6/project_data/pl0844-01/hpo_project,sbatch --array=1-40%40 hpo_v2.slurm cmaes cifar10 40
6923456_37,6923456,hpo2_%a,FAILED,1:0,gpu75,FAST,2026-04-19T22:11:43,2026-04-19T22:14:18,2026-04-19T22:16:15,117,False,cmaes,cifar10,1,40,40,submitline,/mnt/storage_6/project_data/pl0844-01/hpo_project,sbatch --array=1-40%40 hpo_v2.slurm cmaes cifar10 40
6923456_38,6923456,hpo2_%a,FAILED,1:0,gpu66,FAST,2026-04-19T22:11:43,2026-04-19T22:14:22,2026-04-19T22:17:27,185,False,cmaes,cifar10,1,40,40,submitline,/mnt/storage_6/project_data/pl0844-01/hpo_project,sbatch --array=1-40%40 hpo_v2.slurm cmaes cifar10 40
6923456_39,6923456,hpo2_%a,FAILED,1:0,gpu83,FAST,2026-04-19T22:11:43,2026-04-19T22:14:25,2026-04-19T22:16:16,111,False,cmaes,cifar10,1,40,40,submitline,/mnt/storage_6/project_data/pl0844-01/hpo_project,sbatch --array=1-40%40 hpo_v2.slurm cmaes cifar10 40
6923456_40,6923456,hpo2_%a,FAILED,1:0,gpu83,FAST,2026-04-19T22:11:43,2026-04-19T22:14:25,2026-04-19T22:15:59,94,False,cmaes,cifar10,1,40,40,submitline,/mnt/storage_6/project_data/pl0844-01/hpo_project,sbatch --array=1-40%40 hpo_v2.slurm cmaes cifar10 40
6923605_1,6923605,hpo2_%a,TIMEOUT,0:0,gpu74,FAST,2026-04-19T22:12:22,2026-04-19T22:14:25,2026-04-20T00:14:44,7219,False,random,cifar100,1,40,40,submitline,/mnt/storage_6/project_data/pl0844-01/hpo_project,sbatch --array=1-40%40 hpo_v2.slurm random cifar100 40
6923605_2,6923605,hpo2_%a,TIMEOUT,0:0,gpu78,FAST,2026-04-19T22:12:22,2026-04-19T22:14:27,2026-04-20T00:14:44,7217,False,random,cifar100,1,40,40,submitline,/mnt/storage_6/project_data/pl0844-01/hpo_project,sbatch --array=1-40%40 hpo_v2.slurm random cifar100 40
6923605_3,6923605,hpo2_%a,TIMEOUT,0:0,gpu78,FAST,2026-04-19T22:12:22,2026-04-19T22:14:27,2026-04-20T00:14:44,7217,False,random,cifar100,1,40,40,submitline,/mnt/storage_6/project_data/pl0844-01/hpo_project,sbatch --array=1-40%40 hpo_v2.slurm random cifar100 40
6923605_4,6923605,hpo2_%a,TIMEOUT,0:0,gpu78,FAST,2026-04-19T22:12:22,2026-04-19T22:14:27,2026-04-20T00:14:44,7217,False,random,cifar100,1,40,40,submitline,/mnt/storage_6/project_data/pl0844-01/hpo_project,sbatch --array=1-40%40 hpo_v2.slurm random cifar100 40
6923605_5,6923605,hpo2_%a,TIMEOUT,0:0,gpu78,FAST,2026-04-19T22:12:22,2026-04-19T22:14:27,2026-04-20T00:14:44,7217,False,random,cifar100,1,40,40,submitline,/mnt/storage_6/project_data/pl0844-01/hpo_project,sbatch --array=1-40%40 hpo_v2.slurm random cifar100 40
6923605_6,6923605,hpo2_%a,TIMEOUT,0:0,gpu82,FAST,2026-04-19T22:12:22,2026-04-19T22:14:28,2026-04-20T00:14:44,7216,False,random,cifar100,1,40,40,submitline,/mnt/storage_6/project_data/pl0844-01/hpo_project,sbatch --array=1-40%40 hpo_v2.slurm random cifar100 40
6923605_7,6923605,hpo2_%a,TIMEOUT,0:0,gpu82,FAST,2026-04-19T22:12:22,2026-04-19T22:14:28,2026-04-20T00:14:44,7216,False,random,cifar100,1,40,40,submitline,/mnt/storage_6/project_data/pl0844-01/hpo_project,sbatch --array=1-40%40 hpo_v2.slurm random cifar100 40
6923605_8,6923605,hpo2_%a,FAILED,1:0,gpu82,FAST,2026-04-19T22:12:22,2026-04-19T22:14:28,2026-04-19T22:16:55,147,False,random,cifar100,1,40,40,submitline,/mnt/storage_6/project_data/pl0844-01/hpo_project,sbatch --array=1-40%40 hpo_v2.slurm random cifar100 40
6923605_9,6923605,hpo2_%a,TIMEOUT,0:0,gpu82,FAST,2026-04-19T22:12:22,2026-04-19T22:14:28,2026-04-20T00:14:44,7216,False,random,cifar100,1,40,40,submitline,/mnt/storage_6/project_data/pl0844-01/hpo_project,sbatch --array=1-40%40 hpo_v2.slurm random cifar100 40
6923605_10,6923605,hpo2_%a,TIMEOUT,0:0,gpu83,FAST,2026-04-19T22:12:22,2026-04-19T22:14:29,2026-04-20T00:14:44,7215,False,random,cifar100,1,40,40,submitline,/mnt/storage_6/project_data/pl0844-01/hpo_project,sbatch --array=1-40%40 hpo_v2.slurm random cifar100 40
6923605_11,6923605,hpo2_%a,TIMEOUT,0:0,gpu83,FAST,2026-04-19T22:12:22,2026-04-19T22:14:29,2026-04-20T00:14:44,7215,False,random,cifar100,1,40,40,submitline,/mnt/storage_6/project_data/pl0844-01/hpo_project,sbatch --array=1-40%40 hpo_v2.slurm random cifar100 40
6923605_12,6923605,hpo2_%a,FAILED,1:0,gpu80,FAST,2026-04-19T22:12:22,2026-04-19T22:14:30,2026-04-19T22:16:58,148,False,random,cifar100,1,40,40,submitline,/mnt/storage_6/project_data/pl0844-01/hpo_project,sbatch --array=1-40%40 hpo_v2.slurm random cifar100 40
6923605_13,6923605,hpo2_%a,FAILED,1:0,gpu80,FAST,2026-04-19T22:12:22,2026-04-19T22:14:30,2026-04-19T22:16:58,148,False,random,cifar100,1,40,40,submitline,/mnt/storage_6/project_data/pl0844-01/hpo_project,sbatch --array=1-40%40 hpo_v2.slurm random cifar100 40
6923605_14,6923605,hpo2_%a,FAILED,1:0,gpu80,FAST,2026-04-19T22:12:22,2026-04-19T22:14:30,2026-04-19T22:16:58,148,False,random,cifar100,1,40,40,submitline,/mnt/storage_6/project_data/pl0844-01/hpo_project,sbatch --array=1-40%40 hpo_v2.slurm random cifar100 40
6923605_15,6923605,hpo2_%a,FAILED,1:0,gpu87,FAST,2026-04-19T22:12:22,2026-04-19T22:14:30,2026-04-19T22:16:53,143,False,random,cifar100,1,40,40,submitline,/mnt/storage_6/project_data/pl0844-01/hpo_project,sbatch --array=1-40%40 hpo_v2.slurm random cifar100 40
6923605_16,6923605,hpo2_%a,FAILED,1:0,gpu81,FAST,2026-04-19T22:12:22,2026-04-19T22:14:31,2026-04-19T22:16:54,143,False,random,cifar100,1,40,40,submitline,/mnt/storage_6/project_data/pl0844-01/hpo_project,sbatch --array=1-40%40 hpo_v2.slurm random cifar100 40
6923605_17,6923605,hpo2_%a,FAILED,1:0,gpu81,FAST,2026-04-19T22:12:22,2026-04-19T22:14:31,2026-04-19T22:16:54,143,False,random,cifar100,1,40,40,submitline,/mnt/storage_6/project_data/pl0844-01/hpo_project,sbatch --array=1-40%40 hpo_v2.slurm random cifar100 40
6923605_18,6923605,hpo2_%a,TIMEOUT,0:0,gpu86,FAST,2026-04-19T22:12:22,2026-04-19T22:14:32,2026-04-20T00:14:44,7212,False,random,cifar100,1,40,40,submitline,/mnt/storage_6/project_data/pl0844-01/hpo_project,sbatch --array=1-40%40 hpo_v2.slurm random cifar100 40
6923605_19,6923605,hpo2_%a,FAILED,1:0,gpu86,FAST,2026-04-19T22:12:22,2026-04-19T22:14:32,2026-04-19T22:16:55,143,False,random,cifar100,1,40,40,submitline,/mnt/storage_6/project_data/pl0844-01/hpo_project,sbatch --array=1-40%40 hpo_v2.slurm random cifar100 40
6923605_20,6923605,hpo2_%a,TIMEOUT,0:0,gpu86,FAST,2026-04-19T22:12:22,2026-04-19T22:14:32,2026-04-20T00:14:44,7212,False,random,cifar100,1,40,40,submitline,/mnt/storage_6/project_data/pl0844-01/hpo_project,sbatch --array=1-40%40 hpo_v2.slurm random cifar100 40
6923605_21,6923605,hpo2_%a,FAILED,1:0,gpu80,FAST,2026-04-19T22:12:22,2026-04-19T22:14:34,2026-04-19T22:16:57,143,False,random,cifar100,1,40,40,submitline,/mnt/storage_6/project_data/pl0844-01/hpo_project,sbatch --array=1-40%40 hpo_v2.slurm random cifar100 40
6923605_22,6923605,hpo2_%a,FAILED,1:0,gpu87,FAST,2026-04-19T22:12:22,2026-04-19T22:14:34,2026-04-19T22:16:58,144,False,random,cifar100,1,40,40,submitline,/mnt/storage_6/project_data/pl0844-01/hpo_project,sbatch --array=1-40%40 hpo_v2.slurm random cifar100 40
6923605_23,6923605,hpo2_%a,FAILED,1:0,gpu81,FAST,2026-04-19T22:12:22,2026-04-19T22:14:35,2026-04-19T22:16:58,143,False,random,cifar100,1,40,40,submitline,/mnt/storage_6/project_data/pl0844-01/hpo_project,sbatch --array=1-40%40 hpo_v2.slurm random cifar100 40
6923605_24,6923605,hpo2_%a,TIMEOUT,0:0,gpu81,FAST,2026-04-19T22:12:22,2026-04-19T22:14:35,2026-04-20T00:14:44,7209,False,random,cifar100,1,40,40,submitline,/mnt/storage_6/project_data/pl0844-01/hpo_project,sbatch --array=1-40%40 hpo_v2.slurm random cifar100 40
6923605_25,6923605,hpo2_%a,TIMEOUT,0:0,gpu86,FAST,2026-04-19T22:12:22,2026-04-19T22:14:36,2026-04-20T00:14:44,7208,False,random,cifar100,1,40,40,submitline,/mnt/storage_6/project_data/pl0844-01/hpo_project,sbatch --array=1-40%40 hpo_v2.slurm random cifar100 40
6923605_26,6923605,hpo2_%a,TIMEOUT,0:0,gpu84,FAST,2026-04-19T22:12:22,2026-04-19T22:14:38,2026-04-20T00:14:44,7206,False,random,cifar100,1,40,40,submitline,/mnt/storage_6/project_data/pl0844-01/hpo_project,sbatch --array=1-40%40 hpo_v2.slurm random cifar100 40
6923605_27,6923605,hpo2_%a,TIMEOUT,0:0,gpu84,FAST,2026-04-19T22:12:22,2026-04-19T22:14:38,2026-04-20T00:14:44,7206,False,random,cifar100,1,40,40,submitline,/mnt/storage_6/project_data/pl0844-01/hpo_project,sbatch --array=1-40%40 hpo_v2.slurm random cifar100 40
6923605_28,6923605,hpo2_%a,TIMEOUT,0:0,gpu84,FAST,2026-04-19T22:12:22,2026-04-19T22:14:38,2026-04-20T00:14:44,7206,False,random,cifar100,1,40,40,submitline,/mnt/storage_6/project_data/pl0844-01/hpo_project,sbatch --array=1-40%40 hpo_v2.slurm random cifar100 40
6923605_29,6923605,hpo2_%a,TIMEOUT,0:0,gpu84,FAST,2026-04-19T22:12:22,2026-04-19T22:14:38,2026-04-20T00:14:44,7206,False,random,cifar100,1,40,40,submitline,/mnt/storage_6/project_data/pl0844-01/hpo_project,sbatch --array=1-40%40 hpo_v2.slurm random cifar100 40
6923605_30,6923605,hpo2_%a,FAILED,1:0,gpu71,FAST,2026-04-19T22:12:22,2026-04-19T22:15:00,2026-04-19T22:23:19,499,False,random,cifar100,1,40,40,submitline,/mnt/storage_6/project_data/pl0844-01/hpo_project,sbatch --array=1-40%40 hpo_v2.slurm random cifar100 40
6923605_31,6923605,hpo2_%a,FAILED,1:0,gpu64,FAST,2026-04-19T22:12:22,2026-04-19T22:15:05,2026-04-19T22:17:29,144,False,random,cifar100,1,40,40,submitline,/mnt/storage_6/project_data/pl0844-01/hpo_project,sbatch --array=1-40%40 hpo_v2.slurm random cifar100 40
6923605_32,6923605,hpo2_%a,FAILED,1:0,gpu72,FAST,2026-04-19T22:12:22,2026-04-19T22:15:05,2026-04-19T22:17:28,143,False,random,cifar100,1,40,40,submitline,/mnt/storage_6/project_data/pl0844-01/hpo_project,sbatch --array=1-40%40 hpo_v2.slurm random cifar100 40
6923605_33,6923605,hpo2_%a,FAILED,1:0,gpu72,FAST,2026-04-19T22:12:22,2026-04-19T22:15:05,2026-04-19T22:17:32,147,False,random,cifar100,1,40,40,submitline,/mnt/storage_6/project_data/pl0844-01/hpo_project,sbatch --array=1-40%40 hpo_v2.slurm random cifar100 40
6923605_34,6923605,hpo2_%a,FAILED,1:0,gpu72,FAST,2026-04-19T22:12:22,2026-04-19T22:15:05,2026-04-19T22:17:28,143,False,random,cifar100,1,40,40,submitline,/mnt/storage_6/project_data/pl0844-01/hpo_project,sbatch --array=1-40%40 hpo_v2.slurm random cifar100 40
6923605_35,6923605,hpo2_%a,FAILED,1:0,gpu87,FAST,2026-04-19T22:12:22,2026-04-19T22:15:06,2026-04-19T22:17:30,144,False,random,cifar100,1,40,40,submitline,/mnt/storage_6/project_data/pl0844-01/hpo_project,sbatch --array=1-40%40 hpo_v2.slurm random cifar100 40
6923605_36,6923605,hpo2_%a,FAILED,1:0,gpu73,FAST,2026-04-19T22:12:22,2026-04-19T22:15:09,2026-04-19T22:17:34,145,False,random,cifar100,1,40,40,submitline,/mnt/storage_6/project_data/pl0844-01/hpo_project,sbatch --array=1-40%40 hpo_v2.slurm random cifar100 40
6923605_37,6923605,hpo2_%a,FAILED,1:0,gpu73,FAST,2026-04-19T22:12:22,2026-04-19T22:15:09,2026-04-19T22:17:38,149,False,random,cifar100,1,40,40,submitline,/mnt/storage_6/project_data/pl0844-01/hpo_project,sbatch --array=1-40%40 hpo_v2.slurm random cifar100 40
6923605_38,6923605,hpo2_%a,FAILED,1:0,gpu73,FAST,2026-04-19T22:12:22,2026-04-19T22:15:10,2026-04-19T22:17:38,148,False,random,cifar100,1,40,40,submitline,/mnt/storage_6/project_data/pl0844-01/hpo_project,sbatch --array=1-40%40 hpo_v2.slurm random cifar100 40
6923605_39,6923605,hpo2_%a,FAILED,1:0,gpu73,FAST,2026-04-19T22:12:22,2026-04-19T22:15:10,2026-04-19T22:17:34,144,False,random,cifar100,1,40,40,submitline,/mnt/storage_6/project_data/pl0844-01/hpo_project,sbatch --array=1-40%40 hpo_v2.slurm random cifar100 40
6923605_40,6923605,hpo2_%a,FAILED,1:0,gpu74,FAST,2026-04-19T22:12:22,2026-04-19T22:15:18,2026-04-19T22:17:45,147,False,random,cifar100,1,40,40,submitline,/mnt/storage_6/project_data/pl0844-01/hpo_project,sbatch --array=1-40%40 hpo_v2.slurm random cifar100 40
6923606_1,6923606,hpo2_%a,FAILED,1:0,gpu87,FAST,2026-04-19T22:12:22,2026-04-19T22:15:21,2026-04-19T22:15:32,11,True,tpe,cifar100,1,40,40,submitline,/mnt/storage_6/project_data/pl0844-01/hpo_project,sbatch --array=1-40%40 hpo_v2.slurm tpe cifar100 40
6923606_2,6923606,hpo2_%a,FAILED,1:0,gpu88,FAST,2026-04-19T22:12:22,2026-04-19T22:15:22,2026-04-19T22:15:36,14,True,tpe,cifar100,1,40,40,submitline,/mnt/storage_6/project_data/pl0844-01/hpo_project,sbatch --array=1-40%40 hpo_v2.slurm tpe cifar100 40
6923606_3,6923606,hpo2_%a,FAILED,1:0,gpu88,FAST,2026-04-19T22:12:22,2026-04-19T22:15:22,2026-04-19T22:15:35,13,True,tpe,cifar100,1,40,40,submitline,/mnt/storage_6/project_data/pl0844-01/hpo_project,sbatch --array=1-40%40 hpo_v2.slurm tpe cifar100 40
6923606_4,6923606,hpo2_%a,FAILED,1:0,gpu74,FAST,2026-04-19T22:12:22,2026-04-19T22:15:22,2026-04-19T22:15:36,14,True,tpe,cifar100,1,40,40,submitline,/mnt/storage_6/project_data/pl0844-01/hpo_project,sbatch --array=1-40%40 hpo_v2.slurm tpe cifar100 40
6923606_5,6923606,hpo2_%a,FAILED,1:0,gpu74,FAST,2026-04-19T22:12:22,2026-04-19T22:15:23,2026-04-19T22:15:35,12,True,tpe,cifar100,1,40,40,submitline,/mnt/storage_6/project_data/pl0844-01/hpo_project,sbatch --array=1-40%40 hpo_v2.slurm tpe cifar100 40
6923606_6,6923606,hpo2_%a,FAILED,1:0,gpu87,FAST,2026-04-19T22:12:22,2026-04-19T22:15:32,2026-04-19T22:15:44,12,True,tpe,cifar100,1,40,40,submitline,/mnt/storage_6/project_data/pl0844-01/hpo_project,sbatch --array=1-40%40 hpo_v2.slurm tpe cifar100 40
6923606_7,6923606,hpo2_%a,FAILED,1:0,gpu74,FAST,2026-04-19T22:12:22,2026-04-19T22:15:35,2026-04-19T22:15:47,12,True,tpe,cifar100,1,40,40,submitline,/mnt/storage_6/project_data/pl0844-01/hpo_project,sbatch --array=1-40%40 hpo_v2.slurm tpe cifar100 40
6923606_8,6923606,hpo2_%a,FAILED,1:0,gpu74,FAST,2026-04-19T22:12:22,2026-04-19T22:15:36,2026-04-19T22:15:48,12,True,tpe,cifar100,1,40,40,submitline,/mnt/storage_6/project_data/pl0844-01/hpo_project,sbatch --array=1-40%40 hpo_v2.slurm tpe cifar100 40
6923606_9,6923606,hpo2_%a,FAILED,1:0,gpu88,FAST,2026-04-19T22:12:22,2026-04-19T22:15:37,2026-04-19T22:15:50,13,True,tpe,cifar100,1,40,40,submitline,/mnt/storage_6/project_data/pl0844-01/hpo_project,sbatch --array=1-40%40 hpo_v2.slurm tpe cifar100 40
6923606_10,6923606,hpo2_%a,FAILED,1:0,gpu88,FAST,2026-04-19T22:12:22,2026-04-19T22:15:37,2026-04-19T22:15:50,13,True,tpe,cifar100,1,40,40,submitline,/mnt/storage_6/project_data/pl0844-01/hpo_project,sbatch --array=1-40%40 hpo_v2.slurm tpe cifar100 40
6923606_11,6923606,hpo2_%a,FAILED,1:0,gpu42,FAST,2026-04-19T22:12:22,2026-04-19T22:15:43,2026-04-19T22:15:57,14,True,tpe,cifar100,1,40,40,submitline,/mnt/storage_6/project_data/pl0844-01/hpo_project,sbatch --array=1-40%40 hpo_v2.slurm tpe cifar100 40
6923606_12,6923606,hpo2_%a,FAILED,1:0,gpu87,FAST,2026-04-19T22:12:22,2026-04-19T22:15:45,2026-04-19T22:15:56,11,True,tpe,cifar100,1,40,40,submitline,/mnt/storage_6/project_data/pl0844-01/hpo_project,sbatch --array=1-40%40 hpo_v2.slurm tpe cifar100 40
6923606_13,6923606,hpo2_%a,FAILED,1:0,gpu74,FAST,2026-04-19T22:12:22,2026-04-19T22:15:47,2026-04-19T22:16:00,13,True,tpe,cifar100,1,40,40,submitline,/mnt/storage_6/project_data/pl0844-01/hpo_project,sbatch --array=1-40%40 hpo_v2.slurm tpe cifar100 40
6923606_14,6923606,hpo2_%a,FAILED,1:0,gpu74,FAST,2026-04-19T22:12:22,2026-04-19T22:15:48,2026-04-19T22:15:59,11,True,tpe,cifar100,1,40,40,submitline,/mnt/storage_6/project_data/pl0844-01/hpo_project,sbatch --array=1-40%40 hpo_v2.slurm tpe cifar100 40
6923606_15,6923606,hpo2_%a,FAILED,1:0,gpu42,FAST,2026-04-19T22:12:22,2026-04-19T22:15:48,2026-04-19T22:15:59,11,True,tpe,cifar100,1,40,40,submitline,/mnt/storage_6/project_data/pl0844-01/hpo_project,sbatch --array=1-40%40 hpo_v2.slurm tpe cifar100 40
6923606_16,6923606,hpo2_%a,FAILED,1:0,gpu88,FAST,2026-04-19T22:12:22,2026-04-19T22:15:50,2026-04-19T22:16:02,12,True,tpe,cifar100,1,40,40,submitline,/mnt/storage_6/project_data/pl0844-01/hpo_project,sbatch --array=1-40%40 hpo_v2.slurm tpe cifar100 40
6923606_17,6923606,hpo2_%a,FAILED,1:0,gpu72,FAST,2026-04-19T22:12:22,2026-04-19T22:15:50,2026-04-19T22:16:01,11,True,tpe,cifar100,1,40,40,submitline,/mnt/storage_6/project_data/pl0844-01/hpo_project,sbatch --array=1-40%40 hpo_v2.slurm tpe cifar100 40
6923606_18,6923606,hpo2_%a,FAILED,1:0,gpu88,FAST,2026-04-19T22:12:22,2026-04-19T22:15:50,2026-04-19T22:16:05,15,True,tpe,cifar100,1,40,40,submitline,/mnt/storage_6/project_data/pl0844-01/hpo_project,sbatch --array=1-40%40 hpo_v2.slurm tpe cifar100 40
6923606_19,6923606,hpo2_%a,FAILED,1:0,gpu75,FAST,2026-04-19T22:12:22,2026-04-19T22:15:54,2026-04-19T22:16:07,13,True,tpe,cifar100,1,40,40,submitline,/mnt/storage_6/project_data/pl0844-01/hpo_project,sbatch --array=1-40%40 hpo_v2.slurm tpe cifar100 40
6923606_20,6923606,hpo2_%a,FAILED,1:0,gpu88,FAST,2026-04-19T22:12:22,2026-04-19T22:15:56,2026-04-19T22:16:06,10,True,tpe,cifar100,1,40,40,submitline,/mnt/storage_6/project_data/pl0844-01/hpo_project,sbatch --array=1-40%40 hpo_v2.slurm tpe cifar100 40
6923606_21,6923606,hpo2_%a,FAILED,1:0,gpu75,FAST,2026-04-19T22:12:22,2026-04-19T22:15:56,2026-04-19T22:16:08,12,True,tpe,cifar100,1,40,40,submitline,/mnt/storage_6/project_data/pl0844-01/hpo_project,sbatch --array=1-40%40 hpo_v2.slurm tpe cifar100 40
6923606_22,6923606,hpo2_%a,FAILED,1:0,gpu87,FAST,2026-04-19T22:12:22,2026-04-19T22:15:56,2026-04-19T22:16:07,11,True,tpe,cifar100,1,40,40,submitline,/mnt/storage_6/project_data/pl0844-01/hpo_project,sbatch --array=1-40%40 hpo_v2.slurm tpe cifar100 40
6923606_23,6923606,hpo2_%a,FAILED,1:0,gpu88,FAST,2026-04-19T22:12:22,2026-04-19T22:15:57,2026-04-19T22:16:05,8,True,tpe,cifar100,1,40,40,submitline,/mnt/storage_6/project_data/pl0844-01/hpo_project,sbatch --array=1-40%40 hpo_v2.slurm tpe cifar100 40
6923606_24,6923606,hpo2_%a,FAILED,1:0,gpu42,FAST,2026-04-19T22:12:22,2026-04-19T22:15:57,2026-04-19T22:16:09,12,True,tpe,cifar100,1,40,40,submitline,/mnt/storage_6/project_data/pl0844-01/hpo_project,sbatch --array=1-40%40 hpo_v2.slurm tpe cifar100 40
6923606_25,6923606,hpo2_%a,FAILED,1:0,gpu74,FAST,2026-04-19T22:12:22,2026-04-19T22:16:00,2026-04-19T22:16:12,12,True,tpe,cifar100,1,40,40,submitline,/mnt/storage_6/project_data/pl0844-01/hpo_project,sbatch --array=1-40%40 hpo_v2.slurm tpe cifar100 40
6923606_26,6923606,hpo2_%a,FAILED,1:0,gpu42,FAST,2026-04-19T22:12:22,2026-04-19T22:16:00,2026-04-19T22:16:12,12,True,tpe,cifar100,1,40,40,submitline,/mnt/storage_6/project_data/pl0844-01/hpo_project,sbatch --array=1-40%40 hpo_v2.slurm tpe cifar100 40
6923606_27,6923606,hpo2_%a,FAILED,1:0,gpu83,FAST,2026-04-19T22:12:22,2026-04-19T22:16:00,2026-04-19T22:16:12,12,True,tpe,cifar100,1,40,40,submitline,/mnt/storage_6/project_data/pl0844-01/hpo_project,sbatch --array=1-40%40 hpo_v2.slurm tpe cifar100 40
6923606_28,6923606,hpo2_%a,FAILED,1:0,gpu74,FAST,2026-04-19T22:12:22,2026-04-19T22:16:00,2026-04-19T22:16:12,12,True,tpe,cifar100,1,40,40,submitline,/mnt/storage_6/project_data/pl0844-01/hpo_project,sbatch --array=1-40%40 hpo_v2.slurm tpe cifar100 40
6923606_29,6923606,hpo2_%a,FAILED,1:0,gpu72,FAST,2026-04-19T22:12:22,2026-04-19T22:16:01,2026-04-19T22:16:11,10,True,tpe,cifar100,1,40,40,submitline,/mnt/storage_6/project_data/pl0844-01/hpo_project,sbatch --array=1-40%40 hpo_v2.slurm tpe cifar100 40
6923606_30,6923606,hpo2_%a,FAILED,1:0,gpu88,FAST,2026-04-19T22:12:22,2026-04-19T22:16:05,2026-04-19T22:16:18,13,True,tpe,cifar100,1,40,40,submitline,/mnt/storage_6/project_data/pl0844-01/hpo_project,sbatch --array=1-40%40 hpo_v2.slurm tpe cifar100 40
6923606_31,6923606,hpo2_%a,FAILED,1:0,gpu88,FAST,2026-04-19T22:12:22,2026-04-19T22:16:05,2026-04-19T22:16:19,14,True,tpe,cifar100,1,40,40,submitline,/mnt/storage_6/project_data/pl0844-01/hpo_project,sbatch --array=1-40%40 hpo_v2.slurm tpe cifar100 40
6923606_32,6923606,hpo2_%a,FAILED,1:0,gpu88,FAST,2026-04-19T22:12:22,2026-04-19T22:16:05,2026-04-19T22:18:32,147,False,tpe,cifar100,1,40,40,submitline,/mnt/storage_6/project_data/pl0844-01/hpo_project,sbatch --array=1-40%40 hpo_v2.slurm tpe cifar100 40
6923606_33,6923606,hpo2_%a,FAILED,1:0,gpu88,FAST,2026-04-19T22:12:22,2026-04-19T22:16:06,2026-04-19T22:16:21,15,True,tpe,cifar100,1,40,40,submitline,/mnt/storage_6/project_data/pl0844-01/hpo_project,sbatch --array=1-40%40 hpo_v2.slurm tpe cifar100 40
6923606_34,6923606,hpo2_%a,FAILED,1:0,gpu75,FAST,2026-04-19T22:12:22,2026-04-19T22:16:07,2026-04-19T22:16:19,12,True,tpe,cifar100,1,40,40,submitline,/mnt/storage_6/project_data/pl0844-01/hpo_project,sbatch --array=1-40%40 hpo_v2.slurm tpe cifar100 40
6923606_35,6923606,hpo2_%a,FAILED,1:0,gpu87,FAST,2026-04-19T22:12:22,2026-04-19T22:16:07,2026-04-19T22:16:19,12,True,tpe,cifar100,1,40,40,submitline,/mnt/storage_6/project_data/pl0844-01/hpo_project,sbatch --array=1-40%40 hpo_v2.slurm tpe cifar100 40
6923606_36,6923606,hpo2_%a,FAILED,1:0,gpu75,FAST,2026-04-19T22:12:22,2026-04-19T22:16:08,2026-04-19T22:16:20,12,True,tpe,cifar100,1,40,40,submitline,/mnt/storage_6/project_data/pl0844-01/hpo_project,sbatch --array=1-40%40 hpo_v2.slurm tpe cifar100 40
6923606_37,6923606,hpo2_%a,FAILED,1:0,gpu42,FAST,2026-04-19T22:12:22,2026-04-19T22:16:09,2026-04-19T22:16:21,12,True,tpe,cifar100,1,40,40,submitline,/mnt/storage_6/project_data/pl0844-01/hpo_project,sbatch --array=1-40%40 hpo_v2.slurm tpe cifar100 40
6923606_38,6923606,hpo2_%a,FAILED,1:0,gpu72,FAST,2026-04-19T22:12:22,2026-04-19T22:16:12,2026-04-19T22:16:25,13,True,tpe,cifar100,1,40,40,submitline,/mnt/storage_6/project_data/pl0844-01/hpo_project,sbatch --array=1-40%40 hpo_v2.slurm tpe cifar100 40
6923606_39,6923606,hpo2_%a,FAILED,1:0,gpu42,FAST,2026-04-19T22:12:22,2026-04-19T22:16:12,2026-04-19T22:16:21,9,True,tpe,cifar100,1,40,40,submitline,/mnt/storage_6/project_data/pl0844-01/hpo_project,sbatch --array=1-40%40 hpo_v2.slurm tpe cifar100 40
6923606_40,6923606,hpo2_%a,FAILED,1:0,gpu74,FAST,2026-04-19T22:12:22,2026-04-19T22:16:12,2026-04-19T22:16:26,14,True,tpe,cifar100,1,40,40,submitline,/mnt/storage_6/project_data/pl0844-01/hpo_project,sbatch --array=1-40%40 hpo_v2.slurm tpe cifar100 40
6923607_1,6923607,hpo2_%a,FAILED,1:0,gpu83,FAST,2026-04-19T22:12:22,2026-04-19T22:16:12,2026-04-19T22:18:34,142,False,hyperband,cifar100,1,40,40,submitline,/mnt/storage_6/project_data/pl0844-01/hpo_project,sbatch --array=1-40%40 hpo_v2.slurm hyperband cifar100 40
6923607_2,6923607,hpo2_%a,FAILED,1:0,gpu74,FAST,2026-04-19T22:12:22,2026-04-19T22:16:13,2026-04-19T22:18:34,141,False,hyperband,cifar100,1,40,40,submitline,/mnt/storage_6/project_data/pl0844-01/hpo_project,sbatch --array=1-40%40 hpo_v2.slurm hyperband cifar100 40
6923607_3,6923607,hpo2_%a,FAILED,1:0,gpu37,FAST,2026-04-19T22:12:22,2026-04-19T22:16:13,2026-04-19T22:18:36,143,False,hyperband,cifar100,1,40,40,submitline,/mnt/storage_6/project_data/pl0844-01/hpo_project,sbatch --array=1-40%40 hpo_v2.slurm hyperband cifar100 40
6923607_4,6923607,hpo2_%a,FAILED,1:0,gpu75,FAST,2026-04-19T22:12:22,2026-04-19T22:16:15,2026-04-19T22:18:36,141,False,hyperband,cifar100,1,40,40,submitline,/mnt/storage_6/project_data/pl0844-01/hpo_project,sbatch --array=1-40%40 hpo_v2.slurm hyperband cifar100 40
6923607_5,6923607,hpo2_%a,FAILED,1:0,gpu36,FAST,2026-04-19T22:12:22,2026-04-19T22:16:16,2026-04-19T22:18:39,143,False,hyperband,cifar100,1,40,40,submitline,/mnt/storage_6/project_data/pl0844-01/hpo_project,sbatch --array=1-40%40 hpo_v2.slurm hyperband cifar100 40
6923607_6,6923607,hpo2_%a,FAILED,1:0,gpu83,FAST,2026-04-19T22:12:22,2026-04-19T22:16:17,2026-04-19T22:18:38,141,False,hyperband,cifar100,1,40,40,submitline,/mnt/storage_6/project_data/pl0844-01/hpo_project,sbatch --array=1-40%40 hpo_v2.slurm hyperband cifar100 40
6923607_7,6923607,hpo2_%a,FAILED,1:0,gpu42,FAST,2026-04-19T22:12:22,2026-04-19T22:16:18,2026-04-19T22:18:42,144,False,hyperband,cifar100,1,40,40,submitline,/mnt/storage_6/project_data/pl0844-01/hpo_project,sbatch --array=1-40%40 hpo_v2.slurm hyperband cifar100 40
6923607_8,6923607,hpo2_%a,FAILED,1:0,gpu88,FAST,2026-04-19T22:12:22,2026-04-19T22:16:18,2026-04-19T22:18:44,146,False,hyperband,cifar100,1,40,40,submitline,/mnt/storage_6/project_data/pl0844-01/hpo_project,sbatch --array=1-40%40 hpo_v2.slurm hyperband cifar100 40
6923607_9,6923607,hpo2_%a,FAILED,1:0,gpu38,FAST,2026-04-19T22:12:22,2026-04-19T22:16:19,2026-04-19T22:18:44,145,False,hyperband,cifar100,1,40,40,submitline,/mnt/storage_6/project_data/pl0844-01/hpo_project,sbatch --array=1-40%40 hpo_v2.slurm hyperband cifar100 40
6923607_10,6923607,hpo2_%a,FAILED,1:0,gpu87,FAST,2026-04-19T22:12:22,2026-04-19T22:16:19,2026-04-19T22:18:40,141,False,hyperband,cifar100,1,40,40,submitline,/mnt/storage_6/project_data/pl0844-01/hpo_project,sbatch --array=1-40%40 hpo_v2.slurm hyperband cifar100 40
6923607_11,6923607,hpo2_%a,FAILED,1:0,gpu75,FAST,2026-04-19T22:12:22,2026-04-19T22:16:19,2026-04-19T22:18:40,141,False,hyperband,cifar100,1,40,40,submitline,/mnt/storage_6/project_data/pl0844-01/hpo_project,sbatch --array=1-40%40 hpo_v2.slurm hyperband cifar100 40
6923607_12,6923607,hpo2_%a,FAILED,1:0,gpu88,FAST,2026-04-19T22:12:22,2026-04-19T22:16:19,2026-04-19T22:18:40,141,False,hyperband,cifar100,1,40,40,submitline,/mnt/storage_6/project_data/pl0844-01/hpo_project,sbatch --array=1-40%40 hpo_v2.slurm hyperband cifar100 40
6923607_13,6923607,hpo2_%a,FAILED,1:0,gpu75,FAST,2026-04-19T22:12:22,2026-04-19T22:16:20,2026-04-19T22:18:40,140,False,hyperband,cifar100,1,40,40,submitline,/mnt/storage_6/project_data/pl0844-01/hpo_project,sbatch --array=1-40%40 hpo_v2.slurm hyperband cifar100 40
6923607_14,6923607,hpo2_%a,FAILED,1:0,gpu42,FAST,2026-04-19T22:12:22,2026-04-19T22:16:21,2026-04-19T22:18:42,141,False,hyperband,cifar100,1,40,40,submitline,/mnt/storage_6/project_data/pl0844-01/hpo_project,sbatch --array=1-40%40 hpo_v2.slurm hyperband cifar100 40
6923607_15,6923607,hpo2_%a,FAILED,1:0,gpu88,FAST,2026-04-19T22:12:22,2026-04-19T22:16:21,2026-04-19T22:18:44,143,False,hyperband,cifar100,1,40,40,submitline,/mnt/storage_6/project_data/pl0844-01/hpo_project,sbatch --array=1-40%40 hpo_v2.slurm hyperband cifar100 40
6923607_16,6923607,hpo2_%a,FAILED,1:0,gpu42,FAST,2026-04-19T22:12:22,2026-04-19T22:16:22,2026-04-19T22:18:46,144,False,hyperband,cifar100,1,40,40,submitline,/mnt/storage_6/project_data/pl0844-01/hpo_project,sbatch --array=1-40%40 hpo_v2.slurm hyperband cifar100 40
6923607_17,6923607,hpo2_%a,FAILED,1:0,gpu72,FAST,2026-04-19T22:12:22,2026-04-19T22:16:25,2026-04-19T22:18:50,145,False,hyperband,cifar100,1,40,40,submitline,/mnt/storage_6/project_data/pl0844-01/hpo_project,sbatch --array=1-40%40 hpo_v2.slurm hyperband cifar100 40
6923607_18,6923607,hpo2_%a,FAILED,1:0,gpu74,FAST,2026-04-19T22:12:22,2026-04-19T22:16:26,2026-04-19T22:18:51,145,False,hyperband,cifar100,1,40,40,submitline,/mnt/storage_6/project_data/pl0844-01/hpo_project,sbatch --array=1-40%40 hpo_v2.slurm hyperband cifar100 40
6923607_19,6923607,hpo2_%a,FAILED,1:0,gpu63,FAST,2026-04-19T22:12:22,2026-04-19T22:16:30,2026-04-19T22:18:57,147,False,hyperband,cifar100,1,40,40,submitline,/mnt/storage_6/project_data/pl0844-01/hpo_project,sbatch --array=1-40%40 hpo_v2.slurm hyperband cifar100 40
6923607_20,6923607,hpo2_%a,FAILED,1:0,gpu63,FAST,2026-04-19T22:12:22,2026-04-19T22:16:33,2026-04-19T22:18:57,144,False,hyperband,cifar100,1,40,40,submitline,/mnt/storage_6/project_data/pl0844-01/hpo_project,sbatch --array=1-40%40 hpo_v2.slurm hyperband cifar100 40
6923607_21,6923607,hpo2_%a,FAILED,1:0,gpu37,FAST,2026-04-19T22:12:22,2026-04-19T22:16:34,2026-04-19T22:18:57,143,False,hyperband,cifar100,1,40,40,submitline,/mnt/storage_6/project_data/pl0844-01/hpo_project,sbatch --array=1-40%40 hpo_v2.slurm hyperband cifar100 40
6923607_22,6923607,hpo2_%a,FAILED,1:0,gpu13,FAST,2026-04-19T22:12:22,2026-04-19T22:16:37,2026-04-19T22:19:01,144,False,hyperband,cifar100,1,40,40,submitline,/mnt/storage_6/project_data/pl0844-01/hpo_project,sbatch --array=1-40%40 hpo_v2.slurm hyperband cifar100 40
6923607_23,6923607,hpo2_%a,FAILED,1:0,gpu36,FAST,2026-04-19T22:12:22,2026-04-19T22:16:37,2026-04-19T22:18:59,142,False,hyperband,cifar100,1,40,40,submitline,/mnt/storage_6/project_data/pl0844-01/hpo_project,sbatch --array=1-40%40 hpo_v2.slurm hyperband cifar100 40
6923607_24,6923607,hpo2_%a,FAILED,1:0,gpu43,FAST,2026-04-19T22:12:22,2026-04-19T22:16:38,2026-04-19T22:19:02,144,False,hyperband,cifar100,1,40,40,submitline,/mnt/storage_6/project_data/pl0844-01/hpo_project,sbatch --array=1-40%40 hpo_v2.slurm hyperband cifar100 40
6923607_25,6923607,hpo2_%a,FAILED,1:0,gpu46,FAST,2026-04-19T22:12:22,2026-04-19T22:16:38,2026-04-19T22:19:03,145,False,hyperband,cifar100,1,40,40,submitline,/mnt/storage_6/project_data/pl0844-01/hpo_project,sbatch --array=1-40%40 hpo_v2.slurm hyperband cifar100 40
6923607_26,6923607,hpo2_%a,FAILED,1:0,gpu40,FAST,2026-04-19T22:12:22,2026-04-19T22:16:40,2026-04-19T22:19:06,146,False,hyperband,cifar100,1,40,40,submitline,/mnt/storage_6/project_data/pl0844-01/hpo_project,sbatch --array=1-40%40 hpo_v2.slurm hyperband cifar100 40
6923607_27,6923607,hpo2_%a,FAILED,1:0,gpu29,FAST,2026-04-19T22:12:22,2026-04-19T22:16:40,2026-04-19T22:19:06,146,False,hyperband,cifar100,1,40,40,submitline,/mnt/storage_6/project_data/pl0844-01/hpo_project,sbatch --array=1-40%40 hpo_v2.slurm hyperband cifar100 40
6923607_28,6923607,hpo2_%a,FAILED,1:0,gpu39,FAST,2026-04-19T22:12:22,2026-04-19T22:16:40,2026-04-19T22:19:06,146,False,hyperband,cifar100,1,40,40,submitline,/mnt/storage_6/project_data/pl0844-01/hpo_project,sbatch --array=1-40%40 hpo_v2.slurm hyperband cifar100 40
6923607_29,6923607,hpo2_%a,FAILED,1:0,gpu46,FAST,2026-04-19T22:12:22,2026-04-19T22:16:40,2026-04-19T22:19:03,143,False,hyperband,cifar100,1,40,40,submitline,/mnt/storage_6/project_data/pl0844-01/hpo_project,sbatch --array=1-40%40 hpo_v2.slurm hyperband cifar100 40
6923607_30,6923607,hpo2_%a,FAILED,1:0,gpu45,FAST,2026-04-19T22:12:22,2026-04-19T22:16:41,2026-04-19T22:19:07,146,False,hyperband,cifar100,1,40,40,submitline,/mnt/storage_6/project_data/pl0844-01/hpo_project,sbatch --array=1-40%40 hpo_v2.slurm hyperband cifar100 40
6923607_31,6923607,hpo2_%a,FAILED,1:0,gpu45,FAST,2026-04-19T22:12:22,2026-04-19T22:16:41,2026-04-19T22:19:07,146,False,hyperband,cifar100,1,40,40,submitline,/mnt/storage_6/project_data/pl0844-01/hpo_project,sbatch --array=1-40%40 hpo_v2.slurm hyperband cifar100 40
6923607_32,6923607,hpo2_%a,FAILED,1:0,gpu42,FAST,2026-04-19T22:12:22,2026-04-19T22:16:41,2026-04-19T22:19:06,145,False,hyperband,cifar100,1,40,40,submitline,/mnt/storage_6/project_data/pl0844-01/hpo_project,sbatch --array=1-40%40 hpo_v2.slurm hyperband cifar100 40
6923607_33,6923607,hpo2_%a,FAILED,1:0,gpu38,FAST,2026-04-19T22:12:22,2026-04-19T22:16:41,2026-04-19T22:19:08,147,False,hyperband,cifar100,1,40,40,submitline,/mnt/storage_6/project_data/pl0844-01/hpo_project,sbatch --array=1-40%40 hpo_v2.slurm hyperband cifar100 40
6923607_34,6923607,hpo2_%a,FAILED,1:0,gpu46,FAST,2026-04-19T22:12:22,2026-04-19T22:16:41,2026-04-19T22:19:03,142,False,hyperband,cifar100,1,40,40,submitline,/mnt/storage_6/project_data/pl0844-01/hpo_project,sbatch --array=1-40%40 hpo_v2.slurm hyperband cifar100 40
6923607_35,6923607,hpo2_%a,FAILED,1:0,gpu45,FAST,2026-04-19T22:12:22,2026-04-19T22:16:43,2026-04-19T22:19:07,144,False,hyperband,cifar100,1,40,40,submitline,/mnt/storage_6/project_data/pl0844-01/hpo_project,sbatch --array=1-40%40 hpo_v2.slurm hyperband cifar100 40
6923607_36,6923607,hpo2_%a,FAILED,1:0,gpu41,FAST,2026-04-19T22:12:22,2026-04-19T22:16:43,2026-04-19T22:19:06,143,False,hyperband,cifar100,1,40,40,submitline,/mnt/storage_6/project_data/pl0844-01/hpo_project,sbatch --array=1-40%40 hpo_v2.slurm hyperband cifar100 40
6923607_37,6923607,hpo2_%a,FAILED,1:0,gpu45,FAST,2026-04-19T22:12:22,2026-04-19T22:16:43,2026-04-19T22:19:03,140,False,hyperband,cifar100,1,40,40,submitline,/mnt/storage_6/project_data/pl0844-01/hpo_project,sbatch --array=1-40%40 hpo_v2.slurm hyperband cifar100 40
6923607_38,6923607,hpo2_%a,FAILED,1:0,gpu43,FAST,2026-04-19T22:12:22,2026-04-19T22:16:44,2026-04-19T22:19:06,142,False,hyperband,cifar100,1,40,40,submitline,/mnt/storage_6/project_data/pl0844-01/hpo_project,sbatch --array=1-40%40 hpo_v2.slurm hyperband cifar100 40
6923607_39,6923607,hpo2_%a,FAILED,1:0,gpu34,FAST,2026-04-19T22:12:22,2026-04-19T22:16:44,2026-04-19T22:19:10,146,False,hyperband,cifar100,1,40,40,submitline,/mnt/storage_6/project_data/pl0844-01/hpo_project,sbatch --array=1-40%40 hpo_v2.slurm hyperband cifar100 40
6923607_40,6923607,hpo2_%a,FAILED,1:0,gpu25,FAST,2026-04-19T22:12:22,2026-04-19T22:16:44,2026-04-19T22:19:11,147,False,hyperband,cifar100,1,40,40,submitline,/mnt/storage_6/project_data/pl0844-01/hpo_project,sbatch --array=1-40%40 hpo_v2.slurm hyperband cifar100 40
6923608_1,6923608,hpo2_%a,FAILED,1:0,gpu25,FAST,2026-04-19T22:12:22,2026-04-19T22:16:44,2026-04-19T22:16:57,13,True,cmaes,cifar10,1,40,40,submitline,/mnt/storage_6/project_data/pl0844-01/hpo_project,sbatch --array=1-40%40 hpo_v2.slurm cmaes cifar10 40
6923608_2,6923608,hpo2_%a,FAILED,1:0,gpu46,FAST,2026-04-19T22:12:22,2026-04-19T22:16:44,2026-04-19T22:16:54,10,True,cmaes,cifar10,1,40,40,submitline,/mnt/storage_6/project_data/pl0844-01/hpo_project,sbatch --array=1-40%40 hpo_v2.slurm cmaes cifar10 40
6923608_3,6923608,hpo2_%a,FAILED,1:0,gpu25,FAST,2026-04-19T22:12:22,2026-04-19T22:16:46,2026-04-19T22:16:57,11,True,cmaes,cifar10,1,40,40,submitline,/mnt/storage_6/project_data/pl0844-01/hpo_project,sbatch --array=1-40%40 hpo_v2.slurm cmaes cifar10 40
6923608_4,6923608,hpo2_%a,FAILED,1:0,gpu41,FAST,2026-04-19T22:12:22,2026-04-19T22:16:46,2026-04-19T22:16:56,10,True,cmaes,cifar10,1,40,40,submitline,/mnt/storage_6/project_data/pl0844-01/hpo_project,sbatch --array=1-40%40 hpo_v2.slurm cmaes cifar10 40
6923608_5,6923608,hpo2_%a,FAILED,1:0,gpu27,FAST,2026-04-19T22:12:22,2026-04-19T22:16:47,2026-04-19T22:16:59,12,True,cmaes,cifar10,1,40,40,submitline,/mnt/storage_6/project_data/pl0844-01/hpo_project,sbatch --array=1-40%40 hpo_v2.slurm cmaes cifar10 40
6923608_6,6923608,hpo2_%a,FAILED,1:0,gpu25,FAST,2026-04-19T22:12:22,2026-04-19T22:16:51,2026-04-19T22:17:00,9,True,cmaes,cifar10,1,40,40,submitline,/mnt/storage_6/project_data/pl0844-01/hpo_project,sbatch --array=1-40%40 hpo_v2.slurm cmaes cifar10 40
6923608_7,6923608,hpo2_%a,FAILED,1:0,gpu37,FAST,2026-04-19T22:12:22,2026-04-19T22:16:51,2026-04-19T22:17:02,11,True,cmaes,cifar10,1,40,40,submitline,/mnt/storage_6/project_data/pl0844-01/hpo_project,sbatch --array=1-40%40 hpo_v2.slurm cmaes cifar10 40
6923608_8,6923608,hpo2_%a,FAILED,1:0,gpu20,FAST,2026-04-19T22:12:22,2026-04-19T22:16:53,2026-04-19T22:17:06,13,True,cmaes,cifar10,1,40,40,submitline,/mnt/storage_6/project_data/pl0844-01/hpo_project,sbatch --array=1-40%40 hpo_v2.slurm cmaes cifar10 40
6923608_9,6923608,hpo2_%a,FAILED,1:0,gpu87,FAST,2026-04-19T22:12:22,2026-04-19T22:16:53,2026-04-19T22:17:05,12,True,cmaes,cifar10,1,40,40,submitline,/mnt/storage_6/project_data/pl0844-01/hpo_project,sbatch --array=1-40%40 hpo_v2.slurm cmaes cifar10 40
6923608_10,6923608,hpo2_%a,FAILED,1:0,gpu46,FAST,2026-04-19T22:12:22,2026-04-19T22:16:54,2026-04-19T22:17:05,11,True,cmaes,cifar10,1,40,40,submitline,/mnt/storage_6/project_data/pl0844-01/hpo_project,sbatch --array=1-40%40 hpo_v2.slurm cmaes cifar10 40
6923608_11,6923608,hpo2_%a,FAILED,1:0,gpu81,FAST,2026-04-19T22:12:22,2026-04-19T22:16:54,2026-04-19T22:17:10,16,False,cmaes,cifar10,1,40,40,submitline,/mnt/storage_6/project_data/pl0844-01/hpo_project,sbatch --array=1-40%40 hpo_v2.slurm cmaes cifar10 40
6923608_12,6923608,hpo2_%a,FAILED,1:0,gpu81,FAST,2026-04-19T22:12:22,2026-04-19T22:16:54,2026-04-19T22:17:10,16,False,cmaes,cifar10,1,40,40,submitline,/mnt/storage_6/project_data/pl0844-01/hpo_project,sbatch --array=1-40%40 hpo_v2.slurm cmaes cifar10 40
6923608_13,6923608,hpo2_%a,FAILED,1:0,gpu82,FAST,2026-04-19T22:12:22,2026-04-19T22:16:55,2026-04-19T22:17:08,13,True,cmaes,cifar10,1,40,40,submitline,/mnt/storage_6/project_data/pl0844-01/hpo_project,sbatch --array=1-40%40 hpo_v2.slurm cmaes cifar10 40
6923608_14,6923608,hpo2_%a,FAILED,1:0,gpu23,FAST,2026-04-19T22:12:22,2026-04-19T22:16:55,2026-04-19T22:17:08,13,True,cmaes,cifar10,1,40,40,submitline,/mnt/storage_6/project_data/pl0844-01/hpo_project,sbatch --array=1-40%40 hpo_v2.slurm cmaes cifar10 40
6923608_15,6923608,hpo2_%a,FAILED,1:0,gpu86,FAST,2026-04-19T22:12:22,2026-04-19T22:16:55,2026-04-19T22:17:08,13,True,cmaes,cifar10,1,40,40,submitline,/mnt/storage_6/project_data/pl0844-01/hpo_project,sbatch --array=1-40%40 hpo_v2.slurm cmaes cifar10 40
6923608_16,6923608,hpo2_%a,FAILED,1:0,gpu41,FAST,2026-04-19T22:12:22,2026-04-19T22:16:56,2026-04-19T22:17:09,13,True,cmaes,cifar10,1,40,40,submitline,/mnt/storage_6/project_data/pl0844-01/hpo_project,sbatch --array=1-40%40 hpo_v2.slurm cmaes cifar10 40
6923608_17,6923608,hpo2_%a,FAILED,1:0,gpu25,FAST,2026-04-19T22:12:22,2026-04-19T22:16:57,2026-04-19T22:17:09,12,True,cmaes,cifar10,1,40,40,submitline,/mnt/storage_6/project_data/pl0844-01/hpo_project,sbatch --array=1-40%40 hpo_v2.slurm cmaes cifar10 40
6923608_18,6923608,hpo2_%a,FAILED,1:0,gpu25,FAST,2026-04-19T22:12:22,2026-04-19T22:16:57,2026-04-19T22:17:09,12,True,cmaes,cifar10,1,40,40,submitline,/mnt/storage_6/project_data/pl0844-01/hpo_project,sbatch --array=1-40%40 hpo_v2.slurm cmaes cifar10 40
6923608_19,6923608,hpo2_%a,FAILED,1:0,gpu80,FAST,2026-04-19T22:12:22,2026-04-19T22:16:58,2026-04-19T22:17:13,15,True,cmaes,cifar10,1,40,40,submitline,/mnt/storage_6/project_data/pl0844-01/hpo_project,sbatch --array=1-40%40 hpo_v2.slurm cmaes cifar10 40
6923608_20,6923608,hpo2_%a,FAILED,1:0,gpu80,FAST,2026-04-19T22:12:22,2026-04-19T22:16:58,2026-04-19T22:17:13,15,True,cmaes,cifar10,1,40,40,submitline,/mnt/storage_6/project_data/pl0844-01/hpo_project,sbatch --array=1-40%40 hpo_v2.slurm cmaes cifar10 40
6923608_21,6923608,hpo2_%a,FAILED,1:0,gpu80,FAST,2026-04-19T22:12:22,2026-04-19T22:16:58,2026-04-19T22:17:13,15,True,cmaes,cifar10,1,40,40,submitline,/mnt/storage_6/project_data/pl0844-01/hpo_project,sbatch --array=1-40%40 hpo_v2.slurm cmaes cifar10 40
6923608_22,6923608,hpo2_%a,FAILED,1:0,gpu80,FAST,2026-04-19T22:12:22,2026-04-19T22:16:58,2026-04-19T22:17:14,16,False,cmaes,cifar10,1,40,40,submitline,/mnt/storage_6/project_data/pl0844-01/hpo_project,sbatch --array=1-40%40 hpo_v2.slurm cmaes cifar10 40
6923608_23,6923608,hpo2_%a,FAILED,1:0,gpu81,FAST,2026-04-19T22:12:22,2026-04-19T22:16:58,2026-04-19T22:17:11,13,True,cmaes,cifar10,1,40,40,submitline,/mnt/storage_6/project_data/pl0844-01/hpo_project,sbatch --array=1-40%40 hpo_v2.slurm cmaes cifar10 40
6923608_24,6923608,hpo2_%a,FAILED,1:0,gpu87,FAST,2026-04-19T22:12:22,2026-04-19T22:16:58,2026-04-19T22:17:10,12,True,cmaes,cifar10,1,40,40,submitline,/mnt/storage_6/project_data/pl0844-01/hpo_project,sbatch --array=1-40%40 hpo_v2.slurm cmaes cifar10 40
6923608_25,6923608,hpo2_%a,FAILED,1:0,gpu27,FAST,2026-04-19T22:12:22,2026-04-19T22:16:59,2026-04-19T22:17:11,12,True,cmaes,cifar10,1,40,40,submitline,/mnt/storage_6/project_data/pl0844-01/hpo_project,sbatch --array=1-40%40 hpo_v2.slurm cmaes cifar10 40
6923608_26,6923608,hpo2_%a,FAILED,1:0,gpu25,FAST,2026-04-19T22:12:22,2026-04-19T22:17:00,2026-04-19T22:17:11,11,True,cmaes,cifar10,1,40,40,submitline,/mnt/storage_6/project_data/pl0844-01/hpo_project,sbatch --array=1-40%40 hpo_v2.slurm cmaes cifar10 40
6923608_27,6923608,hpo2_%a,FAILED,1:0,gpu37,FAST,2026-04-19T22:12:22,2026-04-19T22:17:05,2026-04-19T22:17:18,13,True,cmaes,cifar10,1,40,40,submitline,/mnt/storage_6/project_data/pl0844-01/hpo_project,sbatch --array=1-40%40 hpo_v2.slurm cmaes cifar10 40
6923608_28,6923608,hpo2_%a,FAILED,1:0,gpu46,FAST,2026-04-19T22:12:22,2026-04-19T22:17:05,2026-04-19T22:17:18,13,True,cmaes,cifar10,1,40,40,submitline,/mnt/storage_6/project_data/pl0844-01/hpo_project,sbatch --array=1-40%40 hpo_v2.slurm cmaes cifar10 40
6923608_29,6923608,hpo2_%a,FAILED,1:0,gpu87,FAST,2026-04-19T22:12:22,2026-04-19T22:17:05,2026-04-19T22:17:17,12,True,cmaes,cifar10,1,40,40,submitline,/mnt/storage_6/project_data/pl0844-01/hpo_project,sbatch --array=1-40%40 hpo_v2.slurm cmaes cifar10 40
6923608_30,6923608,hpo2_%a,FAILED,1:0,gpu20,FAST,2026-04-19T22:12:22,2026-04-19T22:17:07,2026-04-19T22:17:21,14,True,cmaes,cifar10,1,40,40,submitline,/mnt/storage_6/project_data/pl0844-01/hpo_project,sbatch --array=1-40%40 hpo_v2.slurm cmaes cifar10 40
6923608_31,6923608,hpo2_%a,FAILED,1:0,gpu82,FAST,2026-04-19T22:12:22,2026-04-19T22:17:08,2026-04-19T22:17:22,14,True,cmaes,cifar10,1,40,40,submitline,/mnt/storage_6/project_data/pl0844-01/hpo_project,sbatch --array=1-40%40 hpo_v2.slurm cmaes cifar10 40
6923608_32,6923608,hpo2_%a,FAILED,1:0,gpu41,FAST,2026-04-19T22:12:22,2026-04-19T22:17:08,2026-04-19T22:17:21,13,True,cmaes,cifar10,1,40,40,submitline,/mnt/storage_6/project_data/pl0844-01/hpo_project,sbatch --array=1-40%40 hpo_v2.slurm cmaes cifar10 40
6923608_33,6923608,hpo2_%a,FAILED,1:0,gpu86,FAST,2026-04-19T22:12:22,2026-04-19T22:17:08,2026-04-19T22:17:22,14,True,cmaes,cifar10,1,40,40,submitline,/mnt/storage_6/project_data/pl0844-01/hpo_project,sbatch --array=1-40%40 hpo_v2.slurm cmaes cifar10 40
6923608_34,6923608,hpo2_%a,FAILED,1:0,gpu39,FAST,2026-04-19T22:12:22,2026-04-19T22:17:08,2026-04-19T22:17:20,12,True,cmaes,cifar10,1,40,40,submitline,/mnt/storage_6/project_data/pl0844-01/hpo_project,sbatch --array=1-40%40 hpo_v2.slurm cmaes cifar10 40
6923608_35,6923608,hpo2_%a,FAILED,1:0,gpu23,FAST,2026-04-19T22:12:22,2026-04-19T22:17:08,2026-04-19T22:17:21,13,True,cmaes,cifar10,1,40,40,submitline,/mnt/storage_6/project_data/pl0844-01/hpo_project,sbatch --array=1-40%40 hpo_v2.slurm cmaes cifar10 40
6923608_36,6923608,hpo2_%a,FAILED,1:0,gpu41,FAST,2026-04-19T22:12:22,2026-04-19T22:17:09,2026-04-19T22:17:20,11,True,cmaes,cifar10,1,40,40,submitline,/mnt/storage_6/project_data/pl0844-01/hpo_project,sbatch --array=1-40%40 hpo_v2.slurm cmaes cifar10 40
6923608_37,6923608,hpo2_%a,FAILED,1:0,gpu25,FAST,2026-04-19T22:12:22,2026-04-19T22:17:09,2026-04-19T22:17:21,12,True,cmaes,cifar10,1,40,40,submitline,/mnt/storage_6/project_data/pl0844-01/hpo_project,sbatch --array=1-40%40 hpo_v2.slurm cmaes cifar10 40
6923608_38,6923608,hpo2_%a,FAILED,1:0,gpu36,FAST,2026-04-19T22:12:22,2026-04-19T22:17:09,2026-04-19T22:17:21,12,True,cmaes,cifar10,1,40,40,submitline,/mnt/storage_6/project_data/pl0844-01/hpo_project,sbatch --array=1-40%40 hpo_v2.slurm cmaes cifar10 40
6923608_39,6923608,hpo2_%a,FAILED,1:0,gpu25,FAST,2026-04-19T22:12:22,2026-04-19T22:17:09,2026-04-19T22:17:21,12,True,cmaes,cifar10,1,40,40,submitline,/mnt/storage_6/project_data/pl0844-01/hpo_project,sbatch --array=1-40%40 hpo_v2.slurm cmaes cifar10 40
6923608_40,6923608,hpo2_%a,FAILED,1:0,gpu31,FAST,2026-04-19T22:12:22,2026-04-19T22:17:09,2026-04-19T22:17:25,16,False,cmaes,cifar10,1,40,40,submitline,/mnt/storage_6/project_data/pl0844-01/hpo_project,sbatch --array=1-40%40 hpo_v2.slurm cmaes cifar10 40
6923456_9,6923456,hpo2_%a,FAILED,1:0,gpu06,SLOW,2026-04-19T22:42:04,2026-04-19T22:52:07,2026-04-19T22:52:19,12,True,cmaes,cifar10,1,40,40,submitline,/mnt/storage_6/project_data/pl0844-01/hpo_project,sbatch --array=1-40%40 hpo_v2.slurm cmaes cifar10 40
6923456_10,6923456,hpo2_%a,FAILED,1:0,gpu06,SLOW,2026-04-19T22:42:04,2026-04-19T22:52:07,2026-04-19T22:52:19,12,True,cmaes,cifar10,1,40,40,submitline,/mnt/storage_6/project_data/pl0844-01/hpo_project,sbatch --array=1-40%40 hpo_v2.slurm cmaes cifar10 40
6923456_11,6923456,hpo2_%a,FAILED,1:0,gpu06,SLOW,2026-04-19T22:42:04,2026-04-19T22:52:07,2026-04-19T22:52:19,12,True,cmaes,cifar10,1,40,40,submitline,/mnt/storage_6/project_data/pl0844-01/hpo_project,sbatch --array=1-40%40 hpo_v2.slurm cmaes cifar10 40
6923456_12,6923456,hpo2_%a,FAILED,1:0,gpu06,SLOW,2026-04-19T22:42:04,2026-04-19T22:52:07,2026-04-19T22:52:19,12,True,cmaes,cifar10,1,40,40,submitline,/mnt/storage_6/project_data/pl0844-01/hpo_project,sbatch --array=1-40%40 hpo_v2.slurm cmaes cifar10 40
6923456_13,6923456,hpo2_%a,FAILED,1:0,gpu06,SLOW,2026-04-19T22:42:04,2026-04-19T22:52:07,2026-04-19T22:52:19,12,True,cmaes,cifar10,1,40,40,submitline,/mnt/storage_6/project_data/pl0844-01/hpo_project,sbatch --array=1-40%40 hpo_v2.slurm cmaes cifar10 40
6923456_14,6923456,hpo2_%a,FAILED,1:0,gpu06,SLOW,2026-04-19T22:42:04,2026-04-19T22:52:07,2026-04-19T22:52:19,12,True,cmaes,cifar10,1,40,40,submitline,/mnt/storage_6/project_data/pl0844-01/hpo_project,sbatch --array=1-40%40 hpo_v2.slurm cmaes cifar10 40
6923456_15,6923456,hpo2_%a,FAILED,1:0,gpu06,SLOW,2026-04-19T22:42:04,2026-04-19T22:52:07,2026-04-19T22:52:20,13,True,cmaes,cifar10,1,40,40,submitline,/mnt/storage_6/project_data/pl0844-01/hpo_project,sbatch --array=1-40%40 hpo_v2.slurm cmaes cifar10 40
6923456_16,6923456,hpo2_%a,FAILED,1:0,gpu06,SLOW,2026-04-19T22:42:04,2026-04-19T22:52:07,2026-04-19T22:52:19,12,True,cmaes,cifar10,1,40,40,submitline,/mnt/storage_6/project_data/pl0844-01/hpo_project,sbatch --array=1-40%40 hpo_v2.slurm cmaes cifar10 40
6924345_1,6924345,hpo2_%a,FAILED,1:0,gpu12,SLOW,2026-04-20T07:40:25,2026-04-20T07:40:26,2026-04-20T07:40:39,13,True,cmaes,cifar10,1,40,40,submitline,/mnt/storage_6/project_data/pl0844-01/hpo_project,sbatch --array=1-40%40 hpo_v2.slurm cmaes cifar10 40
6924345_2,6924345,hpo2_%a,FAILED,1:0,gpu12,SLOW,2026-04-20T07:40:25,2026-04-20T07:40:26,2026-04-20T07:40:39,13,True,cmaes,cifar10,1,40,40,submitline,/mnt/storage_6/project_data/pl0844-01/hpo_project,sbatch --array=1-40%40 hpo_v2.slurm cmaes cifar10 40
6924345_3,6924345,hpo2_%a,FAILED,1:0,gpu12,SLOW,2026-04-20T07:40:25,2026-04-20T07:40:26,2026-04-20T07:40:39,13,True,cmaes,cifar10,1,40,40,submitline,/mnt/storage_6/project_data/pl0844-01/hpo_project,sbatch --array=1-40%40 hpo_v2.slurm cmaes cifar10 40
6924345_4,6924345,hpo2_%a,FAILED,1:0,gpu12,SLOW,2026-04-20T07:40:25,2026-04-20T07:40:26,2026-04-20T07:40:39,13,True,cmaes,cifar10,1,40,40,submitline,/mnt/storage_6/project_data/pl0844-01/hpo_project,sbatch --array=1-40%40 hpo_v2.slurm cmaes cifar10 40
6924345_5,6924345,hpo2_%a,FAILED,1:0,gpu12,SLOW,2026-04-20T07:40:25,2026-04-20T07:40:26,2026-04-20T07:40:39,13,True,cmaes,cifar10,1,40,40,submitline,/mnt/storage_6/project_data/pl0844-01/hpo_project,sbatch --array=1-40%40 hpo_v2.slurm cmaes cifar10 40
6924345_6,6924345,hpo2_%a,FAILED,1:0,gpu12,SLOW,2026-04-20T07:40:25,2026-04-20T07:40:26,2026-04-20T07:40:39,13,True,cmaes,cifar10,1,40,40,submitline,/mnt/storage_6/project_data/pl0844-01/hpo_project,sbatch --array=1-40%40 hpo_v2.slurm cmaes cifar10 40
6924345_7,6924345,hpo2_%a,FAILED,1:0,gpu12,SLOW,2026-04-20T07:40:25,2026-04-20T07:40:26,2026-04-20T07:40:39,13,True,cmaes,cifar10,1,40,40,submitline,/mnt/storage_6/project_data/pl0844-01/hpo_project,sbatch --array=1-40%40 hpo_v2.slurm cmaes cifar10 40
6924345_8,6924345,hpo2_%a,FAILED,1:0,gpu12,SLOW,2026-04-20T07:40:25,2026-04-20T07:40:26,2026-04-20T07:40:39,13,True,cmaes,cifar10,1,40,40,submitline,/mnt/storage_6/project_data/pl0844-01/hpo_project,sbatch --array=1-40%40 hpo_v2.slurm cmaes cifar10 40
6924345_9,6924345,hpo2_%a,FAILED,1:0,gpu06,SLOW,2026-04-20T07:40:25,2026-04-20T07:52:21,2026-04-20T07:52:39,18,False,cmaes,cifar10,1,40,40,submitline,/mnt/storage_6/project_data/pl0844-01/hpo_project,sbatch --array=1-40%40 hpo_v2.slurm cmaes cifar10 40
6924345_10,6924345,hpo2_%a,FAILED,1:0,gpu06,SLOW,2026-04-20T07:40:25,2026-04-20T07:52:21,2026-04-20T07:52:39,18,False,cmaes,cifar10,1,40,40,submitline,/mnt/storage_6/project_data/pl0844-01/hpo_project,sbatch --array=1-40%40 hpo_v2.slurm cmaes cifar10 40
6924345_11,6924345,hpo2_%a,FAILED,1:0,gpu06,SLOW,2026-04-20T07:40:25,2026-04-20T07:52:21,2026-04-20T07:52:39,18,False,cmaes,cifar10,1,40,40,submitline,/mnt/storage_6/project_data/pl0844-01/hpo_project,sbatch --array=1-40%40 hpo_v2.slurm cmaes cifar10 40
6924345_12,6924345,hpo2_%a,FAILED,1:0,gpu06,SLOW,2026-04-20T07:40:25,2026-04-20T07:52:21,2026-04-20T07:52:39,18,False,cmaes,cifar10,1,40,40,submitline,/mnt/storage_6/project_data/pl0844-01/hpo_project,sbatch --array=1-40%40 hpo_v2.slurm cmaes cifar10 40
6924345_13,6924345,hpo2_%a,FAILED,1:0,gpu06,SLOW,2026-04-20T07:40:25,2026-04-20T07:52:21,2026-04-20T07:52:39,18,False,cmaes,cifar10,1,40,40,submitline,/mnt/storage_6/project_data/pl0844-01/hpo_project,sbatch --array=1-40%40 hpo_v2.slurm cmaes cifar10 40
6924345_14,6924345,hpo2_%a,FAILED,1:0,gpu06,SLOW,2026-04-20T07:40:25,2026-04-20T07:52:21,2026-04-20T07:52:39,18,False,cmaes,cifar10,1,40,40,submitline,/mnt/storage_6/project_data/pl0844-01/hpo_project,sbatch --array=1-40%40 hpo_v2.slurm cmaes cifar10 40
6924345_15,6924345,hpo2_%a,FAILED,1:0,gpu06,SLOW,2026-04-20T07:40:25,2026-04-20T07:52:21,2026-04-20T07:52:39,18,False,cmaes,cifar10,1,40,40,submitline,/mnt/storage_6/project_data/pl0844-01/hpo_project,sbatch --array=1-40%40 hpo_v2.slurm cmaes cifar10 40
6924345_16,6924345,hpo2_%a,FAILED,1:0,gpu06,SLOW,2026-04-20T07:40:25,2026-04-20T07:52:21,2026-04-20T07:52:40,19,False,cmaes,cifar10,1,40,40,submitline,/mnt/storage_6/project_data/pl0844-01/hpo_project,sbatch --array=1-40%40 hpo_v2.slurm cmaes cifar10 40
6924345_17,6924345,hpo2_%a,FAILED,1:0,gpu07,SLOW,2026-04-20T07:40:25,2026-04-20T07:49:51,2026-04-20T07:50:12,21,False,cmaes,cifar10,1,40,40,submitline,/mnt/storage_6/project_data/pl0844-01/hpo_project,sbatch --array=1-40%40 hpo_v2.slurm cmaes cifar10 40
6924345_18,6924345,hpo2_%a,FAILED,1:0,gpu07,SLOW,2026-04-20T07:40:25,2026-04-20T07:49:51,2026-04-20T07:50:12,21,False,cmaes,cifar10,1,40,40,submitline,/mnt/storage_6/project_data/pl0844-01/hpo_project,sbatch --array=1-40%40 hpo_v2.slurm cmaes cifar10 40
6924345_19,6924345,hpo2_%a,FAILED,1:0,gpu07,SLOW,2026-04-20T07:40:25,2026-04-20T07:49:51,2026-04-20T07:50:12,21,False,cmaes,cifar10,1,40,40,submitline,/mnt/storage_6/project_data/pl0844-01/hpo_project,sbatch --array=1-40%40 hpo_v2.slurm cmaes cifar10 40
6924345_20,6924345,hpo2_%a,FAILED,1:0,gpu07,SLOW,2026-04-20T07:40:25,2026-04-20T07:49:51,2026-04-20T07:50:13,22,False,cmaes,cifar10,1,40,40,submitline,/mnt/storage_6/project_data/pl0844-01/hpo_project,sbatch --array=1-40%40 hpo_v2.slurm cmaes cifar10 40
6924345_21,6924345,hpo2_%a,FAILED,1:0,gpu07,SLOW,2026-04-20T07:40:25,2026-04-20T07:49:51,2026-04-20T07:50:12,21,False,cmaes,cifar10,1,40,40,submitline,/mnt/storage_6/project_data/pl0844-01/hpo_project,sbatch --array=1-40%40 hpo_v2.slurm cmaes cifar10 40
6924345_22,6924345,hpo2_%a,FAILED,1:0,gpu07,SLOW,2026-04-20T07:40:25,2026-04-20T07:49:51,2026-04-20T07:50:12,21,False,cmaes,cifar10,1,40,40,submitline,/mnt/storage_6/project_data/pl0844-01/hpo_project,sbatch --array=1-40%40 hpo_v2.slurm cmaes cifar10 40
6924345_23,6924345,hpo2_%a,FAILED,1:0,gpu07,SLOW,2026-04-20T07:40:25,2026-04-20T07:49:51,2026-04-20T07:50:13,22,False,cmaes,cifar10,1,40,40,submitline,/mnt/storage_6/project_data/pl0844-01/hpo_project,sbatch --array=1-40%40 hpo_v2.slurm cmaes cifar10 40
6924345_24,6924345,hpo2_%a,FAILED,1:0,gpu07,SLOW,2026-04-20T07:40:25,2026-04-20T07:49:51,2026-04-20T07:50:13,22,False,cmaes,cifar10,1,40,40,submitline,/mnt/storage_6/project_data/pl0844-01/hpo_project,sbatch --array=1-40%40 hpo_v2.slurm cmaes cifar10 40
6924345_25,6924345,hpo2_%a,FAILED,1:0,gpu08,SLOW,2026-04-20T07:40:25,2026-04-20T07:49:51,2026-04-20T07:50:14,23,False,cmaes,cifar10,1,40,40,submitline,/mnt/storage_6/project_data/pl0844-01/hpo_project,sbatch --array=1-40%40 hpo_v2.slurm cmaes cifar10 40
6924345_26,6924345,hpo2_%a,FAILED,1:0,gpu08,SLOW,2026-04-20T07:40:25,2026-04-20T07:49:51,2026-04-20T07:50:13,22,False,cmaes,cifar10,1,40,40,submitline,/mnt/storage_6/project_data/pl0844-01/hpo_project,sbatch --array=1-40%40 hpo_v2.slurm cmaes cifar10 40
6924345_27,6924345,hpo2_%a,FAILED,1:0,gpu08,SLOW,2026-04-20T07:40:25,2026-04-20T07:49:51,2026-04-20T07:50:13,22,False,cmaes,cifar10,1,40,40,submitline,/mnt/storage_6/project_data/pl0844-01/hpo_project,sbatch --array=1-40%40 hpo_v2.slurm cmaes cifar10 40
6924345_28,6924345,hpo2_%a,FAILED,1:0,gpu08,SLOW,2026-04-20T07:40:25,2026-04-20T07:49:51,2026-04-20T07:50:13,22,False,cmaes,cifar10,1,40,40,submitline,/mnt/storage_6/project_data/pl0844-01/hpo_project,sbatch --array=1-40%40 hpo_v2.slurm cmaes cifar10 40
6924345_29,6924345,hpo2_%a,FAILED,1:0,gpu08,SLOW,2026-04-20T07:40:25,2026-04-20T07:49:51,2026-04-20T07:50:12,21,False,cmaes,cifar10,1,40,40,submitline,/mnt/storage_6/project_data/pl0844-01/hpo_project,sbatch --array=1-40%40 hpo_v2.slurm cmaes cifar10 40
6924345_30,6924345,hpo2_%a,FAILED,1:0,gpu08,SLOW,2026-04-20T07:40:25,2026-04-20T07:49:51,2026-04-20T07:50:12,21,False,cmaes,cifar10,1,40,40,submitline,/mnt/storage_6/project_data/pl0844-01/hpo_project,sbatch --array=1-40%40 hpo_v2.slurm cmaes cifar10 40
6924345_31,6924345,hpo2_%a,FAILED,1:0,gpu08,SLOW,2026-04-20T07:40:25,2026-04-20T07:49:51,2026-04-20T07:50:14,23,False,cmaes,cifar10,1,40,40,submitline,/mnt/storage_6/project_data/pl0844-01/hpo_project,sbatch --array=1-40%40 hpo_v2.slurm cmaes cifar10 40
6924345_32,6924345,hpo2_%a,FAILED,1:0,gpu08,SLOW,2026-04-20T07:40:25,2026-04-20T07:49:51,2026-04-20T07:50:14,23,False,cmaes,cifar10,1,40,40,submitline,/mnt/storage_6/project_data/pl0844-01/hpo_project,sbatch --array=1-40%40 hpo_v2.slurm cmaes cifar10 40
6924345_33,6924345,hpo2_%a,FAILED,1:0,gpu09,SLOW,2026-04-20T07:40:25,2026-04-20T07:49:51,2026-04-20T07:50:12,21,False,cmaes,cifar10,1,40,40,submitline,/mnt/storage_6/project_data/pl0844-01/hpo_project,sbatch --array=1-40%40 hpo_v2.slurm cmaes cifar10 40
6924345_34,6924345,hpo2_%a,FAILED,1:0,gpu09,SLOW,2026-04-20T07:40:25,2026-04-20T07:49:51,2026-04-20T07:50:11,20,False,cmaes,cifar10,1,40,40,submitline,/mnt/storage_6/project_data/pl0844-01/hpo_project,sbatch --array=1-40%40 hpo_v2.slurm cmaes cifar10 40
6924345_35,6924345,hpo2_%a,FAILED,1:0,gpu09,SLOW,2026-04-20T07:40:25,2026-04-20T07:49:51,2026-04-20T07:50:11,20,False,cmaes,cifar10,1,40,40,submitline,/mnt/storage_6/project_data/pl0844-01/hpo_project,sbatch --array=1-40%40 hpo_v2.slurm cmaes cifar10 40
6924345_36,6924345,hpo2_%a,FAILED,1:0,gpu09,SLOW,2026-04-20T07:40:25,2026-04-20T07:49:51,2026-04-20T07:50:12,21,False,cmaes,cifar10,1,40,40,submitline,/mnt/storage_6/project_data/pl0844-01/hpo_project,sbatch --array=1-40%40 hpo_v2.slurm cmaes cifar10 40
6924345_37,6924345,hpo2_%a,FAILED,1:0,gpu09,SLOW,2026-04-20T07:40:25,2026-04-20T07:49:51,2026-04-20T07:50:11,20,False,cmaes,cifar10,1,40,40,submitline,/mnt/storage_6/project_data/pl0844-01/hpo_project,sbatch --array=1-40%40 hpo_v2.slurm cmaes cifar10 40
6924345_38,6924345,hpo2_%a,FAILED,1:0,gpu09,SLOW,2026-04-20T07:40:25,2026-04-20T07:49:51,2026-04-20T07:50:11,20,False,cmaes,cifar10,1,40,40,submitline,/mnt/storage_6/project_data/pl0844-01/hpo_project,sbatch --array=1-40%40 hpo_v2.slurm cmaes cifar10 40
6924345_39,6924345,hpo2_%a,FAILED,1:0,gpu09,SLOW,2026-04-20T07:40:25,2026-04-20T07:49:51,2026-04-20T07:50:14,23,False,cmaes,cifar10,1,40,40,submitline,/mnt/storage_6/project_data/pl0844-01/hpo_project,sbatch --array=1-40%40 hpo_v2.slurm cmaes cifar10 40
6924345_40,6924345,hpo2_%a,FAILED,1:0,gpu09,SLOW,2026-04-20T07:40:25,2026-04-20T07:49:51,2026-04-20T07:50:13,22,False,cmaes,cifar10,1,40,40,submitline,/mnt/storage_6/project_data/pl0844-01/hpo_project,sbatch --array=1-40%40 hpo_v2.slurm cmaes cifar10 40
6924346_1,6924346,hpo2_%a,FAILED,1:0,gpu10,SLOW,2026-04-20T07:40:25,2026-04-20T07:49:51,2026-04-20T07:50:11,20,False,tpe,cifar100,1,40,40,submitline,/mnt/storage_6/project_data/pl0844-01/hpo_project,sbatch --array=1-40%40 hpo_v2.slurm tpe cifar100 40
6924346_2,6924346,hpo2_%a,FAILED,1:0,gpu10,SLOW,2026-04-20T07:40:25,2026-04-20T07:49:51,2026-04-20T07:50:11,20,False,tpe,cifar100,1,40,40,submitline,/mnt/storage_6/project_data/pl0844-01/hpo_project,sbatch --array=1-40%40 hpo_v2.slurm tpe cifar100 40
6924346_3,6924346,hpo2_%a,FAILED,1:0,gpu10,SLOW,2026-04-20T07:40:25,2026-04-20T07:49:51,2026-04-20T07:50:11,20,False,tpe,cifar100,1,40,40,submitline,/mnt/storage_6/project_data/pl0844-01/hpo_project,sbatch --array=1-40%40 hpo_v2.slurm tpe cifar100 40
6924346_4,6924346,hpo2_%a,FAILED,1:0,gpu10,SLOW,2026-04-20T07:40:25,2026-04-20T07:49:51,2026-04-20T07:50:11,20,False,tpe,cifar100,1,40,40,submitline,/mnt/storage_6/project_data/pl0844-01/hpo_project,sbatch --array=1-40%40 hpo_v2.slurm tpe cifar100 40
6924346_5,6924346,hpo2_%a,FAILED,1:0,gpu10,SLOW,2026-04-20T07:40:25,2026-04-20T07:49:51,2026-04-20T07:50:11,20,False,tpe,cifar100,1,40,40,submitline,/mnt/storage_6/project_data/pl0844-01/hpo_project,sbatch --array=1-40%40 hpo_v2.slurm tpe cifar100 40
6924346_6,6924346,hpo2_%a,FAILED,1:0,gpu10,SLOW,2026-04-20T07:40:25,2026-04-20T07:49:51,2026-04-20T07:50:11,20,False,tpe,cifar100,1,40,40,submitline,/mnt/storage_6/project_data/pl0844-01/hpo_project,sbatch --array=1-40%40 hpo_v2.slurm tpe cifar100 40
6924346_7,6924346,hpo2_%a,FAILED,1:0,gpu10,SLOW,2026-04-20T07:40:25,2026-04-20T07:49:51,2026-04-20T07:50:11,20,False,tpe,cifar100,1,40,40,submitline,/mnt/storage_6/project_data/pl0844-01/hpo_project,sbatch --array=1-40%40 hpo_v2.slurm tpe cifar100 40
6924346_8,6924346,hpo2_%a,FAILED,1:0,gpu10,SLOW,2026-04-20T07:40:25,2026-04-20T07:49:51,2026-04-20T07:50:11,20,False,tpe,cifar100,1,40,40,submitline,/mnt/storage_6/project_data/pl0844-01/hpo_project,sbatch --array=1-40%40 hpo_v2.slurm tpe cifar100 40
6924346_9,6924346,hpo2_%a,FAILED,1:0,gpu11,SLOW,2026-04-20T07:40:25,2026-04-20T07:49:51,2026-04-20T07:50:12,21,False,tpe,cifar100,1,40,40,submitline,/mnt/storage_6/project_data/pl0844-01/hpo_project,sbatch --array=1-40%40 hpo_v2.slurm tpe cifar100 40
6924346_10,6924346,hpo2_%a,FAILED,1:0,gpu11,SLOW,2026-04-20T07:40:25,2026-04-20T07:49:51,2026-04-20T07:50:12,21,False,tpe,cifar100,1,40,40,submitline,/mnt/storage_6/project_data/pl0844-01/hpo_project,sbatch --array=1-40%40 hpo_v2.slurm tpe cifar100 40
6924346_11,6924346,hpo2_%a,FAILED,1:0,gpu11,SLOW,2026-04-20T07:40:25,2026-04-20T07:49:51,2026-04-20T07:50:12,21,False,tpe,cifar100,1,40,40,submitline,/mnt/storage_6/project_data/pl0844-01/hpo_project,sbatch --array=1-40%40 hpo_v2.slurm tpe cifar100 40
6924346_12,6924346,hpo2_%a,FAILED,1:0,gpu11,SLOW,2026-04-20T07:40:25,2026-04-20T07:49:51,2026-04-20T07:50:12,21,False,tpe,cifar100,1,40,40,submitline,/mnt/storage_6/project_data/pl0844-01/hpo_project,sbatch --array=1-40%40 hpo_v2.slurm tpe cifar100 40
6924346_13,6924346,hpo2_%a,FAILED,1:0,gpu11,SLOW,2026-04-20T07:40:25,2026-04-20T07:49:51,2026-04-20T07:50:12,21,False,tpe,cifar100,1,40,40,submitline,/mnt/storage_6/project_data/pl0844-01/hpo_project,sbatch --array=1-40%40 hpo_v2.slurm tpe cifar100 40
6924346_14,6924346,hpo2_%a,FAILED,1:0,gpu11,SLOW,2026-04-20T07:40:25,2026-04-20T07:49:51,2026-04-20T07:50:12,21,False,tpe,cifar100,1,40,40,submitline,/mnt/storage_6/project_data/pl0844-01/hpo_project,sbatch --array=1-40%40 hpo_v2.slurm tpe cifar100 40
6924346_15,6924346,hpo2_%a,FAILED,1:0,gpu11,SLOW,2026-04-20T07:40:25,2026-04-20T07:49:51,2026-04-20T07:50:12,21,False,tpe,cifar100,1,40,40,submitline,/mnt/storage_6/project_data/pl0844-01/hpo_project,sbatch --array=1-40%40 hpo_v2.slurm tpe cifar100 40
6924346_16,6924346,hpo2_%a,FAILED,1:0,gpu11,SLOW,2026-04-20T07:40:25,2026-04-20T07:49:51,2026-04-20T07:50:12,21,False,tpe,cifar100,1,40,40,submitline,/mnt/storage_6/project_data/pl0844-01/hpo_project,sbatch --array=1-40%40 hpo_v2.slurm tpe cifar100 40
6924346_17,6924346,hpo2_%a,FAILED,1:0,gpu37,FAST,2026-04-20T07:40:25,2026-04-20T07:40:26,2026-04-20T07:40:41,15,True,tpe,cifar100,1,40,40,submitline,/mnt/storage_6/project_data/pl0844-01/hpo_project,sbatch --array=1-40%40 hpo_v2.slurm tpe cifar100 40
6924346_18,6924346,hpo2_%a,FAILED,1:0,gpu37,FAST,2026-04-20T07:40:25,2026-04-20T07:40:26,2026-04-20T07:40:41,15,True,tpe,cifar100,1,40,40,submitline,/mnt/storage_6/project_data/pl0844-01/hpo_project,sbatch --array=1-40%40 hpo_v2.slurm tpe cifar100 40
6924346_19,6924346,hpo2_%a,FAILED,1:0,gpu37,FAST,2026-04-20T07:40:25,2026-04-20T07:40:26,2026-04-20T07:40:41,15,True,tpe,cifar100,1,40,40,submitline,/mnt/storage_6/project_data/pl0844-01/hpo_project,sbatch --array=1-40%40 hpo_v2.slurm tpe cifar100 40
6924346_20,6924346,hpo2_%a,FAILED,1:0,gpu39,FAST,2026-04-20T07:40:25,2026-04-20T07:40:26,2026-04-20T07:40:40,14,True,tpe,cifar100,1,40,40,submitline,/mnt/storage_6/project_data/pl0844-01/hpo_project,sbatch --array=1-40%40 hpo_v2.slurm tpe cifar100 40
6924346_21,6924346,hpo2_%a,FAILED,1:0,gpu39,FAST,2026-04-20T07:40:25,2026-04-20T07:40:26,2026-04-20T07:40:41,15,True,tpe,cifar100,1,40,40,submitline,/mnt/storage_6/project_data/pl0844-01/hpo_project,sbatch --array=1-40%40 hpo_v2.slurm tpe cifar100 40
6924346_22,6924346,hpo2_%a,FAILED,1:0,gpu39,FAST,2026-04-20T07:40:25,2026-04-20T07:40:26,2026-04-20T07:40:41,15,True,tpe,cifar100,1,40,40,submitline,/mnt/storage_6/project_data/pl0844-01/hpo_project,sbatch --array=1-40%40 hpo_v2.slurm tpe cifar100 40
6924346_23,6924346,hpo2_%a,FAILED,1:0,gpu39,FAST,2026-04-20T07:40:25,2026-04-20T07:40:26,2026-04-20T07:40:41,15,True,tpe,cifar100,1,40,40,submitline,/mnt/storage_6/project_data/pl0844-01/hpo_project,sbatch --array=1-40%40 hpo_v2.slurm tpe cifar100 40
6924346_24,6924346,hpo2_%a,FAILED,1:0,gpu40,FAST,2026-04-20T07:40:25,2026-04-20T07:40:26,2026-04-20T07:40:42,16,False,tpe,cifar100,1,40,40,submitline,/mnt/storage_6/project_data/pl0844-01/hpo_project,sbatch --array=1-40%40 hpo_v2.slurm tpe cifar100 40
6924346_25,6924346,hpo2_%a,FAILED,1:0,gpu40,FAST,2026-04-20T07:40:25,2026-04-20T07:40:26,2026-04-20T07:40:43,17,False,tpe,cifar100,1,40,40,submitline,/mnt/storage_6/project_data/pl0844-01/hpo_project,sbatch --array=1-40%40 hpo_v2.slurm tpe cifar100 40
6924346_26,6924346,hpo2_%a,FAILED,1:0,gpu40,FAST,2026-04-20T07:40:25,2026-04-20T07:40:26,2026-04-20T07:40:42,16,False,tpe,cifar100,1,40,40,submitline,/mnt/storage_6/project_data/pl0844-01/hpo_project,sbatch --array=1-40%40 hpo_v2.slurm tpe cifar100 40
6924346_27,6924346,hpo2_%a,FAILED,1:0,gpu40,FAST,2026-04-20T07:40:25,2026-04-20T07:40:26,2026-04-20T07:40:42,16,False,tpe,cifar100,1,40,40,submitline,/mnt/storage_6/project_data/pl0844-01/hpo_project,sbatch --array=1-40%40 hpo_v2.slurm tpe cifar100 40
6924346_28,6924346,hpo2_%a,FAILED,1:0,gpu41,FAST,2026-04-20T07:40:25,2026-04-20T07:40:26,2026-04-20T07:40:41,15,True,tpe,cifar100,1,40,40,submitline,/mnt/storage_6/project_data/pl0844-01/hpo_project,sbatch --array=1-40%40 hpo_v2.slurm tpe cifar100 40
6924346_29,6924346,hpo2_%a,FAILED,1:0,gpu41,FAST,2026-04-20T07:40:25,2026-04-20T07:40:26,2026-04-20T07:40:39,13,True,tpe,cifar100,1,40,40,submitline,/mnt/storage_6/project_data/pl0844-01/hpo_project,sbatch --array=1-40%40 hpo_v2.slurm tpe cifar100 40
6924346_30,6924346,hpo2_%a,FAILED,1:0,gpu41,FAST,2026-04-20T07:40:25,2026-04-20T07:40:26,2026-04-20T07:40:40,14,True,tpe,cifar100,1,40,40,submitline,/mnt/storage_6/project_data/pl0844-01/hpo_project,sbatch --array=1-40%40 hpo_v2.slurm tpe cifar100 40
6924346_31,6924346,hpo2_%a,FAILED,1:0,gpu41,FAST,2026-04-20T07:40:25,2026-04-20T07:40:26,2026-04-20T07:40:41,15,True,tpe,cifar100,1,40,40,submitline,/mnt/storage_6/project_data/pl0844-01/hpo_project,sbatch --array=1-40%40 hpo_v2.slurm tpe cifar100 40
6924346_32,6924346,hpo2_%a,FAILED,1:0,gpu42,FAST,2026-04-20T07:40:25,2026-04-20T07:40:26,2026-04-20T07:40:42,16,False,tpe,cifar100,1,40,40,submitline,/mnt/storage_6/project_data/pl0844-01/hpo_project,sbatch --array=1-40%40 hpo_v2.slurm tpe cifar100 40
6924346_33,6924346,hpo2_%a,FAILED,1:0,gpu42,FAST,2026-04-20T07:40:25,2026-04-20T07:40:26,2026-04-20T07:40:41,15,True,tpe,cifar100,1,40,40,submitline,/mnt/storage_6/project_data/pl0844-01/hpo_project,sbatch --array=1-40%40 hpo_v2.slurm tpe cifar100 40
6924346_34,6924346,hpo2_%a,FAILED,1:0,gpu42,FAST,2026-04-20T07:40:25,2026-04-20T07:40:26,2026-04-20T07:40:42,16,False,tpe,cifar100,1,40,40,submitline,/mnt/storage_6/project_data/pl0844-01/hpo_project,sbatch --array=1-40%40 hpo_v2.slurm tpe cifar100 40
6924346_35,6924346,hpo2_%a,FAILED,1:0,gpu42,FAST,2026-04-20T07:40:25,2026-04-20T07:40:26,2026-04-20T07:40:41,15,True,tpe,cifar100,1,40,40,submitline,/mnt/storage_6/project_data/pl0844-01/hpo_project,sbatch --array=1-40%40 hpo_v2.slurm tpe cifar100 40
6924346_36,6924346,hpo2_%a,FAILED,1:0,gpu45,FAST,2026-04-20T07:40:25,2026-04-20T07:40:26,2026-04-20T07:40:41,15,True,tpe,cifar100,1,40,40,submitline,/mnt/storage_6/project_data/pl0844-01/hpo_project,sbatch --array=1-40%40 hpo_v2.slurm tpe cifar100 40
6924346_37,6924346,hpo2_%a,FAILED,1:0,gpu45,FAST,2026-04-20T07:40:25,2026-04-20T07:40:26,2026-04-20T07:40:41,15,True,tpe,cifar100,1,40,40,submitline,/mnt/storage_6/project_data/pl0844-01/hpo_project,sbatch --array=1-40%40 hpo_v2.slurm tpe cifar100 40
6924346_38,6924346,hpo2_%a,FAILED,1:0,gpu45,FAST,2026-04-20T07:40:25,2026-04-20T07:40:26,2026-04-20T07:40:41,15,True,tpe,cifar100,1,40,40,submitline,/mnt/storage_6/project_data/pl0844-01/hpo_project,sbatch --array=1-40%40 hpo_v2.slurm tpe cifar100 40
6924346_39,6924346,hpo2_%a,FAILED,1:0,gpu45,FAST,2026-04-20T07:40:25,2026-04-20T07:40:26,2026-04-20T07:40:42,16,False,tpe,cifar100,1,40,40,submitline,/mnt/storage_6/project_data/pl0844-01/hpo_project,sbatch --array=1-40%40 hpo_v2.slurm tpe cifar100 40
6924346_40,6924346,hpo2_%a,FAILED,1:0,gpu46,FAST,2026-04-20T07:40:25,2026-04-20T07:40:26,2026-04-20T07:40:41,15,True,tpe,cifar100,1,40,40,submitline,/mnt/storage_6/project_data/pl0844-01/hpo_project,sbatch --array=1-40%40 hpo_v2.slurm tpe cifar100 40
6924347_1,6924347,hpo2_%a,FAILED,1:0,gpu46,FAST,2026-04-20T07:40:25,2026-04-20T07:40:26,2026-04-20T07:41:45,79,False,hyperband,cifar100,1,40,40,submitline,/mnt/storage_6/project_data/pl0844-01/hpo_project,sbatch --array=1-40%40 hpo_v2.slurm hyperband cifar100 40
6924347_2,6924347,hpo2_%a,FAILED,1:0,gpu46,FAST,2026-04-20T07:40:25,2026-04-20T07:40:26,2026-04-20T07:41:46,80,False,hyperband,cifar100,1,40,40,submitline,/mnt/storage_6/project_data/pl0844-01/hpo_project,sbatch --array=1-40%40 hpo_v2.slurm hyperband cifar100 40
6924347_3,6924347,hpo2_%a,FAILED,1:0,gpu46,FAST,2026-04-20T07:40:25,2026-04-20T07:40:26,2026-04-20T07:41:41,75,False,hyperband,cifar100,1,40,40,submitline,/mnt/storage_6/project_data/pl0844-01/hpo_project,sbatch --array=1-40%40 hpo_v2.slurm hyperband cifar100 40
6924347_4,6924347,hpo2_%a,FAILED,1:0,gpu63,FAST,2026-04-20T07:40:25,2026-04-20T07:40:26,2026-04-20T07:41:40,74,False,hyperband,cifar100,1,40,40,submitline,/mnt/storage_6/project_data/pl0844-01/hpo_project,sbatch --array=1-40%40 hpo_v2.slurm hyperband cifar100 40
6924347_5,6924347,hpo2_%a,FAILED,1:0,gpu63,FAST,2026-04-20T07:40:25,2026-04-20T07:40:26,2026-04-20T07:41:42,76,False,hyperband,cifar100,1,40,40,submitline,/mnt/storage_6/project_data/pl0844-01/hpo_project,sbatch --array=1-40%40 hpo_v2.slurm hyperband cifar100 40
6924347_6,6924347,hpo2_%a,FAILED,1:0,gpu63,FAST,2026-04-20T07:40:25,2026-04-20T07:40:26,2026-04-20T07:41:42,76,False,hyperband,cifar100,1,40,40,submitline,/mnt/storage_6/project_data/pl0844-01/hpo_project,sbatch --array=1-40%40 hpo_v2.slurm hyperband cifar100 40
6924347_7,6924347,hpo2_%a,FAILED,1:0,gpu63,FAST,2026-04-20T07:40:25,2026-04-20T07:40:26,2026-04-20T07:41:38,72,False,hyperband,cifar100,1,40,40,submitline,/mnt/storage_6/project_data/pl0844-01/hpo_project,sbatch --array=1-40%40 hpo_v2.slurm hyperband cifar100 40
6924347_8,6924347,hpo2_%a,FAILED,1:0,gpu64,FAST,2026-04-20T07:40:25,2026-04-20T07:40:26,2026-04-20T07:44:00,214,False,hyperband,cifar100,1,40,40,submitline,/mnt/storage_6/project_data/pl0844-01/hpo_project,sbatch --array=1-40%40 hpo_v2.slurm hyperband cifar100 40
6924347_9,6924347,hpo2_%a,FAILED,1:0,gpu64,FAST,2026-04-20T07:40:25,2026-04-20T07:40:26,2026-04-20T07:41:41,75,False,hyperband,cifar100,1,40,40,submitline,/mnt/storage_6/project_data/pl0844-01/hpo_project,sbatch --array=1-40%40 hpo_v2.slurm hyperband cifar100 40
6924347_10,6924347,hpo2_%a,FAILED,1:0,gpu64,FAST,2026-04-20T07:40:25,2026-04-20T07:40:26,2026-04-20T07:41:41,75,False,hyperband,cifar100,1,40,40,submitline,/mnt/storage_6/project_data/pl0844-01/hpo_project,sbatch --array=1-40%40 hpo_v2.slurm hyperband cifar100 40
6924347_11,6924347,hpo2_%a,FAILED,1:0,gpu64,FAST,2026-04-20T07:40:25,2026-04-20T07:40:26,2026-04-20T07:41:39,73,False,hyperband,cifar100,1,40,40,submitline,/mnt/storage_6/project_data/pl0844-01/hpo_project,sbatch --array=1-40%40 hpo_v2.slurm hyperband cifar100 40
6924347_12,6924347,hpo2_%a,FAILED,1:0,gpu66,FAST,2026-04-20T07:40:25,2026-04-20T07:40:26,2026-04-20T07:44:05,219,False,hyperband,cifar100,1,40,40,submitline,/mnt/storage_6/project_data/pl0844-01/hpo_project,sbatch --array=1-40%40 hpo_v2.slurm hyperband cifar100 40
6924347_13,6924347,hpo2_%a,FAILED,1:0,gpu66,FAST,2026-04-20T07:40:25,2026-04-20T07:40:39,2026-04-20T07:41:41,62,False,hyperband,cifar100,1,40,40,submitline,/mnt/storage_6/project_data/pl0844-01/hpo_project,sbatch --array=1-40%40 hpo_v2.slurm hyperband cifar100 40
6924347_14,6924347,hpo2_%a,FAILED,1:0,gpu66,FAST,2026-04-20T07:40:25,2026-04-20T07:40:39,2026-04-20T07:40:58,19,False,hyperband,cifar100,1,40,40,submitline,/mnt/storage_6/project_data/pl0844-01/hpo_project,sbatch --array=1-40%40 hpo_v2.slurm hyperband cifar100 40
6924347_15,6924347,hpo2_%a,FAILED,1:0,gpu66,FAST,2026-04-20T07:40:25,2026-04-20T07:40:39,2026-04-20T07:41:40,61,False,hyperband,cifar100,1,40,40,submitline,/mnt/storage_6/project_data/pl0844-01/hpo_project,sbatch --array=1-40%40 hpo_v2.slurm hyperband cifar100 40
6924347_16,6924347,hpo2_%a,FAILED,1:0,gpu71,FAST,2026-04-20T07:40:25,2026-04-20T07:40:39,2026-04-20T07:41:42,63,False,hyperband,cifar100,1,40,40,submitline,/mnt/storage_6/project_data/pl0844-01/hpo_project,sbatch --array=1-40%40 hpo_v2.slurm hyperband cifar100 40
6924347_17,6924347,hpo2_%a,FAILED,1:0,gpu71,FAST,2026-04-20T07:40:25,2026-04-20T07:40:39,2026-04-20T07:41:44,65,False,hyperband,cifar100,1,40,40,submitline,/mnt/storage_6/project_data/pl0844-01/hpo_project,sbatch --array=1-40%40 hpo_v2.slurm hyperband cifar100 40
6924347_18,6924347,hpo2_%a,FAILED,1:0,gpu71,FAST,2026-04-20T07:40:25,2026-04-20T07:40:39,2026-04-20T07:41:42,63,False,hyperband,cifar100,1,40,40,submitline,/mnt/storage_6/project_data/pl0844-01/hpo_project,sbatch --array=1-40%40 hpo_v2.slurm hyperband cifar100 40
6924347_19,6924347,hpo2_%a,FAILED,1:0,gpu71,FAST,2026-04-20T07:40:25,2026-04-20T07:40:39,2026-04-20T07:40:58,19,False,hyperband,cifar100,1,40,40,submitline,/mnt/storage_6/project_data/pl0844-01/hpo_project,sbatch --array=1-40%40 hpo_v2.slurm hyperband cifar100 40
6924347_20,6924347,hpo2_%a,FAILED,1:0,gpu72,FAST,2026-04-20T07:40:25,2026-04-20T07:40:39,2026-04-20T07:40:58,19,False,hyperband,cifar100,1,40,40,submitline,/mnt/storage_6/project_data/pl0844-01/hpo_project,sbatch --array=1-40%40 hpo_v2.slurm hyperband cifar100 40
6924347_21,6924347,hpo2_%a,FAILED,1:0,gpu72,FAST,2026-04-20T07:40:25,2026-04-20T07:40:39,2026-04-20T07:40:58,19,False,hyperband,cifar100,1,40,40,submitline,/mnt/storage_6/project_data/pl0844-01/hpo_project,sbatch --array=1-40%40 hpo_v2.slurm hyperband cifar100 40
6924347_22,6924347,hpo2_%a,FAILED,1:0,gpu72,FAST,2026-04-20T07:40:25,2026-04-20T07:40:39,2026-04-20T07:41:45,66,False,hyperband,cifar100,1,40,40,submitline,/mnt/storage_6/project_data/pl0844-01/hpo_project,sbatch --array=1-40%40 hpo_v2.slurm hyperband cifar100 40
6924347_23,6924347,hpo2_%a,FAILED,1:0,gpu72,FAST,2026-04-20T07:40:25,2026-04-20T07:40:39,2026-04-20T07:41:43,64,False,hyperband,cifar100,1,40,40,submitline,/mnt/storage_6/project_data/pl0844-01/hpo_project,sbatch --array=1-40%40 hpo_v2.slurm hyperband cifar100 40
6924347_24,6924347,hpo2_%a,FAILED,1:0,gpu73,FAST,2026-04-20T07:40:25,2026-04-20T07:40:39,2026-04-20T07:40:58,19,False,hyperband,cifar100,1,40,40,submitline,/mnt/storage_6/project_data/pl0844-01/hpo_project,sbatch --array=1-40%40 hpo_v2.slurm hyperband cifar100 40
6924347_25,6924347,hpo2_%a,FAILED,1:0,gpu73,FAST,2026-04-20T07:40:25,2026-04-20T07:40:39,2026-04-20T07:40:58,19,False,hyperband,cifar100,1,40,40,submitline,/mnt/storage_6/project_data/pl0844-01/hpo_project,sbatch --array=1-40%40 hpo_v2.slurm hyperband cifar100 40
6924347_26,6924347,hpo2_%a,FAILED,1:0,gpu73,FAST,2026-04-20T07:40:25,2026-04-20T07:40:39,2026-04-20T07:40:58,19,False,hyperband,cifar100,1,40,40,submitline,/mnt/storage_6/project_data/pl0844-01/hpo_project,sbatch --array=1-40%40 hpo_v2.slurm hyperband cifar100 40
6924347_27,6924347,hpo2_%a,FAILED,1:0,gpu73,FAST,2026-04-20T07:40:25,2026-04-20T07:40:39,2026-04-20T07:41:45,66,False,hyperband,cifar100,1,40,40,submitline,/mnt/storage_6/project_data/pl0844-01/hpo_project,sbatch --array=1-40%40 hpo_v2.slurm hyperband cifar100 40
6924347_28,6924347,hpo2_%a,FAILED,1:0,gpu74,FAST,2026-04-20T07:40:25,2026-04-20T07:40:39,2026-04-20T07:40:58,19,False,hyperband,cifar100,1,40,40,submitline,/mnt/storage_6/project_data/pl0844-01/hpo_project,sbatch --array=1-40%40 hpo_v2.slurm hyperband cifar100 40
6924347_29,6924347,hpo2_%a,FAILED,1:0,gpu74,FAST,2026-04-20T07:40:25,2026-04-20T07:40:39,2026-04-20T07:40:58,19,False,hyperband,cifar100,1,40,40,submitline,/mnt/storage_6/project_data/pl0844-01/hpo_project,sbatch --array=1-40%40 hpo_v2.slurm hyperband cifar100 40
6924347_30,6924347,hpo2_%a,FAILED,1:0,gpu74,FAST,2026-04-20T07:40:25,2026-04-20T07:40:39,2026-04-20T07:40:58,19,False,hyperband,cifar100,1,40,40,submitline,/mnt/storage_6/project_data/pl0844-01/hpo_project,sbatch --array=1-40%40 hpo_v2.slurm hyperband cifar100 40
6924347_31,6924347,hpo2_%a,FAILED,1:0,gpu74,FAST,2026-04-20T07:40:25,2026-04-20T07:40:39,2026-04-20T07:41:45,66,False,hyperband,cifar100,1,40,40,submitline,/mnt/storage_6/project_data/pl0844-01/hpo_project,sbatch --array=1-40%40 hpo_v2.slurm hyperband cifar100 40
6924347_32,6924347,hpo2_%a,FAILED,1:0,gpu75,FAST,2026-04-20T07:40:25,2026-04-20T07:40:39,2026-04-20T07:41:42,63,False,hyperband,cifar100,1,40,40,submitline,/mnt/storage_6/project_data/pl0844-01/hpo_project,sbatch --array=1-40%40 hpo_v2.slurm hyperband cifar100 40
6924347_33,6924347,hpo2_%a,FAILED,1:0,gpu75,FAST,2026-04-20T07:40:25,2026-04-20T07:40:39,2026-04-20T07:40:58,19,False,hyperband,cifar100,1,40,40,submitline,/mnt/storage_6/project_data/pl0844-01/hpo_project,sbatch --array=1-40%40 hpo_v2.slurm hyperband cifar100 40
6924347_34,6924347,hpo2_%a,FAILED,1:0,gpu75,FAST,2026-04-20T07:40:25,2026-04-20T07:40:39,2026-04-20T07:40:58,19,False,hyperband,cifar100,1,40,40,submitline,/mnt/storage_6/project_data/pl0844-01/hpo_project,sbatch --array=1-40%40 hpo_v2.slurm hyperband cifar100 40
6924347_35,6924347,hpo2_%a,FAILED,1:0,gpu75,FAST,2026-04-20T07:40:25,2026-04-20T07:40:39,2026-04-20T07:40:58,19,False,hyperband,cifar100,1,40,40,submitline,/mnt/storage_6/project_data/pl0844-01/hpo_project,sbatch --array=1-40%40 hpo_v2.slurm hyperband cifar100 40
6924347_36,6924347,hpo2_%a,FAILED,1:0,gpu76,FAST,2026-04-20T07:40:25,2026-04-20T07:40:39,2026-04-20T07:40:59,20,False,hyperband,cifar100,1,40,40,submitline,/mnt/storage_6/project_data/pl0844-01/hpo_project,sbatch --array=1-40%40 hpo_v2.slurm hyperband cifar100 40
6924347_37,6924347,hpo2_%a,FAILED,1:0,gpu76,FAST,2026-04-20T07:40:25,2026-04-20T07:40:39,2026-04-20T07:40:59,20,False,hyperband,cifar100,1,40,40,submitline,/mnt/storage_6/project_data/pl0844-01/hpo_project,sbatch --array=1-40%40 hpo_v2.slurm hyperband cifar100 40
6924347_38,6924347,hpo2_%a,FAILED,1:0,gpu76,FAST,2026-04-20T07:40:25,2026-04-20T07:40:39,2026-04-20T07:40:59,20,False,hyperband,cifar100,1,40,40,submitline,/mnt/storage_6/project_data/pl0844-01/hpo_project,sbatch --array=1-40%40 hpo_v2.slurm hyperband cifar100 40
6924347_39,6924347,hpo2_%a,FAILED,1:0,gpu76,FAST,2026-04-20T07:40:25,2026-04-20T07:40:39,2026-04-20T07:41:00,21,False,hyperband,cifar100,1,40,40,submitline,/mnt/storage_6/project_data/pl0844-01/hpo_project,sbatch --array=1-40%40 hpo_v2.slurm hyperband cifar100 40
6924347_40,6924347,hpo2_%a,FAILED,1:0,gpu78,FAST,2026-04-20T07:40:25,2026-04-20T07:40:39,2026-04-20T07:40:58,19,False,hyperband,cifar100,1,40,40,submitline,/mnt/storage_6/project_data/pl0844-01/hpo_project,sbatch --array=1-40%40 hpo_v2.slurm hyperband cifar100 40
6924476_1,6924476,hpo2_%a,COMPLETED,0:0,gpu12,SLOW,2026-04-20T08:31:06,2026-04-20T08:31:07,2026-04-20T08:44:03,776,False,tpe,cifar100,1,40,40,submitline,/mnt/storage_6/project_data/pl0844-01/hpo_project,sbatch --array=1-40%40 hpo_v2.slurm tpe cifar100 40
6924476_2,6924476,hpo2_%a,COMPLETED,0:0,gpu12,SLOW,2026-04-20T08:31:06,2026-04-20T08:31:07,2026-04-20T08:44:09,782,False,tpe,cifar100,1,40,40,submitline,/mnt/storage_6/project_data/pl0844-01/hpo_project,sbatch --array=1-40%40 hpo_v2.slurm tpe cifar100 40
6924476_3,6924476,hpo2_%a,COMPLETED,0:0,gpu12,SLOW,2026-04-20T08:31:06,2026-04-20T08:31:07,2026-04-20T08:44:44,817,False,tpe,cifar100,1,40,40,submitline,/mnt/storage_6/project_data/pl0844-01/hpo_project,sbatch --array=1-40%40 hpo_v2.slurm tpe cifar100 40
6924476_4,6924476,hpo2_%a,COMPLETED,0:0,gpu12,SLOW,2026-04-20T08:31:06,2026-04-20T08:31:07,2026-04-20T08:44:04,777,False,tpe,cifar100,1,40,40,submitline,/mnt/storage_6/project_data/pl0844-01/hpo_project,sbatch --array=1-40%40 hpo_v2.slurm tpe cifar100 40
6924476_5,6924476,hpo2_%a,COMPLETED,0:0,gpu12,SLOW,2026-04-20T08:31:06,2026-04-20T08:31:07,2026-04-20T08:44:04,777,False,tpe,cifar100,1,40,40,submitline,/mnt/storage_6/project_data/pl0844-01/hpo_project,sbatch --array=1-40%40 hpo_v2.slurm tpe cifar100 40
6924476_6,6924476,hpo2_%a,COMPLETED,0:0,gpu12,SLOW,2026-04-20T08:31:06,2026-04-20T08:31:07,2026-04-20T08:44:04,777,False,tpe,cifar100,1,40,40,submitline,/mnt/storage_6/project_data/pl0844-01/hpo_project,sbatch --array=1-40%40 hpo_v2.slurm tpe cifar100 40
6924476_7,6924476,hpo2_%a,COMPLETED,0:0,gpu12,SLOW,2026-04-20T08:31:06,2026-04-20T08:31:07,2026-04-20T08:44:04,777,False,tpe,cifar100,1,40,40,submitline,/mnt/storage_6/project_data/pl0844-01/hpo_project,sbatch --array=1-40%40 hpo_v2.slurm tpe cifar100 40
6924476_8,6924476,hpo2_%a,COMPLETED,0:0,gpu12,SLOW,2026-04-20T08:31:06,2026-04-20T08:31:07,2026-04-20T08:44:01,774,False,tpe,cifar100,1,40,40,submitline,/mnt/storage_6/project_data/pl0844-01/hpo_project,sbatch --array=1-40%40 hpo_v2.slurm tpe cifar100 40
6924476_9,6924476,hpo2_%a,COMPLETED,0:0,gpu06,SLOW,2026-04-20T08:31:06,2026-04-20T08:43:21,2026-04-20T08:53:10,589,False,tpe,cifar100,1,40,40,submitline,/mnt/storage_6/project_data/pl0844-01/hpo_project,sbatch --array=1-40%40 hpo_v2.slurm tpe cifar100 40
6924476_10,6924476,hpo2_%a,COMPLETED,0:0,gpu06,SLOW,2026-04-20T08:31:06,2026-04-20T08:43:21,2026-04-20T08:54:05,644,False,tpe,cifar100,1,40,40,submitline,/mnt/storage_6/project_data/pl0844-01/hpo_project,sbatch --array=1-40%40 hpo_v2.slurm tpe cifar100 40
6924476_11,6924476,hpo2_%a,COMPLETED,0:0,gpu06,SLOW,2026-04-20T08:31:06,2026-04-20T08:43:21,2026-04-20T08:58:55,934,False,tpe,cifar100,1,40,40,submitline,/mnt/storage_6/project_data/pl0844-01/hpo_project,sbatch --array=1-40%40 hpo_v2.slurm tpe cifar100 40
6924476_12,6924476,hpo2_%a,COMPLETED,0:0,gpu06,SLOW,2026-04-20T08:31:06,2026-04-20T08:43:21,2026-04-20T08:54:04,643,False,tpe,cifar100,1,40,40,submitline,/mnt/storage_6/project_data/pl0844-01/hpo_project,sbatch --array=1-40%40 hpo_v2.slurm tpe cifar100 40
6924476_13,6924476,hpo2_%a,COMPLETED,0:0,gpu06,SLOW,2026-04-20T08:31:06,2026-04-20T08:43:21,2026-04-20T08:58:23,902,False,tpe,cifar100,1,40,40,submitline,/mnt/storage_6/project_data/pl0844-01/hpo_project,sbatch --array=1-40%40 hpo_v2.slurm tpe cifar100 40
6924476_14,6924476,hpo2_%a,COMPLETED,0:0,gpu06,SLOW,2026-04-20T08:31:06,2026-04-20T08:43:21,2026-04-20T08:58:59,938,False,tpe,cifar100,1,40,40,submitline,/mnt/storage_6/project_data/pl0844-01/hpo_project,sbatch --array=1-40%40 hpo_v2.slurm tpe cifar100 40
6924476_15,6924476,hpo2_%a,COMPLETED,0:0,gpu06,SLOW,2026-04-20T08:31:06,2026-04-20T08:43:21,2026-04-20T08:48:08,287,False,tpe,cifar100,1,40,40,submitline,/mnt/storage_6/project_data/pl0844-01/hpo_project,sbatch --array=1-40%40 hpo_v2.slurm tpe cifar100 40
6924476_16,6924476,hpo2_%a,COMPLETED,0:0,gpu06,SLOW,2026-04-20T08:31:06,2026-04-20T08:43:21,2026-04-20T08:58:58,937,False,tpe,cifar100,1,40,40,submitline,/mnt/storage_6/project_data/pl0844-01/hpo_project,sbatch --array=1-40%40 hpo_v2.slurm tpe cifar100 40
6924476_17,6924476,hpo2_%a,COMPLETED,0:0,gpu07,SLOW,2026-04-20T08:31:06,2026-04-20T08:39:52,2026-04-20T08:47:18,446,False,tpe,cifar100,1,40,40,submitline,/mnt/storage_6/project_data/pl0844-01/hpo_project,sbatch --array=1-40%40 hpo_v2.slurm tpe cifar100 40
6924476_18,6924476,hpo2_%a,COMPLETED,0:0,gpu07,SLOW,2026-04-20T08:31:06,2026-04-20T08:39:52,2026-04-20T08:45:22,330,False,tpe,cifar100,1,40,40,submitline,/mnt/storage_6/project_data/pl0844-01/hpo_project,sbatch --array=1-40%40 hpo_v2.slurm tpe cifar100 40
6924476_19,6924476,hpo2_%a,COMPLETED,0:0,gpu07,SLOW,2026-04-20T08:31:06,2026-04-20T08:39:52,2026-04-20T08:46:36,404,False,tpe,cifar100,1,40,40,submitline,/mnt/storage_6/project_data/pl0844-01/hpo_project,sbatch --array=1-40%40 hpo_v2.slurm tpe cifar100 40
6924476_20,6924476,hpo2_%a,COMPLETED,0:0,gpu07,SLOW,2026-04-20T08:31:06,2026-04-20T08:39:52,2026-04-20T08:47:50,478,False,tpe,cifar100,1,40,40,submitline,/mnt/storage_6/project_data/pl0844-01/hpo_project,sbatch --array=1-40%40 hpo_v2.slurm tpe cifar100 40
6924476_21,6924476,hpo2_%a,COMPLETED,0:0,gpu07,SLOW,2026-04-20T08:31:06,2026-04-20T08:39:52,2026-04-20T08:52:45,773,False,tpe,cifar100,1,40,40,submitline,/mnt/storage_6/project_data/pl0844-01/hpo_project,sbatch --array=1-40%40 hpo_v2.slurm tpe cifar100 40
6924476_22,6924476,hpo2_%a,COMPLETED,0:0,gpu07,SLOW,2026-04-20T08:31:06,2026-04-20T08:39:52,2026-04-20T08:46:40,408,False,tpe,cifar100,1,40,40,submitline,/mnt/storage_6/project_data/pl0844-01/hpo_project,sbatch --array=1-40%40 hpo_v2.slurm tpe cifar100 40
6924476_23,6924476,hpo2_%a,COMPLETED,0:0,gpu07,SLOW,2026-04-20T08:31:06,2026-04-20T08:39:52,2026-04-20T08:48:07,495,False,tpe,cifar100,1,40,40,submitline,/mnt/storage_6/project_data/pl0844-01/hpo_project,sbatch --array=1-40%40 hpo_v2.slurm tpe cifar100 40
6924476_24,6924476,hpo2_%a,COMPLETED,0:0,gpu07,SLOW,2026-04-20T08:31:06,2026-04-20T08:39:52,2026-04-20T08:50:23,631,False,tpe,cifar100,1,40,40,submitline,/mnt/storage_6/project_data/pl0844-01/hpo_project,sbatch --array=1-40%40 hpo_v2.slurm tpe cifar100 40
6924476_25,6924476,hpo2_%a,COMPLETED,0:0,gpu08,SLOW,2026-04-20T08:31:06,2026-04-20T08:39:52,2026-04-20T08:46:02,370,False,tpe,cifar100,1,40,40,submitline,/mnt/storage_6/project_data/pl0844-01/hpo_project,sbatch --array=1-40%40 hpo_v2.slurm tpe cifar100 40
6924476_26,6924476,hpo2_%a,COMPLETED,0:0,gpu08,SLOW,2026-04-20T08:31:06,2026-04-20T08:39:52,2026-04-20T08:50:26,634,False,tpe,cifar100,1,40,40,submitline,/mnt/storage_6/project_data/pl0844-01/hpo_project,sbatch --array=1-40%40 hpo_v2.slurm tpe cifar100 40
6924476_27,6924476,hpo2_%a,COMPLETED,0:0,gpu08,SLOW,2026-04-20T08:31:06,2026-04-20T08:39:52,2026-04-20T08:46:36,404,False,tpe,cifar100,1,40,40,submitline,/mnt/storage_6/project_data/pl0844-01/hpo_project,sbatch --array=1-40%40 hpo_v2.slurm tpe cifar100 40
6924476_28,6924476,hpo2_%a,COMPLETED,0:0,gpu08,SLOW,2026-04-20T08:31:06,2026-04-20T08:39:52,2026-04-20T08:46:14,382,False,tpe,cifar100,1,40,40,submitline,/mnt/storage_6/project_data/pl0844-01/hpo_project,sbatch --array=1-40%40 hpo_v2.slurm tpe cifar100 40
6924476_29,6924476,hpo2_%a,COMPLETED,0:0,gpu08,SLOW,2026-04-20T08:31:06,2026-04-20T08:39:52,2026-04-20T08:46:56,424,False,tpe,cifar100,1,40,40,submitline,/mnt/storage_6/project_data/pl0844-01/hpo_project,sbatch --array=1-40%40 hpo_v2.slurm tpe cifar100 40
6924476_30,6924476,hpo2_%a,COMPLETED,0:0,gpu08,SLOW,2026-04-20T08:31:06,2026-04-20T08:39:52,2026-04-20T08:46:04,372,False,tpe,cifar100,1,40,40,submitline,/mnt/storage_6/project_data/pl0844-01/hpo_project,sbatch --array=1-40%40 hpo_v2.slurm tpe cifar100 40
6924476_31,6924476,hpo2_%a,COMPLETED,0:0,gpu08,SLOW,2026-04-20T08:31:06,2026-04-20T08:39:52,2026-04-20T08:46:36,404,False,tpe,cifar100,1,40,40,submitline,/mnt/storage_6/project_data/pl0844-01/hpo_project,sbatch --array=1-40%40 hpo_v2.slurm tpe cifar100 40
6924476_32,6924476,hpo2_%a,COMPLETED,0:0,gpu08,SLOW,2026-04-20T08:31:06,2026-04-20T08:39:52,2026-04-20T08:50:23,631,False,tpe,cifar100,1,40,40,submitline,/mnt/storage_6/project_data/pl0844-01/hpo_project,sbatch --array=1-40%40 hpo_v2.slurm tpe cifar100 40
6924476_33,6924476,hpo2_%a,COMPLETED,0:0,gpu09,SLOW,2026-04-20T08:31:06,2026-04-20T08:40:22,2026-04-20T08:44:56,274,False,tpe,cifar100,1,40,40,submitline,/mnt/storage_6/project_data/pl0844-01/hpo_project,sbatch --array=1-40%40 hpo_v2.slurm tpe cifar100 40
6924476_34,6924476,hpo2_%a,COMPLETED,0:0,gpu09,SLOW,2026-04-20T08:31:06,2026-04-20T08:40:22,2026-04-20T08:44:59,277,False,tpe,cifar100,1,40,40,submitline,/mnt/storage_6/project_data/pl0844-01/hpo_project,sbatch --array=1-40%40 hpo_v2.slurm tpe cifar100 40
6924476_35,6924476,hpo2_%a,COMPLETED,0:0,gpu09,SLOW,2026-04-20T08:31:06,2026-04-20T08:40:22,2026-04-20T08:44:56,274,False,tpe,cifar100,1,40,40,submitline,/mnt/storage_6/project_data/pl0844-01/hpo_project,sbatch --array=1-40%40 hpo_v2.slurm tpe cifar100 40
6924476_36,6924476,hpo2_%a,COMPLETED,0:0,gpu09,SLOW,2026-04-20T08:31:06,2026-04-20T08:40:22,2026-04-20T08:52:01,699,False,tpe,cifar100,1,40,40,submitline,/mnt/storage_6/project_data/pl0844-01/hpo_project,sbatch --array=1-40%40 hpo_v2.slurm tpe cifar100 40
6924476_37,6924476,hpo2_%a,COMPLETED,0:0,gpu09,SLOW,2026-04-20T08:31:06,2026-04-20T08:40:22,2026-04-20T08:57:09,1007,False,tpe,cifar100,1,40,40,submitline,/mnt/storage_6/project_data/pl0844-01/hpo_project,sbatch --array=1-40%40 hpo_v2.slurm tpe cifar100 40
6924476_38,6924476,hpo2_%a,COMPLETED,0:0,gpu09,SLOW,2026-04-20T08:31:06,2026-04-20T08:40:22,2026-04-20T08:57:09,1007,False,tpe,cifar100,1,40,40,submitline,/mnt/storage_6/project_data/pl0844-01/hpo_project,sbatch --array=1-40%40 hpo_v2.slurm tpe cifar100 40
6924476_39,6924476,hpo2_%a,COMPLETED,0:0,gpu09,SLOW,2026-04-20T08:31:06,2026-04-20T08:40:22,2026-04-20T08:47:34,432,False,tpe,cifar100,1,40,40,submitline,/mnt/storage_6/project_data/pl0844-01/hpo_project,sbatch --array=1-40%40 hpo_v2.slurm tpe cifar100 40
6924476_40,6924476,hpo2_%a,COMPLETED,0:0,gpu09,SLOW,2026-04-20T08:31:06,2026-04-20T08:40:22,2026-04-20T08:47:37,435,False,tpe,cifar100,1,40,40,submitline,/mnt/storage_6/project_data/pl0844-01/hpo_project,sbatch --array=1-40%40 hpo_v2.slurm tpe cifar100 40
6924477_1,6924477,hpo2_%a,COMPLETED,0:0,gpu10,SLOW,2026-04-20T08:31:06,2026-04-20T08:40:22,2026-04-20T09:00:52,1230,False,hyperband,cifar100,1,40,40,submitline,/mnt/storage_6/project_data/pl0844-01/hpo_project,sbatch --array=1-40%40 hpo_v2.slurm hyperband cifar100 40
6924477_2,6924477,hpo2_%a,COMPLETED,0:0,gpu10,SLOW,2026-04-20T08:31:06,2026-04-20T08:40:22,2026-04-20T08:48:56,514,False,hyperband,cifar100,1,40,40,submitline,/mnt/storage_6/project_data/pl0844-01/hpo_project,sbatch --array=1-40%40 hpo_v2.slurm hyperband cifar100 40
6924477_3,6924477,hpo2_%a,COMPLETED,0:0,gpu10,SLOW,2026-04-20T08:31:06,2026-04-20T08:40:22,2026-04-20T08:44:24,242,False,hyperband,cifar100,1,40,40,submitline,/mnt/storage_6/project_data/pl0844-01/hpo_project,sbatch --array=1-40%40 hpo_v2.slurm hyperband cifar100 40
6924477_4,6924477,hpo2_%a,COMPLETED,0:0,gpu10,SLOW,2026-04-20T08:31:06,2026-04-20T08:40:22,2026-04-20T09:05:05,1483,False,hyperband,cifar100,1,40,40,submitline,/mnt/storage_6/project_data/pl0844-01/hpo_project,sbatch --array=1-40%40 hpo_v2.slurm hyperband cifar100 40
6924477_5,6924477,hpo2_%a,COMPLETED,0:0,gpu10,SLOW,2026-04-20T08:31:06,2026-04-20T08:40:22,2026-04-20T08:50:37,615,False,hyperband,cifar100,1,40,40,submitline,/mnt/storage_6/project_data/pl0844-01/hpo_project,sbatch --array=1-40%40 hpo_v2.slurm hyperband cifar100 40
6924477_6,6924477,hpo2_%a,COMPLETED,0:0,gpu10,SLOW,2026-04-20T08:31:06,2026-04-20T08:40:22,2026-04-20T08:48:48,506,False,hyperband,cifar100,1,40,40,submitline,/mnt/storage_6/project_data/pl0844-01/hpo_project,sbatch --array=1-40%40 hpo_v2.slurm hyperband cifar100 40
6924477_7,6924477,hpo2_%a,COMPLETED,0:0,gpu10,SLOW,2026-04-20T08:31:06,2026-04-20T08:40:22,2026-04-20T09:00:55,1233,False,hyperband,cifar100,1,40,40,submitline,/mnt/storage_6/project_data/pl0844-01/hpo_project,sbatch --array=1-40%40 hpo_v2.slurm hyperband cifar100 40
6924477_8,6924477,hpo2_%a,COMPLETED,0:0,gpu10,SLOW,2026-04-20T08:31:06,2026-04-20T08:40:22,2026-04-20T08:55:11,889,False,hyperband,cifar100,1,40,40,submitline,/mnt/storage_6/project_data/pl0844-01/hpo_project,sbatch --array=1-40%40 hpo_v2.slurm hyperband cifar100 40
6924477_9,6924477,hpo2_%a,COMPLETED,0:0,gpu11,SLOW,2026-04-20T08:31:06,2026-04-20T08:40:22,2026-04-20T08:48:43,501,False,hyperband,cifar100,1,40,40,submitline,/mnt/storage_6/project_data/pl0844-01/hpo_project,sbatch --array=1-40%40 hpo_v2.slurm hyperband cifar100 40
6924477_10,6924477,hpo2_%a,COMPLETED,0:0,gpu11,SLOW,2026-04-20T08:31:06,2026-04-20T08:40:22,2026-04-20T08:48:56,514,False,hyperband,cifar100,1,40,40,submitline,/mnt/storage_6/project_data/pl0844-01/hpo_project,sbatch --array=1-40%40 hpo_v2.slurm hyperband cifar100 40
6924477_11,6924477,hpo2_%a,COMPLETED,0:0,gpu11,SLOW,2026-04-20T08:31:06,2026-04-20T08:40:22,2026-04-20T09:00:52,1230,False,hyperband,cifar100,1,40,40,submitline,/mnt/storage_6/project_data/pl0844-01/hpo_project,sbatch --array=1-40%40 hpo_v2.slurm hyperband cifar100 40
6924477_12,6924477,hpo2_%a,COMPLETED,0:0,gpu11,SLOW,2026-04-20T08:31:06,2026-04-20T08:40:22,2026-04-20T09:05:10,1488,False,hyperband,cifar100,1,40,40,submitline,/mnt/storage_6/project_data/pl0844-01/hpo_project,sbatch --array=1-40%40 hpo_v2.slurm hyperband cifar100 40
6924477_13,6924477,hpo2_%a,COMPLETED,0:0,gpu11,SLOW,2026-04-20T08:31:06,2026-04-20T08:40:22,2026-04-20T08:51:02,640,False,hyperband,cifar100,1,40,40,submitline,/mnt/storage_6/project_data/pl0844-01/hpo_project,sbatch --array=1-40%40 hpo_v2.slurm hyperband cifar100 40
6924477_14,6924477,hpo2_%a,COMPLETED,0:0,gpu11,SLOW,2026-04-20T08:31:06,2026-04-20T08:40:22,2026-04-20T08:48:42,500,False,hyperband,cifar100,1,40,40,submitline,/mnt/storage_6/project_data/pl0844-01/hpo_project,sbatch --array=1-40%40 hpo_v2.slurm hyperband cifar100 40
6924477_15,6924477,hpo2_%a,COMPLETED,0:0,gpu11,SLOW,2026-04-20T08:31:06,2026-04-20T08:40:22,2026-04-20T08:45:10,288,False,hyperband,cifar100,1,40,40,submitline,/mnt/storage_6/project_data/pl0844-01/hpo_project,sbatch --array=1-40%40 hpo_v2.slurm hyperband cifar100 40
6924477_16,6924477,hpo2_%a,COMPLETED,0:0,gpu11,SLOW,2026-04-20T08:31:06,2026-04-20T08:40:22,2026-04-20T08:48:55,513,False,hyperband,cifar100,1,40,40,submitline,/mnt/storage_6/project_data/pl0844-01/hpo_project,sbatch --array=1-40%40 hpo_v2.slurm hyperband cifar100 40
6924477_17,6924477,hpo2_%a,COMPLETED,0:0,gpu31,FAST,2026-04-20T08:31:06,2026-04-20T08:31:07,2026-04-20T08:36:55,348,False,hyperband,cifar100,1,40,40,submitline,/mnt/storage_6/project_data/pl0844-01/hpo_project,sbatch --array=1-40%40 hpo_v2.slurm hyperband cifar100 40
6924477_18,6924477,hpo2_%a,COMPLETED,0:0,gpu35,FAST,2026-04-20T08:31:06,2026-04-20T08:31:07,2026-04-20T08:34:09,182,False,hyperband,cifar100,1,40,40,submitline,/mnt/storage_6/project_data/pl0844-01/hpo_project,sbatch --array=1-40%40 hpo_v2.slurm hyperband cifar100 40
6924477_19,6924477,hpo2_%a,COMPLETED,0:0,gpu36,FAST,2026-04-20T08:31:06,2026-04-20T08:31:07,2026-04-20T08:36:16,309,False,hyperband,cifar100,1,40,40,submitline,/mnt/storage_6/project_data/pl0844-01/hpo_project,sbatch --array=1-40%40 hpo_v2.slurm hyperband cifar100 40
6924477_20,6924477,hpo2_%a,COMPLETED,0:0,gpu37,FAST,2026-04-20T08:31:06,2026-04-20T08:31:07,2026-04-20T08:35:44,277,False,hyperband,cifar100,1,40,40,submitline,/mnt/storage_6/project_data/pl0844-01/hpo_project,sbatch --array=1-40%40 hpo_v2.slurm hyperband cifar100 40
6924477_21,6924477,hpo2_%a,COMPLETED,0:0,gpu37,FAST,2026-04-20T08:31:06,2026-04-20T08:31:07,2026-04-20T08:37:22,375,False,hyperband,cifar100,1,40,40,submitline,/mnt/storage_6/project_data/pl0844-01/hpo_project,sbatch --array=1-40%40 hpo_v2.slurm hyperband cifar100 40
6924477_22,6924477,hpo2_%a,COMPLETED,0:0,gpu37,FAST,2026-04-20T08:31:06,2026-04-20T08:31:07,2026-04-20T08:34:04,177,False,hyperband,cifar100,1,40,40,submitline,/mnt/storage_6/project_data/pl0844-01/hpo_project,sbatch --array=1-40%40 hpo_v2.slurm hyperband cifar100 40
6924477_23,6924477,hpo2_%a,COMPLETED,0:0,gpu37,FAST,2026-04-20T08:31:06,2026-04-20T08:31:07,2026-04-20T08:33:57,170,False,hyperband,cifar100,1,40,40,submitline,/mnt/storage_6/project_data/pl0844-01/hpo_project,sbatch --array=1-40%40 hpo_v2.slurm hyperband cifar100 40
6924477_24,6924477,hpo2_%a,COMPLETED,0:0,gpu39,FAST,2026-04-20T08:31:06,2026-04-20T08:31:07,2026-04-20T08:38:21,434,False,hyperband,cifar100,1,40,40,submitline,/mnt/storage_6/project_data/pl0844-01/hpo_project,sbatch --array=1-40%40 hpo_v2.slurm hyperband cifar100 40
6924477_25,6924477,hpo2_%a,COMPLETED,0:0,gpu39,FAST,2026-04-20T08:31:06,2026-04-20T08:31:07,2026-04-20T08:36:45,338,False,hyperband,cifar100,1,40,40,submitline,/mnt/storage_6/project_data/pl0844-01/hpo_project,sbatch --array=1-40%40 hpo_v2.slurm hyperband cifar100 40
6924477_26,6924477,hpo2_%a,FAILED,1:0,gpu39,FAST,2026-04-20T08:31:06,2026-04-20T08:31:07,2026-04-20T08:31:22,15,True,hyperband,cifar100,1,40,40,submitline,/mnt/storage_6/project_data/pl0844-01/hpo_project,sbatch --array=1-40%40 hpo_v2.slurm hyperband cifar100 40
6924477_27,6924477,hpo2_%a,FAILED,1:0,gpu39,FAST,2026-04-20T08:31:06,2026-04-20T08:31:07,2026-04-20T08:33:04,117,False,hyperband,cifar100,1,40,40,submitline,/mnt/storage_6/project_data/pl0844-01/hpo_project,sbatch --array=1-40%40 hpo_v2.slurm hyperband cifar100 40
6924477_28,6924477,hpo2_%a,COMPLETED,0:0,gpu40,FAST,2026-04-20T08:31:06,2026-04-20T08:31:07,2026-04-20T08:34:05,178,False,hyperband,cifar100,1,40,40,submitline,/mnt/storage_6/project_data/pl0844-01/hpo_project,sbatch --array=1-40%40 hpo_v2.slurm hyperband cifar100 40
6924477_29,6924477,hpo2_%a,COMPLETED,0:0,gpu40,FAST,2026-04-20T08:31:06,2026-04-20T08:31:07,2026-04-20T08:40:06,539,False,hyperband,cifar100,1,40,40,submitline,/mnt/storage_6/project_data/pl0844-01/hpo_project,sbatch --array=1-40%40 hpo_v2.slurm hyperband cifar100 40
6924477_30,6924477,hpo2_%a,COMPLETED,0:0,gpu40,FAST,2026-04-20T08:31:06,2026-04-20T08:31:07,2026-04-20T08:33:35,148,False,hyperband,cifar100,1,40,40,submitline,/mnt/storage_6/project_data/pl0844-01/hpo_project,sbatch --array=1-40%40 hpo_v2.slurm hyperband cifar100 40
6924477_31,6924477,hpo2_%a,COMPLETED,0:0,gpu40,FAST,2026-04-20T08:31:06,2026-04-20T08:31:07,2026-04-20T08:33:44,157,False,hyperband,cifar100,1,40,40,submitline,/mnt/storage_6/project_data/pl0844-01/hpo_project,sbatch --array=1-40%40 hpo_v2.slurm hyperband cifar100 40
6924477_32,6924477,hpo2_%a,COMPLETED,0:0,gpu41,FAST,2026-04-20T08:31:06,2026-04-20T08:31:07,2026-04-20T08:34:51,224,False,hyperband,cifar100,1,40,40,submitline,/mnt/storage_6/project_data/pl0844-01/hpo_project,sbatch --array=1-40%40 hpo_v2.slurm hyperband cifar100 40
6924477_33,6924477,hpo2_%a,COMPLETED,0:0,gpu41,FAST,2026-04-20T08:31:06,2026-04-20T08:31:07,2026-04-20T08:36:41,334,False,hyperband,cifar100,1,40,40,submitline,/mnt/storage_6/project_data/pl0844-01/hpo_project,sbatch --array=1-40%40 hpo_v2.slurm hyperband cifar100 40
6924477_34,6924477,hpo2_%a,COMPLETED,0:0,gpu41,FAST,2026-04-20T08:31:06,2026-04-20T08:31:07,2026-04-20T08:37:59,412,False,hyperband,cifar100,1,40,40,submitline,/mnt/storage_6/project_data/pl0844-01/hpo_project,sbatch --array=1-40%40 hpo_v2.slurm hyperband cifar100 40
6924477_35,6924477,hpo2_%a,COMPLETED,0:0,gpu41,FAST,2026-04-20T08:31:06,2026-04-20T08:31:07,2026-04-20T08:35:46,279,False,hyperband,cifar100,1,40,40,submitline,/mnt/storage_6/project_data/pl0844-01/hpo_project,sbatch --array=1-40%40 hpo_v2.slurm hyperband cifar100 40
6924477_36,6924477,hpo2_%a,COMPLETED,0:0,gpu42,FAST,2026-04-20T08:31:06,2026-04-20T08:31:07,2026-04-20T08:38:08,421,False,hyperband,cifar100,1,40,40,submitline,/mnt/storage_6/project_data/pl0844-01/hpo_project,sbatch --array=1-40%40 hpo_v2.slurm hyperband cifar100 40
6924477_37,6924477,hpo2_%a,COMPLETED,0:0,gpu42,FAST,2026-04-20T08:31:06,2026-04-20T08:31:07,2026-04-20T08:34:13,186,False,hyperband,cifar100,1,40,40,submitline,/mnt/storage_6/project_data/pl0844-01/hpo_project,sbatch --array=1-40%40 hpo_v2.slurm hyperband cifar100 40
6924477_38,6924477,hpo2_%a,COMPLETED,0:0,gpu42,FAST,2026-04-20T08:31:06,2026-04-20T08:31:07,2026-04-20T08:36:00,293,False,hyperband,cifar100,1,40,40,submitline,/mnt/storage_6/project_data/pl0844-01/hpo_project,sbatch --array=1-40%40 hpo_v2.slurm hyperband cifar100 40
6924477_39,6924477,hpo2_%a,COMPLETED,0:0,gpu42,FAST,2026-04-20T08:31:06,2026-04-20T08:31:07,2026-04-20T08:35:13,246,False,hyperband,cifar100,1,40,40,submitline,/mnt/storage_6/project_data/pl0844-01/hpo_project,sbatch --array=1-40%40 hpo_v2.slurm hyperband cifar100 40
6924477_40,6924477,hpo2_%a,COMPLETED,0:0,gpu45,FAST,2026-04-20T08:31:06,2026-04-20T08:31:07,2026-04-20T08:37:26,379,False,hyperband,cifar100,1,40,40,submitline,/mnt/storage_6/project_data/pl0844-01/hpo_project,sbatch --array=1-40%40 hpo_v2.slurm hyperband cifar100 40
6924478_1,6924478,hpo2_%a,FAILED,1:0,gpu45,FAST,2026-04-20T08:31:06,2026-04-20T08:31:07,2026-04-20T08:34:12,185,False,cmaes,cifar10,1,40,40,submitline,/mnt/storage_6/project_data/pl0844-01/hpo_project,sbatch --array=1-40%40 hpo_v2.slurm cmaes cifar10 40
6924478_2,6924478,hpo2_%a,FAILED,1:0,gpu45,FAST,2026-04-20T08:31:06,2026-04-20T08:31:07,2026-04-20T08:34:54,227,False,cmaes,cifar10,1,40,40,submitline,/mnt/storage_6/project_data/pl0844-01/hpo_project,sbatch --array=1-40%40 hpo_v2.slurm cmaes cifar10 40
6924478_3,6924478,hpo2_%a,FAILED,1:0,gpu45,FAST,2026-04-20T08:31:06,2026-04-20T08:31:07,2026-04-20T08:34:13,186,False,cmaes,cifar10,1,40,40,submitline,/mnt/storage_6/project_data/pl0844-01/hpo_project,sbatch --array=1-40%40 hpo_v2.slurm cmaes cifar10 40
6924478_4,6924478,hpo2_%a,FAILED,1:0,gpu46,FAST,2026-04-20T08:31:06,2026-04-20T08:31:07,2026-04-20T08:34:11,184,False,cmaes,cifar10,1,40,40,submitline,/mnt/storage_6/project_data/pl0844-01/hpo_project,sbatch --array=1-40%40 hpo_v2.slurm cmaes cifar10 40
6924478_5,6924478,hpo2_%a,FAILED,1:0,gpu46,FAST,2026-04-20T08:31:06,2026-04-20T08:31:07,2026-04-20T08:34:14,187,False,cmaes,cifar10,1,40,40,submitline,/mnt/storage_6/project_data/pl0844-01/hpo_project,sbatch --array=1-40%40 hpo_v2.slurm cmaes cifar10 40
6924478_6,6924478,hpo2_%a,FAILED,1:0,gpu46,FAST,2026-04-20T08:31:06,2026-04-20T08:31:07,2026-04-20T08:34:11,184,False,cmaes,cifar10,1,40,40,submitline,/mnt/storage_6/project_data/pl0844-01/hpo_project,sbatch --array=1-40%40 hpo_v2.slurm cmaes cifar10 40
6924478_7,6924478,hpo2_%a,FAILED,1:0,gpu46,FAST,2026-04-20T08:31:06,2026-04-20T08:31:07,2026-04-20T08:34:52,225,False,cmaes,cifar10,1,40,40,submitline,/mnt/storage_6/project_data/pl0844-01/hpo_project,sbatch --array=1-40%40 hpo_v2.slurm cmaes cifar10 40
6924478_8,6924478,hpo2_%a,FAILED,1:0,gpu63,FAST,2026-04-20T08:31:06,2026-04-20T08:31:07,2026-04-20T08:34:12,185,False,cmaes,cifar10,1,40,40,submitline,/mnt/storage_6/project_data/pl0844-01/hpo_project,sbatch --array=1-40%40 hpo_v2.slurm cmaes cifar10 40
6924478_9,6924478,hpo2_%a,FAILED,1:0,gpu63,FAST,2026-04-20T08:31:06,2026-04-20T08:31:07,2026-04-20T08:34:54,227,False,cmaes,cifar10,1,40,40,submitline,/mnt/storage_6/project_data/pl0844-01/hpo_project,sbatch --array=1-40%40 hpo_v2.slurm cmaes cifar10 40
6924478_10,6924478,hpo2_%a,FAILED,1:0,gpu63,FAST,2026-04-20T08:31:06,2026-04-20T08:31:07,2026-04-20T08:34:13,186,False,cmaes,cifar10,1,40,40,submitline,/mnt/storage_6/project_data/pl0844-01/hpo_project,sbatch --array=1-40%40 hpo_v2.slurm cmaes cifar10 40
6924478_11,6924478,hpo2_%a,FAILED,1:0,gpu63,FAST,2026-04-20T08:31:06,2026-04-20T08:31:07,2026-04-20T08:34:12,185,False,cmaes,cifar10,1,40,40,submitline,/mnt/storage_6/project_data/pl0844-01/hpo_project,sbatch --array=1-40%40 hpo_v2.slurm cmaes cifar10 40
6924478_12,6924478,hpo2_%a,FAILED,1:0,gpu64,FAST,2026-04-20T08:31:06,2026-04-20T08:31:07,2026-04-20T08:34:10,183,False,cmaes,cifar10,1,40,40,submitline,/mnt/storage_6/project_data/pl0844-01/hpo_project,sbatch --array=1-40%40 hpo_v2.slurm cmaes cifar10 40
6924478_13,6924478,hpo2_%a,FAILED,1:0,gpu39,FAST,2026-04-20T08:31:06,2026-04-20T08:31:22,2026-04-20T08:34:55,213,False,cmaes,cifar10,1,40,40,submitline,/mnt/storage_6/project_data/pl0844-01/hpo_project,sbatch --array=1-40%40 hpo_v2.slurm cmaes cifar10 40
6924478_14,6924478,hpo2_%a,FAILED,1:0,gpu64,FAST,2026-04-20T08:31:06,2026-04-20T08:31:22,2026-04-20T08:34:59,217,False,cmaes,cifar10,1,40,40,submitline,/mnt/storage_6/project_data/pl0844-01/hpo_project,sbatch --array=1-40%40 hpo_v2.slurm cmaes cifar10 40
6924478_15,6924478,hpo2_%a,FAILED,1:0,gpu64,FAST,2026-04-20T08:31:06,2026-04-20T08:31:22,2026-04-20T08:34:53,211,False,cmaes,cifar10,1,40,40,submitline,/mnt/storage_6/project_data/pl0844-01/hpo_project,sbatch --array=1-40%40 hpo_v2.slurm cmaes cifar10 40
6924478_16,6924478,hpo2_%a,FAILED,1:0,gpu64,FAST,2026-04-20T08:31:06,2026-04-20T08:31:22,2026-04-20T08:34:56,214,False,cmaes,cifar10,1,40,40,submitline,/mnt/storage_6/project_data/pl0844-01/hpo_project,sbatch --array=1-40%40 hpo_v2.slurm cmaes cifar10 40
6924478_17,6924478,hpo2_%a,FAILED,1:0,gpu66,FAST,2026-04-20T08:31:06,2026-04-20T08:31:22,2026-04-20T08:34:56,214,False,cmaes,cifar10,1,40,40,submitline,/mnt/storage_6/project_data/pl0844-01/hpo_project,sbatch --array=1-40%40 hpo_v2.slurm cmaes cifar10 40
6924478_18,6924478,hpo2_%a,FAILED,1:0,gpu66,FAST,2026-04-20T08:31:06,2026-04-20T08:31:22,2026-04-20T08:35:07,225,False,cmaes,cifar10,1,40,40,submitline,/mnt/storage_6/project_data/pl0844-01/hpo_project,sbatch --array=1-40%40 hpo_v2.slurm cmaes cifar10 40
6924478_19,6924478,hpo2_%a,FAILED,1:0,gpu66,FAST,2026-04-20T08:31:06,2026-04-20T08:31:22,2026-04-20T08:34:56,214,False,cmaes,cifar10,1,40,40,submitline,/mnt/storage_6/project_data/pl0844-01/hpo_project,sbatch --array=1-40%40 hpo_v2.slurm cmaes cifar10 40
6924478_20,6924478,hpo2_%a,FAILED,1:0,gpu66,FAST,2026-04-20T08:31:06,2026-04-20T08:31:22,2026-04-20T08:34:58,216,False,cmaes,cifar10,1,40,40,submitline,/mnt/storage_6/project_data/pl0844-01/hpo_project,sbatch --array=1-40%40 hpo_v2.slurm cmaes cifar10 40
6924478_21,6924478,hpo2_%a,FAILED,1:0,gpu71,FAST,2026-04-20T08:31:06,2026-04-20T08:31:22,2026-04-20T08:34:28,186,False,cmaes,cifar10,1,40,40,submitline,/mnt/storage_6/project_data/pl0844-01/hpo_project,sbatch --array=1-40%40 hpo_v2.slurm cmaes cifar10 40
6924478_22,6924478,hpo2_%a,FAILED,1:0,gpu71,FAST,2026-04-20T08:31:06,2026-04-20T08:31:22,2026-04-20T08:35:06,224,False,cmaes,cifar10,1,40,40,submitline,/mnt/storage_6/project_data/pl0844-01/hpo_project,sbatch --array=1-40%40 hpo_v2.slurm cmaes cifar10 40
6924478_23,6924478,hpo2_%a,FAILED,1:0,gpu71,FAST,2026-04-20T08:31:06,2026-04-20T08:31:22,2026-04-20T08:35:05,223,False,cmaes,cifar10,1,40,40,submitline,/mnt/storage_6/project_data/pl0844-01/hpo_project,sbatch --array=1-40%40 hpo_v2.slurm cmaes cifar10 40
6924478_24,6924478,hpo2_%a,FAILED,1:0,gpu71,FAST,2026-04-20T08:31:06,2026-04-20T08:31:22,2026-04-20T08:34:56,214,False,cmaes,cifar10,1,40,40,submitline,/mnt/storage_6/project_data/pl0844-01/hpo_project,sbatch --array=1-40%40 hpo_v2.slurm cmaes cifar10 40
6924478_25,6924478,hpo2_%a,FAILED,1:0,gpu72,FAST,2026-04-20T08:31:06,2026-04-20T08:31:22,2026-04-20T08:34:55,213,False,cmaes,cifar10,1,40,40,submitline,/mnt/storage_6/project_data/pl0844-01/hpo_project,sbatch --array=1-40%40 hpo_v2.slurm cmaes cifar10 40
6924478_26,6924478,hpo2_%a,FAILED,1:0,gpu72,FAST,2026-04-20T08:31:06,2026-04-20T08:31:22,2026-04-20T08:34:53,211,False,cmaes,cifar10,1,40,40,submitline,/mnt/storage_6/project_data/pl0844-01/hpo_project,sbatch --array=1-40%40 hpo_v2.slurm cmaes cifar10 40
6924478_27,6924478,hpo2_%a,FAILED,1:0,gpu72,FAST,2026-04-20T08:31:06,2026-04-20T08:31:22,2026-04-20T08:34:52,210,False,cmaes,cifar10,1,40,40,submitline,/mnt/storage_6/project_data/pl0844-01/hpo_project,sbatch --array=1-40%40 hpo_v2.slurm cmaes cifar10 40
6924478_28,6924478,hpo2_%a,FAILED,1:0,gpu72,FAST,2026-04-20T08:31:06,2026-04-20T08:31:22,2026-04-20T08:34:31,189,False,cmaes,cifar10,1,40,40,submitline,/mnt/storage_6/project_data/pl0844-01/hpo_project,sbatch --array=1-40%40 hpo_v2.slurm cmaes cifar10 40
6924478_29,6924478,hpo2_%a,FAILED,1:0,gpu73,FAST,2026-04-20T08:31:06,2026-04-20T08:31:22,2026-04-20T08:34:56,214,False,cmaes,cifar10,1,40,40,submitline,/mnt/storage_6/project_data/pl0844-01/hpo_project,sbatch --array=1-40%40 hpo_v2.slurm cmaes cifar10 40
6924478_30,6924478,hpo2_%a,FAILED,1:0,gpu73,FAST,2026-04-20T08:31:06,2026-04-20T08:31:22,2026-04-20T08:34:57,215,False,cmaes,cifar10,1,40,40,submitline,/mnt/storage_6/project_data/pl0844-01/hpo_project,sbatch --array=1-40%40 hpo_v2.slurm cmaes cifar10 40
6924478_31,6924478,hpo2_%a,FAILED,1:0,gpu73,FAST,2026-04-20T08:31:06,2026-04-20T08:31:22,2026-04-20T08:34:57,215,False,cmaes,cifar10,1,40,40,submitline,/mnt/storage_6/project_data/pl0844-01/hpo_project,sbatch --array=1-40%40 hpo_v2.slurm cmaes cifar10 40
6924478_32,6924478,hpo2_%a,FAILED,1:0,gpu73,FAST,2026-04-20T08:31:06,2026-04-20T08:31:22,2026-04-20T08:34:54,212,False,cmaes,cifar10,1,40,40,submitline,/mnt/storage_6/project_data/pl0844-01/hpo_project,sbatch --array=1-40%40 hpo_v2.slurm cmaes cifar10 40
6924478_33,6924478,hpo2_%a,FAILED,1:0,gpu74,FAST,2026-04-20T08:31:06,2026-04-20T08:31:22,2026-04-20T08:34:56,214,False,cmaes,cifar10,1,40,40,submitline,/mnt/storage_6/project_data/pl0844-01/hpo_project,sbatch --array=1-40%40 hpo_v2.slurm cmaes cifar10 40
6924478_34,6924478,hpo2_%a,FAILED,1:0,gpu74,FAST,2026-04-20T08:31:06,2026-04-20T08:31:22,2026-04-20T08:34:54,212,False,cmaes,cifar10,1,40,40,submitline,/mnt/storage_6/project_data/pl0844-01/hpo_project,sbatch --array=1-40%40 hpo_v2.slurm cmaes cifar10 40
6924478_35,6924478,hpo2_%a,FAILED,1:0,gpu74,FAST,2026-04-20T08:31:06,2026-04-20T08:31:22,2026-04-20T08:34:30,188,False,cmaes,cifar10,1,40,40,submitline,/mnt/storage_6/project_data/pl0844-01/hpo_project,sbatch --array=1-40%40 hpo_v2.slurm cmaes cifar10 40
6924478_36,6924478,hpo2_%a,FAILED,1:0,gpu74,FAST,2026-04-20T08:31:06,2026-04-20T08:31:22,2026-04-20T08:34:53,211,False,cmaes,cifar10,1,40,40,submitline,/mnt/storage_6/project_data/pl0844-01/hpo_project,sbatch --array=1-40%40 hpo_v2.slurm cmaes cifar10 40
6924478_37,6924478,hpo2_%a,FAILED,1:0,gpu75,FAST,2026-04-20T08:31:06,2026-04-20T08:31:22,2026-04-20T08:34:54,212,False,cmaes,cifar10,1,40,40,submitline,/mnt/storage_6/project_data/pl0844-01/hpo_project,sbatch --array=1-40%40 hpo_v2.slurm cmaes cifar10 40
6924478_38,6924478,hpo2_%a,FAILED,1:0,gpu75,FAST,2026-04-20T08:31:06,2026-04-20T08:31:22,2026-04-20T08:34:57,215,False,cmaes,cifar10,1,40,40,submitline,/mnt/storage_6/project_data/pl0844-01/hpo_project,sbatch --array=1-40%40 hpo_v2.slurm cmaes cifar10 40
6924478_39,6924478,hpo2_%a,FAILED,1:0,gpu75,FAST,2026-04-20T08:31:06,2026-04-20T08:31:22,2026-04-20T08:34:29,187,False,cmaes,cifar10,1,40,40,submitline,/mnt/storage_6/project_data/pl0844-01/hpo_project,sbatch --array=1-40%40 hpo_v2.slurm cmaes cifar10 40
6924478_40,6924478,hpo2_%a,FAILED,1:0,gpu75,FAST,2026-04-20T08:31:06,2026-04-20T08:31:22,2026-04-20T08:31:37,15,True,cmaes,cifar10,1,40,40,submitline,/mnt/storage_6/project_data/pl0844-01/hpo_project,sbatch --array=1-40%40 hpo_v2.slurm cmaes cifar10 40
6924879_1,6924879,hpo2_%a,FAILED,1:0,gpu06,SLOW,2026-04-20T09:27:39,2026-04-20T09:27:40,2026-04-20T09:27:52,12,True,cmaes,cifar10,1,40,40,submitline,/mnt/storage_6/project_data/pl0844-01/hpo_project,sbatch --array=1-40%40 hpo_v2.slurm cmaes cifar10 40
6924879_2,6924879,hpo2_%a,FAILED,1:0,gpu06,SLOW,2026-04-20T09:27:39,2026-04-20T09:27:40,2026-04-20T09:27:52,12,True,cmaes,cifar10,1,40,40,submitline,/mnt/storage_6/project_data/pl0844-01/hpo_project,sbatch --array=1-40%40 hpo_v2.slurm cmaes cifar10 40
6924879_3,6924879,hpo2_%a,FAILED,1:0,gpu06,SLOW,2026-04-20T09:27:39,2026-04-20T09:27:40,2026-04-20T09:27:52,12,True,cmaes,cifar10,1,40,40,submitline,/mnt/storage_6/project_data/pl0844-01/hpo_project,sbatch --array=1-40%40 hpo_v2.slurm cmaes cifar10 40
6924879_4,6924879,hpo2_%a,FAILED,1:0,gpu06,SLOW,2026-04-20T09:27:39,2026-04-20T09:27:40,2026-04-20T09:27:52,12,True,cmaes,cifar10,1,40,40,submitline,/mnt/storage_6/project_data/pl0844-01/hpo_project,sbatch --array=1-40%40 hpo_v2.slurm cmaes cifar10 40
6924879_5,6924879,hpo2_%a,FAILED,1:0,gpu06,SLOW,2026-04-20T09:27:39,2026-04-20T09:27:40,2026-04-20T09:27:51,11,True,cmaes,cifar10,1,40,40,submitline,/mnt/storage_6/project_data/pl0844-01/hpo_project,sbatch --array=1-40%40 hpo_v2.slurm cmaes cifar10 40
6924879_6,6924879,hpo2_%a,FAILED,1:0,gpu06,SLOW,2026-04-20T09:27:39,2026-04-20T09:27:40,2026-04-20T09:27:51,11,True,cmaes,cifar10,1,40,40,submitline,/mnt/storage_6/project_data/pl0844-01/hpo_project,sbatch --array=1-40%40 hpo_v2.slurm cmaes cifar10 40
6924879_7,6924879,hpo2_%a,FAILED,1:0,gpu10,SLOW,2026-04-20T09:27:39,2026-04-20T09:27:40,2026-04-20T09:27:54,14,True,cmaes,cifar10,1,40,40,submitline,/mnt/storage_6/project_data/pl0844-01/hpo_project,sbatch --array=1-40%40 hpo_v2.slurm cmaes cifar10 40
6924879_8,6924879,hpo2_%a,FAILED,1:0,gpu10,SLOW,2026-04-20T09:27:39,2026-04-20T09:27:40,2026-04-20T09:27:53,13,True,cmaes,cifar10,1,40,40,submitline,/mnt/storage_6/project_data/pl0844-01/hpo_project,sbatch --array=1-40%40 hpo_v2.slurm cmaes cifar10 40
6924879_9,6924879,hpo2_%a,FAILED,1:0,gpu10,SLOW,2026-04-20T09:27:39,2026-04-20T09:27:40,2026-04-20T09:27:52,12,True,cmaes,cifar10,1,40,40,submitline,/mnt/storage_6/project_data/pl0844-01/hpo_project,sbatch --array=1-40%40 hpo_v2.slurm cmaes cifar10 40
6924879_10,6924879,hpo2_%a,FAILED,1:0,gpu10,SLOW,2026-04-20T09:27:39,2026-04-20T09:27:40,2026-04-20T09:27:53,13,True,cmaes,cifar10,1,40,40,submitline,/mnt/storage_6/project_data/pl0844-01/hpo_project,sbatch --array=1-40%40 hpo_v2.slurm cmaes cifar10 40
6924879_11,6924879,hpo2_%a,FAILED,1:0,gpu10,SLOW,2026-04-20T09:27:39,2026-04-20T09:27:40,2026-04-20T09:27:53,13,True,cmaes,cifar10,1,40,40,submitline,/mnt/storage_6/project_data/pl0844-01/hpo_project,sbatch --array=1-40%40 hpo_v2.slurm cmaes cifar10 40
6924879_12,6924879,hpo2_%a,FAILED,1:0,gpu10,SLOW,2026-04-20T09:27:39,2026-04-20T09:27:40,2026-04-20T09:27:52,12,True,cmaes,cifar10,1,40,40,submitline,/mnt/storage_6/project_data/pl0844-01/hpo_project,sbatch --array=1-40%40 hpo_v2.slurm cmaes cifar10 40
6924879_13,6924879,hpo2_%a,FAILED,1:0,gpu10,SLOW,2026-04-20T09:27:39,2026-04-20T09:27:40,2026-04-20T09:27:53,13,True,cmaes,cifar10,1,40,40,submitline,/mnt/storage_6/project_data/pl0844-01/hpo_project,sbatch --array=1-40%40 hpo_v2.slurm cmaes cifar10 40
6924879_14,6924879,hpo2_%a,FAILED,1:0,gpu10,SLOW,2026-04-20T09:27:39,2026-04-20T09:27:40,2026-04-20T09:27:53,13,True,cmaes,cifar10,1,40,40,submitline,/mnt/storage_6/project_data/pl0844-01/hpo_project,sbatch --array=1-40%40 hpo_v2.slurm cmaes cifar10 40
6924879_15,6924879,hpo2_%a,FAILED,1:0,gpu11,SLOW,2026-04-20T09:27:39,2026-04-20T09:27:40,2026-04-20T09:27:53,13,True,cmaes,cifar10,1,40,40,submitline,/mnt/storage_6/project_data/pl0844-01/hpo_project,sbatch --array=1-40%40 hpo_v2.slurm cmaes cifar10 40
6924879_16,6924879,hpo2_%a,FAILED,1:0,gpu11,SLOW,2026-04-20T09:27:39,2026-04-20T09:27:40,2026-04-20T09:27:51,11,True,cmaes,cifar10,1,40,40,submitline,/mnt/storage_6/project_data/pl0844-01/hpo_project,sbatch --array=1-40%40 hpo_v2.slurm cmaes cifar10 40
6924879_17,6924879,hpo2_%a,FAILED,1:0,gpu11,SLOW,2026-04-20T09:27:39,2026-04-20T09:27:40,2026-04-20T09:27:54,14,True,cmaes,cifar10,1,40,40,submitline,/mnt/storage_6/project_data/pl0844-01/hpo_project,sbatch --array=1-40%40 hpo_v2.slurm cmaes cifar10 40
6924879_18,6924879,hpo2_%a,FAILED,1:0,gpu11,SLOW,2026-04-20T09:27:39,2026-04-20T09:27:40,2026-04-20T09:27:53,13,True,cmaes,cifar10,1,40,40,submitline,/mnt/storage_6/project_data/pl0844-01/hpo_project,sbatch --array=1-40%40 hpo_v2.slurm cmaes cifar10 40
6924879_19,6924879,hpo2_%a,FAILED,1:0,gpu11,SLOW,2026-04-20T09:27:39,2026-04-20T09:27:40,2026-04-20T09:27:53,13,True,cmaes,cifar10,1,40,40,submitline,/mnt/storage_6/project_data/pl0844-01/hpo_project,sbatch --array=1-40%40 hpo_v2.slurm cmaes cifar10 40
6924879_20,6924879,hpo2_%a,FAILED,1:0,gpu11,SLOW,2026-04-20T09:27:39,2026-04-20T09:27:40,2026-04-20T09:27:53,13,True,cmaes,cifar10,1,40,40,submitline,/mnt/storage_6/project_data/pl0844-01/hpo_project,sbatch --array=1-40%40 hpo_v2.slurm cmaes cifar10 40
6924879_21,6924879,hpo2_%a,FAILED,1:0,gpu11,SLOW,2026-04-20T09:27:39,2026-04-20T09:27:40,2026-04-20T09:27:53,13,True,cmaes,cifar10,1,40,40,submitline,/mnt/storage_6/project_data/pl0844-01/hpo_project,sbatch --array=1-40%40 hpo_v2.slurm cmaes cifar10 40
6924879_22,6924879,hpo2_%a,FAILED,1:0,gpu11,SLOW,2026-04-20T09:27:39,2026-04-20T09:27:40,2026-04-20T09:27:52,12,True,cmaes,cifar10,1,40,40,submitline,/mnt/storage_6/project_data/pl0844-01/hpo_project,sbatch --array=1-40%40 hpo_v2.slurm cmaes cifar10 40
6924879_23,6924879,hpo2_%a,FAILED,1:0,gpu12,SLOW,2026-04-20T09:27:39,2026-04-20T09:27:40,2026-04-20T09:27:52,12,True,cmaes,cifar10,1,40,40,submitline,/mnt/storage_6/project_data/pl0844-01/hpo_project,sbatch --array=1-40%40 hpo_v2.slurm cmaes cifar10 40
6924879_24,6924879,hpo2_%a,FAILED,1:0,gpu12,SLOW,2026-04-20T09:27:39,2026-04-20T09:27:40,2026-04-20T09:27:54,14,True,cmaes,cifar10,1,40,40,submitline,/mnt/storage_6/project_data/pl0844-01/hpo_project,sbatch --array=1-40%40 hpo_v2.slurm cmaes cifar10 40
6924879_25,6924879,hpo2_%a,FAILED,1:0,gpu12,SLOW,2026-04-20T09:27:39,2026-04-20T09:27:40,2026-04-20T09:27:54,14,True,cmaes,cifar10,1,40,40,submitline,/mnt/storage_6/project_data/pl0844-01/hpo_project,sbatch --array=1-40%40 hpo_v2.slurm cmaes cifar10 40
6924879_26,6924879,hpo2_%a,FAILED,1:0,gpu12,SLOW,2026-04-20T09:27:39,2026-04-20T09:27:40,2026-04-20T09:27:52,12,True,cmaes,cifar10,1,40,40,submitline,/mnt/storage_6/project_data/pl0844-01/hpo_project,sbatch --array=1-40%40 hpo_v2.slurm cmaes cifar10 40
6924879_27,6924879,hpo2_%a,FAILED,1:0,gpu12,SLOW,2026-04-20T09:27:39,2026-04-20T09:27:40,2026-04-20T09:27:53,13,True,cmaes,cifar10,1,40,40,submitline,/mnt/storage_6/project_data/pl0844-01/hpo_project,sbatch --array=1-40%40 hpo_v2.slurm cmaes cifar10 40
6924879_28,6924879,hpo2_%a,FAILED,1:0,gpu12,SLOW,2026-04-20T09:27:39,2026-04-20T09:27:40,2026-04-20T09:27:53,13,True,cmaes,cifar10,1,40,40,submitline,/mnt/storage_6/project_data/pl0844-01/hpo_project,sbatch --array=1-40%40 hpo_v2.slurm cmaes cifar10 40
6924879_29,6924879,hpo2_%a,FAILED,1:0,gpu12,SLOW,2026-04-20T09:27:39,2026-04-20T09:27:40,2026-04-20T09:27:53,13,True,cmaes,cifar10,1,40,40,submitline,/mnt/storage_6/project_data/pl0844-01/hpo_project,sbatch --array=1-40%40 hpo_v2.slurm cmaes cifar10 40
6924879_30,6924879,hpo2_%a,FAILED,1:0,gpu12,SLOW,2026-04-20T09:27:39,2026-04-20T09:27:40,2026-04-20T09:27:53,13,True,cmaes,cifar10,1,40,40,submitline,/mnt/storage_6/project_data/pl0844-01/hpo_project,sbatch --array=1-40%40 hpo_v2.slurm cmaes cifar10 40
6924879_31,6924879,hpo2_%a,FAILED,1:0,gpu05,UNKNOWN,2026-04-20T09:27:39,2026-04-20T09:34:23,2026-04-20T09:34:47,24,False,cmaes,cifar10,1,40,40,submitline,/mnt/storage_6/project_data/pl0844-01/hpo_project,sbatch --array=1-40%40 hpo_v2.slurm cmaes cifar10 40
6924879_32,6924879,hpo2_%a,FAILED,1:0,gpu05,UNKNOWN,2026-04-20T09:27:39,2026-04-20T09:34:23,2026-04-20T09:34:47,24,False,cmaes,cifar10,1,40,40,submitline,/mnt/storage_6/project_data/pl0844-01/hpo_project,sbatch --array=1-40%40 hpo_v2.slurm cmaes cifar10 40
6924879_33,6924879,hpo2_%a,FAILED,1:0,gpu05,UNKNOWN,2026-04-20T09:27:39,2026-04-20T09:34:23,2026-04-20T09:34:46,23,False,cmaes,cifar10,1,40,40,submitline,/mnt/storage_6/project_data/pl0844-01/hpo_project,sbatch --array=1-40%40 hpo_v2.slurm cmaes cifar10 40
6924879_34,6924879,hpo2_%a,FAILED,1:0,gpu05,UNKNOWN,2026-04-20T09:27:39,2026-04-20T09:34:23,2026-04-20T09:34:46,23,False,cmaes,cifar10,1,40,40,submitline,/mnt/storage_6/project_data/pl0844-01/hpo_project,sbatch --array=1-40%40 hpo_v2.slurm cmaes cifar10 40
6924879_35,6924879,hpo2_%a,FAILED,1:0,gpu05,UNKNOWN,2026-04-20T09:27:39,2026-04-20T09:34:23,2026-04-20T09:34:46,23,False,cmaes,cifar10,1,40,40,submitline,/mnt/storage_6/project_data/pl0844-01/hpo_project,sbatch --array=1-40%40 hpo_v2.slurm cmaes cifar10 40
6924879_36,6924879,hpo2_%a,FAILED,1:0,gpu05,UNKNOWN,2026-04-20T09:27:39,2026-04-20T09:34:23,2026-04-20T09:34:47,24,False,cmaes,cifar10,1,40,40,submitline,/mnt/storage_6/project_data/pl0844-01/hpo_project,sbatch --array=1-40%40 hpo_v2.slurm cmaes cifar10 40
6924879_37,6924879,hpo2_%a,FAILED,1:0,gpu05,UNKNOWN,2026-04-20T09:27:39,2026-04-20T09:34:23,2026-04-20T09:34:47,24,False,cmaes,cifar10,1,40,40,submitline,/mnt/storage_6/project_data/pl0844-01/hpo_project,sbatch --array=1-40%40 hpo_v2.slurm cmaes cifar10 40
6924879_38,6924879,hpo2_%a,FAILED,1:0,gpu05,UNKNOWN,2026-04-20T09:27:39,2026-04-20T09:34:23,2026-04-20T09:34:46,23,False,cmaes,cifar10,1,40,40,submitline,/mnt/storage_6/project_data/pl0844-01/hpo_project,sbatch --array=1-40%40 hpo_v2.slurm cmaes cifar10 40
6924879_39,6924879,hpo2_%a,FAILED,1:0,gpu08,SLOW,2026-04-20T09:27:39,2026-04-20T09:36:54,2026-04-20T09:37:16,22,False,cmaes,cifar10,1,40,40,submitline,/mnt/storage_6/project_data/pl0844-01/hpo_project,sbatch --array=1-40%40 hpo_v2.slurm cmaes cifar10 40
6924879_40,6924879,hpo2_%a,FAILED,1:0,gpu08,SLOW,2026-04-20T09:27:39,2026-04-20T09:36:54,2026-04-20T09:37:17,23,False,cmaes,cifar10,1,40,40,submitline,/mnt/storage_6/project_data/pl0844-01/hpo_project,sbatch --array=1-40%40 hpo_v2.slurm cmaes cifar10 40
6924880_1,6924880,hpo2_%a,FAILED,1:0,gpu08,SLOW,2026-04-20T09:27:39,2026-04-20T09:36:54,2026-04-20T09:37:15,21,False,tpe,cifar100,1,40,40,submitline,/mnt/storage_6/project_data/pl0844-01/hpo_project,sbatch --array=1-40%40 hpo_v2.slurm tpe cifar100 40
6924880_2,6924880,hpo2_%a,FAILED,1:0,gpu08,SLOW,2026-04-20T09:27:39,2026-04-20T09:36:54,2026-04-20T09:37:15,21,False,tpe,cifar100,1,40,40,submitline,/mnt/storage_6/project_data/pl0844-01/hpo_project,sbatch --array=1-40%40 hpo_v2.slurm tpe cifar100 40
6924880_3,6924880,hpo2_%a,FAILED,1:0,gpu08,SLOW,2026-04-20T09:27:39,2026-04-20T09:36:54,2026-04-20T09:37:15,21,False,tpe,cifar100,1,40,40,submitline,/mnt/storage_6/project_data/pl0844-01/hpo_project,sbatch --array=1-40%40 hpo_v2.slurm tpe cifar100 40
6924880_4,6924880,hpo2_%a,FAILED,1:0,gpu08,SLOW,2026-04-20T09:27:39,2026-04-20T09:36:54,2026-04-20T09:37:15,21,False,tpe,cifar100,1,40,40,submitline,/mnt/storage_6/project_data/pl0844-01/hpo_project,sbatch --array=1-40%40 hpo_v2.slurm tpe cifar100 40
6924880_5,6924880,hpo2_%a,FAILED,1:0,gpu08,SLOW,2026-04-20T09:27:39,2026-04-20T09:36:54,2026-04-20T09:37:15,21,False,tpe,cifar100,1,40,40,submitline,/mnt/storage_6/project_data/pl0844-01/hpo_project,sbatch --array=1-40%40 hpo_v2.slurm tpe cifar100 40
6924880_6,6924880,hpo2_%a,FAILED,1:0,gpu08,SLOW,2026-04-20T09:27:39,2026-04-20T09:36:54,2026-04-20T09:37:15,21,False,tpe,cifar100,1,40,40,submitline,/mnt/storage_6/project_data/pl0844-01/hpo_project,sbatch --array=1-40%40 hpo_v2.slurm tpe cifar100 40
6924880_7,6924880,hpo2_%a,FAILED,1:0,gpu31,FAST,2026-04-20T09:27:39,2026-04-20T09:27:40,2026-04-20T09:28:45,65,False,tpe,cifar100,1,40,40,submitline,/mnt/storage_6/project_data/pl0844-01/hpo_project,sbatch --array=1-40%40 hpo_v2.slurm tpe cifar100 40
6924880_8,6924880,hpo2_%a,FAILED,1:0,gpu35,FAST,2026-04-20T09:27:39,2026-04-20T09:27:40,2026-04-20T09:28:48,68,False,tpe,cifar100,1,40,40,submitline,/mnt/storage_6/project_data/pl0844-01/hpo_project,sbatch --array=1-40%40 hpo_v2.slurm tpe cifar100 40
6924880_9,6924880,hpo2_%a,FAILED,1:0,gpu36,FAST,2026-04-20T09:27:39,2026-04-20T09:27:40,2026-04-20T09:28:44,64,False,tpe,cifar100,1,40,40,submitline,/mnt/storage_6/project_data/pl0844-01/hpo_project,sbatch --array=1-40%40 hpo_v2.slurm tpe cifar100 40
6924880_10,6924880,hpo2_%a,FAILED,1:0,gpu37,FAST,2026-04-20T09:27:39,2026-04-20T09:27:40,2026-04-20T09:28:44,64,False,tpe,cifar100,1,40,40,submitline,/mnt/storage_6/project_data/pl0844-01/hpo_project,sbatch --array=1-40%40 hpo_v2.slurm tpe cifar100 40
6924880_11,6924880,hpo2_%a,FAILED,1:0,gpu37,FAST,2026-04-20T09:27:39,2026-04-20T09:27:40,2026-04-20T09:28:46,66,False,tpe,cifar100,1,40,40,submitline,/mnt/storage_6/project_data/pl0844-01/hpo_project,sbatch --array=1-40%40 hpo_v2.slurm tpe cifar100 40
6924880_12,6924880,hpo2_%a,FAILED,1:0,gpu37,FAST,2026-04-20T09:27:39,2026-04-20T09:27:40,2026-04-20T09:28:47,67,False,tpe,cifar100,1,40,40,submitline,/mnt/storage_6/project_data/pl0844-01/hpo_project,sbatch --array=1-40%40 hpo_v2.slurm tpe cifar100 40
6924880_13,6924880,hpo2_%a,FAILED,1:0,gpu37,FAST,2026-04-20T09:27:39,2026-04-20T09:27:40,2026-04-20T09:28:48,68,False,tpe,cifar100,1,40,40,submitline,/mnt/storage_6/project_data/pl0844-01/hpo_project,sbatch --array=1-40%40 hpo_v2.slurm tpe cifar100 40
6924880_14,6924880,hpo2_%a,FAILED,1:0,gpu39,FAST,2026-04-20T09:27:39,2026-04-20T09:27:40,2026-04-20T09:28:44,64,False,tpe,cifar100,1,40,40,submitline,/mnt/storage_6/project_data/pl0844-01/hpo_project,sbatch --array=1-40%40 hpo_v2.slurm tpe cifar100 40
6924880_15,6924880,hpo2_%a,FAILED,1:0,gpu39,FAST,2026-04-20T09:27:39,2026-04-20T09:27:40,2026-04-20T09:28:45,65,False,tpe,cifar100,1,40,40,submitline,/mnt/storage_6/project_data/pl0844-01/hpo_project,sbatch --array=1-40%40 hpo_v2.slurm tpe cifar100 40
6924880_16,6924880,hpo2_%a,FAILED,1:0,gpu39,FAST,2026-04-20T09:27:39,2026-04-20T09:27:40,2026-04-20T09:28:43,63,False,tpe,cifar100,1,40,40,submitline,/mnt/storage_6/project_data/pl0844-01/hpo_project,sbatch --array=1-40%40 hpo_v2.slurm tpe cifar100 40
6924880_17,6924880,hpo2_%a,FAILED,1:0,gpu39,FAST,2026-04-20T09:27:39,2026-04-20T09:27:40,2026-04-20T09:28:46,66,False,tpe,cifar100,1,40,40,submitline,/mnt/storage_6/project_data/pl0844-01/hpo_project,sbatch --array=1-40%40 hpo_v2.slurm tpe cifar100 40
6924880_18,6924880,hpo2_%a,FAILED,1:0,gpu40,FAST,2026-04-20T09:27:39,2026-04-20T09:27:40,2026-04-20T09:28:47,67,False,tpe,cifar100,1,40,40,submitline,/mnt/storage_6/project_data/pl0844-01/hpo_project,sbatch --array=1-40%40 hpo_v2.slurm tpe cifar100 40
6924880_19,6924880,hpo2_%a,FAILED,1:0,gpu40,FAST,2026-04-20T09:27:39,2026-04-20T09:27:40,2026-04-20T09:28:48,68,False,tpe,cifar100,1,40,40,submitline,/mnt/storage_6/project_data/pl0844-01/hpo_project,sbatch --array=1-40%40 hpo_v2.slurm tpe cifar100 40
6924880_20,6924880,hpo2_%a,FAILED,1:0,gpu40,FAST,2026-04-20T09:27:39,2026-04-20T09:27:40,2026-04-20T09:27:55,15,True,tpe,cifar100,1,40,40,submitline,/mnt/storage_6/project_data/pl0844-01/hpo_project,sbatch --array=1-40%40 hpo_v2.slurm tpe cifar100 40
6924880_21,6924880,hpo2_%a,FAILED,1:0,gpu40,FAST,2026-04-20T09:27:39,2026-04-20T09:27:40,2026-04-20T09:28:48,68,False,tpe,cifar100,1,40,40,submitline,/mnt/storage_6/project_data/pl0844-01/hpo_project,sbatch --array=1-40%40 hpo_v2.slurm tpe cifar100 40
6924880_22,6924880,hpo2_%a,FAILED,1:0,gpu41,FAST,2026-04-20T09:27:39,2026-04-20T09:27:40,2026-04-20T09:28:04,24,False,tpe,cifar100,1,40,40,submitline,/mnt/storage_6/project_data/pl0844-01/hpo_project,sbatch --array=1-40%40 hpo_v2.slurm tpe cifar100 40
6924880_23,6924880,hpo2_%a,FAILED,1:0,gpu41,FAST,2026-04-20T09:27:39,2026-04-20T09:27:40,2026-04-20T09:28:04,24,False,tpe,cifar100,1,40,40,submitline,/mnt/storage_6/project_data/pl0844-01/hpo_project,sbatch --array=1-40%40 hpo_v2.slurm tpe cifar100 40
6924880_24,6924880,hpo2_%a,FAILED,1:0,gpu41,FAST,2026-04-20T09:27:39,2026-04-20T09:27:40,2026-04-20T09:28:05,25,False,tpe,cifar100,1,40,40,submitline,/mnt/storage_6/project_data/pl0844-01/hpo_project,sbatch --array=1-40%40 hpo_v2.slurm tpe cifar100 40
6924880_25,6924880,hpo2_%a,FAILED,1:0,gpu41,FAST,2026-04-20T09:27:39,2026-04-20T09:27:40,2026-04-20T09:28:10,30,False,tpe,cifar100,1,40,40,submitline,/mnt/storage_6/project_data/pl0844-01/hpo_project,sbatch --array=1-40%40 hpo_v2.slurm tpe cifar100 40
6924880_26,6924880,hpo2_%a,FAILED,1:0,gpu42,FAST,2026-04-20T09:27:39,2026-04-20T09:27:40,2026-04-20T09:28:49,69,False,tpe,cifar100,1,40,40,submitline,/mnt/storage_6/project_data/pl0844-01/hpo_project,sbatch --array=1-40%40 hpo_v2.slurm tpe cifar100 40
6924880_27,6924880,hpo2_%a,FAILED,1:0,gpu42,FAST,2026-04-20T09:27:39,2026-04-20T09:27:40,2026-04-20T09:28:46,66,False,tpe,cifar100,1,40,40,submitline,/mnt/storage_6/project_data/pl0844-01/hpo_project,sbatch --array=1-40%40 hpo_v2.slurm tpe cifar100 40
6924880_28,6924880,hpo2_%a,FAILED,1:0,gpu42,FAST,2026-04-20T09:27:39,2026-04-20T09:27:40,2026-04-20T09:28:48,68,False,tpe,cifar100,1,40,40,submitline,/mnt/storage_6/project_data/pl0844-01/hpo_project,sbatch --array=1-40%40 hpo_v2.slurm tpe cifar100 40
6924880_29,6924880,hpo2_%a,FAILED,1:0,gpu42,FAST,2026-04-20T09:27:39,2026-04-20T09:27:40,2026-04-20T09:28:46,66,False,tpe,cifar100,1,40,40,submitline,/mnt/storage_6/project_data/pl0844-01/hpo_project,sbatch --array=1-40%40 hpo_v2.slurm tpe cifar100 40
6924880_30,6924880,hpo2_%a,FAILED,1:0,gpu45,FAST,2026-04-20T09:27:39,2026-04-20T09:27:40,2026-04-20T09:28:45,65,False,tpe,cifar100,1,40,40,submitline,/mnt/storage_6/project_data/pl0844-01/hpo_project,sbatch --array=1-40%40 hpo_v2.slurm tpe cifar100 40
6924880_31,6924880,hpo2_%a,FAILED,1:0,gpu45,FAST,2026-04-20T09:27:39,2026-04-20T09:27:40,2026-04-20T09:27:54,14,True,tpe,cifar100,1,40,40,submitline,/mnt/storage_6/project_data/pl0844-01/hpo_project,sbatch --array=1-40%40 hpo_v2.slurm tpe cifar100 40
6924880_32,6924880,hpo2_%a,FAILED,1:0,gpu45,FAST,2026-04-20T09:27:39,2026-04-20T09:27:40,2026-04-20T09:28:48,68,False,tpe,cifar100,1,40,40,submitline,/mnt/storage_6/project_data/pl0844-01/hpo_project,sbatch --array=1-40%40 hpo_v2.slurm tpe cifar100 40
6924880_33,6924880,hpo2_%a,FAILED,1:0,gpu45,FAST,2026-04-20T09:27:39,2026-04-20T09:27:40,2026-04-20T09:28:45,65,False,tpe,cifar100,1,40,40,submitline,/mnt/storage_6/project_data/pl0844-01/hpo_project,sbatch --array=1-40%40 hpo_v2.slurm tpe cifar100 40
6924880_34,6924880,hpo2_%a,FAILED,1:0,gpu46,FAST,2026-04-20T09:27:39,2026-04-20T09:27:40,2026-04-20T09:28:46,66,False,tpe,cifar100,1,40,40,submitline,/mnt/storage_6/project_data/pl0844-01/hpo_project,sbatch --array=1-40%40 hpo_v2.slurm tpe cifar100 40
6924880_35,6924880,hpo2_%a,FAILED,1:0,gpu46,FAST,2026-04-20T09:27:39,2026-04-20T09:27:40,2026-04-20T09:28:47,67,False,tpe,cifar100,1,40,40,submitline,/mnt/storage_6/project_data/pl0844-01/hpo_project,sbatch --array=1-40%40 hpo_v2.slurm tpe cifar100 40
6924880_36,6924880,hpo2_%a,FAILED,1:0,gpu46,FAST,2026-04-20T09:27:39,2026-04-20T09:27:40,2026-04-20T09:28:46,66,False,tpe,cifar100,1,40,40,submitline,/mnt/storage_6/project_data/pl0844-01/hpo_project,sbatch --array=1-40%40 hpo_v2.slurm tpe cifar100 40
6924880_37,6924880,hpo2_%a,FAILED,1:0,gpu46,FAST,2026-04-20T09:27:39,2026-04-20T09:27:40,2026-04-20T09:28:45,65,False,tpe,cifar100,1,40,40,submitline,/mnt/storage_6/project_data/pl0844-01/hpo_project,sbatch --array=1-40%40 hpo_v2.slurm tpe cifar100 40
6924880_38,6924880,hpo2_%a,FAILED,1:0,gpu63,FAST,2026-04-20T09:27:39,2026-04-20T09:27:40,2026-04-20T09:28:02,22,False,tpe,cifar100,1,40,40,submitline,/mnt/storage_6/project_data/pl0844-01/hpo_project,sbatch --array=1-40%40 hpo_v2.slurm tpe cifar100 40
6924880_39,6924880,hpo2_%a,FAILED,1:0,gpu63,FAST,2026-04-20T09:27:39,2026-04-20T09:27:40,2026-04-20T09:28:46,66,False,tpe,cifar100,1,40,40,submitline,/mnt/storage_6/project_data/pl0844-01/hpo_project,sbatch --array=1-40%40 hpo_v2.slurm tpe cifar100 40
6924880_40,6924880,hpo2_%a,FAILED,1:0,gpu63,FAST,2026-04-20T09:27:39,2026-04-20T09:27:40,2026-04-20T09:28:48,68,False,tpe,cifar100,1,40,40,submitline,/mnt/storage_6/project_data/pl0844-01/hpo_project,sbatch --array=1-40%40 hpo_v2.slurm tpe cifar100 40
6924881_1,6924881,hpo2_%a,FAILED,1:0,gpu63,FAST,2026-04-20T09:27:39,2026-04-20T09:27:40,2026-04-20T09:28:01,21,False,hyperband,cifar100,1,40,40,submitline,/mnt/storage_6/project_data/pl0844-01/hpo_project,sbatch --array=1-40%40 hpo_v2.slurm hyperband cifar100 40
6924881_2,6924881,hpo2_%a,FAILED,1:0,gpu64,FAST,2026-04-20T09:27:39,2026-04-20T09:27:40,2026-04-20T09:32:14,274,False,hyperband,cifar100,1,40,40,submitline,/mnt/storage_6/project_data/pl0844-01/hpo_project,sbatch --array=1-40%40 hpo_v2.slurm hyperband cifar100 40
6924881_3,6924881,hpo2_%a,FAILED,1:0,gpu64,FAST,2026-04-20T09:27:39,2026-04-20T09:27:40,2026-04-20T09:31:08,208,False,hyperband,cifar100,1,40,40,submitline,/mnt/storage_6/project_data/pl0844-01/hpo_project,sbatch --array=1-40%40 hpo_v2.slurm hyperband cifar100 40
6924881_4,6924881,hpo2_%a,FAILED,1:0,gpu64,FAST,2026-04-20T09:27:39,2026-04-20T09:27:40,2026-04-20T09:31:07,207,False,hyperband,cifar100,1,40,40,submitline,/mnt/storage_6/project_data/pl0844-01/hpo_project,sbatch --array=1-40%40 hpo_v2.slurm hyperband cifar100 40
6924881_5,6924881,hpo2_%a,FAILED,1:0,gpu64,FAST,2026-04-20T09:27:39,2026-04-20T09:27:40,2026-04-20T09:28:47,67,False,hyperband,cifar100,1,40,40,submitline,/mnt/storage_6/project_data/pl0844-01/hpo_project,sbatch --array=1-40%40 hpo_v2.slurm hyperband cifar100 40
6924881_6,6924881,hpo2_%a,FAILED,1:0,gpu66,FAST,2026-04-20T09:27:39,2026-04-20T09:27:40,2026-04-20T09:28:01,21,False,hyperband,cifar100,1,40,40,submitline,/mnt/storage_6/project_data/pl0844-01/hpo_project,sbatch --array=1-40%40 hpo_v2.slurm hyperband cifar100 40
6924881_7,6924881,hpo2_%a,FAILED,1:0,gpu66,FAST,2026-04-20T09:27:39,2026-04-20T09:27:40,2026-04-20T09:28:01,21,False,hyperband,cifar100,1,40,40,submitline,/mnt/storage_6/project_data/pl0844-01/hpo_project,sbatch --array=1-40%40 hpo_v2.slurm hyperband cifar100 40
6924881_8,6924881,hpo2_%a,FAILED,1:0,gpu66,FAST,2026-04-20T09:27:39,2026-04-20T09:27:40,2026-04-20T09:30:42,182,False,hyperband,cifar100,1,40,40,submitline,/mnt/storage_6/project_data/pl0844-01/hpo_project,sbatch --array=1-40%40 hpo_v2.slurm hyperband cifar100 40
6924881_9,6924881,hpo2_%a,FAILED,1:0,gpu66,FAST,2026-04-20T09:27:39,2026-04-20T09:27:40,2026-04-20T09:28:01,21,False,hyperband,cifar100,1,40,40,submitline,/mnt/storage_6/project_data/pl0844-01/hpo_project,sbatch --array=1-40%40 hpo_v2.slurm hyperband cifar100 40
6924881_10,6924881,hpo2_%a,FAILED,1:0,gpu71,FAST,2026-04-20T09:27:39,2026-04-20T09:27:40,2026-04-20T09:28:01,21,False,hyperband,cifar100,1,40,40,submitline,/mnt/storage_6/project_data/pl0844-01/hpo_project,sbatch --array=1-40%40 hpo_v2.slurm hyperband cifar100 40
6924881_11,6924881,hpo2_%a,FAILED,1:0,gpu71,FAST,2026-04-20T09:27:39,2026-04-20T09:27:40,2026-04-20T09:31:17,217,False,hyperband,cifar100,1,40,40,submitline,/mnt/storage_6/project_data/pl0844-01/hpo_project,sbatch --array=1-40%40 hpo_v2.slurm hyperband cifar100 40
6924881_12,6924881,hpo2_%a,FAILED,1:0,gpu71,FAST,2026-04-20T09:27:39,2026-04-20T09:27:40,2026-04-20T09:31:10,210,False,hyperband,cifar100,1,40,40,submitline,/mnt/storage_6/project_data/pl0844-01/hpo_project,sbatch --array=1-40%40 hpo_v2.slurm hyperband cifar100 40
6924881_13,6924881,hpo2_%a,FAILED,1:0,gpu71,FAST,2026-04-20T09:27:39,2026-04-20T09:27:40,2026-04-20T09:31:00,200,False,hyperband,cifar100,1,40,40,submitline,/mnt/storage_6/project_data/pl0844-01/hpo_project,sbatch --array=1-40%40 hpo_v2.slurm hyperband cifar100 40
6924881_14,6924881,hpo2_%a,FAILED,1:0,gpu72,FAST,2026-04-20T09:27:39,2026-04-20T09:27:40,2026-04-20T09:28:01,21,False,hyperband,cifar100,1,40,40,submitline,/mnt/storage_6/project_data/pl0844-01/hpo_project,sbatch --array=1-40%40 hpo_v2.slurm hyperband cifar100 40
6924881_15,6924881,hpo2_%a,FAILED,1:0,gpu72,FAST,2026-04-20T09:27:39,2026-04-20T09:27:40,2026-04-20T09:28:01,21,False,hyperband,cifar100,1,40,40,submitline,/mnt/storage_6/project_data/pl0844-01/hpo_project,sbatch --array=1-40%40 hpo_v2.slurm hyperband cifar100 40
6924881_16,6924881,hpo2_%a,FAILED,1:0,gpu72,FAST,2026-04-20T09:27:39,2026-04-20T09:27:40,2026-04-20T09:27:56,16,False,hyperband,cifar100,1,40,40,submitline,/mnt/storage_6/project_data/pl0844-01/hpo_project,sbatch --array=1-40%40 hpo_v2.slurm hyperband cifar100 40
6924881_17,6924881,hpo2_%a,FAILED,1:0,gpu72,FAST,2026-04-20T09:27:39,2026-04-20T09:27:40,2026-04-20T09:28:01,21,False,hyperband,cifar100,1,40,40,submitline,/mnt/storage_6/project_data/pl0844-01/hpo_project,sbatch --array=1-40%40 hpo_v2.slurm hyperband cifar100 40
6924881_18,6924881,hpo2_%a,FAILED,1:0,gpu73,FAST,2026-04-20T09:27:39,2026-04-20T09:27:40,2026-04-20T09:28:01,21,False,hyperband,cifar100,1,40,40,submitline,/mnt/storage_6/project_data/pl0844-01/hpo_project,sbatch --array=1-40%40 hpo_v2.slurm hyperband cifar100 40
6924881_19,6924881,hpo2_%a,FAILED,1:0,gpu73,FAST,2026-04-20T09:27:39,2026-04-20T09:27:40,2026-04-20T09:31:14,214,False,hyperband,cifar100,1,40,40,submitline,/mnt/storage_6/project_data/pl0844-01/hpo_project,sbatch --array=1-40%40 hpo_v2.slurm hyperband cifar100 40
6924881_20,6924881,hpo2_%a,FAILED,1:0,gpu73,FAST,2026-04-20T09:27:39,2026-04-20T09:27:40,2026-04-20T09:28:51,71,False,hyperband,cifar100,1,40,40,submitline,/mnt/storage_6/project_data/pl0844-01/hpo_project,sbatch --array=1-40%40 hpo_v2.slurm hyperband cifar100 40
6924881_21,6924881,hpo2_%a,FAILED,1:0,gpu73,FAST,2026-04-20T09:27:39,2026-04-20T09:27:40,2026-04-20T09:28:01,21,False,hyperband,cifar100,1,40,40,submitline,/mnt/storage_6/project_data/pl0844-01/hpo_project,sbatch --array=1-40%40 hpo_v2.slurm hyperband cifar100 40
6924881_22,6924881,hpo2_%a,FAILED,1:0,gpu74,FAST,2026-04-20T09:27:39,2026-04-20T09:27:40,2026-04-20T09:28:01,21,False,hyperband,cifar100,1,40,40,submitline,/mnt/storage_6/project_data/pl0844-01/hpo_project,sbatch --array=1-40%40 hpo_v2.slurm hyperband cifar100 40
6924881_23,6924881,hpo2_%a,FAILED,1:0,gpu74,FAST,2026-04-20T09:27:39,2026-04-20T09:27:40,2026-04-20T09:28:01,21,False,hyperband,cifar100,1,40,40,submitline,/mnt/storage_6/project_data/pl0844-01/hpo_project,sbatch --array=1-40%40 hpo_v2.slurm hyperband cifar100 40
6924881_24,6924881,hpo2_%a,FAILED,1:0,gpu74,FAST,2026-04-20T09:27:39,2026-04-20T09:27:40,2026-04-20T09:28:51,71,False,hyperband,cifar100,1,40,40,submitline,/mnt/storage_6/project_data/pl0844-01/hpo_project,sbatch --array=1-40%40 hpo_v2.slurm hyperband cifar100 40
6924881_25,6924881,hpo2_%a,FAILED,1:0,gpu74,FAST,2026-04-20T09:27:39,2026-04-20T09:27:40,2026-04-20T09:27:59,19,False,hyperband,cifar100,1,40,40,submitline,/mnt/storage_6/project_data/pl0844-01/hpo_project,sbatch --array=1-40%40 hpo_v2.slurm hyperband cifar100 40
6924881_26,6924881,hpo2_%a,FAILED,1:0,gpu75,FAST,2026-04-20T09:27:39,2026-04-20T09:27:40,2026-04-20T09:28:10,30,False,hyperband,cifar100,1,40,40,submitline,/mnt/storage_6/project_data/pl0844-01/hpo_project,sbatch --array=1-40%40 hpo_v2.slurm hyperband cifar100 40
6924881_27,6924881,hpo2_%a,FAILED,1:0,gpu75,FAST,2026-04-20T09:27:39,2026-04-20T09:27:40,2026-04-20T09:28:05,25,False,hyperband,cifar100,1,40,40,submitline,/mnt/storage_6/project_data/pl0844-01/hpo_project,sbatch --array=1-40%40 hpo_v2.slurm hyperband cifar100 40
6924881_28,6924881,hpo2_%a,FAILED,1:0,gpu75,FAST,2026-04-20T09:27:39,2026-04-20T09:27:40,2026-04-20T09:28:04,24,False,hyperband,cifar100,1,40,40,submitline,/mnt/storage_6/project_data/pl0844-01/hpo_project,sbatch --array=1-40%40 hpo_v2.slurm hyperband cifar100 40
6924881_29,6924881,hpo2_%a,FAILED,1:0,gpu75,FAST,2026-04-20T09:27:39,2026-04-20T09:27:40,2026-04-20T09:28:05,25,False,hyperband,cifar100,1,40,40,submitline,/mnt/storage_6/project_data/pl0844-01/hpo_project,sbatch --array=1-40%40 hpo_v2.slurm hyperband cifar100 40
6924881_30,6924881,hpo2_%a,FAILED,1:0,gpu76,FAST,2026-04-20T09:27:39,2026-04-20T09:27:40,2026-04-20T09:28:01,21,False,hyperband,cifar100,1,40,40,submitline,/mnt/storage_6/project_data/pl0844-01/hpo_project,sbatch --array=1-40%40 hpo_v2.slurm hyperband cifar100 40
6924881_31,6924881,hpo2_%a,FAILED,1:0,gpu76,FAST,2026-04-20T09:27:39,2026-04-20T09:27:40,2026-04-20T09:28:01,21,False,hyperband,cifar100,1,40,40,submitline,/mnt/storage_6/project_data/pl0844-01/hpo_project,sbatch --array=1-40%40 hpo_v2.slurm hyperband cifar100 40
6924881_32,6924881,hpo2_%a,FAILED,1:0,gpu76,FAST,2026-04-20T09:27:39,2026-04-20T09:27:40,2026-04-20T09:31:11,211,False,hyperband,cifar100,1,40,40,submitline,/mnt/storage_6/project_data/pl0844-01/hpo_project,sbatch --array=1-40%40 hpo_v2.slurm hyperband cifar100 40
6924881_33,6924881,hpo2_%a,FAILED,1:0,gpu76,FAST,2026-04-20T09:27:39,2026-04-20T09:27:40,2026-04-20T09:28:01,21,False,hyperband,cifar100,1,40,40,submitline,/mnt/storage_6/project_data/pl0844-01/hpo_project,sbatch --array=1-40%40 hpo_v2.slurm hyperband cifar100 40
6924881_34,6924881,hpo2_%a,FAILED,1:0,gpu78,FAST,2026-04-20T09:27:39,2026-04-20T09:27:40,2026-04-20T09:28:06,26,False,hyperband,cifar100,1,40,40,submitline,/mnt/storage_6/project_data/pl0844-01/hpo_project,sbatch --array=1-40%40 hpo_v2.slurm hyperband cifar100 40
6924881_35,6924881,hpo2_%a,FAILED,1:0,gpu78,FAST,2026-04-20T09:27:39,2026-04-20T09:27:40,2026-04-20T09:28:06,26,False,hyperband,cifar100,1,40,40,submitline,/mnt/storage_6/project_data/pl0844-01/hpo_project,sbatch --array=1-40%40 hpo_v2.slurm hyperband cifar100 40
6924881_36,6924881,hpo2_%a,FAILED,1:0,gpu78,FAST,2026-04-20T09:27:39,2026-04-20T09:27:40,2026-04-20T09:28:04,24,False,hyperband,cifar100,1,40,40,submitline,/mnt/storage_6/project_data/pl0844-01/hpo_project,sbatch --array=1-40%40 hpo_v2.slurm hyperband cifar100 40
6924881_37,6924881,hpo2_%a,FAILED,1:0,gpu78,FAST,2026-04-20T09:27:39,2026-04-20T09:27:40,2026-04-20T09:28:07,27,False,hyperband,cifar100,1,40,40,submitline,/mnt/storage_6/project_data/pl0844-01/hpo_project,sbatch --array=1-40%40 hpo_v2.slurm hyperband cifar100 40
6924881_38,6924881,hpo2_%a,FAILED,1:0,gpu80,FAST,2026-04-20T09:27:39,2026-04-20T09:27:40,2026-04-20T09:28:01,21,False,hyperband,cifar100,1,40,40,submitline,/mnt/storage_6/project_data/pl0844-01/hpo_project,sbatch --array=1-40%40 hpo_v2.slurm hyperband cifar100 40
6924881_39,6924881,hpo2_%a,FAILED,1:0,gpu80,FAST,2026-04-20T09:27:39,2026-04-20T09:27:40,2026-04-20T09:27:56,16,False,hyperband,cifar100,1,40,40,submitline,/mnt/storage_6/project_data/pl0844-01/hpo_project,sbatch --array=1-40%40 hpo_v2.slurm hyperband cifar100 40
6924881_40,6924881,hpo2_%a,FAILED,1:0,gpu80,FAST,2026-04-20T09:27:39,2026-04-20T09:27:40,2026-04-20T09:28:01,21,False,hyperband,cifar100,1,40,40,submitline,/mnt/storage_6/project_data/pl0844-01/hpo_project,sbatch --array=1-40%40 hpo_v2.slurm hyperband cifar100 40
6924882_1,6924882,hpo2_%a,COMPLETED,0:0,gpu80,FAST,2026-04-20T09:27:39,2026-04-20T09:27:40,2026-04-20T09:32:35,295,False,random,cifar100,1,40,40,submitline,/mnt/storage_6/project_data/pl0844-01/hpo_project,sbatch --array=1-40%40 hpo_v2.slurm random cifar100 40
6924882_2,6924882,hpo2_%a,COMPLETED,0:0,gpu81,FAST,2026-04-20T09:27:39,2026-04-20T09:27:40,2026-04-20T09:39:12,692,False,random,cifar100,1,40,40,submitline,/mnt/storage_6/project_data/pl0844-01/hpo_project,sbatch --array=1-40%40 hpo_v2.slurm random cifar100 40
6924882_3,6924882,hpo2_%a,COMPLETED,0:0,gpu81,FAST,2026-04-20T09:27:39,2026-04-20T09:27:40,2026-04-20T09:32:20,280,False,random,cifar100,1,40,40,submitline,/mnt/storage_6/project_data/pl0844-01/hpo_project,sbatch --array=1-40%40 hpo_v2.slurm random cifar100 40
6924882_4,6924882,hpo2_%a,COMPLETED,0:0,gpu81,FAST,2026-04-20T09:27:39,2026-04-20T09:27:40,2026-04-20T09:34:23,403,False,random,cifar100,1,40,40,submitline,/mnt/storage_6/project_data/pl0844-01/hpo_project,sbatch --array=1-40%40 hpo_v2.slurm random cifar100 40
6924882_5,6924882,hpo2_%a,FAILED,1:0,gpu81,FAST,2026-04-20T09:27:39,2026-04-20T09:27:40,2026-04-20T09:27:59,19,False,random,cifar100,1,40,40,submitline,/mnt/storage_6/project_data/pl0844-01/hpo_project,sbatch --array=1-40%40 hpo_v2.slurm random cifar100 40
6924882_6,6924882,hpo2_%a,COMPLETED,0:0,gpu82,FAST,2026-04-20T09:27:39,2026-04-20T09:27:40,2026-04-20T09:36:41,541,False,random,cifar100,1,40,40,submitline,/mnt/storage_6/project_data/pl0844-01/hpo_project,sbatch --array=1-40%40 hpo_v2.slurm random cifar100 40
6924882_7,6924882,hpo2_%a,COMPLETED,0:0,gpu82,FAST,2026-04-20T09:27:39,2026-04-20T09:27:40,2026-04-20T09:36:35,535,False,random,cifar100,1,40,40,submitline,/mnt/storage_6/project_data/pl0844-01/hpo_project,sbatch --array=1-40%40 hpo_v2.slurm random cifar100 40
6924882_8,6924882,hpo2_%a,COMPLETED,0:0,gpu82,FAST,2026-04-20T09:27:39,2026-04-20T09:27:40,2026-04-20T09:36:53,553,False,random,cifar100,1,40,40,submitline,/mnt/storage_6/project_data/pl0844-01/hpo_project,sbatch --array=1-40%40 hpo_v2.slurm random cifar100 40
6924882_9,6924882,hpo2_%a,COMPLETED,0:0,gpu82,FAST,2026-04-20T09:27:39,2026-04-20T09:27:40,2026-04-20T09:32:40,300,False,random,cifar100,1,40,40,submitline,/mnt/storage_6/project_data/pl0844-01/hpo_project,sbatch --array=1-40%40 hpo_v2.slurm random cifar100 40
6924882_10,6924882,hpo2_%a,FAILED,1:0,gpu83,FAST,2026-04-20T09:27:39,2026-04-20T09:27:40,2026-04-20T09:30:43,183,False,random,cifar100,1,40,40,submitline,/mnt/storage_6/project_data/pl0844-01/hpo_project,sbatch --array=1-40%40 hpo_v2.slurm random cifar100 40
6924882_11,6924882,hpo2_%a,COMPLETED,0:0,gpu83,FAST,2026-04-20T09:27:39,2026-04-20T09:27:40,2026-04-20T09:36:10,510,False,random,cifar100,1,40,40,submitline,/mnt/storage_6/project_data/pl0844-01/hpo_project,sbatch --array=1-40%40 hpo_v2.slurm random cifar100 40
6924882_12,6924882,hpo2_%a,COMPLETED,0:0,gpu83,FAST,2026-04-20T09:27:39,2026-04-20T09:27:40,2026-04-20T09:38:10,630,False,random,cifar100,1,40,40,submitline,/mnt/storage_6/project_data/pl0844-01/hpo_project,sbatch --array=1-40%40 hpo_v2.slurm random cifar100 40
6924882_13,6924882,hpo2_%a,FAILED,1:0,gpu83,FAST,2026-04-20T09:27:39,2026-04-20T09:27:40,2026-04-20T09:29:59,139,False,random,cifar100,1,40,40,submitline,/mnt/storage_6/project_data/pl0844-01/hpo_project,sbatch --array=1-40%40 hpo_v2.slurm random cifar100 40
6924882_14,6924882,hpo2_%a,FAILED,1:0,gpu84,FAST,2026-04-20T09:27:39,2026-04-20T09:27:40,2026-04-20T09:32:25,285,False,random,cifar100,1,40,40,submitline,/mnt/storage_6/project_data/pl0844-01/hpo_project,sbatch --array=1-40%40 hpo_v2.slurm random cifar100 40
6924882_15,6924882,hpo2_%a,COMPLETED,0:0,gpu84,FAST,2026-04-20T09:27:39,2026-04-20T09:27:40,2026-04-20T09:38:40,660,False,random,cifar100,1,40,40,submitline,/mnt/storage_6/project_data/pl0844-01/hpo_project,sbatch --array=1-40%40 hpo_v2.slurm random cifar100 40
6924882_16,6924882,hpo2_%a,COMPLETED,0:0,gpu84,FAST,2026-04-20T09:27:39,2026-04-20T09:27:40,2026-04-20T09:33:33,353,False,random,cifar100,1,40,40,submitline,/mnt/storage_6/project_data/pl0844-01/hpo_project,sbatch --array=1-40%40 hpo_v2.slurm random cifar100 40
6924882_17,6924882,hpo2_%a,COMPLETED,0:0,gpu84,FAST,2026-04-20T09:27:39,2026-04-20T09:27:40,2026-04-20T09:34:51,431,False,random,cifar100,1,40,40,submitline,/mnt/storage_6/project_data/pl0844-01/hpo_project,sbatch --array=1-40%40 hpo_v2.slurm random cifar100 40
6924882_18,6924882,hpo2_%a,COMPLETED,0:0,gpu86,FAST,2026-04-20T09:27:39,2026-04-20T09:27:40,2026-04-20T09:35:10,450,False,random,cifar100,1,40,40,submitline,/mnt/storage_6/project_data/pl0844-01/hpo_project,sbatch --array=1-40%40 hpo_v2.slurm random cifar100 40
6924882_19,6924882,hpo2_%a,FAILED,1:0,gpu86,FAST,2026-04-20T09:27:39,2026-04-20T09:27:40,2026-04-20T09:33:33,353,False,random,cifar100,1,40,40,submitline,/mnt/storage_6/project_data/pl0844-01/hpo_project,sbatch --array=1-40%40 hpo_v2.slurm random cifar100 40
6924882_20,6924882,hpo2_%a,COMPLETED,0:0,gpu86,FAST,2026-04-20T09:27:39,2026-04-20T09:27:40,2026-04-20T09:33:22,342,False,random,cifar100,1,40,40,submitline,/mnt/storage_6/project_data/pl0844-01/hpo_project,sbatch --array=1-40%40 hpo_v2.slurm random cifar100 40
6924882_21,6924882,hpo2_%a,COMPLETED,0:0,gpu86,FAST,2026-04-20T09:27:39,2026-04-20T09:27:40,2026-04-20T09:33:44,364,False,random,cifar100,1,40,40,submitline,/mnt/storage_6/project_data/pl0844-01/hpo_project,sbatch --array=1-40%40 hpo_v2.slurm random cifar100 40
6924882_22,6924882,hpo2_%a,COMPLETED,0:0,gpu87,FAST,2026-04-20T09:27:39,2026-04-20T09:27:40,2026-04-20T09:32:52,312,False,random,cifar100,1,40,40,submitline,/mnt/storage_6/project_data/pl0844-01/hpo_project,sbatch --array=1-40%40 hpo_v2.slurm random cifar100 40
6924882_23,6924882,hpo2_%a,COMPLETED,0:0,gpu87,FAST,2026-04-20T09:27:39,2026-04-20T09:27:40,2026-04-20T09:33:34,354,False,random,cifar100,1,40,40,submitline,/mnt/storage_6/project_data/pl0844-01/hpo_project,sbatch --array=1-40%40 hpo_v2.slurm random cifar100 40
6924882_24,6924882,hpo2_%a,FAILED,1:0,gpu87,FAST,2026-04-20T09:27:39,2026-04-20T09:27:40,2026-04-20T09:31:27,227,False,random,cifar100,1,40,40,submitline,/mnt/storage_6/project_data/pl0844-01/hpo_project,sbatch --array=1-40%40 hpo_v2.slurm random cifar100 40
6924882_25,6924882,hpo2_%a,FAILED,1:0,gpu87,FAST,2026-04-20T09:27:39,2026-04-20T09:27:40,2026-04-20T09:31:51,251,False,random,cifar100,1,40,40,submitline,/mnt/storage_6/project_data/pl0844-01/hpo_project,sbatch --array=1-40%40 hpo_v2.slurm random cifar100 40
6924882_26,6924882,hpo2_%a,FAILED,1:0,gpu88,FAST,2026-04-20T09:27:39,2026-04-20T09:27:40,2026-04-20T09:28:45,65,False,random,cifar100,1,40,40,submitline,/mnt/storage_6/project_data/pl0844-01/hpo_project,sbatch --array=1-40%40 hpo_v2.slurm random cifar100 40
6924882_27,6924882,hpo2_%a,COMPLETED,0:0,gpu88,FAST,2026-04-20T09:27:39,2026-04-20T09:27:40,2026-04-20T09:33:41,361,False,random,cifar100,1,40,40,submitline,/mnt/storage_6/project_data/pl0844-01/hpo_project,sbatch --array=1-40%40 hpo_v2.slurm random cifar100 40
6924882_28,6924882,hpo2_%a,COMPLETED,0:0,gpu88,FAST,2026-04-20T09:27:39,2026-04-20T09:27:40,2026-04-20T09:34:34,414,False,random,cifar100,1,40,40,submitline,/mnt/storage_6/project_data/pl0844-01/hpo_project,sbatch --array=1-40%40 hpo_v2.slurm random cifar100 40
6924882_29,6924882,hpo2_%a,COMPLETED,0:0,gpu88,FAST,2026-04-20T09:27:39,2026-04-20T09:27:40,2026-04-20T09:34:50,430,False,random,cifar100,1,40,40,submitline,/mnt/storage_6/project_data/pl0844-01/hpo_project,sbatch --array=1-40%40 hpo_v2.slurm random cifar100 40
6924882_34,6924882,hpo2_%a,COMPLETED,0:0,gpu06,SLOW,2026-04-20T09:27:39,2026-04-20T09:27:51,2026-04-20T09:52:35,1484,False,random,cifar100,1,40,40,submitline,/mnt/storage_6/project_data/pl0844-01/hpo_project,sbatch --array=1-40%40 hpo_v2.slurm random cifar100 40
6924882_35,6924882,hpo2_%a,FAILED,1:0,gpu11,SLOW,2026-04-20T09:27:39,2026-04-20T09:27:52,2026-04-20T09:29:35,103,False,random,cifar100,1,40,40,submitline,/mnt/storage_6/project_data/pl0844-01/hpo_project,sbatch --array=1-40%40 hpo_v2.slurm random cifar100 40
6924882_36,6924882,hpo2_%a,COMPLETED,0:0,gpu06,SLOW,2026-04-20T09:27:39,2026-04-20T09:27:52,2026-04-20T09:40:27,755,False,random,cifar100,1,40,40,submitline,/mnt/storage_6/project_data/pl0844-01/hpo_project,sbatch --array=1-40%40 hpo_v2.slurm random cifar100 40
6924882_37,6924882,hpo2_%a,COMPLETED,0:0,gpu06,SLOW,2026-04-20T09:27:39,2026-04-20T09:27:52,2026-04-20T09:49:18,1286,False,random,cifar100,1,40,40,submitline,/mnt/storage_6/project_data/pl0844-01/hpo_project,sbatch --array=1-40%40 hpo_v2.slurm random cifar100 40
6924882_38,6924882,hpo2_%a,FAILED,1:0,gpu12,SLOW,2026-04-20T09:27:39,2026-04-20T09:27:52,2026-04-20T09:29:04,72,False,random,cifar100,1,40,40,submitline,/mnt/storage_6/project_data/pl0844-01/hpo_project,sbatch --array=1-40%40 hpo_v2.slurm random cifar100 40
6924882_39,6924882,hpo2_%a,FAILED,1:0,gpu06,SLOW,2026-04-20T09:27:39,2026-04-20T09:27:52,2026-04-20T09:33:36,344,False,random,cifar100,1,40,40,submitline,/mnt/storage_6/project_data/pl0844-01/hpo_project,sbatch --array=1-40%40 hpo_v2.slurm random cifar100 40
6924882_40,6924882,hpo2_%a,COMPLETED,0:0,gpu10,SLOW,2026-04-20T09:27:39,2026-04-20T09:27:52,2026-04-20T09:48:18,1226,False,random,cifar100,1,40,40,submitline,/mnt/storage_6/project_data/pl0844-01/hpo_project,sbatch --array=1-40%40 hpo_v2.slurm random cifar100 40
6924883_1,6924883,hpo2_%a,COMPLETED,0:0,gpu10,SLOW,2026-04-20T09:27:39,2026-04-20T09:27:52,2026-04-20T09:40:40,768,False,tpe,cifar10,1,40,5,submitline,/mnt/storage_6/project_data/pl0844-01/hpo_project,sbatch --array=1-40%5 hpo_v2.slurm tpe cifar10 1
6924883_2,6924883,hpo2_%a,FAILED,1:0,gpu12,SLOW,2026-04-20T09:27:39,2026-04-20T09:27:52,2026-04-20T09:37:24,572,False,tpe,cifar10,1,40,5,submitline,/mnt/storage_6/project_data/pl0844-01/hpo_project,sbatch --array=1-40%5 hpo_v2.slurm tpe cifar10 1
6924883_3,6924883,hpo2_%a,COMPLETED,0:0,gpu11,SLOW,2026-04-20T09:27:39,2026-04-20T09:27:53,2026-04-20T09:40:36,763,False,tpe,cifar10,1,40,5,submitline,/mnt/storage_6/project_data/pl0844-01/hpo_project,sbatch --array=1-40%5 hpo_v2.slurm tpe cifar10 1
6924883_4,6924883,hpo2_%a,COMPLETED,0:0,gpu06,SLOW,2026-04-20T09:27:39,2026-04-20T09:27:53,2026-04-20T09:40:36,763,False,tpe,cifar10,1,40,5,submitline,/mnt/storage_6/project_data/pl0844-01/hpo_project,sbatch --array=1-40%5 hpo_v2.slurm tpe cifar10 1
6924883_5,6924883,hpo2_%a,COMPLETED,0:0,gpu06,SLOW,2026-04-20T09:27:39,2026-04-20T09:27:53,2026-04-20T09:40:40,767,False,tpe,cifar10,1,40,5,submitline,/mnt/storage_6/project_data/pl0844-01/hpo_project,sbatch --array=1-40%5 hpo_v2.slurm tpe cifar10 1
6924883_6,6924883,hpo2_%a,COMPLETED,0:0,gpu06,SLOW,2026-04-20T09:27:39,2026-04-20T09:37:24,2026-04-20T09:51:41,857,False,tpe,cifar10,1,40,5,submitline,/mnt/storage_6/project_data/pl0844-01/hpo_project,sbatch --array=1-40%5 hpo_v2.slurm tpe cifar10 1
6924883_7,6924883,hpo2_%a,COMPLETED,0:0,gpu06,SLOW,2026-04-20T09:27:39,2026-04-20T09:40:36,2026-04-20T09:50:47,611,False,tpe,cifar10,1,40,5,submitline,/mnt/storage_6/project_data/pl0844-01/hpo_project,sbatch --array=1-40%5 hpo_v2.slurm tpe cifar10 1
6924883_8,6924883,hpo2_%a,COMPLETED,0:0,gpu06,SLOW,2026-04-20T09:27:39,2026-04-20T09:40:36,2026-04-20T09:55:16,880,False,tpe,cifar10,1,40,5,submitline,/mnt/storage_6/project_data/pl0844-01/hpo_project,sbatch --array=1-40%5 hpo_v2.slurm tpe cifar10 1
6924883_9,6924883,hpo2_%a,COMPLETED,0:0,gpu08,SLOW,2026-04-20T09:27:39,2026-04-20T09:40:40,2026-04-20T09:50:42,602,False,tpe,cifar10,1,40,5,submitline,/mnt/storage_6/project_data/pl0844-01/hpo_project,sbatch --array=1-40%5 hpo_v2.slurm tpe cifar10 1
6924883_10,6924883,hpo2_%a,COMPLETED,0:0,gpu06,SLOW,2026-04-20T09:27:39,2026-04-20T09:40:40,2026-04-20T09:44:51,251,False,tpe,cifar10,1,40,5,submitline,/mnt/storage_6/project_data/pl0844-01/hpo_project,sbatch --array=1-40%5 hpo_v2.slurm tpe cifar10 1
6924883_11,6924883,hpo2_%a,COMPLETED,0:0,gpu06,SLOW,2026-04-20T09:27:39,2026-04-20T09:44:51,2026-04-20T10:00:41,950,False,tpe,cifar10,1,40,5,submitline,/mnt/storage_6/project_data/pl0844-01/hpo_project,sbatch --array=1-40%5 hpo_v2.slurm tpe cifar10 1
6924883_12,6924883,hpo2_%a,COMPLETED,0:0,gpu06,SLOW,2026-04-20T09:27:39,2026-04-20T09:50:42,2026-04-20T10:07:18,996,False,tpe,cifar10,1,40,5,submitline,/mnt/storage_6/project_data/pl0844-01/hpo_project,sbatch --array=1-40%5 hpo_v2.slurm tpe cifar10 1
6924883_13,6924883,hpo2_%a,COMPLETED,0:0,gpu06,SLOW,2026-04-20T09:27:39,2026-04-20T09:50:47,2026-04-20T09:59:47,540,False,tpe,cifar10,1,40,5,submitline,/mnt/storage_6/project_data/pl0844-01/hpo_project,sbatch --array=1-40%5 hpo_v2.slurm tpe cifar10 1
6924883_14,6924883,hpo2_%a,COMPLETED,0:0,gpu06,SLOW,2026-04-20T09:27:39,2026-04-20T09:51:41,2026-04-20T10:01:41,600,False,tpe,cifar10,1,40,5,submitline,/mnt/storage_6/project_data/pl0844-01/hpo_project,sbatch --array=1-40%5 hpo_v2.slurm tpe cifar10 1
6924883_15,6924883,hpo2_%a,COMPLETED,0:0,gpu06,SLOW,2026-04-20T09:27:39,2026-04-20T09:55:16,2026-04-20T10:11:40,984,False,tpe,cifar10,1,40,5,submitline,/mnt/storage_6/project_data/pl0844-01/hpo_project,sbatch --array=1-40%5 hpo_v2.slurm tpe cifar10 1
6924883_16,6924883,hpo2_%a,COMPLETED,0:0,gpu06,SLOW,2026-04-20T09:27:39,2026-04-20T09:59:47,2026-04-20T10:10:10,623,False,tpe,cifar10,1,40,5,submitline,/mnt/storage_6/project_data/pl0844-01/hpo_project,sbatch --array=1-40%5 hpo_v2.slurm tpe cifar10 1
6924883_17,6924883,hpo2_%a,COMPLETED,0:0,gpu06,SLOW,2026-04-20T09:27:39,2026-04-20T10:00:41,2026-04-20T10:16:55,974,False,tpe,cifar10,1,40,5,submitline,/mnt/storage_6/project_data/pl0844-01/hpo_project,sbatch --array=1-40%5 hpo_v2.slurm tpe cifar10 1
6924883_18,6924883,hpo2_%a,COMPLETED,0:0,gpu06,SLOW,2026-04-20T09:27:39,2026-04-20T10:01:41,2026-04-20T10:16:17,876,False,tpe,cifar10,1,40,5,submitline,/mnt/storage_6/project_data/pl0844-01/hpo_project,sbatch --array=1-40%5 hpo_v2.slurm tpe cifar10 1
6924883_19,6924883,hpo2_%a,COMPLETED,0:0,gpu06,SLOW,2026-04-20T09:27:39,2026-04-20T10:07:18,2026-04-20T10:27:51,1233,False,tpe,cifar10,1,40,5,submitline,/mnt/storage_6/project_data/pl0844-01/hpo_project,sbatch --array=1-40%5 hpo_v2.slurm tpe cifar10 1
6924883_20,6924883,hpo2_%a,COMPLETED,0:0,gpu06,SLOW,2026-04-20T09:27:39,2026-04-20T10:10:10,2026-04-20T10:21:17,667,False,tpe,cifar10,1,40,5,submitline,/mnt/storage_6/project_data/pl0844-01/hpo_project,sbatch --array=1-40%5 hpo_v2.slurm tpe cifar10 1
6924883_21,6924883,hpo2_%a,COMPLETED,0:0,gpu06,SLOW,2026-04-20T09:27:39,2026-04-20T10:11:40,2026-04-20T10:27:55,975,False,tpe,cifar10,1,40,5,submitline,/mnt/storage_6/project_data/pl0844-01/hpo_project,sbatch --array=1-40%5 hpo_v2.slurm tpe cifar10 1
6924883_22,6924883,hpo2_%a,COMPLETED,0:0,gpu06,SLOW,2026-04-20T09:27:39,2026-04-20T10:16:17,2026-04-20T10:22:21,364,False,tpe,cifar10,1,40,5,submitline,/mnt/storage_6/project_data/pl0844-01/hpo_project,sbatch --array=1-40%5 hpo_v2.slurm tpe cifar10 1
6924883_23,6924883,hpo2_%a,COMPLETED,0:0,gpu06,SLOW,2026-04-20T09:27:39,2026-04-20T10:16:56,2026-04-20T10:27:01,605,False,tpe,cifar10,1,40,5,submitline,/mnt/storage_6/project_data/pl0844-01/hpo_project,sbatch --array=1-40%5 hpo_v2.slurm tpe cifar10 1
6924883_24,6924883,hpo2_%a,COMPLETED,0:0,gpu06,SLOW,2026-04-20T09:27:39,2026-04-20T10:21:17,2026-04-20T10:33:35,738,False,tpe,cifar10,1,40,5,submitline,/mnt/storage_6/project_data/pl0844-01/hpo_project,sbatch --array=1-40%5 hpo_v2.slurm tpe cifar10 1
6924883_25,6924883,hpo2_%a,COMPLETED,0:0,gpu06,SLOW,2026-04-20T09:27:39,2026-04-20T10:22:21,2026-04-20T10:38:09,948,False,tpe,cifar10,1,40,5,submitline,/mnt/storage_6/project_data/pl0844-01/hpo_project,sbatch --array=1-40%5 hpo_v2.slurm tpe cifar10 1
6924883_26,6924883,hpo2_%a,COMPLETED,0:0,gpu06,SLOW,2026-04-20T09:27:39,2026-04-20T10:27:01,2026-04-20T10:34:18,437,False,tpe,cifar10,1,40,5,submitline,/mnt/storage_6/project_data/pl0844-01/hpo_project,sbatch --array=1-40%5 hpo_v2.slurm tpe cifar10 1
6924883_27,6924883,hpo2_%a,COMPLETED,0:0,gpu06,SLOW,2026-04-20T09:27:39,2026-04-20T10:27:51,2026-04-20T10:35:10,439,False,tpe,cifar10,1,40,5,submitline,/mnt/storage_6/project_data/pl0844-01/hpo_project,sbatch --array=1-40%5 hpo_v2.slurm tpe cifar10 1
6924883_28,6924883,hpo2_%a,COMPLETED,0:0,gpu06,SLOW,2026-04-20T09:27:39,2026-04-20T10:27:55,2026-04-20T10:44:09,974,False,tpe,cifar10,1,40,5,submitline,/mnt/storage_6/project_data/pl0844-01/hpo_project,sbatch --array=1-40%5 hpo_v2.slurm tpe cifar10 1
6924883_29,6924883,hpo2_%a,COMPLETED,0:0,gpu06,SLOW,2026-04-20T09:27:39,2026-04-20T10:33:35,2026-04-20T10:50:51,1036,False,tpe,cifar10,1,40,5,submitline,/mnt/storage_6/project_data/pl0844-01/hpo_project,sbatch --array=1-40%5 hpo_v2.slurm tpe cifar10 1
6924883_30,6924883,hpo2_%a,COMPLETED,0:0,gpu06,SLOW,2026-04-20T09:27:39,2026-04-20T10:34:19,2026-04-20T10:50:05,946,False,tpe,cifar10,1,40,5,submitline,/mnt/storage_6/project_data/pl0844-01/hpo_project,sbatch --array=1-40%5 hpo_v2.slurm tpe cifar10 1
6924883_31,6924883,hpo2_%a,COMPLETED,0:0,gpu06,SLOW,2026-04-20T09:27:39,2026-04-20T10:35:10,2026-04-20T10:47:24,734,False,tpe,cifar10,1,40,5,submitline,/mnt/storage_6/project_data/pl0844-01/hpo_project,sbatch --array=1-40%5 hpo_v2.slurm tpe cifar10 1
6924883_32,6924883,hpo2_%a,COMPLETED,0:0,gpu06,SLOW,2026-04-20T09:27:39,2026-04-20T10:38:09,2026-04-20T10:47:52,583,False,tpe,cifar10,1,40,5,submitline,/mnt/storage_6/project_data/pl0844-01/hpo_project,sbatch --array=1-40%5 hpo_v2.slurm tpe cifar10 1
6924883_33,6924883,hpo2_%a,COMPLETED,0:0,gpu06,SLOW,2026-04-20T09:27:39,2026-04-20T10:44:09,2026-04-20T10:48:54,285,False,tpe,cifar10,1,40,5,submitline,/mnt/storage_6/project_data/pl0844-01/hpo_project,sbatch --array=1-40%5 hpo_v2.slurm tpe cifar10 1
6924883_34,6924883,hpo2_%a,COMPLETED,0:0,gpu06,SLOW,2026-04-20T09:27:39,2026-04-20T10:47:24,2026-04-20T10:57:53,629,False,tpe,cifar10,1,40,5,submitline,/mnt/storage_6/project_data/pl0844-01/hpo_project,sbatch --array=1-40%5 hpo_v2.slurm tpe cifar10 1
6924883_35,6924883,hpo2_%a,COMPLETED,0:0,gpu06,SLOW,2026-04-20T09:27:39,2026-04-20T10:47:52,2026-04-20T10:58:50,658,False,tpe,cifar10,1,40,5,submitline,/mnt/storage_6/project_data/pl0844-01/hpo_project,sbatch --array=1-40%5 hpo_v2.slurm tpe cifar10 1
6924883_36,6924883,hpo2_%a,COMPLETED,0:0,gpu06,SLOW,2026-04-20T09:27:39,2026-04-20T10:48:55,2026-04-20T10:53:47,292,False,tpe,cifar10,1,40,5,submitline,/mnt/storage_6/project_data/pl0844-01/hpo_project,sbatch --array=1-40%5 hpo_v2.slurm tpe cifar10 1
6924883_37,6924883,hpo2_%a,COMPLETED,0:0,gpu06,SLOW,2026-04-20T09:27:39,2026-04-20T10:50:06,2026-04-20T10:55:55,349,False,tpe,cifar10,1,40,5,submitline,/mnt/storage_6/project_data/pl0844-01/hpo_project,sbatch --array=1-40%5 hpo_v2.slurm tpe cifar10 1
6924883_38,6924883,hpo2_%a,COMPLETED,0:0,gpu06,SLOW,2026-04-20T09:27:39,2026-04-20T10:50:51,2026-04-20T10:57:23,392,False,tpe,cifar10,1,40,5,submitline,/mnt/storage_6/project_data/pl0844-01/hpo_project,sbatch --array=1-40%5 hpo_v2.slurm tpe cifar10 1
6924883_39,6924883,hpo2_%a,COMPLETED,0:0,gpu06,SLOW,2026-04-20T09:27:39,2026-04-20T10:53:47,2026-04-20T10:59:51,364,False,tpe,cifar10,1,40,5,submitline,/mnt/storage_6/project_data/pl0844-01/hpo_project,sbatch --array=1-40%5 hpo_v2.slurm tpe cifar10 1
6924883_40,6924883,hpo2_%a,COMPLETED,0:0,gpu06,SLOW,2026-04-20T09:27:39,2026-04-20T10:55:55,2026-04-20T11:02:00,365,False,tpe,cifar10,1,40,5,submitline,/mnt/storage_6/project_data/pl0844-01/hpo_project,sbatch --array=1-40%5 hpo_v2.slurm tpe cifar10 1
6924884_1,6924884,hpo2_%a,COMPLETED,0:0,gpu11,SLOW,2026-04-20T09:27:39,2026-04-20T09:27:53,2026-04-20T09:40:36,763,False,tpe,cifar10,1,40,5,submitline,/mnt/storage_6/project_data/pl0844-01/hpo_project,sbatch --array=1-40%5 hpo_v2.slurm tpe cifar10 5
6924884_2,6924884,hpo2_%a,COMPLETED,0:0,gpu12,SLOW,2026-04-20T09:27:39,2026-04-20T09:27:53,2026-04-20T09:40:40,767,False,tpe,cifar10,1,40,5,submitline,/mnt/storage_6/project_data/pl0844-01/hpo_project,sbatch --array=1-40%5 hpo_v2.slurm tpe cifar10 5
6924884_3,6924884,hpo2_%a,COMPLETED,0:0,gpu12,SLOW,2026-04-20T09:27:39,2026-04-20T09:27:53,2026-04-20T09:40:48,775,False,tpe,cifar10,1,40,5,submitline,/mnt/storage_6/project_data/pl0844-01/hpo_project,sbatch --array=1-40%5 hpo_v2.slurm tpe cifar10 5
6924884_4,6924884,hpo2_%a,COMPLETED,0:0,gpu10,SLOW,2026-04-20T09:27:39,2026-04-20T09:27:53,2026-04-20T09:40:37,764,False,tpe,cifar10,1,40,5,submitline,/mnt/storage_6/project_data/pl0844-01/hpo_project,sbatch --array=1-40%5 hpo_v2.slurm tpe cifar10 5
6924884_5,6924884,hpo2_%a,COMPLETED,0:0,gpu11,SLOW,2026-04-20T09:27:39,2026-04-20T09:27:53,2026-04-20T09:40:38,765,False,tpe,cifar10,1,40,5,submitline,/mnt/storage_6/project_data/pl0844-01/hpo_project,sbatch --array=1-40%5 hpo_v2.slurm tpe cifar10 5
6924884_6,6924884,hpo2_%a,COMPLETED,0:0,gpu08,SLOW,2026-04-20T09:27:39,2026-04-20T09:40:36,2026-04-20T09:50:42,606,False,tpe,cifar10,1,40,5,submitline,/mnt/storage_6/project_data/pl0844-01/hpo_project,sbatch --array=1-40%5 hpo_v2.slurm tpe cifar10 5
6924884_7,6924884,hpo2_%a,COMPLETED,0:0,gpu08,SLOW,2026-04-20T09:27:39,2026-04-20T09:40:37,2026-04-20T09:45:26,289,False,tpe,cifar10,1,40,5,submitline,/mnt/storage_6/project_data/pl0844-01/hpo_project,sbatch --array=1-40%5 hpo_v2.slurm tpe cifar10 5
6924884_8,6924884,hpo2_%a,COMPLETED,0:0,gpu08,SLOW,2026-04-20T09:27:39,2026-04-20T09:40:38,2026-04-20T09:50:43,605,False,tpe,cifar10,1,40,5,submitline,/mnt/storage_6/project_data/pl0844-01/hpo_project,sbatch --array=1-40%5 hpo_v2.slurm tpe cifar10 5
6924884_9,6924884,hpo2_%a,COMPLETED,0:0,gpu08,SLOW,2026-04-20T09:27:39,2026-04-20T09:40:40,2026-04-20T09:55:17,877,False,tpe,cifar10,1,40,5,submitline,/mnt/storage_6/project_data/pl0844-01/hpo_project,sbatch --array=1-40%5 hpo_v2.slurm tpe cifar10 5
6924884_10,6924884,hpo2_%a,COMPLETED,0:0,gpu08,SLOW,2026-04-20T09:27:39,2026-04-20T09:40:48,2026-04-20T10:05:29,1481,False,tpe,cifar10,1,40,5,submitline,/mnt/storage_6/project_data/pl0844-01/hpo_project,sbatch --array=1-40%5 hpo_v2.slurm tpe cifar10 5
6924884_11,6924884,hpo2_%a,COMPLETED,0:0,gpu08,SLOW,2026-04-20T09:27:39,2026-04-20T09:45:26,2026-04-20T09:49:00,214,False,tpe,cifar10,1,40,5,submitline,/mnt/storage_6/project_data/pl0844-01/hpo_project,sbatch --array=1-40%5 hpo_v2.slurm tpe cifar10 5
6924884_12,6924884,hpo2_%a,COMPLETED,0:0,gpu08,SLOW,2026-04-20T09:27:39,2026-04-20T09:49:00,2026-04-20T10:04:43,943,False,tpe,cifar10,1,40,5,submitline,/mnt/storage_6/project_data/pl0844-01/hpo_project,sbatch --array=1-40%5 hpo_v2.slurm tpe cifar10 5
6924884_13,6924884,hpo2_%a,COMPLETED,0:0,gpu08,SLOW,2026-04-20T09:27:39,2026-04-20T09:50:42,2026-04-20T10:06:19,937,False,tpe,cifar10,1,40,5,submitline,/mnt/storage_6/project_data/pl0844-01/hpo_project,sbatch --array=1-40%5 hpo_v2.slurm tpe cifar10 5
6924884_14,6924884,hpo2_%a,COMPLETED,0:0,gpu08,SLOW,2026-04-20T09:27:39,2026-04-20T09:50:43,2026-04-20T10:05:33,890,False,tpe,cifar10,1,40,5,submitline,/mnt/storage_6/project_data/pl0844-01/hpo_project,sbatch --array=1-40%5 hpo_v2.slurm tpe cifar10 5
6924884_15,6924884,hpo2_%a,COMPLETED,0:0,gpu06,SLOW,2026-04-20T09:27:39,2026-04-20T09:55:17,2026-04-20T10:04:13,536,False,tpe,cifar10,1,40,5,submitline,/mnt/storage_6/project_data/pl0844-01/hpo_project,sbatch --array=1-40%5 hpo_v2.slurm tpe cifar10 5
6924884_16,6924884,hpo2_%a,COMPLETED,0:0,gpu06,SLOW,2026-04-20T09:27:39,2026-04-20T10:04:14,2026-04-20T10:14:45,631,False,tpe,cifar10,1,40,5,submitline,/mnt/storage_6/project_data/pl0844-01/hpo_project,sbatch --array=1-40%5 hpo_v2.slurm tpe cifar10 5
6924884_17,6924884,hpo2_%a,COMPLETED,0:0,gpu08,SLOW,2026-04-20T09:27:39,2026-04-20T10:04:43,2026-04-20T10:15:15,632,False,tpe,cifar10,1,40,5,submitline,/mnt/storage_6/project_data/pl0844-01/hpo_project,sbatch --array=1-40%5 hpo_v2.slurm tpe cifar10 5
6924884_18,6924884,hpo2_%a,COMPLETED,0:0,gpu08,SLOW,2026-04-20T09:27:39,2026-04-20T10:05:29,2026-04-20T10:25:34,1205,False,tpe,cifar10,1,40,5,submitline,/mnt/storage_6/project_data/pl0844-01/hpo_project,sbatch --array=1-40%5 hpo_v2.slurm tpe cifar10 5
6924884_19,6924884,hpo2_%a,COMPLETED,0:0,gpu08,SLOW,2026-04-20T09:27:39,2026-04-20T10:05:34,2026-04-20T10:21:27,953,False,tpe,cifar10,1,40,5,submitline,/mnt/storage_6/project_data/pl0844-01/hpo_project,sbatch --array=1-40%5 hpo_v2.slurm tpe cifar10 5
6924884_20,6924884,hpo2_%a,COMPLETED,0:0,gpu08,SLOW,2026-04-20T09:27:39,2026-04-20T10:06:19,2026-04-20T10:21:39,920,False,tpe,cifar10,1,40,5,submitline,/mnt/storage_6/project_data/pl0844-01/hpo_project,sbatch --array=1-40%5 hpo_v2.slurm tpe cifar10 5
6924884_21,6924884,hpo2_%a,COMPLETED,0:0,gpu06,SLOW,2026-04-20T09:27:39,2026-04-20T10:14:45,2026-04-20T10:25:42,657,False,tpe,cifar10,1,40,5,submitline,/mnt/storage_6/project_data/pl0844-01/hpo_project,sbatch --array=1-40%5 hpo_v2.slurm tpe cifar10 5
6924884_22,6924884,hpo2_%a,COMPLETED,0:0,gpu06,SLOW,2026-04-20T09:27:39,2026-04-20T10:15:15,2026-04-20T10:26:37,682,False,tpe,cifar10,1,40,5,submitline,/mnt/storage_6/project_data/pl0844-01/hpo_project,sbatch --array=1-40%5 hpo_v2.slurm tpe cifar10 5
6924884_23,6924884,hpo2_%a,COMPLETED,0:0,gpu06,SLOW,2026-04-20T09:27:39,2026-04-20T10:21:27,2026-04-20T10:37:17,950,False,tpe,cifar10,1,40,5,submitline,/mnt/storage_6/project_data/pl0844-01/hpo_project,sbatch --array=1-40%5 hpo_v2.slurm tpe cifar10 5
6924884_24,6924884,hpo2_%a,COMPLETED,0:0,gpu07,SLOW,2026-04-20T09:27:39,2026-04-20T10:21:39,2026-04-20T10:31:42,603,False,tpe,cifar10,1,40,5,submitline,/mnt/storage_6/project_data/pl0844-01/hpo_project,sbatch --array=1-40%5 hpo_v2.slurm tpe cifar10 5
6924884_25,6924884,hpo2_%a,COMPLETED,0:0,gpu07,SLOW,2026-04-20T09:27:39,2026-04-20T10:25:34,2026-04-20T10:36:43,669,False,tpe,cifar10,1,40,5,submitline,/mnt/storage_6/project_data/pl0844-01/hpo_project,sbatch --array=1-40%5 hpo_v2.slurm tpe cifar10 5
6924884_26,6924884,hpo2_%a,COMPLETED,0:0,gpu06,SLOW,2026-04-20T09:27:39,2026-04-20T10:25:42,2026-04-20T10:48:07,1345,False,tpe,cifar10,1,40,5,submitline,/mnt/storage_6/project_data/pl0844-01/hpo_project,sbatch --array=1-40%5 hpo_v2.slurm tpe cifar10 5
6924884_27,6924884,hpo2_%a,COMPLETED,0:0,gpu06,SLOW,2026-04-20T09:27:39,2026-04-20T10:26:37,2026-04-20T10:40:05,808,False,tpe,cifar10,1,40,5,submitline,/mnt/storage_6/project_data/pl0844-01/hpo_project,sbatch --array=1-40%5 hpo_v2.slurm tpe cifar10 5
6924884_28,6924884,hpo2_%a,COMPLETED,0:0,gpu07,SLOW,2026-04-20T09:27:39,2026-04-20T10:31:42,2026-04-20T10:46:59,917,False,tpe,cifar10,1,40,5,submitline,/mnt/storage_6/project_data/pl0844-01/hpo_project,sbatch --array=1-40%5 hpo_v2.slurm tpe cifar10 5
6924884_29,6924884,hpo2_%a,COMPLETED,0:0,gpu07,SLOW,2026-04-20T09:27:39,2026-04-20T10:36:43,2026-04-20T10:43:43,420,False,tpe,cifar10,1,40,5,submitline,/mnt/storage_6/project_data/pl0844-01/hpo_project,sbatch --array=1-40%5 hpo_v2.slurm tpe cifar10 5
6924884_30,6924884,hpo2_%a,COMPLETED,0:0,gpu06,SLOW,2026-04-20T09:27:39,2026-04-20T10:37:17,2026-04-20T10:46:59,582,False,tpe,cifar10,1,40,5,submitline,/mnt/storage_6/project_data/pl0844-01/hpo_project,sbatch --array=1-40%5 hpo_v2.slurm tpe cifar10 5
6924884_31,6924884,hpo2_%a,COMPLETED,0:0,gpu06,SLOW,2026-04-20T09:27:39,2026-04-20T10:40:06,2026-04-20T10:57:09,1023,False,tpe,cifar10,1,40,5,submitline,/mnt/storage_6/project_data/pl0844-01/hpo_project,sbatch --array=1-40%5 hpo_v2.slurm tpe cifar10 5
6924884_32,6924884,hpo2_%a,COMPLETED,0:0,gpu07,SLOW,2026-04-20T09:27:39,2026-04-20T10:43:43,2026-04-20T10:52:14,511,False,tpe,cifar10,1,40,5,submitline,/mnt/storage_6/project_data/pl0844-01/hpo_project,sbatch --array=1-40%5 hpo_v2.slurm tpe cifar10 5
6924884_33,6924884,hpo2_%a,COMPLETED,0:0,gpu06,SLOW,2026-04-20T09:27:39,2026-04-20T10:46:59,2026-04-20T11:02:46,947,False,tpe,cifar10,1,40,5,submitline,/mnt/storage_6/project_data/pl0844-01/hpo_project,sbatch --array=1-40%5 hpo_v2.slurm tpe cifar10 5
6924884_34,6924884,hpo2_%a,COMPLETED,0:0,gpu07,SLOW,2026-04-20T09:27:39,2026-04-20T10:46:59,2026-04-20T11:13:18,1579,False,tpe,cifar10,1,40,5,submitline,/mnt/storage_6/project_data/pl0844-01/hpo_project,sbatch --array=1-40%5 hpo_v2.slurm tpe cifar10 5
6924884_35,6924884,hpo2_%a,COMPLETED,0:0,gpu06,SLOW,2026-04-20T09:27:39,2026-04-20T10:48:07,2026-04-20T10:59:13,666,False,tpe,cifar10,1,40,5,submitline,/mnt/storage_6/project_data/pl0844-01/hpo_project,sbatch --array=1-40%5 hpo_v2.slurm tpe cifar10 5
6924884_36,6924884,hpo2_%a,COMPLETED,0:0,gpu07,SLOW,2026-04-20T09:27:39,2026-04-20T10:52:14,2026-04-20T11:03:43,689,False,tpe,cifar10,1,40,5,submitline,/mnt/storage_6/project_data/pl0844-01/hpo_project,sbatch --array=1-40%5 hpo_v2.slurm tpe cifar10 5
6924884_37,6924884,hpo2_%a,COMPLETED,0:0,gpu06,SLOW,2026-04-20T09:27:39,2026-04-20T10:57:09,2026-04-20T11:01:54,285,False,tpe,cifar10,1,40,5,submitline,/mnt/storage_6/project_data/pl0844-01/hpo_project,sbatch --array=1-40%5 hpo_v2.slurm tpe cifar10 5
6924884_38,6924884,hpo2_%a,COMPLETED,0:0,gpu06,SLOW,2026-04-20T09:27:39,2026-04-20T10:59:14,2026-04-20T11:10:17,663,False,tpe,cifar10,1,40,5,submitline,/mnt/storage_6/project_data/pl0844-01/hpo_project,sbatch --array=1-40%5 hpo_v2.slurm tpe cifar10 5
6924884_39,6924884,hpo2_%a,COMPLETED,0:0,gpu06,SLOW,2026-04-20T09:27:39,2026-04-20T11:01:56,2026-04-20T11:13:27,691,False,tpe,cifar10,1,40,5,submitline,/mnt/storage_6/project_data/pl0844-01/hpo_project,sbatch --array=1-40%5 hpo_v2.slurm tpe cifar10 5
6924884_40,6924884,hpo2_%a,COMPLETED,0:0,gpu06,SLOW,2026-04-20T09:27:39,2026-04-20T11:02:46,2026-04-20T11:07:46,300,False,tpe,cifar10,1,40,5,submitline,/mnt/storage_6/project_data/pl0844-01/hpo_project,sbatch --array=1-40%5 hpo_v2.slurm tpe cifar10 5
6925191_1,6925191,hpo2_%a,FAILED,1:0,gpu08,SLOW,2026-04-20T09:51:16,2026-04-20T09:51:17,2026-04-20T09:51:27,10,True,cmaes,cifar10,1,40,40,submitline,/mnt/storage_6/project_data/pl0844-01/hpo_project,sbatch --array=1-40%40 hpo_v2.slurm cmaes cifar10 40
6925191_2,6925191,hpo2_%a,FAILED,1:0,gpu08,SLOW,2026-04-20T09:51:16,2026-04-20T09:51:17,2026-04-20T09:51:27,10,True,cmaes,cifar10,1,40,40,submitline,/mnt/storage_6/project_data/pl0844-01/hpo_project,sbatch --array=1-40%40 hpo_v2.slurm cmaes cifar10 40
6925191_3,6925191,hpo2_%a,FAILED,1:0,gpu08,SLOW,2026-04-20T09:51:16,2026-04-20T09:51:17,2026-04-20T09:51:27,10,True,cmaes,cifar10,1,40,40,submitline,/mnt/storage_6/project_data/pl0844-01/hpo_project,sbatch --array=1-40%40 hpo_v2.slurm cmaes cifar10 40
6925191_4,6925191,hpo2_%a,FAILED,1:0,gpu10,SLOW,2026-04-20T09:51:16,2026-04-20T09:51:17,2026-04-20T09:51:30,13,True,cmaes,cifar10,1,40,40,submitline,/mnt/storage_6/project_data/pl0844-01/hpo_project,sbatch --array=1-40%40 hpo_v2.slurm cmaes cifar10 40
6925191_5,6925191,hpo2_%a,FAILED,1:0,gpu10,SLOW,2026-04-20T09:51:16,2026-04-20T09:51:17,2026-04-20T09:51:30,13,True,cmaes,cifar10,1,40,40,submitline,/mnt/storage_6/project_data/pl0844-01/hpo_project,sbatch --array=1-40%40 hpo_v2.slurm cmaes cifar10 40
6925191_6,6925191,hpo2_%a,FAILED,1:0,gpu10,SLOW,2026-04-20T09:51:16,2026-04-20T09:51:17,2026-04-20T09:51:29,12,True,cmaes,cifar10,1,40,40,submitline,/mnt/storage_6/project_data/pl0844-01/hpo_project,sbatch --array=1-40%40 hpo_v2.slurm cmaes cifar10 40
6925191_7,6925191,hpo2_%a,FAILED,1:0,gpu10,SLOW,2026-04-20T09:51:16,2026-04-20T09:51:17,2026-04-20T09:51:29,12,True,cmaes,cifar10,1,40,40,submitline,/mnt/storage_6/project_data/pl0844-01/hpo_project,sbatch --array=1-40%40 hpo_v2.slurm cmaes cifar10 40
6925191_8,6925191,hpo2_%a,FAILED,1:0,gpu10,SLOW,2026-04-20T09:51:16,2026-04-20T09:51:17,2026-04-20T09:51:30,13,True,cmaes,cifar10,1,40,40,submitline,/mnt/storage_6/project_data/pl0844-01/hpo_project,sbatch --array=1-40%40 hpo_v2.slurm cmaes cifar10 40
6925191_9,6925191,hpo2_%a,FAILED,1:0,gpu10,SLOW,2026-04-20T09:51:16,2026-04-20T09:51:17,2026-04-20T09:51:29,12,True,cmaes,cifar10,1,40,40,submitline,/mnt/storage_6/project_data/pl0844-01/hpo_project,sbatch --array=1-40%40 hpo_v2.slurm cmaes cifar10 40
6925191_10,6925191,hpo2_%a,FAILED,1:0,gpu10,SLOW,2026-04-20T09:51:16,2026-04-20T09:51:17,2026-04-20T09:51:30,13,True,cmaes,cifar10,1,40,40,submitline,/mnt/storage_6/project_data/pl0844-01/hpo_project,sbatch --array=1-40%40 hpo_v2.slurm cmaes cifar10 40
6925191_11,6925191,hpo2_%a,FAILED,1:0,gpu10,SLOW,2026-04-20T09:51:16,2026-04-20T09:51:17,2026-04-20T09:51:29,12,True,cmaes,cifar10,1,40,40,submitline,/mnt/storage_6/project_data/pl0844-01/hpo_project,sbatch --array=1-40%40 hpo_v2.slurm cmaes cifar10 40
6925191_12,6925191,hpo2_%a,FAILED,1:0,gpu11,SLOW,2026-04-20T09:51:16,2026-04-20T09:51:17,2026-04-20T09:51:28,11,True,cmaes,cifar10,1,40,40,submitline,/mnt/storage_6/project_data/pl0844-01/hpo_project,sbatch --array=1-40%40 hpo_v2.slurm cmaes cifar10 40
6925191_13,6925191,hpo2_%a,FAILED,1:0,gpu11,SLOW,2026-04-20T09:51:16,2026-04-20T09:51:17,2026-04-20T09:51:30,13,True,cmaes,cifar10,1,40,40,submitline,/mnt/storage_6/project_data/pl0844-01/hpo_project,sbatch --array=1-40%40 hpo_v2.slurm cmaes cifar10 40
6925191_14,6925191,hpo2_%a,FAILED,1:0,gpu11,SLOW,2026-04-20T09:51:16,2026-04-20T09:51:17,2026-04-20T09:51:28,11,True,cmaes,cifar10,1,40,40,submitline,/mnt/storage_6/project_data/pl0844-01/hpo_project,sbatch --array=1-40%40 hpo_v2.slurm cmaes cifar10 40
6925191_15,6925191,hpo2_%a,FAILED,1:0,gpu11,SLOW,2026-04-20T09:51:16,2026-04-20T09:51:17,2026-04-20T09:51:30,13,True,cmaes,cifar10,1,40,40,submitline,/mnt/storage_6/project_data/pl0844-01/hpo_project,sbatch --array=1-40%40 hpo_v2.slurm cmaes cifar10 40
6925191_16,6925191,hpo2_%a,FAILED,1:0,gpu11,SLOW,2026-04-20T09:51:16,2026-04-20T09:51:17,2026-04-20T09:51:30,13,True,cmaes,cifar10,1,40,40,submitline,/mnt/storage_6/project_data/pl0844-01/hpo_project,sbatch --array=1-40%40 hpo_v2.slurm cmaes cifar10 40
6925191_17,6925191,hpo2_%a,FAILED,1:0,gpu11,SLOW,2026-04-20T09:51:16,2026-04-20T09:51:17,2026-04-20T09:51:28,11,True,cmaes,cifar10,1,40,40,submitline,/mnt/storage_6/project_data/pl0844-01/hpo_project,sbatch --array=1-40%40 hpo_v2.slurm cmaes cifar10 40
6925191_18,6925191,hpo2_%a,FAILED,1:0,gpu11,SLOW,2026-04-20T09:51:16,2026-04-20T09:51:17,2026-04-20T09:51:29,12,True,cmaes,cifar10,1,40,40,submitline,/mnt/storage_6/project_data/pl0844-01/hpo_project,sbatch --array=1-40%40 hpo_v2.slurm cmaes cifar10 40
6925191_19,6925191,hpo2_%a,FAILED,1:0,gpu11,SLOW,2026-04-20T09:51:16,2026-04-20T09:51:17,2026-04-20T09:51:30,13,True,cmaes,cifar10,1,40,40,submitline,/mnt/storage_6/project_data/pl0844-01/hpo_project,sbatch --array=1-40%40 hpo_v2.slurm cmaes cifar10 40
6925191_20,6925191,hpo2_%a,FAILED,1:0,gpu12,SLOW,2026-04-20T09:51:16,2026-04-20T09:51:17,2026-04-20T09:51:28,11,True,cmaes,cifar10,1,40,40,submitline,/mnt/storage_6/project_data/pl0844-01/hpo_project,sbatch --array=1-40%40 hpo_v2.slurm cmaes cifar10 40
6925191_21,6925191,hpo2_%a,FAILED,1:0,gpu12,SLOW,2026-04-20T09:51:16,2026-04-20T09:51:17,2026-04-20T09:51:30,13,True,cmaes,cifar10,1,40,40,submitline,/mnt/storage_6/project_data/pl0844-01/hpo_project,sbatch --array=1-40%40 hpo_v2.slurm cmaes cifar10 40
6925191_22,6925191,hpo2_%a,FAILED,1:0,gpu12,SLOW,2026-04-20T09:51:16,2026-04-20T09:51:17,2026-04-20T09:51:30,13,True,cmaes,cifar10,1,40,40,submitline,/mnt/storage_6/project_data/pl0844-01/hpo_project,sbatch --array=1-40%40 hpo_v2.slurm cmaes cifar10 40
6925191_23,6925191,hpo2_%a,FAILED,1:0,gpu12,SLOW,2026-04-20T09:51:16,2026-04-20T09:51:17,2026-04-20T09:51:30,13,True,cmaes,cifar10,1,40,40,submitline,/mnt/storage_6/project_data/pl0844-01/hpo_project,sbatch --array=1-40%40 hpo_v2.slurm cmaes cifar10 40
6925191_24,6925191,hpo2_%a,FAILED,1:0,gpu12,SLOW,2026-04-20T09:51:16,2026-04-20T09:51:17,2026-04-20T09:51:28,11,True,cmaes,cifar10,1,40,40,submitline,/mnt/storage_6/project_data/pl0844-01/hpo_project,sbatch --array=1-40%40 hpo_v2.slurm cmaes cifar10 40
6925191_25,6925191,hpo2_%a,FAILED,1:0,gpu12,SLOW,2026-04-20T09:51:16,2026-04-20T09:51:17,2026-04-20T09:51:28,11,True,cmaes,cifar10,1,40,40,submitline,/mnt/storage_6/project_data/pl0844-01/hpo_project,sbatch --array=1-40%40 hpo_v2.slurm cmaes cifar10 40
6925191_26,6925191,hpo2_%a,FAILED,1:0,gpu12,SLOW,2026-04-20T09:51:16,2026-04-20T09:51:17,2026-04-20T09:51:30,13,True,cmaes,cifar10,1,40,40,submitline,/mnt/storage_6/project_data/pl0844-01/hpo_project,sbatch --array=1-40%40 hpo_v2.slurm cmaes cifar10 40
6925191_27,6925191,hpo2_%a,FAILED,1:0,gpu12,SLOW,2026-04-20T09:51:16,2026-04-20T09:51:17,2026-04-20T09:51:30,13,True,cmaes,cifar10,1,40,40,submitline,/mnt/storage_6/project_data/pl0844-01/hpo_project,sbatch --array=1-40%40 hpo_v2.slurm cmaes cifar10 40
6925191_28,6925191,hpo2_%a,FAILED,1:0,gpu09,SLOW,2026-04-20T09:51:16,2026-04-20T09:58:56,2026-04-20T09:59:17,21,False,cmaes,cifar10,1,40,40,submitline,/mnt/storage_6/project_data/pl0844-01/hpo_project,sbatch --array=1-40%40 hpo_v2.slurm cmaes cifar10 40
6925191_29,6925191,hpo2_%a,FAILED,1:0,gpu09,SLOW,2026-04-20T09:51:16,2026-04-20T09:58:56,2026-04-20T09:59:17,21,False,cmaes,cifar10,1,40,40,submitline,/mnt/storage_6/project_data/pl0844-01/hpo_project,sbatch --array=1-40%40 hpo_v2.slurm cmaes cifar10 40
6925191_30,6925191,hpo2_%a,FAILED,1:0,gpu09,SLOW,2026-04-20T09:51:16,2026-04-20T09:58:56,2026-04-20T09:59:18,22,False,cmaes,cifar10,1,40,40,submitline,/mnt/storage_6/project_data/pl0844-01/hpo_project,sbatch --array=1-40%40 hpo_v2.slurm cmaes cifar10 40
6925191_31,6925191,hpo2_%a,FAILED,1:0,gpu09,SLOW,2026-04-20T09:51:16,2026-04-20T09:58:56,2026-04-20T09:59:17,21,False,cmaes,cifar10,1,40,40,submitline,/mnt/storage_6/project_data/pl0844-01/hpo_project,sbatch --array=1-40%40 hpo_v2.slurm cmaes cifar10 40
6925191_32,6925191,hpo2_%a,FAILED,1:0,gpu09,SLOW,2026-04-20T09:51:16,2026-04-20T09:58:56,2026-04-20T09:59:18,22,False,cmaes,cifar10,1,40,40,submitline,/mnt/storage_6/project_data/pl0844-01/hpo_project,sbatch --array=1-40%40 hpo_v2.slurm cmaes cifar10 40
6925191_33,6925191,hpo2_%a,FAILED,1:0,gpu09,SLOW,2026-04-20T09:51:16,2026-04-20T09:58:56,2026-04-20T09:59:17,21,False,cmaes,cifar10,1,40,40,submitline,/mnt/storage_6/project_data/pl0844-01/hpo_project,sbatch --array=1-40%40 hpo_v2.slurm cmaes cifar10 40
6925191_34,6925191,hpo2_%a,FAILED,1:0,gpu09,SLOW,2026-04-20T09:51:16,2026-04-20T09:58:56,2026-04-20T09:59:18,22,False,cmaes,cifar10,1,40,40,submitline,/mnt/storage_6/project_data/pl0844-01/hpo_project,sbatch --array=1-40%40 hpo_v2.slurm cmaes cifar10 40
6925191_35,6925191,hpo2_%a,FAILED,1:0,gpu09,SLOW,2026-04-20T09:51:16,2026-04-20T09:58:56,2026-04-20T09:59:19,23,False,cmaes,cifar10,1,40,40,submitline,/mnt/storage_6/project_data/pl0844-01/hpo_project,sbatch --array=1-40%40 hpo_v2.slurm cmaes cifar10 40
6925191_36,6925191,hpo2_%a,FAILED,1:0,gpu31,FAST,2026-04-20T09:51:16,2026-04-20T09:51:17,2026-04-20T09:51:30,13,True,cmaes,cifar10,1,40,40,submitline,/mnt/storage_6/project_data/pl0844-01/hpo_project,sbatch --array=1-40%40 hpo_v2.slurm cmaes cifar10 40
6925191_37,6925191,hpo2_%a,FAILED,1:0,gpu35,FAST,2026-04-20T09:51:16,2026-04-20T09:51:17,2026-04-20T09:51:33,16,False,cmaes,cifar10,1,40,40,submitline,/mnt/storage_6/project_data/pl0844-01/hpo_project,sbatch --array=1-40%40 hpo_v2.slurm cmaes cifar10 40
6925191_38,6925191,hpo2_%a,FAILED,1:0,gpu36,FAST,2026-04-20T09:51:16,2026-04-20T09:51:17,2026-04-20T09:51:31,14,True,cmaes,cifar10,1,40,40,submitline,/mnt/storage_6/project_data/pl0844-01/hpo_project,sbatch --array=1-40%40 hpo_v2.slurm cmaes cifar10 40
6925191_39,6925191,hpo2_%a,FAILED,1:0,gpu37,FAST,2026-04-20T09:51:16,2026-04-20T09:51:17,2026-04-20T09:51:32,15,True,cmaes,cifar10,1,40,40,submitline,/mnt/storage_6/project_data/pl0844-01/hpo_project,sbatch --array=1-40%40 hpo_v2.slurm cmaes cifar10 40
6925191_40,6925191,hpo2_%a,FAILED,1:0,gpu37,FAST,2026-04-20T09:51:16,2026-04-20T09:51:17,2026-04-20T09:51:30,13,True,cmaes,cifar10,1,40,40,submitline,/mnt/storage_6/project_data/pl0844-01/hpo_project,sbatch --array=1-40%40 hpo_v2.slurm cmaes cifar10 40
6925192_1,6925192,hpo2_%a,FAILED,1:0,gpu37,FAST,2026-04-20T09:51:16,2026-04-20T09:51:17,2026-04-20T09:52:18,61,False,random,cifar10,1,40,40,submitline,/mnt/storage_6/project_data/pl0844-01/hpo_project,sbatch --array=1-40%40 hpo_v2.slurm random cifar10 40
6925192_2,6925192,hpo2_%a,FAILED,1:0,gpu37,FAST,2026-04-20T09:51:16,2026-04-20T09:51:17,2026-04-20T09:51:38,21,False,random,cifar10,1,40,40,submitline,/mnt/storage_6/project_data/pl0844-01/hpo_project,sbatch --array=1-40%40 hpo_v2.slurm random cifar10 40
6925192_3,6925192,hpo2_%a,COMPLETED,0:0,gpu39,FAST,2026-04-20T09:51:16,2026-04-20T09:51:17,2026-04-20T09:56:02,285,False,random,cifar10,1,40,40,submitline,/mnt/storage_6/project_data/pl0844-01/hpo_project,sbatch --array=1-40%40 hpo_v2.slurm random cifar10 40
6925192_4,6925192,hpo2_%a,COMPLETED,0:0,gpu39,FAST,2026-04-20T09:51:16,2026-04-20T09:51:17,2026-04-20T09:57:58,401,False,random,cifar10,1,40,40,submitline,/mnt/storage_6/project_data/pl0844-01/hpo_project,sbatch --array=1-40%40 hpo_v2.slurm random cifar10 40
6925192_5,6925192,hpo2_%a,FAILED,1:0,gpu39,FAST,2026-04-20T09:51:16,2026-04-20T09:51:17,2026-04-20T09:52:30,73,False,random,cifar10,1,40,40,submitline,/mnt/storage_6/project_data/pl0844-01/hpo_project,sbatch --array=1-40%40 hpo_v2.slurm random cifar10 40
6925192_6,6925192,hpo2_%a,COMPLETED,0:0,gpu39,FAST,2026-04-20T09:51:16,2026-04-20T09:51:17,2026-04-20T10:00:17,540,False,random,cifar10,1,40,40,submitline,/mnt/storage_6/project_data/pl0844-01/hpo_project,sbatch --array=1-40%40 hpo_v2.slurm random cifar10 40
6925192_7,6925192,hpo2_%a,FAILED,1:0,gpu40,FAST,2026-04-20T09:51:16,2026-04-20T09:51:17,2026-04-20T09:55:01,224,False,random,cifar10,1,40,40,submitline,/mnt/storage_6/project_data/pl0844-01/hpo_project,sbatch --array=1-40%40 hpo_v2.slurm random cifar10 40
6925192_8,6925192,hpo2_%a,FAILED,1:0,gpu40,FAST,2026-04-20T09:51:16,2026-04-20T09:51:17,2026-04-20T09:51:32,15,True,random,cifar10,1,40,40,submitline,/mnt/storage_6/project_data/pl0844-01/hpo_project,sbatch --array=1-40%40 hpo_v2.slurm random cifar10 40
6925192_9,6925192,hpo2_%a,FAILED,1:0,gpu40,FAST,2026-04-20T09:51:16,2026-04-20T09:51:17,2026-04-20T09:51:38,21,False,random,cifar10,1,40,40,submitline,/mnt/storage_6/project_data/pl0844-01/hpo_project,sbatch --array=1-40%40 hpo_v2.slurm random cifar10 40
6925192_10,6925192,hpo2_%a,FAILED,1:0,gpu40,FAST,2026-04-20T09:51:16,2026-04-20T09:51:17,2026-04-20T09:54:37,200,False,random,cifar10,1,40,40,submitline,/mnt/storage_6/project_data/pl0844-01/hpo_project,sbatch --array=1-40%40 hpo_v2.slurm random cifar10 40
6925192_11,6925192,hpo2_%a,FAILED,1:0,gpu41,FAST,2026-04-20T09:51:16,2026-04-20T09:51:17,2026-04-20T09:53:10,113,False,random,cifar10,1,40,40,submitline,/mnt/storage_6/project_data/pl0844-01/hpo_project,sbatch --array=1-40%40 hpo_v2.slurm random cifar10 40
6925192_12,6925192,hpo2_%a,COMPLETED,0:0,gpu41,FAST,2026-04-20T09:51:16,2026-04-20T09:51:17,2026-04-20T10:01:57,640,False,random,cifar10,1,40,40,submitline,/mnt/storage_6/project_data/pl0844-01/hpo_project,sbatch --array=1-40%40 hpo_v2.slurm random cifar10 40
6925192_13,6925192,hpo2_%a,FAILED,1:0,gpu41,FAST,2026-04-20T09:51:16,2026-04-20T09:51:17,2026-04-20T09:55:22,245,False,random,cifar10,1,40,40,submitline,/mnt/storage_6/project_data/pl0844-01/hpo_project,sbatch --array=1-40%40 hpo_v2.slurm random cifar10 40
6925192_14,6925192,hpo2_%a,FAILED,1:0,gpu41,FAST,2026-04-20T09:51:16,2026-04-20T09:51:17,2026-04-20T09:55:06,229,False,random,cifar10,1,40,40,submitline,/mnt/storage_6/project_data/pl0844-01/hpo_project,sbatch --array=1-40%40 hpo_v2.slurm random cifar10 40
6925192_15,6925192,hpo2_%a,FAILED,1:0,gpu42,FAST,2026-04-20T09:51:16,2026-04-20T09:51:17,2026-04-20T09:52:25,68,False,random,cifar10,1,40,40,submitline,/mnt/storage_6/project_data/pl0844-01/hpo_project,sbatch --array=1-40%40 hpo_v2.slurm random cifar10 40
6925192_16,6925192,hpo2_%a,COMPLETED,0:0,gpu42,FAST,2026-04-20T09:51:16,2026-04-20T09:51:17,2026-04-20T09:57:05,348,False,random,cifar10,1,40,40,submitline,/mnt/storage_6/project_data/pl0844-01/hpo_project,sbatch --array=1-40%40 hpo_v2.slurm random cifar10 40
6925192_17,6925192,hpo2_%a,FAILED,1:0,gpu42,FAST,2026-04-20T09:51:16,2026-04-20T09:51:17,2026-04-20T09:51:38,21,False,random,cifar10,1,40,40,submitline,/mnt/storage_6/project_data/pl0844-01/hpo_project,sbatch --array=1-40%40 hpo_v2.slurm random cifar10 40
6925192_18,6925192,hpo2_%a,FAILED,1:0,gpu42,FAST,2026-04-20T09:51:16,2026-04-20T09:51:17,2026-04-20T09:52:23,66,False,random,cifar10,1,40,40,submitline,/mnt/storage_6/project_data/pl0844-01/hpo_project,sbatch --array=1-40%40 hpo_v2.slurm random cifar10 40
6925192_19,6925192,hpo2_%a,COMPLETED,0:0,gpu45,FAST,2026-04-20T09:51:16,2026-04-20T09:51:17,2026-04-20T09:58:23,426,False,random,cifar10,1,40,40,submitline,/mnt/storage_6/project_data/pl0844-01/hpo_project,sbatch --array=1-40%40 hpo_v2.slurm random cifar10 40
6925192_20,6925192,hpo2_%a,COMPLETED,0:0,gpu45,FAST,2026-04-20T09:51:16,2026-04-20T09:51:17,2026-04-20T09:56:56,339,False,random,cifar10,1,40,40,submitline,/mnt/storage_6/project_data/pl0844-01/hpo_project,sbatch --array=1-40%40 hpo_v2.slurm random cifar10 40
6925192_21,6925192,hpo2_%a,FAILED,1:0,gpu45,FAST,2026-04-20T09:51:16,2026-04-20T09:51:17,2026-04-20T09:51:37,20,False,random,cifar10,1,40,40,submitline,/mnt/storage_6/project_data/pl0844-01/hpo_project,sbatch --array=1-40%40 hpo_v2.slurm random cifar10 40
6925192_22,6925192,hpo2_%a,COMPLETED,0:0,gpu45,FAST,2026-04-20T09:51:16,2026-04-20T09:51:17,2026-04-20T09:56:34,317,False,random,cifar10,1,40,40,submitline,/mnt/storage_6/project_data/pl0844-01/hpo_project,sbatch --array=1-40%40 hpo_v2.slurm random cifar10 40
6925192_23,6925192,hpo2_%a,FAILED,1:0,gpu46,FAST,2026-04-20T09:51:16,2026-04-20T09:51:17,2026-04-20T09:53:05,108,False,random,cifar10,1,40,40,submitline,/mnt/storage_6/project_data/pl0844-01/hpo_project,sbatch --array=1-40%40 hpo_v2.slurm random cifar10 40
6925192_24,6925192,hpo2_%a,FAILED,1:0,gpu46,FAST,2026-04-20T09:51:16,2026-04-20T09:51:17,2026-04-20T09:51:37,20,False,random,cifar10,1,40,40,submitline,/mnt/storage_6/project_data/pl0844-01/hpo_project,sbatch --array=1-40%40 hpo_v2.slurm random cifar10 40
6925192_25,6925192,hpo2_%a,FAILED,1:0,gpu46,FAST,2026-04-20T09:51:16,2026-04-20T09:51:17,2026-04-20T09:53:44,147,False,random,cifar10,1,40,40,submitline,/mnt/storage_6/project_data/pl0844-01/hpo_project,sbatch --array=1-40%40 hpo_v2.slurm random cifar10 40
6925192_26,6925192,hpo2_%a,FAILED,1:0,gpu46,FAST,2026-04-20T09:51:16,2026-04-20T09:51:17,2026-04-20T09:52:22,65,False,random,cifar10,1,40,40,submitline,/mnt/storage_6/project_data/pl0844-01/hpo_project,sbatch --array=1-40%40 hpo_v2.slurm random cifar10 40
6925192_27,6925192,hpo2_%a,FAILED,1:0,gpu63,FAST,2026-04-20T09:51:16,2026-04-20T09:51:17,2026-04-20T09:51:38,21,False,random,cifar10,1,40,40,submitline,/mnt/storage_6/project_data/pl0844-01/hpo_project,sbatch --array=1-40%40 hpo_v2.slurm random cifar10 40
6925192_28,6925192,hpo2_%a,FAILED,1:0,gpu63,FAST,2026-04-20T09:51:16,2026-04-20T09:51:17,2026-04-20T09:52:27,70,False,random,cifar10,1,40,40,submitline,/mnt/storage_6/project_data/pl0844-01/hpo_project,sbatch --array=1-40%40 hpo_v2.slurm random cifar10 40
6925192_29,6925192,hpo2_%a,FAILED,1:0,gpu63,FAST,2026-04-20T09:51:16,2026-04-20T09:51:17,2026-04-20T09:52:25,68,False,random,cifar10,1,40,40,submitline,/mnt/storage_6/project_data/pl0844-01/hpo_project,sbatch --array=1-40%40 hpo_v2.slurm random cifar10 40
6925192_30,6925192,hpo2_%a,FAILED,1:0,gpu63,FAST,2026-04-20T09:51:16,2026-04-20T09:51:17,2026-04-20T09:52:36,79,False,random,cifar10,1,40,40,submitline,/mnt/storage_6/project_data/pl0844-01/hpo_project,sbatch --array=1-40%40 hpo_v2.slurm random cifar10 40
6925192_31,6925192,hpo2_%a,COMPLETED,0:0,gpu64,FAST,2026-04-20T09:51:16,2026-04-20T09:51:17,2026-04-20T09:56:43,326,False,random,cifar10,1,40,40,submitline,/mnt/storage_6/project_data/pl0844-01/hpo_project,sbatch --array=1-40%40 hpo_v2.slurm random cifar10 40
6925192_32,6925192,hpo2_%a,FAILED,1:0,gpu64,FAST,2026-04-20T09:51:16,2026-04-20T09:51:17,2026-04-20T09:51:38,21,False,random,cifar10,1,40,40,submitline,/mnt/storage_6/project_data/pl0844-01/hpo_project,sbatch --array=1-40%40 hpo_v2.slurm random cifar10 40
6925192_33,6925192,hpo2_%a,FAILED,1:0,gpu64,FAST,2026-04-20T09:51:16,2026-04-20T09:51:17,2026-04-20T09:53:28,131,False,random,cifar10,1,40,40,submitline,/mnt/storage_6/project_data/pl0844-01/hpo_project,sbatch --array=1-40%40 hpo_v2.slurm random cifar10 40
6925192_34,6925192,hpo2_%a,FAILED,1:0,gpu64,FAST,2026-04-20T09:51:16,2026-04-20T09:51:17,2026-04-20T09:52:34,77,False,random,cifar10,1,40,40,submitline,/mnt/storage_6/project_data/pl0844-01/hpo_project,sbatch --array=1-40%40 hpo_v2.slurm random cifar10 40
6925192_35,6925192,hpo2_%a,FAILED,1:0,gpu66,FAST,2026-04-20T09:51:16,2026-04-20T09:51:17,2026-04-20T09:51:37,20,False,random,cifar10,1,40,40,submitline,/mnt/storage_6/project_data/pl0844-01/hpo_project,sbatch --array=1-40%40 hpo_v2.slurm random cifar10 40
6925192_36,6925192,hpo2_%a,COMPLETED,0:0,gpu66,FAST,2026-04-20T09:51:16,2026-04-20T09:51:17,2026-04-20T09:56:34,317,False,random,cifar10,1,40,40,submitline,/mnt/storage_6/project_data/pl0844-01/hpo_project,sbatch --array=1-40%40 hpo_v2.slurm random cifar10 40
6925192_37,6925192,hpo2_%a,FAILED,1:0,gpu66,FAST,2026-04-20T09:51:16,2026-04-20T09:51:17,2026-04-20T09:53:47,150,False,random,cifar10,1,40,40,submitline,/mnt/storage_6/project_data/pl0844-01/hpo_project,sbatch --array=1-40%40 hpo_v2.slurm random cifar10 40
6925192_38,6925192,hpo2_%a,FAILED,1:0,gpu66,FAST,2026-04-20T09:51:16,2026-04-20T09:51:17,2026-04-20T09:51:36,19,False,random,cifar10,1,40,40,submitline,/mnt/storage_6/project_data/pl0844-01/hpo_project,sbatch --array=1-40%40 hpo_v2.slurm random cifar10 40
6925192_39,6925192,hpo2_%a,COMPLETED,0:0,gpu71,FAST,2026-04-20T09:51:16,2026-04-20T09:51:17,2026-04-20T09:57:28,371,False,random,cifar10,1,40,40,submitline,/mnt/storage_6/project_data/pl0844-01/hpo_project,sbatch --array=1-40%40 hpo_v2.slurm random cifar10 40
6925192_40,6925192,hpo2_%a,COMPLETED,0:0,gpu71,FAST,2026-04-20T09:51:16,2026-04-20T09:51:17,2026-04-20T09:58:47,450,False,random,cifar10,1,40,40,submitline,/mnt/storage_6/project_data/pl0844-01/hpo_project,sbatch --array=1-40%40 hpo_v2.slurm random cifar10 40
6925193_1,6925193,hpo2_%a,COMPLETED,0:0,gpu71,FAST,2026-04-20T09:51:16,2026-04-20T09:51:17,2026-04-20T09:59:40,503,False,hyperband,cifar10,1,40,40,submitline,/mnt/storage_6/project_data/pl0844-01/hpo_project,sbatch --array=1-40%40 hpo_v2.slurm hyperband cifar10 40
6925193_2,6925193,hpo2_%a,FAILED,1:0,gpu71,FAST,2026-04-20T09:51:16,2026-04-20T09:51:17,2026-04-20T09:52:40,83,False,hyperband,cifar10,1,40,40,submitline,/mnt/storage_6/project_data/pl0844-01/hpo_project,sbatch --array=1-40%40 hpo_v2.slurm hyperband cifar10 40
6925193_3,6925193,hpo2_%a,COMPLETED,0:0,gpu72,FAST,2026-04-20T09:51:16,2026-04-20T09:51:17,2026-04-20T09:57:25,368,False,hyperband,cifar10,1,40,40,submitline,/mnt/storage_6/project_data/pl0844-01/hpo_project,sbatch --array=1-40%40 hpo_v2.slurm hyperband cifar10 40
6925193_4,6925193,hpo2_%a,COMPLETED,0:0,gpu72,FAST,2026-04-20T09:51:16,2026-04-20T09:51:17,2026-04-20T09:55:21,244,False,hyperband,cifar10,1,40,40,submitline,/mnt/storage_6/project_data/pl0844-01/hpo_project,sbatch --array=1-40%40 hpo_v2.slurm hyperband cifar10 40
6925193_5,6925193,hpo2_%a,COMPLETED,0:0,gpu72,FAST,2026-04-20T09:51:16,2026-04-20T09:51:17,2026-04-20T09:57:44,387,False,hyperband,cifar10,1,40,40,submitline,/mnt/storage_6/project_data/pl0844-01/hpo_project,sbatch --array=1-40%40 hpo_v2.slurm hyperband cifar10 40
6925193_6,6925193,hpo2_%a,COMPLETED,0:0,gpu72,FAST,2026-04-20T09:51:16,2026-04-20T09:51:17,2026-04-20T09:56:10,293,False,hyperband,cifar10,1,40,40,submitline,/mnt/storage_6/project_data/pl0844-01/hpo_project,sbatch --array=1-40%40 hpo_v2.slurm hyperband cifar10 40
6925193_7,6925193,hpo2_%a,COMPLETED,0:0,gpu73,FAST,2026-04-20T09:51:16,2026-04-20T09:51:17,2026-04-20T09:57:37,380,False,hyperband,cifar10,1,40,40,submitline,/mnt/storage_6/project_data/pl0844-01/hpo_project,sbatch --array=1-40%40 hpo_v2.slurm hyperband cifar10 40
6925193_8,6925193,hpo2_%a,COMPLETED,0:0,gpu73,FAST,2026-04-20T09:51:16,2026-04-20T09:51:17,2026-04-20T09:55:58,281,False,hyperband,cifar10,1,40,40,submitline,/mnt/storage_6/project_data/pl0844-01/hpo_project,sbatch --array=1-40%40 hpo_v2.slurm hyperband cifar10 40
6925193_9,6925193,hpo2_%a,COMPLETED,0:0,gpu73,FAST,2026-04-20T09:51:16,2026-04-20T09:51:17,2026-04-20T09:57:08,351,False,hyperband,cifar10,1,40,40,submitline,/mnt/storage_6/project_data/pl0844-01/hpo_project,sbatch --array=1-40%40 hpo_v2.slurm hyperband cifar10 40
6925193_10,6925193,hpo2_%a,COMPLETED,0:0,gpu73,FAST,2026-04-20T09:51:16,2026-04-20T09:51:17,2026-04-20T09:57:08,351,False,hyperband,cifar10,1,40,40,submitline,/mnt/storage_6/project_data/pl0844-01/hpo_project,sbatch --array=1-40%40 hpo_v2.slurm hyperband cifar10 40
6925193_11,6925193,hpo2_%a,COMPLETED,0:0,gpu74,FAST,2026-04-20T09:51:16,2026-04-20T09:51:17,2026-04-20T09:55:28,251,False,hyperband,cifar10,1,40,40,submitline,/mnt/storage_6/project_data/pl0844-01/hpo_project,sbatch --array=1-40%40 hpo_v2.slurm hyperband cifar10 40
6925193_12,6925193,hpo2_%a,COMPLETED,0:0,gpu74,FAST,2026-04-20T09:51:16,2026-04-20T09:51:17,2026-04-20T09:55:02,225,False,hyperband,cifar10,1,40,40,submitline,/mnt/storage_6/project_data/pl0844-01/hpo_project,sbatch --array=1-40%40 hpo_v2.slurm hyperband cifar10 40
6925193_13,6925193,hpo2_%a,COMPLETED,0:0,gpu74,FAST,2026-04-20T09:51:16,2026-04-20T09:51:17,2026-04-20T09:54:45,208,False,hyperband,cifar10,1,40,40,submitline,/mnt/storage_6/project_data/pl0844-01/hpo_project,sbatch --array=1-40%40 hpo_v2.slurm hyperband cifar10 40
6925193_14,6925193,hpo2_%a,COMPLETED,0:0,gpu74,FAST,2026-04-20T09:51:16,2026-04-20T09:51:24,2026-04-20T09:55:29,245,False,hyperband,cifar10,1,40,40,submitline,/mnt/storage_6/project_data/pl0844-01/hpo_project,sbatch --array=1-40%40 hpo_v2.slurm hyperband cifar10 40
6925193_15,6925193,hpo2_%a,COMPLETED,0:0,gpu75,FAST,2026-04-20T09:51:16,2026-04-20T09:51:24,2026-04-20T09:55:52,268,False,hyperband,cifar10,1,40,40,submitline,/mnt/storage_6/project_data/pl0844-01/hpo_project,sbatch --array=1-40%40 hpo_v2.slurm hyperband cifar10 40
6925193_16,6925193,hpo2_%a,COMPLETED,0:0,gpu75,FAST,2026-04-20T09:51:16,2026-04-20T09:51:24,2026-04-20T09:54:31,187,False,hyperband,cifar10,1,40,40,submitline,/mnt/storage_6/project_data/pl0844-01/hpo_project,sbatch --array=1-40%40 hpo_v2.slurm hyperband cifar10 40
6925193_17,6925193,hpo2_%a,COMPLETED,0:0,gpu75,FAST,2026-04-20T09:51:16,2026-04-20T09:51:24,2026-04-20T09:55:00,216,False,hyperband,cifar10,1,40,40,submitline,/mnt/storage_6/project_data/pl0844-01/hpo_project,sbatch --array=1-40%40 hpo_v2.slurm hyperband cifar10 40
6925193_18,6925193,hpo2_%a,COMPLETED,0:0,gpu75,FAST,2026-04-20T09:51:16,2026-04-20T09:51:24,2026-04-20T09:53:52,148,False,hyperband,cifar10,1,40,40,submitline,/mnt/storage_6/project_data/pl0844-01/hpo_project,sbatch --array=1-40%40 hpo_v2.slurm hyperband cifar10 40
6925193_19,6925193,hpo2_%a,COMPLETED,0:0,gpu76,FAST,2026-04-20T09:51:16,2026-04-20T09:51:24,2026-04-20T09:55:09,225,False,hyperband,cifar10,1,40,40,submitline,/mnt/storage_6/project_data/pl0844-01/hpo_project,sbatch --array=1-40%40 hpo_v2.slurm hyperband cifar10 40
6925193_20,6925193,hpo2_%a,COMPLETED,0:0,gpu76,FAST,2026-04-20T09:51:16,2026-04-20T09:51:24,2026-04-20T09:55:29,245,False,hyperband,cifar10,1,40,40,submitline,/mnt/storage_6/project_data/pl0844-01/hpo_project,sbatch --array=1-40%40 hpo_v2.slurm hyperband cifar10 40
6925193_21,6925193,hpo2_%a,COMPLETED,0:0,gpu76,FAST,2026-04-20T09:51:16,2026-04-20T09:51:24,2026-04-20T09:58:10,406,False,hyperband,cifar10,1,40,40,submitline,/mnt/storage_6/project_data/pl0844-01/hpo_project,sbatch --array=1-40%40 hpo_v2.slurm hyperband cifar10 40
6925193_22,6925193,hpo2_%a,COMPLETED,0:0,gpu76,FAST,2026-04-20T09:51:16,2026-04-20T09:51:24,2026-04-20T09:54:05,161,False,hyperband,cifar10,1,40,40,submitline,/mnt/storage_6/project_data/pl0844-01/hpo_project,sbatch --array=1-40%40 hpo_v2.slurm hyperband cifar10 40
6925193_23,6925193,hpo2_%a,COMPLETED,0:0,gpu78,FAST,2026-04-20T09:51:16,2026-04-20T09:51:24,2026-04-20T09:57:44,380,False,hyperband,cifar10,1,40,40,submitline,/mnt/storage_6/project_data/pl0844-01/hpo_project,sbatch --array=1-40%40 hpo_v2.slurm hyperband cifar10 40
6925193_24,6925193,hpo2_%a,COMPLETED,0:0,gpu78,FAST,2026-04-20T09:51:16,2026-04-20T09:51:24,2026-04-20T09:58:17,413,False,hyperband,cifar10,1,40,40,submitline,/mnt/storage_6/project_data/pl0844-01/hpo_project,sbatch --array=1-40%40 hpo_v2.slurm hyperband cifar10 40
6925193_25,6925193,hpo2_%a,COMPLETED,0:0,gpu78,FAST,2026-04-20T09:51:16,2026-04-20T09:51:24,2026-04-20T09:56:34,310,False,hyperband,cifar10,1,40,40,submitline,/mnt/storage_6/project_data/pl0844-01/hpo_project,sbatch --array=1-40%40 hpo_v2.slurm hyperband cifar10 40
6925193_26,6925193,hpo2_%a,COMPLETED,0:0,gpu78,FAST,2026-04-20T09:51:16,2026-04-20T09:51:24,2026-04-20T09:56:09,285,False,hyperband,cifar10,1,40,40,submitline,/mnt/storage_6/project_data/pl0844-01/hpo_project,sbatch --array=1-40%40 hpo_v2.slurm hyperband cifar10 40
6925193_27,6925193,hpo2_%a,COMPLETED,0:0,gpu80,FAST,2026-04-20T09:51:16,2026-04-20T09:51:24,2026-04-20T09:54:20,176,False,hyperband,cifar10,1,40,40,submitline,/mnt/storage_6/project_data/pl0844-01/hpo_project,sbatch --array=1-40%40 hpo_v2.slurm hyperband cifar10 40
6925193_28,6925193,hpo2_%a,FAILED,1:0,gpu80,FAST,2026-04-20T09:51:16,2026-04-20T09:51:24,2026-04-20T09:51:43,19,False,hyperband,cifar10,1,40,40,submitline,/mnt/storage_6/project_data/pl0844-01/hpo_project,sbatch --array=1-40%40 hpo_v2.slurm hyperband cifar10 40
6925193_29,6925193,hpo2_%a,FAILED,1:0,gpu80,FAST,2026-04-20T09:51:16,2026-04-20T09:51:24,2026-04-20T09:51:40,16,False,hyperband,cifar10,1,40,40,submitline,/mnt/storage_6/project_data/pl0844-01/hpo_project,sbatch --array=1-40%40 hpo_v2.slurm hyperband cifar10 40
6925193_30,6925193,hpo2_%a,COMPLETED,0:0,gpu80,FAST,2026-04-20T09:51:16,2026-04-20T09:51:24,2026-04-20T09:56:20,296,False,hyperband,cifar10,1,40,40,submitline,/mnt/storage_6/project_data/pl0844-01/hpo_project,sbatch --array=1-40%40 hpo_v2.slurm hyperband cifar10 40
6925193_31,6925193,hpo2_%a,FAILED,1:0,gpu81,FAST,2026-04-20T09:51:16,2026-04-20T09:51:24,2026-04-20T09:51:45,21,False,hyperband,cifar10,1,40,40,submitline,/mnt/storage_6/project_data/pl0844-01/hpo_project,sbatch --array=1-40%40 hpo_v2.slurm hyperband cifar10 40
6925193_32,6925193,hpo2_%a,COMPLETED,0:0,gpu81,FAST,2026-04-20T09:51:16,2026-04-20T09:51:24,2026-04-20T09:56:35,311,False,hyperband,cifar10,1,40,40,submitline,/mnt/storage_6/project_data/pl0844-01/hpo_project,sbatch --array=1-40%40 hpo_v2.slurm hyperband cifar10 40
6925193_33,6925193,hpo2_%a,COMPLETED,0:0,gpu81,FAST,2026-04-20T09:51:16,2026-04-20T09:51:24,2026-04-20T09:55:40,256,False,hyperband,cifar10,1,40,40,submitline,/mnt/storage_6/project_data/pl0844-01/hpo_project,sbatch --array=1-40%40 hpo_v2.slurm hyperband cifar10 40
6925193_34,6925193,hpo2_%a,COMPLETED,0:0,gpu81,FAST,2026-04-20T09:51:16,2026-04-20T09:51:27,2026-04-20T09:58:00,393,False,hyperband,cifar10,1,40,40,submitline,/mnt/storage_6/project_data/pl0844-01/hpo_project,sbatch --array=1-40%40 hpo_v2.slurm hyperband cifar10 40
6925193_35,6925193,hpo2_%a,FAILED,1:0,gpu82,FAST,2026-04-20T09:51:16,2026-04-20T09:51:27,2026-04-20T09:51:50,23,False,hyperband,cifar10,1,40,40,submitline,/mnt/storage_6/project_data/pl0844-01/hpo_project,sbatch --array=1-40%40 hpo_v2.slurm hyperband cifar10 40
6925193_36,6925193,hpo2_%a,FAILED,1:0,gpu82,FAST,2026-04-20T09:51:16,2026-04-20T09:51:27,2026-04-20T09:51:46,19,False,hyperband,cifar10,1,40,40,submitline,/mnt/storage_6/project_data/pl0844-01/hpo_project,sbatch --array=1-40%40 hpo_v2.slurm hyperband cifar10 40
6925193_37,6925193,hpo2_%a,FAILED,1:0,gpu82,FAST,2026-04-20T09:51:16,2026-04-20T09:51:27,2026-04-20T09:51:46,19,False,hyperband,cifar10,1,40,40,submitline,/mnt/storage_6/project_data/pl0844-01/hpo_project,sbatch --array=1-40%40 hpo_v2.slurm hyperband cifar10 40
6925193_38,6925193,hpo2_%a,FAILED,1:0,gpu82,FAST,2026-04-20T09:51:16,2026-04-20T09:51:27,2026-04-20T09:51:45,18,False,hyperband,cifar10,1,40,40,submitline,/mnt/storage_6/project_data/pl0844-01/hpo_project,sbatch --array=1-40%40 hpo_v2.slurm hyperband cifar10 40
6925193_39,6925193,hpo2_%a,FAILED,1:0,gpu83,FAST,2026-04-20T09:51:16,2026-04-20T09:51:27,2026-04-20T09:51:41,14,True,hyperband,cifar10,1,40,40,submitline,/mnt/storage_6/project_data/pl0844-01/hpo_project,sbatch --array=1-40%40 hpo_v2.slurm hyperband cifar10 40
6925193_40,6925193,hpo2_%a,COMPLETED,0:0,gpu83,FAST,2026-04-20T09:51:16,2026-04-20T09:51:27,2026-04-20T09:57:20,353,False,hyperband,cifar10,1,40,40,submitline,/mnt/storage_6/project_data/pl0844-01/hpo_project,sbatch --array=1-40%40 hpo_v2.slurm hyperband cifar10 40
6925312_1,6925312,hpo2_%a,FAILED,1:0,gpu08,SLOW,2026-04-20T09:51:54,2026-04-20T09:51:54,2026-04-20T09:54:26,152,False,tpe,cifar10,1,40,40,submitline,/mnt/storage_6/project_data/pl0844-01/hpo_project,sbatch --array=1-40%40 hpo_v2.slurm tpe cifar10 40
6925312_2,6925312,hpo2_%a,COMPLETED,0:0,gpu08,SLOW,2026-04-20T09:51:54,2026-04-20T09:51:54,2026-04-20T10:03:09,675,False,tpe,cifar10,1,40,40,submitline,/mnt/storage_6/project_data/pl0844-01/hpo_project,sbatch --array=1-40%40 hpo_v2.slurm tpe cifar10 40
6925312_3,6925312,hpo2_%a,COMPLETED,0:0,gpu08,SLOW,2026-04-20T09:51:54,2026-04-20T09:51:54,2026-04-20T10:03:54,720,False,tpe,cifar10,1,40,40,submitline,/mnt/storage_6/project_data/pl0844-01/hpo_project,sbatch --array=1-40%40 hpo_v2.slurm tpe cifar10 40
6925312_4,6925312,hpo2_%a,COMPLETED,0:0,gpu10,SLOW,2026-04-20T09:51:54,2026-04-20T09:51:54,2026-04-20T10:03:54,720,False,tpe,cifar10,1,40,40,submitline,/mnt/storage_6/project_data/pl0844-01/hpo_project,sbatch --array=1-40%40 hpo_v2.slurm tpe cifar10 40
6925312_5,6925312,hpo2_%a,COMPLETED,0:0,gpu10,SLOW,2026-04-20T09:51:54,2026-04-20T09:51:54,2026-04-20T10:03:49,715,False,tpe,cifar10,1,40,40,submitline,/mnt/storage_6/project_data/pl0844-01/hpo_project,sbatch --array=1-40%40 hpo_v2.slurm tpe cifar10 40
6925312_6,6925312,hpo2_%a,COMPLETED,0:0,gpu10,SLOW,2026-04-20T09:51:54,2026-04-20T09:51:54,2026-04-20T10:05:31,817,False,tpe,cifar10,1,40,40,submitline,/mnt/storage_6/project_data/pl0844-01/hpo_project,sbatch --array=1-40%40 hpo_v2.slurm tpe cifar10 40
6925312_7,6925312,hpo2_%a,COMPLETED,0:0,gpu10,SLOW,2026-04-20T09:51:54,2026-04-20T09:51:54,2026-04-20T10:03:52,718,False,tpe,cifar10,1,40,40,submitline,/mnt/storage_6/project_data/pl0844-01/hpo_project,sbatch --array=1-40%40 hpo_v2.slurm tpe cifar10 40
6925312_8,6925312,hpo2_%a,COMPLETED,0:0,gpu10,SLOW,2026-04-20T09:51:54,2026-04-20T09:51:54,2026-04-20T10:00:01,487,False,tpe,cifar10,1,40,40,submitline,/mnt/storage_6/project_data/pl0844-01/hpo_project,sbatch --array=1-40%40 hpo_v2.slurm tpe cifar10 40
6925312_9,6925312,hpo2_%a,COMPLETED,0:0,gpu10,SLOW,2026-04-20T09:51:54,2026-04-20T09:51:54,2026-04-20T10:03:19,685,False,tpe,cifar10,1,40,40,submitline,/mnt/storage_6/project_data/pl0844-01/hpo_project,sbatch --array=1-40%40 hpo_v2.slurm tpe cifar10 40
6925312_10,6925312,hpo2_%a,COMPLETED,0:0,gpu10,SLOW,2026-04-20T09:51:54,2026-04-20T09:51:54,2026-04-20T10:03:41,707,False,tpe,cifar10,1,40,40,submitline,/mnt/storage_6/project_data/pl0844-01/hpo_project,sbatch --array=1-40%40 hpo_v2.slurm tpe cifar10 40
6925312_11,6925312,hpo2_%a,COMPLETED,0:0,gpu10,SLOW,2026-04-20T09:51:54,2026-04-20T09:51:54,2026-04-20T10:04:52,778,False,tpe,cifar10,1,40,40,submitline,/mnt/storage_6/project_data/pl0844-01/hpo_project,sbatch --array=1-40%40 hpo_v2.slurm tpe cifar10 40
6925312_12,6925312,hpo2_%a,COMPLETED,0:0,gpu11,SLOW,2026-04-20T09:51:54,2026-04-20T09:51:54,2026-04-20T10:04:47,773,False,tpe,cifar10,1,40,40,submitline,/mnt/storage_6/project_data/pl0844-01/hpo_project,sbatch --array=1-40%40 hpo_v2.slurm tpe cifar10 40
6925312_13,6925312,hpo2_%a,COMPLETED,0:0,gpu11,SLOW,2026-04-20T09:51:54,2026-04-20T09:51:54,2026-04-20T09:58:06,372,False,tpe,cifar10,1,40,40,submitline,/mnt/storage_6/project_data/pl0844-01/hpo_project,sbatch --array=1-40%40 hpo_v2.slurm tpe cifar10 40
6925312_14,6925312,hpo2_%a,COMPLETED,0:0,gpu11,SLOW,2026-04-20T09:51:54,2026-04-20T09:51:54,2026-04-20T10:03:36,702,False,tpe,cifar10,1,40,40,submitline,/mnt/storage_6/project_data/pl0844-01/hpo_project,sbatch --array=1-40%40 hpo_v2.slurm tpe cifar10 40
6925312_15,6925312,hpo2_%a,COMPLETED,0:0,gpu11,SLOW,2026-04-20T09:51:54,2026-04-20T09:51:54,2026-04-20T10:02:49,655,False,tpe,cifar10,1,40,40,submitline,/mnt/storage_6/project_data/pl0844-01/hpo_project,sbatch --array=1-40%40 hpo_v2.slurm tpe cifar10 40
6925312_16,6925312,hpo2_%a,COMPLETED,0:0,gpu11,SLOW,2026-04-20T09:51:54,2026-04-20T09:51:54,2026-04-20T10:02:52,658,False,tpe,cifar10,1,40,40,submitline,/mnt/storage_6/project_data/pl0844-01/hpo_project,sbatch --array=1-40%40 hpo_v2.slurm tpe cifar10 40
6925312_17,6925312,hpo2_%a,COMPLETED,0:0,gpu11,SLOW,2026-04-20T09:51:54,2026-04-20T09:51:54,2026-04-20T10:10:10,1096,False,tpe,cifar10,1,40,40,submitline,/mnt/storage_6/project_data/pl0844-01/hpo_project,sbatch --array=1-40%40 hpo_v2.slurm tpe cifar10 40
6925312_18,6925312,hpo2_%a,COMPLETED,0:0,gpu11,SLOW,2026-04-20T09:51:54,2026-04-20T09:51:54,2026-04-20T09:59:45,471,False,tpe,cifar10,1,40,40,submitline,/mnt/storage_6/project_data/pl0844-01/hpo_project,sbatch --array=1-40%40 hpo_v2.slurm tpe cifar10 40
6925312_19,6925312,hpo2_%a,COMPLETED,0:0,gpu11,SLOW,2026-04-20T09:51:54,2026-04-20T09:51:54,2026-04-20T09:58:09,375,False,tpe,cifar10,1,40,40,submitline,/mnt/storage_6/project_data/pl0844-01/hpo_project,sbatch --array=1-40%40 hpo_v2.slurm tpe cifar10 40
6925312_20,6925312,hpo2_%a,COMPLETED,0:0,gpu12,SLOW,2026-04-20T09:51:54,2026-04-20T09:51:54,2026-04-20T10:04:55,781,False,tpe,cifar10,1,40,40,submitline,/mnt/storage_6/project_data/pl0844-01/hpo_project,sbatch --array=1-40%40 hpo_v2.slurm tpe cifar10 40
6925312_21,6925312,hpo2_%a,COMPLETED,0:0,gpu12,SLOW,2026-04-20T09:51:54,2026-04-20T09:51:55,2026-04-20T10:03:00,665,False,tpe,cifar10,1,40,40,submitline,/mnt/storage_6/project_data/pl0844-01/hpo_project,sbatch --array=1-40%40 hpo_v2.slurm tpe cifar10 40
6925312_22,6925312,hpo2_%a,COMPLETED,0:0,gpu12,SLOW,2026-04-20T09:51:54,2026-04-20T09:51:55,2026-04-20T10:04:53,778,False,tpe,cifar10,1,40,40,submitline,/mnt/storage_6/project_data/pl0844-01/hpo_project,sbatch --array=1-40%40 hpo_v2.slurm tpe cifar10 40
6925312_23,6925312,hpo2_%a,COMPLETED,0:0,gpu12,SLOW,2026-04-20T09:51:54,2026-04-20T09:51:55,2026-04-20T10:04:47,772,False,tpe,cifar10,1,40,40,submitline,/mnt/storage_6/project_data/pl0844-01/hpo_project,sbatch --array=1-40%40 hpo_v2.slurm tpe cifar10 40
6925312_24,6925312,hpo2_%a,COMPLETED,0:0,gpu12,SLOW,2026-04-20T09:51:54,2026-04-20T09:51:55,2026-04-20T10:10:00,1085,False,tpe,cifar10,1,40,40,submitline,/mnt/storage_6/project_data/pl0844-01/hpo_project,sbatch --array=1-40%40 hpo_v2.slurm tpe cifar10 40
6925312_25,6925312,hpo2_%a,COMPLETED,0:0,gpu12,SLOW,2026-04-20T09:51:54,2026-04-20T09:51:55,2026-04-20T10:03:57,722,False,tpe,cifar10,1,40,40,submitline,/mnt/storage_6/project_data/pl0844-01/hpo_project,sbatch --array=1-40%40 hpo_v2.slurm tpe cifar10 40
6925312_26,6925312,hpo2_%a,COMPLETED,0:0,gpu12,SLOW,2026-04-20T09:51:54,2026-04-20T09:51:55,2026-04-20T10:04:52,777,False,tpe,cifar10,1,40,40,submitline,/mnt/storage_6/project_data/pl0844-01/hpo_project,sbatch --array=1-40%40 hpo_v2.slurm tpe cifar10 40
6925312_27,6925312,hpo2_%a,COMPLETED,0:0,gpu12,SLOW,2026-04-20T09:51:54,2026-04-20T09:51:55,2026-04-20T10:03:35,700,False,tpe,cifar10,1,40,40,submitline,/mnt/storage_6/project_data/pl0844-01/hpo_project,sbatch --array=1-40%40 hpo_v2.slurm tpe cifar10 40
6925312_28,6925312,hpo2_%a,COMPLETED,0:0,gpu31,FAST,2026-04-20T09:51:54,2026-04-20T09:51:55,2026-04-20T09:57:19,324,False,tpe,cifar10,1,40,40,submitline,/mnt/storage_6/project_data/pl0844-01/hpo_project,sbatch --array=1-40%40 hpo_v2.slurm tpe cifar10 40
6925312_29,6925312,hpo2_%a,COMPLETED,0:0,gpu35,FAST,2026-04-20T09:51:54,2026-04-20T09:51:55,2026-04-20T09:56:43,288,False,tpe,cifar10,1,40,40,submitline,/mnt/storage_6/project_data/pl0844-01/hpo_project,sbatch --array=1-40%40 hpo_v2.slurm tpe cifar10 40
6925312_30,6925312,hpo2_%a,COMPLETED,0:0,gpu36,FAST,2026-04-20T09:51:54,2026-04-20T09:51:55,2026-04-20T09:56:30,275,False,tpe,cifar10,1,40,40,submitline,/mnt/storage_6/project_data/pl0844-01/hpo_project,sbatch --array=1-40%40 hpo_v2.slurm tpe cifar10 40
6925312_31,6925312,hpo2_%a,COMPLETED,0:0,gpu37,FAST,2026-04-20T09:51:54,2026-04-20T09:51:55,2026-04-20T09:57:23,328,False,tpe,cifar10,1,40,40,submitline,/mnt/storage_6/project_data/pl0844-01/hpo_project,sbatch --array=1-40%40 hpo_v2.slurm tpe cifar10 40
6925312_32,6925312,hpo2_%a,COMPLETED,0:0,gpu37,FAST,2026-04-20T09:51:54,2026-04-20T09:51:55,2026-04-20T09:57:17,322,False,tpe,cifar10,1,40,40,submitline,/mnt/storage_6/project_data/pl0844-01/hpo_project,sbatch --array=1-40%40 hpo_v2.slurm tpe cifar10 40
6925312_33,6925312,hpo2_%a,COMPLETED,0:0,gpu37,FAST,2026-04-20T09:51:54,2026-04-20T09:51:55,2026-04-20T09:57:26,331,False,tpe,cifar10,1,40,40,submitline,/mnt/storage_6/project_data/pl0844-01/hpo_project,sbatch --array=1-40%40 hpo_v2.slurm tpe cifar10 40
6925312_34,6925312,hpo2_%a,FAILED,1:0,gpu40,FAST,2026-04-20T09:51:54,2026-04-20T09:51:55,2026-04-20T09:52:06,11,True,tpe,cifar10,1,40,40,submitline,/mnt/storage_6/project_data/pl0844-01/hpo_project,sbatch --array=1-40%40 hpo_v2.slurm tpe cifar10 40
6925312_35,6925312,hpo2_%a,FAILED,1:0,gpu40,FAST,2026-04-20T09:51:54,2026-04-20T09:51:55,2026-04-20T09:52:10,15,True,tpe,cifar10,1,40,40,submitline,/mnt/storage_6/project_data/pl0844-01/hpo_project,sbatch --array=1-40%40 hpo_v2.slurm tpe cifar10 40
6925312_36,6925312,hpo2_%a,COMPLETED,0:0,gpu42,FAST,2026-04-20T09:51:54,2026-04-20T09:51:55,2026-04-20T09:57:20,325,False,tpe,cifar10,1,40,40,submitline,/mnt/storage_6/project_data/pl0844-01/hpo_project,sbatch --array=1-40%40 hpo_v2.slurm tpe cifar10 40
6925312_37,6925312,hpo2_%a,COMPLETED,0:0,gpu45,FAST,2026-04-20T09:51:54,2026-04-20T09:51:55,2026-04-20T09:57:23,328,False,tpe,cifar10,1,40,40,submitline,/mnt/storage_6/project_data/pl0844-01/hpo_project,sbatch --array=1-40%40 hpo_v2.slurm tpe cifar10 40
6925312_38,6925312,hpo2_%a,FAILED,1:0,gpu46,FAST,2026-04-20T09:51:54,2026-04-20T09:51:55,2026-04-20T09:52:08,13,True,tpe,cifar10,1,40,40,submitline,/mnt/storage_6/project_data/pl0844-01/hpo_project,sbatch --array=1-40%40 hpo_v2.slurm tpe cifar10 40
6925312_39,6925312,hpo2_%a,FAILED,1:0,gpu63,FAST,2026-04-20T09:51:54,2026-04-20T09:51:55,2026-04-20T09:52:11,16,False,tpe,cifar10,1,40,40,submitline,/mnt/storage_6/project_data/pl0844-01/hpo_project,sbatch --array=1-40%40 hpo_v2.slurm tpe cifar10 40
6925312_40,6925312,hpo2_%a,FAILED,1:0,gpu64,FAST,2026-04-20T09:51:54,2026-04-20T09:51:55,2026-04-20T09:53:13,78,False,tpe,cifar10,1,40,40,submitline,/mnt/storage_6/project_data/pl0844-01/hpo_project,sbatch --array=1-40%40 hpo_v2.slurm tpe cifar10 40
6924882_30,6924882,hpo2_%a,COMPLETED,0:0,gpu08,SLOW,2026-04-20T09:57:44,2026-04-20T10:07:50,2026-04-20T10:36:00,1690,False,random,cifar100,1,40,40,submitline,/mnt/storage_6/project_data/pl0844-01/hpo_project,sbatch --array=1-40%40 hpo_v2.slurm random cifar100 40
6924882_31,6924882,hpo2_%a,COMPLETED,0:0,gpu08,SLOW,2026-04-20T09:57:44,2026-04-20T10:07:50,2026-04-20T10:28:20,1230,False,random,cifar100,1,40,40,submitline,/mnt/storage_6/project_data/pl0844-01/hpo_project,sbatch --array=1-40%40 hpo_v2.slurm random cifar100 40
6924882_32,6924882,hpo2_%a,COMPLETED,0:0,gpu08,SLOW,2026-04-20T09:57:44,2026-04-20T10:07:50,2026-04-20T10:31:39,1429,False,random,cifar100,1,40,40,submitline,/mnt/storage_6/project_data/pl0844-01/hpo_project,sbatch --array=1-40%40 hpo_v2.slurm random cifar100 40
6924882_33,6924882,hpo2_%a,COMPLETED,0:0,gpu08,SLOW,2026-04-20T09:57:44,2026-04-20T10:07:50,2026-04-20T10:22:41,891,False,random,cifar100,1,40,40,submitline,/mnt/storage_6/project_data/pl0844-01/hpo_project,sbatch --array=1-40%40 hpo_v2.slurm random cifar100 40
6929317_1,6929317,hpo2_%a,COMPLETED,0:0,gpu12,SLOW,2026-04-21T02:53:25,2026-04-21T02:53:26,2026-04-21T03:02:49,563,False,random,cifar10,1,40,40,submitline,/mnt/storage_6/project_data/pl0844-01/hpo_project,sbatch --array=1-40%40 hpo_v2.slurm random cifar10 40
6929317_2,6929317,hpo2_%a,COMPLETED,0:0,gpu12,SLOW,2026-04-21T02:53:25,2026-04-21T02:53:26,2026-04-21T03:17:11,1425,False,random,cifar10,1,40,40,submitline,/mnt/storage_6/project_data/pl0844-01/hpo_project,sbatch --array=1-40%40 hpo_v2.slurm random cifar10 40
6929317_3,6929317,hpo2_%a,COMPLETED,0:0,gpu12,SLOW,2026-04-21T02:53:25,2026-04-21T02:53:26,2026-04-21T03:07:51,865,False,random,cifar10,1,40,40,submitline,/mnt/storage_6/project_data/pl0844-01/hpo_project,sbatch --array=1-40%40 hpo_v2.slurm random cifar10 40
6929317_4,6929317,hpo2_%a,COMPLETED,0:0,gpu12,SLOW,2026-04-21T02:53:25,2026-04-21T02:53:26,2026-04-21T03:12:38,1152,False,random,cifar10,1,40,40,submitline,/mnt/storage_6/project_data/pl0844-01/hpo_project,sbatch --array=1-40%40 hpo_v2.slurm random cifar10 40
6929317_5,6929317,hpo2_%a,COMPLETED,0:0,gpu12,SLOW,2026-04-21T02:53:25,2026-04-21T02:53:26,2026-04-21T03:08:38,912,False,random,cifar10,1,40,40,submitline,/mnt/storage_6/project_data/pl0844-01/hpo_project,sbatch --array=1-40%40 hpo_v2.slurm random cifar10 40
6929317_6,6929317,hpo2_%a,COMPLETED,0:0,gpu12,SLOW,2026-04-21T02:53:25,2026-04-21T02:53:26,2026-04-21T03:16:14,1368,False,random,cifar10,1,40,40,submitline,/mnt/storage_6/project_data/pl0844-01/hpo_project,sbatch --array=1-40%40 hpo_v2.slurm random cifar10 40
6929317_7,6929317,hpo2_%a,COMPLETED,0:0,gpu12,SLOW,2026-04-21T02:53:25,2026-04-21T02:53:26,2026-04-21T03:08:59,933,False,random,cifar10,1,40,40,submitline,/mnt/storage_6/project_data/pl0844-01/hpo_project,sbatch --array=1-40%40 hpo_v2.slurm random cifar10 40
6929317_8,6929317,hpo2_%a,COMPLETED,0:0,gpu12,SLOW,2026-04-21T02:53:25,2026-04-21T02:53:26,2026-04-21T03:16:45,1399,False,random,cifar10,1,40,40,submitline,/mnt/storage_6/project_data/pl0844-01/hpo_project,sbatch --array=1-40%40 hpo_v2.slurm random cifar10 40
6929317_9,6929317,hpo2_%a,COMPLETED,0:0,gpu06,SLOW,2026-04-21T02:53:25,2026-04-21T03:04:57,2026-04-21T03:17:29,752,False,random,cifar10,1,40,40,submitline,/mnt/storage_6/project_data/pl0844-01/hpo_project,sbatch --array=1-40%40 hpo_v2.slurm random cifar10 40
6929317_10,6929317,hpo2_%a,COMPLETED,0:0,gpu06,SLOW,2026-04-21T02:53:25,2026-04-21T03:04:57,2026-04-21T03:20:03,906,False,random,cifar10,1,40,40,submitline,/mnt/storage_6/project_data/pl0844-01/hpo_project,sbatch --array=1-40%40 hpo_v2.slurm random cifar10 40
6929317_11,6929317,hpo2_%a,COMPLETED,0:0,gpu06,SLOW,2026-04-21T02:53:25,2026-04-21T03:04:57,2026-04-21T03:20:18,921,False,random,cifar10,1,40,40,submitline,/mnt/storage_6/project_data/pl0844-01/hpo_project,sbatch --array=1-40%40 hpo_v2.slurm random cifar10 40
6929317_12,6929317,hpo2_%a,COMPLETED,0:0,gpu06,SLOW,2026-04-21T02:53:25,2026-04-21T03:04:57,2026-04-21T03:23:09,1092,False,random,cifar10,1,40,40,submitline,/mnt/storage_6/project_data/pl0844-01/hpo_project,sbatch --array=1-40%40 hpo_v2.slurm random cifar10 40
6929317_13,6929317,hpo2_%a,COMPLETED,0:0,gpu06,SLOW,2026-04-21T02:53:25,2026-04-21T03:04:57,2026-04-21T03:20:23,926,False,random,cifar10,1,40,40,submitline,/mnt/storage_6/project_data/pl0844-01/hpo_project,sbatch --array=1-40%40 hpo_v2.slurm random cifar10 40
6929317_14,6929317,hpo2_%a,COMPLETED,0:0,gpu06,SLOW,2026-04-21T02:53:25,2026-04-21T03:04:57,2026-04-21T03:20:52,955,False,random,cifar10,1,40,40,submitline,/mnt/storage_6/project_data/pl0844-01/hpo_project,sbatch --array=1-40%40 hpo_v2.slurm random cifar10 40
6929317_15,6929317,hpo2_%a,COMPLETED,0:0,gpu06,SLOW,2026-04-21T02:53:25,2026-04-21T03:04:57,2026-04-21T03:30:34,1537,False,random,cifar10,1,40,40,submitline,/mnt/storage_6/project_data/pl0844-01/hpo_project,sbatch --array=1-40%40 hpo_v2.slurm random cifar10 40
6929317_16,6929317,hpo2_%a,COMPLETED,0:0,gpu06,SLOW,2026-04-21T02:53:25,2026-04-21T03:04:57,2026-04-21T03:16:13,676,False,random,cifar10,1,40,40,submitline,/mnt/storage_6/project_data/pl0844-01/hpo_project,sbatch --array=1-40%40 hpo_v2.slurm random cifar10 40
6929317_17,6929317,hpo2_%a,COMPLETED,0:0,gpu07,SLOW,2026-04-21T02:53:25,2026-04-21T03:02:56,2026-04-21T03:22:27,1171,False,random,cifar10,1,40,40,submitline,/mnt/storage_6/project_data/pl0844-01/hpo_project,sbatch --array=1-40%40 hpo_v2.slurm random cifar10 40
6929317_18,6929317,hpo2_%a,COMPLETED,0:0,gpu07,SLOW,2026-04-21T02:53:25,2026-04-21T03:02:56,2026-04-21T03:30:19,1643,False,random,cifar10,1,40,40,submitline,/mnt/storage_6/project_data/pl0844-01/hpo_project,sbatch --array=1-40%40 hpo_v2.slurm random cifar10 40
6929317_19,6929317,hpo2_%a,COMPLETED,0:0,gpu07,SLOW,2026-04-21T02:53:25,2026-04-21T03:02:56,2026-04-21T03:22:23,1167,False,random,cifar10,1,40,40,submitline,/mnt/storage_6/project_data/pl0844-01/hpo_project,sbatch --array=1-40%40 hpo_v2.slurm random cifar10 40
6929317_20,6929317,hpo2_%a,COMPLETED,0:0,gpu07,SLOW,2026-04-21T02:53:25,2026-04-21T03:02:56,2026-04-21T03:16:18,802,False,random,cifar10,1,40,40,submitline,/mnt/storage_6/project_data/pl0844-01/hpo_project,sbatch --array=1-40%40 hpo_v2.slurm random cifar10 40
6929317_21,6929317,hpo2_%a,COMPLETED,0:0,gpu07,SLOW,2026-04-21T02:53:25,2026-04-21T03:02:56,2026-04-21T03:13:35,639,False,random,cifar10,1,40,40,submitline,/mnt/storage_6/project_data/pl0844-01/hpo_project,sbatch --array=1-40%40 hpo_v2.slurm random cifar10 40
6929317_22,6929317,hpo2_%a,COMPLETED,0:0,gpu07,SLOW,2026-04-21T02:53:25,2026-04-21T03:02:56,2026-04-21T03:18:08,912,False,random,cifar10,1,40,40,submitline,/mnt/storage_6/project_data/pl0844-01/hpo_project,sbatch --array=1-40%40 hpo_v2.slurm random cifar10 40
6929317_23,6929317,hpo2_%a,COMPLETED,0:0,gpu07,SLOW,2026-04-21T02:53:25,2026-04-21T03:02:56,2026-04-21T03:21:20,1104,False,random,cifar10,1,40,40,submitline,/mnt/storage_6/project_data/pl0844-01/hpo_project,sbatch --array=1-40%40 hpo_v2.slurm random cifar10 40
6929317_24,6929317,hpo2_%a,COMPLETED,0:0,gpu07,SLOW,2026-04-21T02:53:25,2026-04-21T03:02:56,2026-04-21T03:20:35,1059,False,random,cifar10,1,40,40,submitline,/mnt/storage_6/project_data/pl0844-01/hpo_project,sbatch --array=1-40%40 hpo_v2.slurm random cifar10 40
6929317_25,6929317,hpo2_%a,COMPLETED,0:0,gpu08,SLOW,2026-04-21T02:53:25,2026-04-21T03:02:56,2026-04-21T03:25:41,1365,False,random,cifar10,1,40,40,submitline,/mnt/storage_6/project_data/pl0844-01/hpo_project,sbatch --array=1-40%40 hpo_v2.slurm random cifar10 40
6929317_26,6929317,hpo2_%a,COMPLETED,0:0,gpu08,SLOW,2026-04-21T02:53:25,2026-04-21T03:02:56,2026-04-21T03:15:33,757,False,random,cifar10,1,40,40,submitline,/mnt/storage_6/project_data/pl0844-01/hpo_project,sbatch --array=1-40%40 hpo_v2.slurm random cifar10 40
6929317_27,6929317,hpo2_%a,COMPLETED,0:0,gpu08,SLOW,2026-04-21T02:53:25,2026-04-21T03:02:56,2026-04-21T03:13:35,639,False,random,cifar10,1,40,40,submitline,/mnt/storage_6/project_data/pl0844-01/hpo_project,sbatch --array=1-40%40 hpo_v2.slurm random cifar10 40
6929317_28,6929317,hpo2_%a,COMPLETED,0:0,gpu08,SLOW,2026-04-21T02:53:25,2026-04-21T03:02:56,2026-04-21T03:15:44,768,False,random,cifar10,1,40,40,submitline,/mnt/storage_6/project_data/pl0844-01/hpo_project,sbatch --array=1-40%40 hpo_v2.slurm random cifar10 40
6929317_29,6929317,hpo2_%a,COMPLETED,0:0,gpu08,SLOW,2026-04-21T02:53:25,2026-04-21T03:02:56,2026-04-21T03:22:35,1179,False,random,cifar10,1,40,40,submitline,/mnt/storage_6/project_data/pl0844-01/hpo_project,sbatch --array=1-40%40 hpo_v2.slurm random cifar10 40
6929317_30,6929317,hpo2_%a,COMPLETED,0:0,gpu08,SLOW,2026-04-21T02:53:25,2026-04-21T03:02:56,2026-04-21T03:31:15,1699,False,random,cifar10,1,40,40,submitline,/mnt/storage_6/project_data/pl0844-01/hpo_project,sbatch --array=1-40%40 hpo_v2.slurm random cifar10 40
6929317_31,6929317,hpo2_%a,COMPLETED,0:0,gpu08,SLOW,2026-04-21T02:53:25,2026-04-21T03:02:56,2026-04-21T03:23:36,1240,False,random,cifar10,1,40,40,submitline,/mnt/storage_6/project_data/pl0844-01/hpo_project,sbatch --array=1-40%40 hpo_v2.slurm random cifar10 40
6929317_32,6929317,hpo2_%a,COMPLETED,0:0,gpu08,SLOW,2026-04-21T02:53:25,2026-04-21T03:02:56,2026-04-21T03:27:00,1444,False,random,cifar10,1,40,40,submitline,/mnt/storage_6/project_data/pl0844-01/hpo_project,sbatch --array=1-40%40 hpo_v2.slurm random cifar10 40
6929317_33,6929317,hpo2_%a,COMPLETED,0:0,gpu09,SLOW,2026-04-21T02:53:25,2026-04-21T03:03:26,2026-04-21T03:18:29,903,False,random,cifar10,1,40,40,submitline,/mnt/storage_6/project_data/pl0844-01/hpo_project,sbatch --array=1-40%40 hpo_v2.slurm random cifar10 40
6929317_34,6929317,hpo2_%a,COMPLETED,0:0,gpu09,SLOW,2026-04-21T02:53:25,2026-04-21T03:03:26,2026-04-21T03:29:28,1562,False,random,cifar10,1,40,40,submitline,/mnt/storage_6/project_data/pl0844-01/hpo_project,sbatch --array=1-40%40 hpo_v2.slurm random cifar10 40
6929317_35,6929317,hpo2_%a,COMPLETED,0:0,gpu09,SLOW,2026-04-21T02:53:25,2026-04-21T03:03:26,2026-04-21T03:17:41,855,False,random,cifar10,1,40,40,submitline,/mnt/storage_6/project_data/pl0844-01/hpo_project,sbatch --array=1-40%40 hpo_v2.slurm random cifar10 40
6929317_36,6929317,hpo2_%a,COMPLETED,0:0,gpu09,SLOW,2026-04-21T02:53:25,2026-04-21T03:03:26,2026-04-21T03:15:55,749,False,random,cifar10,1,40,40,submitline,/mnt/storage_6/project_data/pl0844-01/hpo_project,sbatch --array=1-40%40 hpo_v2.slurm random cifar10 40
6929317_37,6929317,hpo2_%a,COMPLETED,0:0,gpu09,SLOW,2026-04-21T02:53:25,2026-04-21T03:03:26,2026-04-21T03:25:04,1298,False,random,cifar10,1,40,40,submitline,/mnt/storage_6/project_data/pl0844-01/hpo_project,sbatch --array=1-40%40 hpo_v2.slurm random cifar10 40
6929317_38,6929317,hpo2_%a,COMPLETED,0:0,gpu09,SLOW,2026-04-21T02:53:25,2026-04-21T03:03:26,2026-04-21T03:22:43,1157,False,random,cifar10,1,40,40,submitline,/mnt/storage_6/project_data/pl0844-01/hpo_project,sbatch --array=1-40%40 hpo_v2.slurm random cifar10 40
6929317_39,6929317,hpo2_%a,COMPLETED,0:0,gpu09,SLOW,2026-04-21T02:53:25,2026-04-21T03:03:26,2026-04-21T03:19:00,934,False,random,cifar10,1,40,40,submitline,/mnt/storage_6/project_data/pl0844-01/hpo_project,sbatch --array=1-40%40 hpo_v2.slurm random cifar10 40
6929317_40,6929317,hpo2_%a,COMPLETED,0:0,gpu09,SLOW,2026-04-21T02:53:25,2026-04-21T03:03:26,2026-04-21T03:24:25,1259,False,random,cifar10,1,40,40,submitline,/mnt/storage_6/project_data/pl0844-01/hpo_project,sbatch --array=1-40%40 hpo_v2.slurm random cifar10 40
6929318_1,6929318,hpo2_%a,COMPLETED,0:0,gpu10,SLOW,2026-04-21T02:53:25,2026-04-21T03:02:56,2026-04-21T03:29:41,1605,False,tpe,cifar10,1,40,40,submitline,/mnt/storage_6/project_data/pl0844-01/hpo_project,sbatch --array=1-40%40 hpo_v2.slurm tpe cifar10 40
6929318_2,6929318,hpo2_%a,COMPLETED,0:0,gpu10,SLOW,2026-04-21T02:53:25,2026-04-21T03:02:56,2026-04-21T03:30:39,1663,False,tpe,cifar10,1,40,40,submitline,/mnt/storage_6/project_data/pl0844-01/hpo_project,sbatch --array=1-40%40 hpo_v2.slurm tpe cifar10 40
6929318_3,6929318,hpo2_%a,COMPLETED,0:0,gpu10,SLOW,2026-04-21T02:53:25,2026-04-21T03:02:56,2026-04-21T03:30:42,1666,False,tpe,cifar10,1,40,40,submitline,/mnt/storage_6/project_data/pl0844-01/hpo_project,sbatch --array=1-40%40 hpo_v2.slurm tpe cifar10 40
6929318_4,6929318,hpo2_%a,COMPLETED,0:0,gpu10,SLOW,2026-04-21T02:53:25,2026-04-21T03:02:56,2026-04-21T03:21:05,1089,False,tpe,cifar10,1,40,40,submitline,/mnt/storage_6/project_data/pl0844-01/hpo_project,sbatch --array=1-40%40 hpo_v2.slurm tpe cifar10 40
6929318_5,6929318,hpo2_%a,COMPLETED,0:0,gpu10,SLOW,2026-04-21T02:53:25,2026-04-21T03:02:56,2026-04-21T03:20:55,1079,False,tpe,cifar10,1,40,40,submitline,/mnt/storage_6/project_data/pl0844-01/hpo_project,sbatch --array=1-40%40 hpo_v2.slurm tpe cifar10 40
6929318_6,6929318,hpo2_%a,COMPLETED,0:0,gpu10,SLOW,2026-04-21T02:53:25,2026-04-21T03:02:56,2026-04-21T03:29:44,1608,False,tpe,cifar10,1,40,40,submitline,/mnt/storage_6/project_data/pl0844-01/hpo_project,sbatch --array=1-40%40 hpo_v2.slurm tpe cifar10 40
6929318_7,6929318,hpo2_%a,COMPLETED,0:0,gpu10,SLOW,2026-04-21T02:53:25,2026-04-21T03:02:56,2026-04-21T03:29:36,1600,False,tpe,cifar10,1,40,40,submitline,/mnt/storage_6/project_data/pl0844-01/hpo_project,sbatch --array=1-40%40 hpo_v2.slurm tpe cifar10 40
6929318_8,6929318,hpo2_%a,COMPLETED,0:0,gpu10,SLOW,2026-04-21T02:53:25,2026-04-21T03:02:56,2026-04-21T03:29:48,1612,False,tpe,cifar10,1,40,40,submitline,/mnt/storage_6/project_data/pl0844-01/hpo_project,sbatch --array=1-40%40 hpo_v2.slurm tpe cifar10 40
6929318_9,6929318,hpo2_%a,COMPLETED,0:0,gpu11,SLOW,2026-04-21T02:53:25,2026-04-21T03:03:26,2026-04-21T03:21:27,1081,False,tpe,cifar10,1,40,40,submitline,/mnt/storage_6/project_data/pl0844-01/hpo_project,sbatch --array=1-40%40 hpo_v2.slurm tpe cifar10 40
6929318_10,6929318,hpo2_%a,COMPLETED,0:0,gpu11,SLOW,2026-04-21T02:53:25,2026-04-21T03:03:26,2026-04-21T03:31:10,1664,False,tpe,cifar10,1,40,40,submitline,/mnt/storage_6/project_data/pl0844-01/hpo_project,sbatch --array=1-40%40 hpo_v2.slurm tpe cifar10 40
6929318_11,6929318,hpo2_%a,COMPLETED,0:0,gpu11,SLOW,2026-04-21T02:53:25,2026-04-21T03:03:26,2026-04-21T03:32:06,1720,False,tpe,cifar10,1,40,40,submitline,/mnt/storage_6/project_data/pl0844-01/hpo_project,sbatch --array=1-40%40 hpo_v2.slurm tpe cifar10 40
6929318_12,6929318,hpo2_%a,COMPLETED,0:0,gpu11,SLOW,2026-04-21T02:53:25,2026-04-21T03:03:26,2026-04-21T03:32:11,1725,False,tpe,cifar10,1,40,40,submitline,/mnt/storage_6/project_data/pl0844-01/hpo_project,sbatch --array=1-40%40 hpo_v2.slurm tpe cifar10 40
6929318_13,6929318,hpo2_%a,COMPLETED,0:0,gpu11,SLOW,2026-04-21T02:53:25,2026-04-21T03:03:26,2026-04-21T03:20:19,1013,False,tpe,cifar10,1,40,40,submitline,/mnt/storage_6/project_data/pl0844-01/hpo_project,sbatch --array=1-40%40 hpo_v2.slurm tpe cifar10 40
6929318_14,6929318,hpo2_%a,COMPLETED,0:0,gpu11,SLOW,2026-04-21T02:53:25,2026-04-21T03:03:26,2026-04-21T03:32:08,1722,False,tpe,cifar10,1,40,40,submitline,/mnt/storage_6/project_data/pl0844-01/hpo_project,sbatch --array=1-40%40 hpo_v2.slurm tpe cifar10 40
6929318_15,6929318,hpo2_%a,COMPLETED,0:0,gpu11,SLOW,2026-04-21T02:53:25,2026-04-21T03:03:26,2026-04-21T03:10:58,452,False,tpe,cifar10,1,40,40,submitline,/mnt/storage_6/project_data/pl0844-01/hpo_project,sbatch --array=1-40%40 hpo_v2.slurm tpe cifar10 40
6929318_16,6929318,hpo2_%a,COMPLETED,0:0,gpu11,SLOW,2026-04-21T02:53:25,2026-04-21T03:03:26,2026-04-21T03:32:08,1722,False,tpe,cifar10,1,40,40,submitline,/mnt/storage_6/project_data/pl0844-01/hpo_project,sbatch --array=1-40%40 hpo_v2.slurm tpe cifar10 40
6929318_17,6929318,hpo2_%a,COMPLETED,0:0,gpu13,FAST,2026-04-21T02:53:25,2026-04-21T02:53:26,2026-04-21T03:00:52,446,False,tpe,cifar10,1,40,40,submitline,/mnt/storage_6/project_data/pl0844-01/hpo_project,sbatch --array=1-40%40 hpo_v2.slurm tpe cifar10 40
6929318_18,6929318,hpo2_%a,COMPLETED,0:0,gpu42,FAST,2026-04-21T02:53:25,2026-04-21T02:53:26,2026-04-21T03:02:12,526,False,tpe,cifar10,1,40,40,submitline,/mnt/storage_6/project_data/pl0844-01/hpo_project,sbatch --array=1-40%40 hpo_v2.slurm tpe cifar10 40
6929318_19,6929318,hpo2_%a,COMPLETED,0:0,gpu45,FAST,2026-04-21T02:53:25,2026-04-21T02:53:26,2026-04-21T03:02:07,521,False,tpe,cifar10,1,40,40,submitline,/mnt/storage_6/project_data/pl0844-01/hpo_project,sbatch --array=1-40%40 hpo_v2.slurm tpe cifar10 40
6929318_20,6929318,hpo2_%a,COMPLETED,0:0,gpu45,FAST,2026-04-21T02:53:25,2026-04-21T02:53:26,2026-04-21T03:01:05,459,False,tpe,cifar10,1,40,40,submitline,/mnt/storage_6/project_data/pl0844-01/hpo_project,sbatch --array=1-40%40 hpo_v2.slurm tpe cifar10 40
6929318_21,6929318,hpo2_%a,COMPLETED,0:0,gpu45,FAST,2026-04-21T02:53:25,2026-04-21T02:53:26,2026-04-21T02:57:42,256,False,tpe,cifar10,1,40,40,submitline,/mnt/storage_6/project_data/pl0844-01/hpo_project,sbatch --array=1-40%40 hpo_v2.slurm tpe cifar10 40
6929318_22,6929318,hpo2_%a,COMPLETED,0:0,gpu46,FAST,2026-04-21T02:53:25,2026-04-21T02:53:26,2026-04-21T03:00:59,453,False,tpe,cifar10,1,40,40,submitline,/mnt/storage_6/project_data/pl0844-01/hpo_project,sbatch --array=1-40%40 hpo_v2.slurm tpe cifar10 40
6929318_23,6929318,hpo2_%a,COMPLETED,0:0,gpu46,FAST,2026-04-21T02:53:25,2026-04-21T02:53:26,2026-04-21T02:57:42,256,False,tpe,cifar10,1,40,40,submitline,/mnt/storage_6/project_data/pl0844-01/hpo_project,sbatch --array=1-40%40 hpo_v2.slurm tpe cifar10 40
6929318_24,6929318,hpo2_%a,COMPLETED,0:0,gpu46,FAST,2026-04-21T02:53:25,2026-04-21T02:53:26,2026-04-21T03:02:15,529,False,tpe,cifar10,1,40,40,submitline,/mnt/storage_6/project_data/pl0844-01/hpo_project,sbatch --array=1-40%40 hpo_v2.slurm tpe cifar10 40
6929318_25,6929318,hpo2_%a,COMPLETED,0:0,gpu46,FAST,2026-04-21T02:53:25,2026-04-21T02:53:26,2026-04-21T02:59:56,390,False,tpe,cifar10,1,40,40,submitline,/mnt/storage_6/project_data/pl0844-01/hpo_project,sbatch --array=1-40%40 hpo_v2.slurm tpe cifar10 40
6929318_26,6929318,hpo2_%a,COMPLETED,0:0,gpu63,FAST,2026-04-21T02:53:25,2026-04-21T02:53:26,2026-04-21T02:59:24,358,False,tpe,cifar10,1,40,40,submitline,/mnt/storage_6/project_data/pl0844-01/hpo_project,sbatch --array=1-40%40 hpo_v2.slurm tpe cifar10 40
6929318_27,6929318,hpo2_%a,COMPLETED,0:0,gpu63,FAST,2026-04-21T02:53:25,2026-04-21T02:53:26,2026-04-21T02:57:09,223,False,tpe,cifar10,1,40,40,submitline,/mnt/storage_6/project_data/pl0844-01/hpo_project,sbatch --array=1-40%40 hpo_v2.slurm tpe cifar10 40
6929318_28,6929318,hpo2_%a,COMPLETED,0:0,gpu63,FAST,2026-04-21T02:53:25,2026-04-21T02:53:26,2026-04-21T02:59:26,360,False,tpe,cifar10,1,40,40,submitline,/mnt/storage_6/project_data/pl0844-01/hpo_project,sbatch --array=1-40%40 hpo_v2.slurm tpe cifar10 40
6929318_29,6929318,hpo2_%a,COMPLETED,0:0,gpu63,FAST,2026-04-21T02:53:25,2026-04-21T02:53:26,2026-04-21T02:59:19,353,False,tpe,cifar10,1,40,40,submitline,/mnt/storage_6/project_data/pl0844-01/hpo_project,sbatch --array=1-40%40 hpo_v2.slurm tpe cifar10 40
6929318_30,6929318,hpo2_%a,COMPLETED,0:0,gpu64,FAST,2026-04-21T02:53:25,2026-04-21T02:53:26,2026-04-21T02:59:29,363,False,tpe,cifar10,1,40,40,submitline,/mnt/storage_6/project_data/pl0844-01/hpo_project,sbatch --array=1-40%40 hpo_v2.slurm tpe cifar10 40
6929318_31,6929318,hpo2_%a,COMPLETED,0:0,gpu64,FAST,2026-04-21T02:53:25,2026-04-21T02:53:26,2026-04-21T02:59:33,367,False,tpe,cifar10,1,40,40,submitline,/mnt/storage_6/project_data/pl0844-01/hpo_project,sbatch --array=1-40%40 hpo_v2.slurm tpe cifar10 40
6929318_32,6929318,hpo2_%a,COMPLETED,0:0,gpu64,FAST,2026-04-21T02:53:25,2026-04-21T02:53:26,2026-04-21T02:58:20,294,False,tpe,cifar10,1,40,40,submitline,/mnt/storage_6/project_data/pl0844-01/hpo_project,sbatch --array=1-40%40 hpo_v2.slurm tpe cifar10 40
6929318_33,6929318,hpo2_%a,COMPLETED,0:0,gpu66,FAST,2026-04-21T02:53:25,2026-04-21T02:53:26,2026-04-21T02:59:31,365,False,tpe,cifar10,1,40,40,submitline,/mnt/storage_6/project_data/pl0844-01/hpo_project,sbatch --array=1-40%40 hpo_v2.slurm tpe cifar10 40
6929318_34,6929318,hpo2_%a,COMPLETED,0:0,gpu66,FAST,2026-04-21T02:53:25,2026-04-21T02:53:26,2026-04-21T02:57:26,240,False,tpe,cifar10,1,40,40,submitline,/mnt/storage_6/project_data/pl0844-01/hpo_project,sbatch --array=1-40%40 hpo_v2.slurm tpe cifar10 40
6929318_35,6929318,hpo2_%a,COMPLETED,0:0,gpu66,FAST,2026-04-21T02:53:25,2026-04-21T02:53:26,2026-04-21T02:59:19,353,False,tpe,cifar10,1,40,40,submitline,/mnt/storage_6/project_data/pl0844-01/hpo_project,sbatch --array=1-40%40 hpo_v2.slurm tpe cifar10 40
6929318_36,6929318,hpo2_%a,COMPLETED,0:0,gpu71,FAST,2026-04-21T02:53:25,2026-04-21T02:53:26,2026-04-21T02:59:24,358,False,tpe,cifar10,1,40,40,submitline,/mnt/storage_6/project_data/pl0844-01/hpo_project,sbatch --array=1-40%40 hpo_v2.slurm tpe cifar10 40
6929318_37,6929318,hpo2_%a,COMPLETED,0:0,gpu71,FAST,2026-04-21T02:53:25,2026-04-21T02:53:26,2026-04-21T02:56:58,212,False,tpe,cifar10,1,40,40,submitline,/mnt/storage_6/project_data/pl0844-01/hpo_project,sbatch --array=1-40%40 hpo_v2.slurm tpe cifar10 40
6929318_38,6929318,hpo2_%a,COMPLETED,0:0,gpu71,FAST,2026-04-21T02:53:25,2026-04-21T02:53:26,2026-04-21T02:59:22,356,False,tpe,cifar10,1,40,40,submitline,/mnt/storage_6/project_data/pl0844-01/hpo_project,sbatch --array=1-40%40 hpo_v2.slurm tpe cifar10 40
6929318_39,6929318,hpo2_%a,COMPLETED,0:0,gpu71,FAST,2026-04-21T02:53:25,2026-04-21T02:53:26,2026-04-21T02:59:21,355,False,tpe,cifar10,1,40,40,submitline,/mnt/storage_6/project_data/pl0844-01/hpo_project,sbatch --array=1-40%40 hpo_v2.slurm tpe cifar10 40
6929318_40,6929318,hpo2_%a,COMPLETED,0:0,gpu72,FAST,2026-04-21T02:53:25,2026-04-21T02:53:26,2026-04-21T03:02:09,523,False,tpe,cifar10,1,40,40,submitline,/mnt/storage_6/project_data/pl0844-01/hpo_project,sbatch --array=1-40%40 hpo_v2.slurm tpe cifar10 40
6929319_1,6929319,hpo2_%a,FAILED,1:0,gpu72,FAST,2026-04-21T02:53:25,2026-04-21T02:53:26,2026-04-21T02:53:40,14,True,hyperband,cifar100,1,20,20,submitline,/mnt/storage_6/project_data/pl0844-01/hpo_project,sbatch --array=1-20%20 hpo_v2.slurm hyperband cifar100 40
6929319_2,6929319,hpo2_%a,FAILED,1:0,gpu72,FAST,2026-04-21T02:53:25,2026-04-21T02:53:26,2026-04-21T02:53:39,13,True,hyperband,cifar100,1,20,20,submitline,/mnt/storage_6/project_data/pl0844-01/hpo_project,sbatch --array=1-20%20 hpo_v2.slurm hyperband cifar100 40
6929319_3,6929319,hpo2_%a,FAILED,1:0,gpu72,FAST,2026-04-21T02:53:25,2026-04-21T02:53:26,2026-04-21T02:53:39,13,True,hyperband,cifar100,1,20,20,submitline,/mnt/storage_6/project_data/pl0844-01/hpo_project,sbatch --array=1-20%20 hpo_v2.slurm hyperband cifar100 40
6929319_4,6929319,hpo2_%a,FAILED,1:0,gpu73,FAST,2026-04-21T02:53:25,2026-04-21T02:53:26,2026-04-21T02:53:39,13,True,hyperband,cifar100,1,20,20,submitline,/mnt/storage_6/project_data/pl0844-01/hpo_project,sbatch --array=1-20%20 hpo_v2.slurm hyperband cifar100 40
6929319_5,6929319,hpo2_%a,FAILED,1:0,gpu73,FAST,2026-04-21T02:53:25,2026-04-21T02:53:26,2026-04-21T02:53:39,13,True,hyperband,cifar100,1,20,20,submitline,/mnt/storage_6/project_data/pl0844-01/hpo_project,sbatch --array=1-20%20 hpo_v2.slurm hyperband cifar100 40
6929319_6,6929319,hpo2_%a,FAILED,1:0,gpu73,FAST,2026-04-21T02:53:25,2026-04-21T02:53:39,2026-04-21T02:53:50,11,True,hyperband,cifar100,1,20,20,submitline,/mnt/storage_6/project_data/pl0844-01/hpo_project,sbatch --array=1-20%20 hpo_v2.slurm hyperband cifar100 40
6929319_7,6929319,hpo2_%a,FAILED,1:0,gpu73,FAST,2026-04-21T02:53:25,2026-04-21T02:53:39,2026-04-21T02:53:50,11,True,hyperband,cifar100,1,20,20,submitline,/mnt/storage_6/project_data/pl0844-01/hpo_project,sbatch --array=1-20%20 hpo_v2.slurm hyperband cifar100 40
6929319_8,6929319,hpo2_%a,FAILED,1:0,gpu73,FAST,2026-04-21T02:53:25,2026-04-21T02:53:39,2026-04-21T02:53:50,11,True,hyperband,cifar100,1,20,20,submitline,/mnt/storage_6/project_data/pl0844-01/hpo_project,sbatch --array=1-20%20 hpo_v2.slurm hyperband cifar100 40
6929319_9,6929319,hpo2_%a,FAILED,1:0,gpu74,FAST,2026-04-21T02:53:25,2026-04-21T02:53:39,2026-04-21T02:53:54,15,True,hyperband,cifar100,1,20,20,submitline,/mnt/storage_6/project_data/pl0844-01/hpo_project,sbatch --array=1-20%20 hpo_v2.slurm hyperband cifar100 40
6929319_10,6929319,hpo2_%a,FAILED,1:0,gpu74,FAST,2026-04-21T02:53:25,2026-04-21T02:53:39,2026-04-21T02:53:53,14,True,hyperband,cifar100,1,20,20,submitline,/mnt/storage_6/project_data/pl0844-01/hpo_project,sbatch --array=1-20%20 hpo_v2.slurm hyperband cifar100 40
6929319_11,6929319,hpo2_%a,FAILED,1:0,gpu74,FAST,2026-04-21T02:53:25,2026-04-21T02:53:39,2026-04-21T02:53:53,14,True,hyperband,cifar100,1,20,20,submitline,/mnt/storage_6/project_data/pl0844-01/hpo_project,sbatch --array=1-20%20 hpo_v2.slurm hyperband cifar100 40
6929319_12,6929319,hpo2_%a,FAILED,1:0,gpu74,FAST,2026-04-21T02:53:25,2026-04-21T02:53:39,2026-04-21T02:53:53,14,True,hyperband,cifar100,1,20,20,submitline,/mnt/storage_6/project_data/pl0844-01/hpo_project,sbatch --array=1-20%20 hpo_v2.slurm hyperband cifar100 40
6929319_13,6929319,hpo2_%a,FAILED,1:0,gpu75,FAST,2026-04-21T02:53:25,2026-04-21T02:53:39,2026-04-21T02:53:54,15,True,hyperband,cifar100,1,20,20,submitline,/mnt/storage_6/project_data/pl0844-01/hpo_project,sbatch --array=1-20%20 hpo_v2.slurm hyperband cifar100 40
6929319_14,6929319,hpo2_%a,FAILED,1:0,gpu75,FAST,2026-04-21T02:53:25,2026-04-21T02:53:39,2026-04-21T02:53:54,15,True,hyperband,cifar100,1,20,20,submitline,/mnt/storage_6/project_data/pl0844-01/hpo_project,sbatch --array=1-20%20 hpo_v2.slurm hyperband cifar100 40
6929319_15,6929319,hpo2_%a,FAILED,1:0,gpu75,FAST,2026-04-21T02:53:25,2026-04-21T02:53:39,2026-04-21T02:53:54,15,True,hyperband,cifar100,1,20,20,submitline,/mnt/storage_6/project_data/pl0844-01/hpo_project,sbatch --array=1-20%20 hpo_v2.slurm hyperband cifar100 40
6929319_16,6929319,hpo2_%a,FAILED,1:0,gpu75,FAST,2026-04-21T02:53:25,2026-04-21T02:53:39,2026-04-21T02:53:54,15,True,hyperband,cifar100,1,20,20,submitline,/mnt/storage_6/project_data/pl0844-01/hpo_project,sbatch --array=1-20%20 hpo_v2.slurm hyperband cifar100 40
6929319_17,6929319,hpo2_%a,FAILED,1:0,gpu76,FAST,2026-04-21T02:53:25,2026-04-21T02:53:39,2026-04-21T02:53:54,15,True,hyperband,cifar100,1,20,20,submitline,/mnt/storage_6/project_data/pl0844-01/hpo_project,sbatch --array=1-20%20 hpo_v2.slurm hyperband cifar100 40
6929319_18,6929319,hpo2_%a,FAILED,1:0,gpu76,FAST,2026-04-21T02:53:25,2026-04-21T02:53:39,2026-04-21T02:53:54,15,True,hyperband,cifar100,1,20,20,submitline,/mnt/storage_6/project_data/pl0844-01/hpo_project,sbatch --array=1-20%20 hpo_v2.slurm hyperband cifar100 40
6929319_19,6929319,hpo2_%a,FAILED,1:0,gpu76,FAST,2026-04-21T02:53:25,2026-04-21T02:53:39,2026-04-21T02:53:54,15,True,hyperband,cifar100,1,20,20,submitline,/mnt/storage_6/project_data/pl0844-01/hpo_project,sbatch --array=1-20%20 hpo_v2.slurm hyperband cifar100 40
6929319_20,6929319,hpo2_%a,FAILED,1:0,gpu76,FAST,2026-04-21T02:53:25,2026-04-21T02:53:39,2026-04-21T02:53:54,15,True,hyperband,cifar100,1,20,20,submitline,/mnt/storage_6/project_data/pl0844-01/hpo_project,sbatch --array=1-20%20 hpo_v2.slurm hyperband cifar100 40
6929417_1,6929417,hpo2_%a,FAILED,1:0,gpu72,FAST,2026-04-21T02:54:06,2026-04-21T02:54:07,2026-04-21T02:54:18,11,True,cmaes,cifar10,1,20,20,submitline,/mnt/storage_6/project_data/pl0844-01/hpo_project,sbatch --array=1-20%20 hpo_v2.slurm cmaes cifar10 40
6929417_2,6929417,hpo2_%a,FAILED,1:0,gpu72,FAST,2026-04-21T02:54:06,2026-04-21T02:54:07,2026-04-21T02:54:18,11,True,cmaes,cifar10,1,20,20,submitline,/mnt/storage_6/project_data/pl0844-01/hpo_project,sbatch --array=1-20%20 hpo_v2.slurm cmaes cifar10 40
6929417_3,6929417,hpo2_%a,FAILED,1:0,gpu72,FAST,2026-04-21T02:54:06,2026-04-21T02:54:07,2026-04-21T02:54:19,12,True,cmaes,cifar10,1,20,20,submitline,/mnt/storage_6/project_data/pl0844-01/hpo_project,sbatch --array=1-20%20 hpo_v2.slurm cmaes cifar10 40
6929417_4,6929417,hpo2_%a,FAILED,1:0,gpu73,FAST,2026-04-21T02:54:06,2026-04-21T02:54:07,2026-04-21T02:54:19,12,True,cmaes,cifar10,1,20,20,submitline,/mnt/storage_6/project_data/pl0844-01/hpo_project,sbatch --array=1-20%20 hpo_v2.slurm cmaes cifar10 40
6929417_5,6929417,hpo2_%a,FAILED,1:0,gpu73,FAST,2026-04-21T02:54:06,2026-04-21T02:54:07,2026-04-21T02:54:19,12,True,cmaes,cifar10,1,20,20,submitline,/mnt/storage_6/project_data/pl0844-01/hpo_project,sbatch --array=1-20%20 hpo_v2.slurm cmaes cifar10 40
6929417_6,6929417,hpo2_%a,FAILED,1:0,gpu73,FAST,2026-04-21T02:54:06,2026-04-21T02:54:07,2026-04-21T02:54:18,11,True,cmaes,cifar10,1,20,20,submitline,/mnt/storage_6/project_data/pl0844-01/hpo_project,sbatch --array=1-20%20 hpo_v2.slurm cmaes cifar10 40
6929417_7,6929417,hpo2_%a,FAILED,1:0,gpu73,FAST,2026-04-21T02:54:06,2026-04-21T02:54:07,2026-04-21T02:54:18,11,True,cmaes,cifar10,1,20,20,submitline,/mnt/storage_6/project_data/pl0844-01/hpo_project,sbatch --array=1-20%20 hpo_v2.slurm cmaes cifar10 40
6929417_8,6929417,hpo2_%a,FAILED,1:0,gpu74,FAST,2026-04-21T02:54:06,2026-04-21T02:54:07,2026-04-21T02:54:19,12,True,cmaes,cifar10,1,20,20,submitline,/mnt/storage_6/project_data/pl0844-01/hpo_project,sbatch --array=1-20%20 hpo_v2.slurm cmaes cifar10 40
6929417_9,6929417,hpo2_%a,FAILED,1:0,gpu74,FAST,2026-04-21T02:54:06,2026-04-21T02:54:07,2026-04-21T02:54:19,12,True,cmaes,cifar10,1,20,20,submitline,/mnt/storage_6/project_data/pl0844-01/hpo_project,sbatch --array=1-20%20 hpo_v2.slurm cmaes cifar10 40
6929417_10,6929417,hpo2_%a,FAILED,1:0,gpu74,FAST,2026-04-21T02:54:06,2026-04-21T02:54:07,2026-04-21T02:54:20,13,True,cmaes,cifar10,1,20,20,submitline,/mnt/storage_6/project_data/pl0844-01/hpo_project,sbatch --array=1-20%20 hpo_v2.slurm cmaes cifar10 40
6929417_11,6929417,hpo2_%a,FAILED,1:0,gpu74,FAST,2026-04-21T02:54:06,2026-04-21T02:54:07,2026-04-21T02:54:20,13,True,cmaes,cifar10,1,20,20,submitline,/mnt/storage_6/project_data/pl0844-01/hpo_project,sbatch --array=1-20%20 hpo_v2.slurm cmaes cifar10 40
6929417_12,6929417,hpo2_%a,FAILED,1:0,gpu75,FAST,2026-04-21T02:54:06,2026-04-21T02:54:07,2026-04-21T02:54:20,13,True,cmaes,cifar10,1,20,20,submitline,/mnt/storage_6/project_data/pl0844-01/hpo_project,sbatch --array=1-20%20 hpo_v2.slurm cmaes cifar10 40
6929417_13,6929417,hpo2_%a,FAILED,1:0,gpu75,FAST,2026-04-21T02:54:06,2026-04-21T02:54:07,2026-04-21T02:54:20,13,True,cmaes,cifar10,1,20,20,submitline,/mnt/storage_6/project_data/pl0844-01/hpo_project,sbatch --array=1-20%20 hpo_v2.slurm cmaes cifar10 40
6929417_14,6929417,hpo2_%a,FAILED,1:0,gpu75,FAST,2026-04-21T02:54:06,2026-04-21T02:54:07,2026-04-21T02:54:19,12,True,cmaes,cifar10,1,20,20,submitline,/mnt/storage_6/project_data/pl0844-01/hpo_project,sbatch --array=1-20%20 hpo_v2.slurm cmaes cifar10 40
6929417_15,6929417,hpo2_%a,FAILED,1:0,gpu75,FAST,2026-04-21T02:54:06,2026-04-21T02:54:07,2026-04-21T02:54:19,12,True,cmaes,cifar10,1,20,20,submitline,/mnt/storage_6/project_data/pl0844-01/hpo_project,sbatch --array=1-20%20 hpo_v2.slurm cmaes cifar10 40
6929417_16,6929417,hpo2_%a,FAILED,1:0,gpu76,FAST,2026-04-21T02:54:06,2026-04-21T02:54:07,2026-04-21T02:54:20,13,True,cmaes,cifar10,1,20,20,submitline,/mnt/storage_6/project_data/pl0844-01/hpo_project,sbatch --array=1-20%20 hpo_v2.slurm cmaes cifar10 40
6929417_17,6929417,hpo2_%a,FAILED,1:0,gpu76,FAST,2026-04-21T02:54:06,2026-04-21T02:54:07,2026-04-21T02:54:21,14,True,cmaes,cifar10,1,20,20,submitline,/mnt/storage_6/project_data/pl0844-01/hpo_project,sbatch --array=1-20%20 hpo_v2.slurm cmaes cifar10 40
6929417_18,6929417,hpo2_%a,FAILED,1:0,gpu76,FAST,2026-04-21T02:54:06,2026-04-21T02:54:07,2026-04-21T02:54:20,13,True,cmaes,cifar10,1,20,20,submitline,/mnt/storage_6/project_data/pl0844-01/hpo_project,sbatch --array=1-20%20 hpo_v2.slurm cmaes cifar10 40
6929417_19,6929417,hpo2_%a,FAILED,1:0,gpu76,FAST,2026-04-21T02:54:06,2026-04-21T02:54:07,2026-04-21T02:54:20,13,True,cmaes,cifar10,1,20,20,submitline,/mnt/storage_6/project_data/pl0844-01/hpo_project,sbatch --array=1-20%20 hpo_v2.slurm cmaes cifar10 40
6929417_20,6929417,hpo2_%a,FAILED,1:0,gpu78,FAST,2026-04-21T02:54:06,2026-04-21T02:54:07,2026-04-21T02:54:17,10,True,cmaes,cifar10,1,20,20,submitline,/mnt/storage_6/project_data/pl0844-01/hpo_project,sbatch --array=1-20%20 hpo_v2.slurm cmaes cifar10 40
