{
  "trial_number": 41,
  "params": {
    "lr": 0.008567646050479907,
    "weight_decay": 0.00363206435886253,
    "batch_size": 64,
    "dropout": 0.040571844685432575,
    "optimizer": "Adam",
    "scheduler": "plateau",
    "model": "resnet34"
  },
  "best_val_acc": 0.1082,
  "total_gpu_hours": 0.06892005966769324,
  "slurm_task": 24,
  "parallel_workers": 40,
  "sampler": "hyperband",
  "dataset": "cifar100",
  "device": "cuda",
  "accuracy_thresholds": {},
  "accuracy_curve": {
    "0": {
      "val_acc": 0.0325,
      "gpu_hours": 0.0026278918319278294
    },
    "1": {
      "val_acc": 0.024,
      "gpu_hours": 0.0049102691809336345
    },
    "2": {
      "val_acc": 0.0388,
      "gpu_hours": 0.007199490004115634
    },
    "3": {
      "val_acc": 0.0374,
      "gpu_hours": 0.00949023061328464
    },
    "4": {
      "val_acc": 0.036,
      "gpu_hours": 0.011785497532950507
    },
    "5": {
      "val_acc": 0.0332,
      "gpu_hours": 0.014081463019053142
    },
    "6": {
      "val_acc": 0.0771,
      "gpu_hours": 0.01636923849582672
    },
    "7": {
      "val_acc": 0.0905,
      "gpu_hours": 0.01865956895881229
    },
    "8": {
      "val_acc": 0.0905,
      "gpu_hours": 0.020938987996843125
    },
    "9": {
      "val_acc": 0.0985,
      "gpu_hours": 0.02322293308046129
    },
    "10": {
      "val_acc": 0.1036,
      "gpu_hours": 0.025505451692475214
    },
    "11": {
      "val_acc": 0.1023,
      "gpu_hours": 0.02779019766383701
    },
    "12": {
      "val_acc": 0.1039,
      "gpu_hours": 0.03007223453786638
    },
    "13": {
      "val_acc": 0.1048,
      "gpu_hours": 0.03235210471683078
    },
    "14": {
      "val_acc": 0.1075,
      "gpu_hours": 0.03463102718194326
    },
    "15": {
      "val_acc": 0.1059,
      "gpu_hours": 0.03691247695022159
    },
    "16": {
      "val_acc": 0.1044,
      "gpu_hours": 0.039197051856252885
    },
    "17": {
      "val_acc": 0.1049,
      "gpu_hours": 0.04148456315199534
    },
    "18": {
      "val_acc": 0.1082,
      "gpu_hours": 0.04376651869879829
    },
    "19": {
      "val_acc": 0.1073,
      "gpu_hours": 0.04604676604270935
    },
    "20": {
      "val_acc": 0.1011,
      "gpu_hours": 0.048330587082439
    },
    "21": {
      "val_acc": 0.1065,
      "gpu_hours": 0.05063295596175724
    },
    "22": {
      "val_acc": 0.1057,
      "gpu_hours": 0.05291344894303216
    },
    "23": {
      "val_acc": 0.1053,
      "gpu_hours": 0.05519509255886078
    },
    "24": {
      "val_acc": 0.1078,
      "gpu_hours": 0.057479172348976135
    },
    "25": {
      "val_acc": 0.1039,
      "gpu_hours": 0.05976741419898139
    },
    "26": {
      "val_acc": 0.1053,
      "gpu_hours": 0.06205096013016171
    },
    "27": {
      "val_acc": 0.106,
      "gpu_hours": 0.06432931767569648
    },
    "28": {
      "val_acc": 0.105,
      "gpu_hours": 0.0666243388917711
    },
    "29": {
      "val_acc": 0.1079,
      "gpu_hours": 0.06890638073285421
    }
  }
}