{
  "trial_number": 8,
  "params": {
    "lr": 0.0013292918943162175,
    "weight_decay": 0.006351221010640704,
    "batch_size": 64,
    "dropout": 0.07799726016810132,
    "optimizer": "Adam",
    "scheduler": "plateau",
    "model": "resnet18"
  },
  "best_val_acc": 0.0967,
  "total_gpu_hours": 0.04686748266220093,
  "slurm_task": 24,
  "parallel_workers": 40,
  "sampler": "hyperband",
  "dataset": "cifar100",
  "device": "cuda",
  "accuracy_thresholds": {},
  "accuracy_curve": {
    "0": {
      "val_acc": 0.0487,
      "gpu_hours": 0.002047255767716302
    },
    "1": {
      "val_acc": 0.0527,
      "gpu_hours": 0.003544581996070014
    },
    "2": {
      "val_acc": 0.0683,
      "gpu_hours": 0.005096192359924316
    },
    "3": {
      "val_acc": 0.0615,
      "gpu_hours": 0.006618292066786024
    },
    "4": {
      "val_acc": 0.0639,
      "gpu_hours": 0.008172216680314806
    },
    "5": {
      "val_acc": 0.089,
      "gpu_hours": 0.009710418118370904
    },
    "6": {
      "val_acc": 0.0915,
      "gpu_hours": 0.011224099397659303
    },
    "7": {
      "val_acc": 0.0872,
      "gpu_hours": 0.012749616040123833
    },
    "8": {
      "val_acc": 0.0893,
      "gpu_hours": 0.014262620939148797
    },
    "9": {
      "val_acc": 0.094,
      "gpu_hours": 0.01582680881023407
    },
    "10": {
      "val_acc": 0.0967,
      "gpu_hours": 0.017373442451159158
    },
    "11": {
      "val_acc": 0.0957,
      "gpu_hours": 0.018920475509431628
    },
    "12": {
      "val_acc": 0.0958,
      "gpu_hours": 0.0204679885175493
    },
    "13": {
      "val_acc": 0.0964,
      "gpu_hours": 0.02202479428715176
    },
    "14": {
      "val_acc": 0.0955,
      "gpu_hours": 0.023576011657714845
    },
    "15": {
      "val_acc": 0.0953,
      "gpu_hours": 0.025124203695191277
    },
    "16": {
      "val_acc": 0.0947,
      "gpu_hours": 0.02669692450099521
    },
    "17": {
      "val_acc": 0.096,
      "gpu_hours": 0.028257537815305923
    },
    "18": {
      "val_acc": 0.0958,
      "gpu_hours": 0.02980207880338033
    },
    "19": {
      "val_acc": 0.0953,
      "gpu_hours": 0.031337765918837655
    },
    "20": {
      "val_acc": 0.0965,
      "gpu_hours": 0.032877514428562585
    },
    "21": {
      "val_acc": 0.0957,
      "gpu_hours": 0.03442032833894094
    },
    "22": {
      "val_acc": 0.095,
      "gpu_hours": 0.03596642792224884
    },
    "23": {
      "val_acc": 0.0961,
      "gpu_hours": 0.03750154263443417
    },
    "24": {
      "val_acc": 0.0963,
      "gpu_hours": 0.03907278716564178
    },
    "25": {
      "val_acc": 0.0965,
      "gpu_hours": 0.04062109655804104
    },
    "26": {
      "val_acc": 0.0948,
      "gpu_hours": 0.04214896983570523
    },
    "27": {
      "val_acc": 0.0949,
      "gpu_hours": 0.043716645439465844
    },
    "28": {
      "val_acc": 0.0943,
      "gpu_hours": 0.0452861346801122
    },
    "29": {
      "val_acc": 0.0951,
      "gpu_hours": 0.04685110628604889
    }
  }
}