{
  "trial_number": 39,
  "params": {
    "lr": 0.002462069103379502,
    "weight_decay": 0.0002415580941346677,
    "batch_size": 64,
    "dropout": 0.21822332666817257,
    "optimizer": "Adam",
    "scheduler": "plateau",
    "model": "efficientnet_b0"
  },
  "best_val_acc": 0.117,
  "total_gpu_hours": 0.0987564155790541,
  "slurm_task": 29,
  "parallel_workers": 40,
  "sampler": "hyperband",
  "dataset": "cifar100",
  "device": "cuda",
  "accuracy_thresholds": {},
  "accuracy_curve": {
    "0": {
      "val_acc": 0.0417,
      "gpu_hours": 0.0036395710044436983
    },
    "1": {
      "val_acc": 0.0555,
      "gpu_hours": 0.006919474601745606
    },
    "2": {
      "val_acc": 0.0597,
      "gpu_hours": 0.010197498069869148
    },
    "3": {
      "val_acc": 0.0736,
      "gpu_hours": 0.013481264313062033
    },
    "4": {
      "val_acc": 0.0843,
      "gpu_hours": 0.01675442271762424
    },
    "5": {
      "val_acc": 0.1074,
      "gpu_hours": 0.020039038790596857
    },
    "6": {
      "val_acc": 0.1081,
      "gpu_hours": 0.023320137129889593
    },
    "7": {
      "val_acc": 0.1156,
      "gpu_hours": 0.026601384547021652
    },
    "8": {
      "val_acc": 0.1097,
      "gpu_hours": 0.029882265395588345
    },
    "9": {
      "val_acc": 0.1161,
      "gpu_hours": 0.033164682984352115
    },
    "10": {
      "val_acc": 0.1139,
      "gpu_hours": 0.03644589119487339
    },
    "11": {
      "val_acc": 0.1126,
      "gpu_hours": 0.0397273592154185
    },
    "12": {
      "val_acc": 0.1129,
      "gpu_hours": 0.04301056431399451
    },
    "13": {
      "val_acc": 0.1155,
      "gpu_hours": 0.04629424002435472
    },
    "14": {
      "val_acc": 0.1123,
      "gpu_hours": 0.049570590125189884
    },
    "15": {
      "val_acc": 0.117,
      "gpu_hours": 0.05285377071963416
    },
    "16": {
      "val_acc": 0.113,
      "gpu_hours": 0.05613491780228085
    },
    "17": {
      "val_acc": 0.1115,
      "gpu_hours": 0.05941034575303396
    },
    "18": {
      "val_acc": 0.1152,
      "gpu_hours": 0.06268979198402828
    },
    "19": {
      "val_acc": 0.1155,
      "gpu_hours": 0.06596764114167955
    },
    "20": {
      "val_acc": 0.1145,
      "gpu_hours": 0.06924246185355716
    },
    "21": {
      "val_acc": 0.1149,
      "gpu_hours": 0.0725215228398641
    },
    "22": {
      "val_acc": 0.1139,
      "gpu_hours": 0.07579693734645844
    },
    "23": {
      "val_acc": 0.1141,
      "gpu_hours": 0.07907436278131273
    },
    "24": {
      "val_acc": 0.1146,
      "gpu_hours": 0.08234982033570608
    },
    "25": {
      "val_acc": 0.1158,
      "gpu_hours": 0.08562399937046898
    },
    "26": {
      "val_acc": 0.1137,
      "gpu_hours": 0.08889821641974979
    },
    "27": {
      "val_acc": 0.1154,
      "gpu_hours": 0.0921777813302146
    },
    "28": {
      "val_acc": 0.1145,
      "gpu_hours": 0.09546978122658199
    },
    "29": {
      "val_acc": 0.1151,
      "gpu_hours": 0.09874353441927168
    }
  }
}