{
  "trial_number": 6,
  "params": {
    "lr": 0.0013292918943162175,
    "weight_decay": 0.006351221010640704,
    "batch_size": 64,
    "dropout": 0.07799726016810132,
    "optimizer": "Adam",
    "scheduler": "plateau",
    "model": "resnet18"
  },
  "best_val_acc": 0.1039,
  "total_gpu_hours": 0.046215456459257336,
  "slurm_task": 29,
  "parallel_workers": 40,
  "sampler": "hyperband",
  "dataset": "cifar100",
  "device": "cuda",
  "accuracy_thresholds": {},
  "accuracy_curve": {
    "0": {
      "val_acc": 0.0393,
      "gpu_hours": 0.002221025890774197
    },
    "1": {
      "val_acc": 0.066,
      "gpu_hours": 0.0037716452280680338
    },
    "2": {
      "val_acc": 0.0773,
      "gpu_hours": 0.005315493543942769
    },
    "3": {
      "val_acc": 0.0797,
      "gpu_hours": 0.006853188408745659
    },
    "4": {
      "val_acc": 0.0671,
      "gpu_hours": 0.008407958745956422
    },
    "5": {
      "val_acc": 0.1008,
      "gpu_hours": 0.009905108279652066
    },
    "6": {
      "val_acc": 0.0979,
      "gpu_hours": 0.011388659675916036
    },
    "7": {
      "val_acc": 0.1006,
      "gpu_hours": 0.012876954542265997
    },
    "8": {
      "val_acc": 0.1008,
      "gpu_hours": 0.014361284573872883
    },
    "9": {
      "val_acc": 0.1028,
      "gpu_hours": 0.015856289201312594
    },
    "10": {
      "val_acc": 0.1032,
      "gpu_hours": 0.01737692779964871
    },
    "11": {
      "val_acc": 0.1021,
      "gpu_hours": 0.018908553189701503
    },
    "12": {
      "val_acc": 0.1016,
      "gpu_hours": 0.02049750573105282
    },
    "13": {
      "val_acc": 0.1019,
      "gpu_hours": 0.02201728257868025
    },
    "14": {
      "val_acc": 0.1024,
      "gpu_hours": 0.0235564610030916
    },
    "15": {
      "val_acc": 0.1031,
      "gpu_hours": 0.025080192155308195
    },
    "16": {
      "val_acc": 0.1016,
      "gpu_hours": 0.02662166138490041
    },
    "17": {
      "val_acc": 0.1039,
      "gpu_hours": 0.02817474517557356
    },
    "18": {
      "val_acc": 0.1023,
      "gpu_hours": 0.02965662035677168
    },
    "19": {
      "val_acc": 0.1028,
      "gpu_hours": 0.031150074402491252
    },
    "20": {
      "val_acc": 0.1023,
      "gpu_hours": 0.032633725669648915
    },
    "21": {
      "val_acc": 0.1021,
      "gpu_hours": 0.034102483722898695
    },
    "22": {
      "val_acc": 0.1027,
      "gpu_hours": 0.03560514622264438
    },
    "23": {
      "val_acc": 0.1026,
      "gpu_hours": 0.037129319707552594
    },
    "24": {
      "val_acc": 0.102,
      "gpu_hours": 0.038625606894493104
    },
    "25": {
      "val_acc": 0.1036,
      "gpu_hours": 0.040146263241767885
    },
    "26": {
      "val_acc": 0.1011,
      "gpu_hours": 0.041638552745183306
    },
    "27": {
      "val_acc": 0.1023,
      "gpu_hours": 0.04314768287870619
    },
    "28": {
      "val_acc": 0.1026,
      "gpu_hours": 0.04468406670623355
    },
    "29": {
      "val_acc": 0.1021,
      "gpu_hours": 0.04618860297732883
    }
  }
}