{
  "trial_number": 73,
  "params": {
    "lr": 0.0006139528648744173,
    "weight_decay": 6.570136405072354e-05,
    "batch_size": 64,
    "dropout": 0.13408434476977435,
    "optimizer": "AdamW",
    "scheduler": "cosine",
    "model": "resnet18"
  },
  "best_val_acc": 0.7143,
  "total_gpu_hours": 0.13320326745510103,
  "slurm_task": 1,
  "parallel_workers": 40,
  "sampler": "hyperband",
  "dataset": "cifar100",
  "device": "cuda",
  "accuracy_thresholds": {},
  "accuracy_curve": {
    "0": {
      "val_acc": 0.2273,
      "gpu_hours": 0.0048987523052427505
    },
    "1": {
      "val_acc": 0.3275,
      "gpu_hours": 0.009325313303205702
    },
    "2": {
      "val_acc": 0.3993,
      "gpu_hours": 0.01373754574192895
    },
    "3": {
      "val_acc": 0.4784,
      "gpu_hours": 0.018156258000267878
    },
    "4": {
      "val_acc": 0.4978,
      "gpu_hours": 0.02258398327562544
    },
    "5": {
      "val_acc": 0.5409,
      "gpu_hours": 0.02701642115910848
    },
    "6": {
      "val_acc": 0.574,
      "gpu_hours": 0.031448080738385516
    },
    "7": {
      "val_acc": 0.5898,
      "gpu_hours": 0.035880479547712535
    },
    "8": {
      "val_acc": 0.6115,
      "gpu_hours": 0.04030229800277286
    },
    "9": {
      "val_acc": 0.6217,
      "gpu_hours": 0.04472255150477091
    },
    "10": {
      "val_acc": 0.6362,
      "gpu_hours": 0.04914907296498616
    },
    "11": {
      "val_acc": 0.6441,
      "gpu_hours": 0.05357832961612278
    },
    "12": {
      "val_acc": 0.6624,
      "gpu_hours": 0.05801117837429046
    },
    "13": {
      "val_acc": 0.6718,
      "gpu_hours": 0.06244717796643575
    },
    "14": {
      "val_acc": 0.6798,
      "gpu_hours": 0.06683720098601448
    },
    "15": {
      "val_acc": 0.6793,
      "gpu_hours": 0.07126669863859812
    },
    "16": {
      "val_acc": 0.6833,
      "gpu_hours": 0.07569221271408928
    },
    "17": {
      "val_acc": 0.6915,
      "gpu_hours": 0.08012193653318617
    },
    "18": {
      "val_acc": 0.6976,
      "gpu_hours": 0.0845493068959978
    },
    "19": {
      "val_acc": 0.6976,
      "gpu_hours": 0.08897474308808645
    },
    "20": {
      "val_acc": 0.7048,
      "gpu_hours": 0.09340867890252007
    },
    "21": {
      "val_acc": 0.7086,
      "gpu_hours": 0.09782308293713464
    },
    "22": {
      "val_acc": 0.7118,
      "gpu_hours": 0.10223424090279473
    },
    "23": {
      "val_acc": 0.7118,
      "gpu_hours": 0.1066580131318834
    },
    "24": {
      "val_acc": 0.7133,
      "gpu_hours": 0.11109026392300923
    },
    "25": {
      "val_acc": 0.7126,
      "gpu_hours": 0.11551800694730546
    },
    "26": {
      "val_acc": 0.7124,
      "gpu_hours": 0.11993460536003113
    },
    "27": {
      "val_acc": 0.7143,
      "gpu_hours": 0.1243505965338813
    },
    "28": {
      "val_acc": 0.7118,
      "gpu_hours": 0.12876648386319478
    },
    "29": {
      "val_acc": 0.714,
      "gpu_hours": 0.13319264862272476
    }
  }
}