{
  "trial_number": 38,
  "params": {
    "lr": 0.0007307236154902415,
    "weight_decay": 0.0005460397669048124,
    "batch_size": 64,
    "dropout": 0.032699927605237475,
    "optimizer": "Adam",
    "scheduler": "plateau",
    "model": "resnet18"
  },
  "best_val_acc": 0.5629,
  "total_gpu_hours": 0.04589742157194349,
  "slurm_task": 17,
  "parallel_workers": 40,
  "sampler": "hyperband",
  "dataset": "cifar100",
  "device": "cuda",
  "accuracy_thresholds": {},
  "accuracy_curve": {
    "0": {
      "val_acc": 0.1172,
      "gpu_hours": 0.0018256239096323648
    },
    "1": {
      "val_acc": 0.1824,
      "gpu_hours": 0.0033325468831592138
    },
    "2": {
      "val_acc": 0.2482,
      "gpu_hours": 0.004848815467622545
    },
    "3": {
      "val_acc": 0.2846,
      "gpu_hours": 0.006337568097644382
    },
    "4": {
      "val_acc": 0.3048,
      "gpu_hours": 0.007857182025909425
    },
    "5": {
      "val_acc": 0.4791,
      "gpu_hours": 0.009373257756233216
    },
    "6": {
      "val_acc": 0.4971,
      "gpu_hours": 0.010874591006173029
    },
    "7": {
      "val_acc": 0.5161,
      "gpu_hours": 0.01236749423874749
    },
    "8": {
      "val_acc": 0.5295,
      "gpu_hours": 0.013899893826908535
    },
    "9": {
      "val_acc": 0.5457,
      "gpu_hours": 0.01541188915570577
    },
    "10": {
      "val_acc": 0.551,
      "gpu_hours": 0.016948850287331476
    },
    "11": {
      "val_acc": 0.5575,
      "gpu_hours": 0.018489520616001554
    },
    "12": {
      "val_acc": 0.5596,
      "gpu_hours": 0.0200071476565467
    },
    "13": {
      "val_acc": 0.5544,
      "gpu_hours": 0.021548463106155394
    },
    "14": {
      "val_acc": 0.5601,
      "gpu_hours": 0.02308346324496799
    },
    "15": {
      "val_acc": 0.5556,
      "gpu_hours": 0.024593336515956455
    },
    "16": {
      "val_acc": 0.5628,
      "gpu_hours": 0.02610642287466261
    },
    "17": {
      "val_acc": 0.5581,
      "gpu_hours": 0.027627104454570346
    },
    "18": {
      "val_acc": 0.5607,
      "gpu_hours": 0.029166430897182887
    },
    "19": {
      "val_acc": 0.561,
      "gpu_hours": 0.030689897139867146
    },
    "20": {
      "val_acc": 0.5603,
      "gpu_hours": 0.03221782584985097
    },
    "21": {
      "val_acc": 0.5602,
      "gpu_hours": 0.03374646643797557
    },
    "22": {
      "val_acc": 0.5599,
      "gpu_hours": 0.03525406506326464
    },
    "23": {
      "val_acc": 0.5629,
      "gpu_hours": 0.036783620450231765
    },
    "24": {
      "val_acc": 0.5594,
      "gpu_hours": 0.03830467323462168
    },
    "25": {
      "val_acc": 0.5604,
      "gpu_hours": 0.03980588641431596
    },
    "26": {
      "val_acc": 0.5589,
      "gpu_hours": 0.04128819207350413
    },
    "27": {
      "val_acc": 0.5602,
      "gpu_hours": 0.04279909829298655
    },
    "28": {
      "val_acc": 0.5614,
      "gpu_hours": 0.04433155364460415
    },
    "29": {
      "val_acc": 0.5586,
      "gpu_hours": 0.04588082134723663
    }
  }
}