{
  "trial_number": 76,
  "params": {
    "lr": 0.0006139528648744173,
    "weight_decay": 6.165801121135595e-06,
    "batch_size": 256,
    "dropout": 0.09559217655686018,
    "optimizer": "AdamW",
    "scheduler": "cosine",
    "model": "resnet34"
  },
  "best_val_acc": 0.6999,
  "total_gpu_hours": 0.20354082584381103,
  "slurm_task": 12,
  "parallel_workers": 40,
  "sampler": "hyperband",
  "dataset": "cifar100",
  "device": "cuda",
  "accuracy_thresholds": {},
  "accuracy_curve": {
    "0": {
      "val_acc": 0.1654,
      "gpu_hours": 0.007255912025769551
    },
    "1": {
      "val_acc": 0.2617,
      "gpu_hours": 0.014017481274074978
    },
    "2": {
      "val_acc": 0.3257,
      "gpu_hours": 0.02078129748503367
    },
    "3": {
      "val_acc": 0.3354,
      "gpu_hours": 0.027547003560596042
    },
    "4": {
      "val_acc": 0.3822,
      "gpu_hours": 0.03432403431998359
    },
    "5": {
      "val_acc": 0.4532,
      "gpu_hours": 0.041087634828355576
    },
    "6": {
      "val_acc": 0.4805,
      "gpu_hours": 0.04785723149776459
    },
    "7": {
      "val_acc": 0.4986,
      "gpu_hours": 0.054621048503451876
    },
    "8": {
      "val_acc": 0.5362,
      "gpu_hours": 0.06138803839683533
    },
    "9": {
      "val_acc": 0.5651,
      "gpu_hours": 0.06815206090609233
    },
    "10": {
      "val_acc": 0.5695,
      "gpu_hours": 0.07493048787117004
    },
    "11": {
      "val_acc": 0.5969,
      "gpu_hours": 0.08169854071405198
    },
    "12": {
      "val_acc": 0.6079,
      "gpu_hours": 0.08846667673852708
    },
    "13": {
      "val_acc": 0.6252,
      "gpu_hours": 0.09523706999089983
    },
    "14": {
      "val_acc": 0.6411,
      "gpu_hours": 0.10200613187419044
    },
    "15": {
      "val_acc": 0.6479,
      "gpu_hours": 0.10877601815594568
    },
    "16": {
      "val_acc": 0.6628,
      "gpu_hours": 0.11554365032249027
    },
    "17": {
      "val_acc": 0.6619,
      "gpu_hours": 0.12231259809599983
    },
    "18": {
      "val_acc": 0.6633,
      "gpu_hours": 0.12907788190576766
    },
    "19": {
      "val_acc": 0.6757,
      "gpu_hours": 0.13584548778004116
    },
    "20": {
      "val_acc": 0.6845,
      "gpu_hours": 0.1426248159011205
    },
    "21": {
      "val_acc": 0.6807,
      "gpu_hours": 0.14939082768228318
    },
    "22": {
      "val_acc": 0.6876,
      "gpu_hours": 0.15615518285168542
    },
    "23": {
      "val_acc": 0.6918,
      "gpu_hours": 0.16292068719863892
    },
    "24": {
      "val_acc": 0.6905,
      "gpu_hours": 0.16969104886054992
    },
    "25": {
      "val_acc": 0.6954,
      "gpu_hours": 0.17645512501398722
    },
    "26": {
      "val_acc": 0.6978,
      "gpu_hours": 0.18322492142518362
    },
    "27": {
      "val_acc": 0.6978,
      "gpu_hours": 0.18999112486839295
    },
    "28": {
      "val_acc": 0.6983,
      "gpu_hours": 0.19676511069138844
    },
    "29": {
      "val_acc": 0.6999,
      "gpu_hours": 0.20352869596746231
    }
  }
}