{
  "trial_number": 35,
  "params": {
    "lr": 0.0023589426035199833,
    "weight_decay": 1.8803285678963717e-05,
    "batch_size": 256,
    "dropout": 0.03557639001383643,
    "optimizer": "AdamW",
    "scheduler": "step",
    "model": "resnet34"
  },
  "best_val_acc": 0.6722,
  "total_gpu_hours": 0.04462558031082153,
  "slurm_task": 35,
  "parallel_workers": 40,
  "sampler": "hyperband",
  "dataset": "cifar100",
  "device": "cuda",
  "accuracy_thresholds": {},
  "accuracy_curve": {
    "0": {
      "val_acc": 0.1062,
      "gpu_hours": 0.0018297420607672798
    },
    "1": {
      "val_acc": 0.1933,
      "gpu_hours": 0.00329784181382921
    },
    "2": {
      "val_acc": 0.2708,
      "gpu_hours": 0.0047718376583523224
    },
    "3": {
      "val_acc": 0.3036,
      "gpu_hours": 0.006250282857153151
    },
    "4": {
      "val_acc": 0.3838,
      "gpu_hours": 0.007725649078687032
    },
    "5": {
      "val_acc": 0.4166,
      "gpu_hours": 0.009198922117551168
    },
    "6": {
      "val_acc": 0.4385,
      "gpu_hours": 0.010674218734105428
    },
    "7": {
      "val_acc": 0.4709,
      "gpu_hours": 0.012148825658692254
    },
    "8": {
      "val_acc": 0.5009,
      "gpu_hours": 0.013621438476774427
    },
    "9": {
      "val_acc": 0.5214,
      "gpu_hours": 0.015096171763208177
    },
    "10": {
      "val_acc": 0.5898,
      "gpu_hours": 0.016566897564464146
    },
    "11": {
      "val_acc": 0.5896,
      "gpu_hours": 0.018037333488464355
    },
    "12": {
      "val_acc": 0.5887,
      "gpu_hours": 0.01951109488805135
    },
    "13": {
      "val_acc": 0.6088,
      "gpu_hours": 0.020985662076208327
    },
    "14": {
      "val_acc": 0.6269,
      "gpu_hours": 0.022453723682297602
    },
    "15": {
      "val_acc": 0.6333,
      "gpu_hours": 0.023923579586876763
    },
    "16": {
      "val_acc": 0.6275,
      "gpu_hours": 0.02539992392063141
    },
    "17": {
      "val_acc": 0.6292,
      "gpu_hours": 0.026882725026872424
    },
    "18": {
      "val_acc": 0.6394,
      "gpu_hours": 0.028359616531266108
    },
    "19": {
      "val_acc": 0.6354,
      "gpu_hours": 0.029835267861684164
    },
    "20": {
      "val_acc": 0.6689,
      "gpu_hours": 0.03130442023277283
    },
    "21": {
      "val_acc": 0.6583,
      "gpu_hours": 0.03278223223156399
    },
    "22": {
      "val_acc": 0.6683,
      "gpu_hours": 0.034251162476009796
    },
    "23": {
      "val_acc": 0.671,
      "gpu_hours": 0.03571983893712362
    },
    "24": {
      "val_acc": 0.6691,
      "gpu_hours": 0.037196194661988154
    },
    "25": {
      "val_acc": 0.6722,
      "gpu_hours": 0.03867396977212694
    },
    "26": {
      "val_acc": 0.6627,
      "gpu_hours": 0.040148639215363394
    },
    "27": {
      "val_acc": 0.6665,
      "gpu_hours": 0.04162463406721751
    },
    "28": {
      "val_acc": 0.6714,
      "gpu_hours": 0.043123666842778526
    },
    "29": {
      "val_acc": 0.6665,
      "gpu_hours": 0.044602959884537594
    }
  }
}