{
  "trial_number": 1,
  "params": {
    "lr": 0.0013292918943162175,
    "weight_decay": 0.006351221010640704,
    "batch_size": 64,
    "dropout": 0.07799726016810132,
    "optimizer": "Adam",
    "scheduler": "plateau",
    "model": "resnet18"
  },
  "best_val_acc": 0.0971,
  "total_gpu_hours": 0.04614264362388187,
  "slurm_task": 20,
  "parallel_workers": 40,
  "sampler": "hyperband",
  "dataset": "cifar100",
  "device": "cuda",
  "accuracy_thresholds": {},
  "accuracy_curve": {
    "0": {
      "val_acc": 0.036,
      "gpu_hours": 0.002171102099948459
    },
    "1": {
      "val_acc": 0.0493,
      "gpu_hours": 0.0037051023377312553
    },
    "2": {
      "val_acc": 0.0607,
      "gpu_hours": 0.00522269434399075
    },
    "3": {
      "val_acc": 0.0654,
      "gpu_hours": 0.006771986881891887
    },
    "4": {
      "val_acc": 0.0567,
      "gpu_hours": 0.00828769670592414
    },
    "5": {
      "val_acc": 0.0911,
      "gpu_hours": 0.00976652138763004
    },
    "6": {
      "val_acc": 0.0961,
      "gpu_hours": 0.011253709925545587
    },
    "7": {
      "val_acc": 0.09,
      "gpu_hours": 0.01275952054394616
    },
    "8": {
      "val_acc": 0.0971,
      "gpu_hours": 0.014260592129495408
    },
    "9": {
      "val_acc": 0.0938,
      "gpu_hours": 0.015742259621620177
    },
    "10": {
      "val_acc": 0.0934,
      "gpu_hours": 0.017232444087664285
    },
    "11": {
      "val_acc": 0.0923,
      "gpu_hours": 0.018712781800164117
    },
    "12": {
      "val_acc": 0.0917,
      "gpu_hours": 0.020246918068991766
    },
    "13": {
      "val_acc": 0.0893,
      "gpu_hours": 0.021778160995907254
    },
    "14": {
      "val_acc": 0.094,
      "gpu_hours": 0.02330970287322998
    },
    "15": {
      "val_acc": 0.0937,
      "gpu_hours": 0.024840849174393546
    },
    "16": {
      "val_acc": 0.0937,
      "gpu_hours": 0.026394878029823304
    },
    "17": {
      "val_acc": 0.0939,
      "gpu_hours": 0.027925860749350655
    },
    "18": {
      "val_acc": 0.0932,
      "gpu_hours": 0.02946440067556169
    },
    "19": {
      "val_acc": 0.0915,
      "gpu_hours": 0.031050481994946796
    },
    "20": {
      "val_acc": 0.0933,
      "gpu_hours": 0.032605638371573556
    },
    "21": {
      "val_acc": 0.0908,
      "gpu_hours": 0.03411200867758857
    },
    "22": {
      "val_acc": 0.0921,
      "gpu_hours": 0.03560061468018426
    },
    "23": {
      "val_acc": 0.0938,
      "gpu_hours": 0.037070188323656716
    },
    "24": {
      "val_acc": 0.0942,
      "gpu_hours": 0.038601978487438626
    },
    "25": {
      "val_acc": 0.0927,
      "gpu_hours": 0.04010775367418925
    },
    "26": {
      "val_acc": 0.0943,
      "gpu_hours": 0.041595679256651134
    },
    "27": {
      "val_acc": 0.0932,
      "gpu_hours": 0.043084332744280494
    },
    "28": {
      "val_acc": 0.0947,
      "gpu_hours": 0.04459249132209354
    },
    "29": {
      "val_acc": 0.0929,
      "gpu_hours": 0.046125553978814016
    }
  }
}