{
  "trial_number": 49,
  "params": {
    "lr": 0.08678870197918608,
    "weight_decay": 6.864604339426563e-06,
    "batch_size": 256,
    "dropout": 0.03472340882207214,
    "optimizer": "SGD",
    "scheduler": "cosine",
    "model": "resnet34",
    "momentum": 0.8020672674749896
  },
  "best_val_acc": 0.6086,
  "total_gpu_hours": 0.20252674063046774,
  "slurm_task": 11,
  "parallel_workers": 40,
  "sampler": "hyperband",
  "dataset": "cifar100",
  "device": "cuda",
  "accuracy_thresholds": {},
  "accuracy_curve": {
    "0": {
      "val_acc": 0.1188,
      "gpu_hours": 0.00752125965224372
    },
    "1": {
      "val_acc": 0.2094,
      "gpu_hours": 0.01425956944624583
    },
    "2": {
      "val_acc": 0.2859,
      "gpu_hours": 0.02099440852801005
    },
    "3": {
      "val_acc": 0.3151,
      "gpu_hours": 0.027734574543105232
    },
    "4": {
      "val_acc": 0.3698,
      "gpu_hours": 0.034476509557829965
    },
    "5": {
      "val_acc": 0.3755,
      "gpu_hours": 0.04121250940693749
    },
    "6": {
      "val_acc": 0.3638,
      "gpu_hours": 0.04795285410351224
    },
    "7": {
      "val_acc": 0.4511,
      "gpu_hours": 0.0546950364112854
    },
    "8": {
      "val_acc": 0.4464,
      "gpu_hours": 0.06144838359620836
    },
    "9": {
      "val_acc": 0.46,
      "gpu_hours": 0.06818480345937941
    },
    "10": {
      "val_acc": 0.4806,
      "gpu_hours": 0.07492278264628516
    },
    "11": {
      "val_acc": 0.4973,
      "gpu_hours": 0.08163903375466665
    },
    "12": {
      "val_acc": 0.5133,
      "gpu_hours": 0.08836255583498213
    },
    "13": {
      "val_acc": 0.539,
      "gpu_hours": 0.09507645580503676
    },
    "14": {
      "val_acc": 0.551,
      "gpu_hours": 0.10179722613758511
    },
    "15": {
      "val_acc": 0.551,
      "gpu_hours": 0.10851127293374803
    },
    "16": {
      "val_acc": 0.5701,
      "gpu_hours": 0.11523687243461608
    },
    "17": {
      "val_acc": 0.5677,
      "gpu_hours": 0.12195284167925517
    },
    "18": {
      "val_acc": 0.5838,
      "gpu_hours": 0.12866477661662631
    },
    "19": {
      "val_acc": 0.5896,
      "gpu_hours": 0.13537768059306673
    },
    "20": {
      "val_acc": 0.5931,
      "gpu_hours": 0.14209997640715705
    },
    "21": {
      "val_acc": 0.5996,
      "gpu_hours": 0.14881270276175604
    },
    "22": {
      "val_acc": 0.6009,
      "gpu_hours": 0.15552803450160557
    },
    "23": {
      "val_acc": 0.6028,
      "gpu_hours": 0.16224357108275095
    },
    "24": {
      "val_acc": 0.6051,
      "gpu_hours": 0.16897149052884844
    },
    "25": {
      "val_acc": 0.6061,
      "gpu_hours": 0.17567722234461042
    },
    "26": {
      "val_acc": 0.6065,
      "gpu_hours": 0.18237954603301154
    },
    "27": {
      "val_acc": 0.6086,
      "gpu_hours": 0.18908488200770485
    },
    "28": {
      "val_acc": 0.6079,
      "gpu_hours": 0.19581324259440105
    },
    "29": {
      "val_acc": 0.6082,
      "gpu_hours": 0.20251378655433655
    }
  }
}