{
  "trial_number": 30,
  "params": {
    "lr": 0.0005560051794694414,
    "weight_decay": 2.0708485661206462e-06,
    "batch_size": 256,
    "dropout": 0.0052575103624639685,
    "optimizer": "AdamW",
    "scheduler": "cosine",
    "model": "resnet34"
  },
  "best_val_acc": 0.6975,
  "total_gpu_hours": 0.044644467300838896,
  "slurm_task": 39,
  "parallel_workers": 40,
  "sampler": "hyperband",
  "dataset": "cifar100",
  "device": "cuda",
  "accuracy_thresholds": {},
  "accuracy_curve": {
    "0": {
      "val_acc": 0.1735,
      "gpu_hours": 0.0018184619479709202
    },
    "1": {
      "val_acc": 0.2809,
      "gpu_hours": 0.0032890505923165217
    },
    "2": {
      "val_acc": 0.3253,
      "gpu_hours": 0.004755811558829414
    },
    "3": {
      "val_acc": 0.3993,
      "gpu_hours": 0.006248601608806186
    },
    "4": {
      "val_acc": 0.402,
      "gpu_hours": 0.007739978035291036
    },
    "5": {
      "val_acc": 0.4087,
      "gpu_hours": 0.00921059509118398
    },
    "6": {
      "val_acc": 0.492,
      "gpu_hours": 0.010692490339279175
    },
    "7": {
      "val_acc": 0.4743,
      "gpu_hours": 0.012165726820627849
    },
    "8": {
      "val_acc": 0.4841,
      "gpu_hours": 0.013646796147028606
    },
    "9": {
      "val_acc": 0.5429,
      "gpu_hours": 0.015131623347600301
    },
    "10": {
      "val_acc": 0.5703,
      "gpu_hours": 0.01662943846649594
    },
    "11": {
      "val_acc": 0.5649,
      "gpu_hours": 0.01809454209274716
    },
    "12": {
      "val_acc": 0.5923,
      "gpu_hours": 0.019562932120429144
    },
    "13": {
      "val_acc": 0.601,
      "gpu_hours": 0.02103611747423808
    },
    "14": {
      "val_acc": 0.6134,
      "gpu_hours": 0.022507835295465257
    },
    "15": {
      "val_acc": 0.6202,
      "gpu_hours": 0.023977186812294854
    },
    "16": {
      "val_acc": 0.6245,
      "gpu_hours": 0.025452327529589334
    },
    "17": {
      "val_acc": 0.649,
      "gpu_hours": 0.02692672007613712
    },
    "18": {
      "val_acc": 0.6538,
      "gpu_hours": 0.0283970398373074
    },
    "19": {
      "val_acc": 0.6655,
      "gpu_hours": 0.029873720076349048
    },
    "20": {
      "val_acc": 0.6689,
      "gpu_hours": 0.031352598004870946
    },
    "21": {
      "val_acc": 0.6827,
      "gpu_hours": 0.0328233034743203
    },
    "22": {
      "val_acc": 0.6863,
      "gpu_hours": 0.03430021385351817
    },
    "23": {
      "val_acc": 0.6884,
      "gpu_hours": 0.035769535501798
    },
    "24": {
      "val_acc": 0.6933,
      "gpu_hours": 0.03723959326744079
    },
    "25": {
      "val_acc": 0.6949,
      "gpu_hours": 0.038713266518380904
    },
    "26": {
      "val_acc": 0.6951,
      "gpu_hours": 0.04017838954925537
    },
    "27": {
      "val_acc": 0.6948,
      "gpu_hours": 0.04164813485410478
    },
    "28": {
      "val_acc": 0.6975,
      "gpu_hours": 0.04314371552732256
    },
    "29": {
      "val_acc": 0.6973,
      "gpu_hours": 0.0446125152375963
    }
  }
}