{
  "trial_number": 29,
  "params": {
    "lr": 0.06845570267272924,
    "weight_decay": 1.2100861687848863e-05,
    "batch_size": 256,
    "dropout": 0.20274558273547494,
    "optimizer": "SGD",
    "scheduler": "cosine",
    "model": "efficientnet_b0",
    "momentum": 0.8037473215484552
  },
  "best_val_acc": 0.3864,
  "total_gpu_hours": 0.038823033637470666,
  "slurm_task": 32,
  "parallel_workers": 40,
  "sampler": "hyperband",
  "dataset": "cifar100",
  "device": "cuda",
  "accuracy_thresholds": {},
  "accuracy_curve": {
    "0": {
      "val_acc": 0.0148,
      "gpu_hours": 0.001631809737947252
    },
    "1": {
      "val_acc": 0.0153,
      "gpu_hours": 0.0029148877991570367
    },
    "2": {
      "val_acc": 0.0361,
      "gpu_hours": 0.004195065233442518
    },
    "3": {
      "val_acc": 0.0749,
      "gpu_hours": 0.005472872919506497
    },
    "4": {
      "val_acc": 0.1187,
      "gpu_hours": 0.006769606735971239
    },
    "5": {
      "val_acc": 0.1388,
      "gpu_hours": 0.008055110772450766
    },
    "6": {
      "val_acc": 0.1825,
      "gpu_hours": 0.009339323374960157
    },
    "7": {
      "val_acc": 0.2168,
      "gpu_hours": 0.010629671547147963
    },
    "8": {
      "val_acc": 0.2366,
      "gpu_hours": 0.011912806961271498
    },
    "9": {
      "val_acc": 0.2557,
      "gpu_hours": 0.013199143873320685
    },
    "10": {
      "val_acc": 0.2678,
      "gpu_hours": 0.014502795338630676
    },
    "11": {
      "val_acc": 0.2899,
      "gpu_hours": 0.015792174802886114
    },
    "12": {
      "val_acc": 0.3057,
      "gpu_hours": 0.017070661783218383
    },
    "13": {
      "val_acc": 0.317,
      "gpu_hours": 0.018362457288636103
    },
    "14": {
      "val_acc": 0.3296,
      "gpu_hours": 0.019659196469518872
    },
    "15": {
      "val_acc": 0.3399,
      "gpu_hours": 0.020946976211335924
    },
    "16": {
      "val_acc": 0.3336,
      "gpu_hours": 0.022253078089820015
    },
    "17": {
      "val_acc": 0.3418,
      "gpu_hours": 0.023543864952193367
    },
    "18": {
      "val_acc": 0.3617,
      "gpu_hours": 0.0248321846458647
    },
    "19": {
      "val_acc": 0.3656,
      "gpu_hours": 0.026112084454960292
    },
    "20": {
      "val_acc": 0.3675,
      "gpu_hours": 0.027374837001164755
    },
    "21": {
      "val_acc": 0.3741,
      "gpu_hours": 0.028631541795200773
    },
    "22": {
      "val_acc": 0.3767,
      "gpu_hours": 0.02989194432894389
    },
    "23": {
      "val_acc": 0.3804,
      "gpu_hours": 0.031146945820914373
    },
    "24": {
      "val_acc": 0.3806,
      "gpu_hours": 0.03241539431942834
    },
    "25": {
      "val_acc": 0.381,
      "gpu_hours": 0.0336782001124488
    },
    "26": {
      "val_acc": 0.383,
      "gpu_hours": 0.03494016799661848
    },
    "27": {
      "val_acc": 0.3856,
      "gpu_hours": 0.03621139936976962
    },
    "28": {
      "val_acc": 0.3834,
      "gpu_hours": 0.037513576083713106
    },
    "29": {
      "val_acc": 0.3864,
      "gpu_hours": 0.038806698123613995
    }
  }
}