{
  "trial_number": 85,
  "params": {
    "lr": 0.0019588784002724795,
    "weight_decay": 8.262215918889769e-06,
    "batch_size": 256,
    "dropout": 0.1548753788736166,
    "optimizer": "AdamW",
    "scheduler": "cosine",
    "model": "resnet18"
  },
  "best_val_acc": 0.7007,
  "total_gpu_hours": 0.03653647853268517,
  "slurm_task": 2,
  "parallel_workers": 40,
  "sampler": "hyperband",
  "dataset": "cifar100",
  "device": "cuda",
  "accuracy_thresholds": {},
  "accuracy_curve": {
    "0": {
      "val_acc": 0.1495,
      "gpu_hours": 0.001764176819059584
    },
    "1": {
      "val_acc": 0.2615,
      "gpu_hours": 0.0029669168922636245
    },
    "2": {
      "val_acc": 0.2688,
      "gpu_hours": 0.004164846539497375
    },
    "3": {
      "val_acc": 0.3553,
      "gpu_hours": 0.005354325241512722
    },
    "4": {
      "val_acc": 0.388,
      "gpu_hours": 0.00655570215649075
    },
    "5": {
      "val_acc": 0.4328,
      "gpu_hours": 0.00776185929775238
    },
    "6": {
      "val_acc": 0.4842,
      "gpu_hours": 0.008965658942858378
    },
    "7": {
      "val_acc": 0.5254,
      "gpu_hours": 0.01016095969412062
    },
    "8": {
      "val_acc": 0.538,
      "gpu_hours": 0.011349473264482286
    },
    "9": {
      "val_acc": 0.5377,
      "gpu_hours": 0.012549786236551072
    },
    "10": {
      "val_acc": 0.5757,
      "gpu_hours": 0.013770938052071465
    },
    "11": {
      "val_acc": 0.5834,
      "gpu_hours": 0.014968107077810499
    },
    "12": {
      "val_acc": 0.6113,
      "gpu_hours": 0.0161656121412913
    },
    "13": {
      "val_acc": 0.6276,
      "gpu_hours": 0.017363632520039876
    },
    "14": {
      "val_acc": 0.6452,
      "gpu_hours": 0.01855895241101583
    },
    "15": {
      "val_acc": 0.6568,
      "gpu_hours": 0.019766334229045446
    },
    "16": {
      "val_acc": 0.6663,
      "gpu_hours": 0.020966838664478727
    },
    "17": {
      "val_acc": 0.6723,
      "gpu_hours": 0.022164717978901332
    },
    "18": {
      "val_acc": 0.6772,
      "gpu_hours": 0.023364717364311217
    },
    "19": {
      "val_acc": 0.6793,
      "gpu_hours": 0.02455287926726871
    },
    "20": {
      "val_acc": 0.6856,
      "gpu_hours": 0.02574453161822425
    },
    "21": {
      "val_acc": 0.6903,
      "gpu_hours": 0.026937727199660408
    },
    "22": {
      "val_acc": 0.6888,
      "gpu_hours": 0.028136686682701112
    },
    "23": {
      "val_acc": 0.6939,
      "gpu_hours": 0.029327783849504258
    },
    "24": {
      "val_acc": 0.6956,
      "gpu_hours": 0.030526415308316547
    },
    "25": {
      "val_acc": 0.698,
      "gpu_hours": 0.03172555963198344
    },
    "26": {
      "val_acc": 0.6995,
      "gpu_hours": 0.03292567153771719
    },
    "27": {
      "val_acc": 0.6972,
      "gpu_hours": 0.03412062704563141
    },
    "28": {
      "val_acc": 0.7007,
      "gpu_hours": 0.03532209813594818
    },
    "29": {
      "val_acc": 0.6999,
      "gpu_hours": 0.03652143690321181
    }
  }
}