{
  "trial_number": 87,
  "params": {
    "lr": 0.0019588784002724795,
    "weight_decay": 2.116788561820113e-05,
    "batch_size": 256,
    "dropout": 0.04358350127360255,
    "optimizer": "AdamW",
    "scheduler": "cosine",
    "model": "resnet18"
  },
  "best_val_acc": 0.7003,
  "total_gpu_hours": 0.03671720047791799,
  "slurm_task": 13,
  "parallel_workers": 40,
  "sampler": "hyperband",
  "dataset": "cifar100",
  "device": "cuda",
  "accuracy_thresholds": {},
  "accuracy_curve": {
    "0": {
      "val_acc": 0.1444,
      "gpu_hours": 0.0017975831031799316
    },
    "1": {
      "val_acc": 0.2493,
      "gpu_hours": 0.003015029960208469
    },
    "2": {
      "val_acc": 0.3295,
      "gpu_hours": 0.004212884836726718
    },
    "3": {
      "val_acc": 0.3971,
      "gpu_hours": 0.005415517952707079
    },
    "4": {
      "val_acc": 0.4086,
      "gpu_hours": 0.006624048617151049
    },
    "5": {
      "val_acc": 0.4479,
      "gpu_hours": 0.00782523214817047
    },
    "6": {
      "val_acc": 0.4747,
      "gpu_hours": 0.009027369949552748
    },
    "7": {
      "val_acc": 0.518,
      "gpu_hours": 0.010228887266582913
    },
    "8": {
      "val_acc": 0.5318,
      "gpu_hours": 0.011441145870420668
    },
    "9": {
      "val_acc": 0.5549,
      "gpu_hours": 0.012639882034725613
    },
    "10": {
      "val_acc": 0.5726,
      "gpu_hours": 0.013867567910088432
    },
    "11": {
      "val_acc": 0.6081,
      "gpu_hours": 0.015070400701628791
    },
    "12": {
      "val_acc": 0.621,
      "gpu_hours": 0.01627768052948846
    },
    "13": {
      "val_acc": 0.629,
      "gpu_hours": 0.01748561554484897
    },
    "14": {
      "val_acc": 0.6528,
      "gpu_hours": 0.01869481729136573
    },
    "15": {
      "val_acc": 0.6539,
      "gpu_hours": 0.019890968534681534
    },
    "16": {
      "val_acc": 0.6654,
      "gpu_hours": 0.021085173686345417
    },
    "17": {
      "val_acc": 0.6664,
      "gpu_hours": 0.022294830414983962
    },
    "18": {
      "val_acc": 0.6808,
      "gpu_hours": 0.023498149381743536
    },
    "19": {
      "val_acc": 0.689,
      "gpu_hours": 0.024698966211742824
    },
    "20": {
      "val_acc": 0.6881,
      "gpu_hours": 0.025897913376490275
    },
    "21": {
      "val_acc": 0.6918,
      "gpu_hours": 0.027103770905070834
    },
    "22": {
      "val_acc": 0.6911,
      "gpu_hours": 0.02830517808596293
    },
    "23": {
      "val_acc": 0.6933,
      "gpu_hours": 0.02950476626555125
    },
    "24": {
      "val_acc": 0.7003,
      "gpu_hours": 0.030701988206969368
    },
    "25": {
      "val_acc": 0.6943,
      "gpu_hours": 0.03190641164779663
    },
    "26": {
      "val_acc": 0.6976,
      "gpu_hours": 0.03309382994969686
    },
    "27": {
      "val_acc": 0.6968,
      "gpu_hours": 0.034295917484495377
    },
    "28": {
      "val_acc": 0.6978,
      "gpu_hours": 0.03550833596123589
    },
    "29": {
      "val_acc": 0.6985,
      "gpu_hours": 0.036702479124069216
    }
  }
}