{
  "trial_number": 63,
  "params": {
    "lr": 0.0043921253191761545,
    "weight_decay": 1.1162333505818137e-05,
    "batch_size": 128,
    "dropout": 0.15015957958324813,
    "optimizer": "AdamW",
    "scheduler": "cosine",
    "model": "resnet18"
  },
  "best_val_acc": 0.6589,
  "total_gpu_hours": 0.12669452879163953,
  "slurm_task": 5,
  "parallel_workers": 40,
  "sampler": "hyperband",
  "dataset": "cifar100",
  "device": "cuda",
  "accuracy_thresholds": {},
  "accuracy_curve": {
    "0": {
      "val_acc": 0.1107,
      "gpu_hours": 0.0047073004643122356
    },
    "1": {
      "val_acc": 0.2008,
      "gpu_hours": 0.008920780420303344
    },
    "2": {
      "val_acc": 0.2601,
      "gpu_hours": 0.013125318421257868
    },
    "3": {
      "val_acc": 0.3333,
      "gpu_hours": 0.017322314778963725
    },
    "4": {
      "val_acc": 0.3836,
      "gpu_hours": 0.02152794725365109
    },
    "5": {
      "val_acc": 0.4258,
      "gpu_hours": 0.025736361609564887
    },
    "6": {
      "val_acc": 0.4537,
      "gpu_hours": 0.02994458297888438
    },
    "7": {
      "val_acc": 0.4949,
      "gpu_hours": 0.03413120773103502
    },
    "8": {
      "val_acc": 0.5107,
      "gpu_hours": 0.03831816891829173
    },
    "9": {
      "val_acc": 0.5493,
      "gpu_hours": 0.042517354157235884
    },
    "10": {
      "val_acc": 0.5649,
      "gpu_hours": 0.04673139989376068
    },
    "11": {
      "val_acc": 0.5736,
      "gpu_hours": 0.05094012207455105
    },
    "12": {
      "val_acc": 0.5957,
      "gpu_hours": 0.055147509111298454
    },
    "13": {
      "val_acc": 0.6025,
      "gpu_hours": 0.05934928754965464
    },
    "14": {
      "val_acc": 0.6138,
      "gpu_hours": 0.06356056756443447
    },
    "15": {
      "val_acc": 0.6241,
      "gpu_hours": 0.06776725510756175
    },
    "16": {
      "val_acc": 0.6294,
      "gpu_hours": 0.07196799324618446
    },
    "17": {
      "val_acc": 0.6352,
      "gpu_hours": 0.07617860880162981
    },
    "18": {
      "val_acc": 0.6395,
      "gpu_hours": 0.08037865751319462
    },
    "19": {
      "val_acc": 0.6426,
      "gpu_hours": 0.08457915054427254
    },
    "20": {
      "val_acc": 0.6466,
      "gpu_hours": 0.088780165248447
    },
    "21": {
      "val_acc": 0.6487,
      "gpu_hours": 0.09299261053403218
    },
    "22": {
      "val_acc": 0.6532,
      "gpu_hours": 0.09720156417952644
    },
    "23": {
      "val_acc": 0.655,
      "gpu_hours": 0.10141928500599331
    },
    "24": {
      "val_acc": 0.6561,
      "gpu_hours": 0.10562922146585252
    },
    "25": {
      "val_acc": 0.6561,
      "gpu_hours": 0.10983293354511262
    },
    "26": {
      "val_acc": 0.6565,
      "gpu_hours": 0.11403982102870941
    },
    "27": {
      "val_acc": 0.6583,
      "gpu_hours": 0.11824739734331767
    },
    "28": {
      "val_acc": 0.6576,
      "gpu_hours": 0.12247916486528185
    },
    "29": {
      "val_acc": 0.6589,
      "gpu_hours": 0.12668349338902368
    }
  }
}