{
  "trial_number": 57,
  "params": {
    "lr": 0.025201630271784663,
    "weight_decay": 2.5534362973566824e-06,
    "batch_size": 256,
    "dropout": 0.02161272365729981,
    "optimizer": "AdamW",
    "scheduler": "cosine",
    "model": "resnet34"
  },
  "best_val_acc": 0.6487,
  "total_gpu_hours": 0.20385199831591713,
  "slurm_task": 4,
  "parallel_workers": 40,
  "sampler": "hyperband",
  "dataset": "cifar100",
  "device": "cuda",
  "accuracy_thresholds": {},
  "accuracy_curve": {
    "0": {
      "val_acc": 0.0531,
      "gpu_hours": 0.007779012587335375
    },
    "1": {
      "val_acc": 0.0959,
      "gpu_hours": 0.014543624983893501
    },
    "2": {
      "val_acc": 0.1425,
      "gpu_hours": 0.021294385393460593
    },
    "3": {
      "val_acc": 0.1847,
      "gpu_hours": 0.028049831324153476
    },
    "4": {
      "val_acc": 0.2281,
      "gpu_hours": 0.03482226113478343
    },
    "5": {
      "val_acc": 0.273,
      "gpu_hours": 0.041578979425960116
    },
    "6": {
      "val_acc": 0.3035,
      "gpu_hours": 0.04834500379032559
    },
    "7": {
      "val_acc": 0.335,
      "gpu_hours": 0.05511397275659773
    },
    "8": {
      "val_acc": 0.3824,
      "gpu_hours": 0.06187200453546312
    },
    "9": {
      "val_acc": 0.4226,
      "gpu_hours": 0.06863121410210928
    },
    "10": {
      "val_acc": 0.4509,
      "gpu_hours": 0.07542101999123892
    },
    "11": {
      "val_acc": 0.4751,
      "gpu_hours": 0.0821804772482978
    },
    "12": {
      "val_acc": 0.4969,
      "gpu_hours": 0.08894226517942216
    },
    "13": {
      "val_acc": 0.5185,
      "gpu_hours": 0.09570788741111755
    },
    "14": {
      "val_acc": 0.5352,
      "gpu_hours": 0.10246470332145691
    },
    "15": {
      "val_acc": 0.5383,
      "gpu_hours": 0.10922842641671499
    },
    "16": {
      "val_acc": 0.5762,
      "gpu_hours": 0.11599020560582479
    },
    "17": {
      "val_acc": 0.5862,
      "gpu_hours": 0.12275036275386811
    },
    "18": {
      "val_acc": 0.5935,
      "gpu_hours": 0.1295036472214593
    },
    "19": {
      "val_acc": 0.6102,
      "gpu_hours": 0.13626296983824837
    },
    "20": {
      "val_acc": 0.6193,
      "gpu_hours": 0.1430198704534107
    },
    "21": {
      "val_acc": 0.6236,
      "gpu_hours": 0.14976872556739385
    },
    "22": {
      "val_acc": 0.6264,
      "gpu_hours": 0.15651997652318742
    },
    "23": {
      "val_acc": 0.6332,
      "gpu_hours": 0.1632753477493922
    },
    "24": {
      "val_acc": 0.6383,
      "gpu_hours": 0.17002372788058387
    },
    "25": {
      "val_acc": 0.6443,
      "gpu_hours": 0.17677903950214385
    },
    "26": {
      "val_acc": 0.6479,
      "gpu_hours": 0.18353647311528523
    },
    "27": {
      "val_acc": 0.6478,
      "gpu_hours": 0.1902924962838491
    },
    "28": {
      "val_acc": 0.6481,
      "gpu_hours": 0.19707572089301215
    },
    "29": {
      "val_acc": 0.6487,
      "gpu_hours": 0.2038368645641539
    }
  }
}