{
  "trial_number": 56,
  "params": {
    "lr": 0.025201630271784663,
    "weight_decay": 2.5534362973566824e-06,
    "batch_size": 256,
    "dropout": 0.11534133398528829,
    "optimizer": "SGD",
    "scheduler": "step",
    "model": "efficientnet_b0",
    "momentum": 0.9212146334901016
  },
  "best_val_acc": 0.3675,
  "total_gpu_hours": 0.07835703319973415,
  "slurm_task": 2,
  "parallel_workers": 40,
  "sampler": "hyperband",
  "dataset": "cifar100",
  "device": "cuda",
  "accuracy_thresholds": {},
  "accuracy_curve": {
    "0": {
      "val_acc": 0.0149,
      "gpu_hours": 0.003462692234251234
    },
    "1": {
      "val_acc": 0.0139,
      "gpu_hours": 0.006046365896860758
    },
    "2": {
      "val_acc": 0.0266,
      "gpu_hours": 0.008620798918935987
    },
    "3": {
      "val_acc": 0.059,
      "gpu_hours": 0.011203170087602403
    },
    "4": {
      "val_acc": 0.0924,
      "gpu_hours": 0.01378011167049408
    },
    "5": {
      "val_acc": 0.1261,
      "gpu_hours": 0.016347309086057873
    },
    "6": {
      "val_acc": 0.1639,
      "gpu_hours": 0.01893827802605099
    },
    "7": {
      "val_acc": 0.1887,
      "gpu_hours": 0.021528361505932278
    },
    "8": {
      "val_acc": 0.2103,
      "gpu_hours": 0.024101455410321552
    },
    "9": {
      "val_acc": 0.2313,
      "gpu_hours": 0.02667855375342899
    },
    "10": {
      "val_acc": 0.2578,
      "gpu_hours": 0.029257791903283863
    },
    "11": {
      "val_acc": 0.2692,
      "gpu_hours": 0.03183747039900886
    },
    "12": {
      "val_acc": 0.2773,
      "gpu_hours": 0.03444282677438524
    },
    "13": {
      "val_acc": 0.292,
      "gpu_hours": 0.03701390226682027
    },
    "14": {
      "val_acc": 0.293,
      "gpu_hours": 0.03960264225800832
    },
    "15": {
      "val_acc": 0.2916,
      "gpu_hours": 0.04221417188644409
    },
    "16": {
      "val_acc": 0.3054,
      "gpu_hours": 0.0448027695549859
    },
    "17": {
      "val_acc": 0.3119,
      "gpu_hours": 0.047374083797136944
    },
    "18": {
      "val_acc": 0.3124,
      "gpu_hours": 0.049952558411492244
    },
    "19": {
      "val_acc": 0.3269,
      "gpu_hours": 0.0525510217083825
    },
    "20": {
      "val_acc": 0.342,
      "gpu_hours": 0.0551338173283471
    },
    "21": {
      "val_acc": 0.3396,
      "gpu_hours": 0.05771389000945621
    },
    "22": {
      "val_acc": 0.3455,
      "gpu_hours": 0.060293004247877334
    },
    "23": {
      "val_acc": 0.3531,
      "gpu_hours": 0.06287003338336944
    },
    "24": {
      "val_acc": 0.3549,
      "gpu_hours": 0.06544616599877676
    },
    "25": {
      "val_acc": 0.3572,
      "gpu_hours": 0.06803795390658908
    },
    "26": {
      "val_acc": 0.3584,
      "gpu_hours": 0.07060740881496005
    },
    "27": {
      "val_acc": 0.3675,
      "gpu_hours": 0.0732039189338684
    },
    "28": {
      "val_acc": 0.3625,
      "gpu_hours": 0.07577490892675187
    },
    "29": {
      "val_acc": 0.3666,
      "gpu_hours": 0.07834154287974039
    }
  }
}