{
  "trial_number": 65,
  "params": {
    "lr": 0.0006622919105957139,
    "weight_decay": 0.0003498387615099269,
    "batch_size": 64,
    "dropout": 0.2036125349902485,
    "optimizer": "AdamW",
    "scheduler": "cosine",
    "model": "resnet18"
  },
  "best_val_acc": 0.7199,
  "total_gpu_hours": 0.1330040873421563,
  "slurm_task": 13,
  "parallel_workers": 40,
  "sampler": "hyperband",
  "dataset": "cifar100",
  "device": "cuda",
  "accuracy_thresholds": {},
  "accuracy_curve": {
    "0": {
      "val_acc": 0.1919,
      "gpu_hours": 0.004898891780111525
    },
    "1": {
      "val_acc": 0.301,
      "gpu_hours": 0.009312994016541376
    },
    "2": {
      "val_acc": 0.4048,
      "gpu_hours": 0.013732265498903063
    },
    "3": {
      "val_acc": 0.4567,
      "gpu_hours": 0.018147922886742485
    },
    "4": {
      "val_acc": 0.5065,
      "gpu_hours": 0.02256621049510108
    },
    "5": {
      "val_acc": 0.5453,
      "gpu_hours": 0.02698898712793986
    },
    "6": {
      "val_acc": 0.5723,
      "gpu_hours": 0.0314036171303855
    },
    "7": {
      "val_acc": 0.5809,
      "gpu_hours": 0.035826835764778985
    },
    "8": {
      "val_acc": 0.6005,
      "gpu_hours": 0.04023202962345547
    },
    "9": {
      "val_acc": 0.6191,
      "gpu_hours": 0.04463242974546221
    },
    "10": {
      "val_acc": 0.6426,
      "gpu_hours": 0.04905798375606537
    },
    "11": {
      "val_acc": 0.6564,
      "gpu_hours": 0.053471612069341874
    },
    "12": {
      "val_acc": 0.6616,
      "gpu_hours": 0.05788401007652283
    },
    "13": {
      "val_acc": 0.6637,
      "gpu_hours": 0.0622969702217314
    },
    "14": {
      "val_acc": 0.675,
      "gpu_hours": 0.06671510398387909
    },
    "15": {
      "val_acc": 0.6769,
      "gpu_hours": 0.07113282216919793
    },
    "16": {
      "val_acc": 0.6941,
      "gpu_hours": 0.0755462012688319
    },
    "17": {
      "val_acc": 0.6927,
      "gpu_hours": 0.07995056516594357
    },
    "18": {
      "val_acc": 0.7003,
      "gpu_hours": 0.08436425533559587
    },
    "19": {
      "val_acc": 0.7032,
      "gpu_hours": 0.088787446419398
    },
    "20": {
      "val_acc": 0.7073,
      "gpu_hours": 0.0931966663731469
    },
    "21": {
      "val_acc": 0.7077,
      "gpu_hours": 0.09761562850740221
    },
    "22": {
      "val_acc": 0.7104,
      "gpu_hours": 0.10203943676418728
    },
    "23": {
      "val_acc": 0.7101,
      "gpu_hours": 0.10645832684304979
    },
    "24": {
      "val_acc": 0.7143,
      "gpu_hours": 0.11087940553824106
    },
    "25": {
      "val_acc": 0.7153,
      "gpu_hours": 0.11529190864827898
    },
    "26": {
      "val_acc": 0.7155,
      "gpu_hours": 0.1197035915321774
    },
    "27": {
      "val_acc": 0.7156,
      "gpu_hours": 0.12412506765789456
    },
    "28": {
      "val_acc": 0.7199,
      "gpu_hours": 0.1285667814811071
    },
    "29": {
      "val_acc": 0.7186,
      "gpu_hours": 0.13299109107918208
    }
  }
}