{
  "trial_number": 9,
  "params": {
    "lr": 0.0013292918943162175,
    "weight_decay": 0.006351221010640704,
    "batch_size": 64,
    "dropout": 0.07799726016810132,
    "optimizer": "Adam",
    "scheduler": "plateau",
    "model": "resnet18"
  },
  "best_val_acc": 0.1131,
  "total_gpu_hours": 0.04670535133944617,
  "slurm_task": 40,
  "parallel_workers": 40,
  "sampler": "hyperband",
  "dataset": "cifar100",
  "device": "cuda",
  "accuracy_thresholds": {},
  "accuracy_curve": {
    "0": {
      "val_acc": 0.0476,
      "gpu_hours": 0.002087431020206875
    },
    "1": {
      "val_acc": 0.0568,
      "gpu_hours": 0.0036311258872350058
    },
    "2": {
      "val_acc": 0.0693,
      "gpu_hours": 0.005173720783657498
    },
    "3": {
      "val_acc": 0.0754,
      "gpu_hours": 0.006725741028785706
    },
    "4": {
      "val_acc": 0.0783,
      "gpu_hours": 0.00826840533150567
    },
    "5": {
      "val_acc": 0.1012,
      "gpu_hours": 0.009844926264550951
    },
    "6": {
      "val_acc": 0.1093,
      "gpu_hours": 0.01137784308857388
    },
    "7": {
      "val_acc": 0.1013,
      "gpu_hours": 0.012905022237035962
    },
    "8": {
      "val_acc": 0.1077,
      "gpu_hours": 0.014443409641583761
    },
    "9": {
      "val_acc": 0.1116,
      "gpu_hours": 0.01596248706181844
    },
    "10": {
      "val_acc": 0.1117,
      "gpu_hours": 0.017549802197350396
    },
    "11": {
      "val_acc": 0.1131,
      "gpu_hours": 0.019092773993810017
    },
    "12": {
      "val_acc": 0.1098,
      "gpu_hours": 0.02065141525533464
    },
    "13": {
      "val_acc": 0.1111,
      "gpu_hours": 0.02219564590189192
    },
    "14": {
      "val_acc": 0.1087,
      "gpu_hours": 0.023722018003463744
    },
    "15": {
      "val_acc": 0.1099,
      "gpu_hours": 0.02523840328057607
    },
    "16": {
      "val_acc": 0.107,
      "gpu_hours": 0.02676624808046553
    },
    "17": {
      "val_acc": 0.1085,
      "gpu_hours": 0.028314018381966486
    },
    "18": {
      "val_acc": 0.1119,
      "gpu_hours": 0.02982458213965098
    },
    "19": {
      "val_acc": 0.1102,
      "gpu_hours": 0.0313743261496226
    },
    "20": {
      "val_acc": 0.1097,
      "gpu_hours": 0.03290158993668026
    },
    "21": {
      "val_acc": 0.1089,
      "gpu_hours": 0.03444214118851556
    },
    "22": {
      "val_acc": 0.1094,
      "gpu_hours": 0.03596410916911231
    },
    "23": {
      "val_acc": 0.1091,
      "gpu_hours": 0.03749339361985524
    },
    "24": {
      "val_acc": 0.109,
      "gpu_hours": 0.03903655701213413
    },
    "25": {
      "val_acc": 0.1066,
      "gpu_hours": 0.04056237929397159
    },
    "26": {
      "val_acc": 0.1116,
      "gpu_hours": 0.04206967367066278
    },
    "27": {
      "val_acc": 0.1078,
      "gpu_hours": 0.04358771489726172
    },
    "28": {
      "val_acc": 0.1113,
      "gpu_hours": 0.04514223231209649
    },
    "29": {
      "val_acc": 0.11,
      "gpu_hours": 0.04668843282593621
    }
  }
}