{
  "trial_number": 0,
  "params": {
    "lr": 0.0013292918943162175,
    "weight_decay": 0.006351221010640704,
    "batch_size": 64,
    "dropout": 0.07799726016810132,
    "optimizer": "Adam",
    "scheduler": "plateau",
    "model": "resnet18"
  },
  "best_val_acc": 0.0856,
  "total_gpu_hours": 0.046822895076539785,
  "slurm_task": 17,
  "parallel_workers": 40,
  "sampler": "hyperband",
  "dataset": "cifar100",
  "device": "cuda",
  "accuracy_thresholds": {},
  "accuracy_curve": {
    "0": {
      "val_acc": 0.0522,
      "gpu_hours": 0.002153120570712619
    },
    "1": {
      "val_acc": 0.0557,
      "gpu_hours": 0.003692437145445082
    },
    "2": {
      "val_acc": 0.067,
      "gpu_hours": 0.005215352906121148
    },
    "3": {
      "val_acc": 0.0589,
      "gpu_hours": 0.006742310722668966
    },
    "4": {
      "val_acc": 0.0539,
      "gpu_hours": 0.00828438142935435
    },
    "5": {
      "val_acc": 0.0793,
      "gpu_hours": 0.0098423347208235
    },
    "6": {
      "val_acc": 0.0828,
      "gpu_hours": 0.011379709045092265
    },
    "7": {
      "val_acc": 0.0797,
      "gpu_hours": 0.012920054197311402
    },
    "8": {
      "val_acc": 0.0803,
      "gpu_hours": 0.014479628801345824
    },
    "9": {
      "val_acc": 0.0824,
      "gpu_hours": 0.01601329849825965
    },
    "10": {
      "val_acc": 0.0836,
      "gpu_hours": 0.017589907778633965
    },
    "11": {
      "val_acc": 0.0835,
      "gpu_hours": 0.019135110841857064
    },
    "12": {
      "val_acc": 0.0834,
      "gpu_hours": 0.020679768721262613
    },
    "13": {
      "val_acc": 0.0838,
      "gpu_hours": 0.022208917869461907
    },
    "14": {
      "val_acc": 0.0838,
      "gpu_hours": 0.02376040266619788
    },
    "15": {
      "val_acc": 0.0839,
      "gpu_hours": 0.025290904376241895
    },
    "16": {
      "val_acc": 0.0837,
      "gpu_hours": 0.026843908627827963
    },
    "17": {
      "val_acc": 0.0854,
      "gpu_hours": 0.02837643259101444
    },
    "18": {
      "val_acc": 0.0831,
      "gpu_hours": 0.02992063283920288
    },
    "19": {
      "val_acc": 0.0845,
      "gpu_hours": 0.03147064169247945
    },
    "20": {
      "val_acc": 0.0841,
      "gpu_hours": 0.033010241786638896
    },
    "21": {
      "val_acc": 0.0829,
      "gpu_hours": 0.034555381801393295
    },
    "22": {
      "val_acc": 0.0854,
      "gpu_hours": 0.03609869619210561
    },
    "23": {
      "val_acc": 0.0835,
      "gpu_hours": 0.03763864265547858
    },
    "24": {
      "val_acc": 0.0832,
      "gpu_hours": 0.039173528022236295
    },
    "25": {
      "val_acc": 0.0847,
      "gpu_hours": 0.04071532375282712
    },
    "26": {
      "val_acc": 0.0846,
      "gpu_hours": 0.04224319338798523
    },
    "27": {
      "val_acc": 0.085,
      "gpu_hours": 0.04375404900974698
    },
    "28": {
      "val_acc": 0.084,
      "gpu_hours": 0.04528893338309394
    },
    "29": {
      "val_acc": 0.0856,
      "gpu_hours": 0.04680268824100495
    }
  }
}