{
  "trial_number": 28,
  "params": {
    "lr": 0.003307211222418516,
    "weight_decay": 0.00016230970741707584,
    "batch_size": 128,
    "dropout": 0.25728719557125657,
    "optimizer": "AdamW",
    "scheduler": "step",
    "model": "efficientnet_b1"
  },
  "best_val_acc": 0.3731,
  "total_gpu_hours": 0.07058490640587277,
  "slurm_task": 25,
  "parallel_workers": 40,
  "sampler": "hyperband",
  "dataset": "cifar100",
  "device": "cuda",
  "accuracy_thresholds": {},
  "accuracy_curve": {
    "0": {
      "val_acc": 0.0319,
      "gpu_hours": 0.0027393829822540284
    },
    "1": {
      "val_acc": 0.0357,
      "gpu_hours": 0.005073328812917073
    },
    "2": {
      "val_acc": 0.044,
      "gpu_hours": 0.007406590912077162
    },
    "3": {
      "val_acc": 0.0679,
      "gpu_hours": 0.009764801926083035
    },
    "4": {
      "val_acc": 0.0881,
      "gpu_hours": 0.012108200324906244
    },
    "5": {
      "val_acc": 0.1024,
      "gpu_hours": 0.014442068205939398
    },
    "6": {
      "val_acc": 0.1143,
      "gpu_hours": 0.01677959786521064
    },
    "7": {
      "val_acc": 0.1327,
      "gpu_hours": 0.019125095407168072
    },
    "8": {
      "val_acc": 0.1476,
      "gpu_hours": 0.021462051934666104
    },
    "9": {
      "val_acc": 0.1446,
      "gpu_hours": 0.023804683883984882
    },
    "10": {
      "val_acc": 0.207,
      "gpu_hours": 0.02614658965004815
    },
    "11": {
      "val_acc": 0.2166,
      "gpu_hours": 0.028481394052505493
    },
    "12": {
      "val_acc": 0.2098,
      "gpu_hours": 0.030817304849624635
    },
    "13": {
      "val_acc": 0.2321,
      "gpu_hours": 0.033152685430314806
    },
    "14": {
      "val_acc": 0.2384,
      "gpu_hours": 0.03549252483579848
    },
    "15": {
      "val_acc": 0.2384,
      "gpu_hours": 0.03783593449327681
    },
    "16": {
      "val_acc": 0.2542,
      "gpu_hours": 0.04016932507356008
    },
    "17": {
      "val_acc": 0.2825,
      "gpu_hours": 0.0425063239203559
    },
    "18": {
      "val_acc": 0.2885,
      "gpu_hours": 0.04484116501278347
    },
    "19": {
      "val_acc": 0.2959,
      "gpu_hours": 0.04717318793137868
    },
    "20": {
      "val_acc": 0.3194,
      "gpu_hours": 0.04950502422120836
    },
    "21": {
      "val_acc": 0.3308,
      "gpu_hours": 0.05184439851178063
    },
    "22": {
      "val_acc": 0.3372,
      "gpu_hours": 0.05418039745754666
    },
    "23": {
      "val_acc": 0.3335,
      "gpu_hours": 0.05651267502042982
    },
    "24": {
      "val_acc": 0.3519,
      "gpu_hours": 0.05885103358162774
    },
    "25": {
      "val_acc": 0.351,
      "gpu_hours": 0.06118930757045746
    },
    "26": {
      "val_acc": 0.3566,
      "gpu_hours": 0.06352535400125715
    },
    "27": {
      "val_acc": 0.3628,
      "gpu_hours": 0.06586060146490733
    },
    "28": {
      "val_acc": 0.367,
      "gpu_hours": 0.0682271652089225
    },
    "29": {
      "val_acc": 0.3731,
      "gpu_hours": 0.0705635396639506
    }
  }
}