{
  "trial_number": 75,
  "params": {
    "lr": 0.0010335936058264421,
    "weight_decay": 0.0008589705980740105,
    "batch_size": 64,
    "dropout": 0.06419016204413047,
    "optimizer": "AdamW",
    "scheduler": "cosine",
    "model": "resnet18"
  },
  "best_val_acc": 0.7172,
  "total_gpu_hours": 0.13351995474762388,
  "slurm_task": 7,
  "parallel_workers": 40,
  "sampler": "hyperband",
  "dataset": "cifar100",
  "device": "cuda",
  "accuracy_thresholds": {},
  "accuracy_curve": {
    "0": {
      "val_acc": 0.1871,
      "gpu_hours": 0.004904595348570082
    },
    "1": {
      "val_acc": 0.3089,
      "gpu_hours": 0.009321056339475844
    },
    "2": {
      "val_acc": 0.3683,
      "gpu_hours": 0.013748987118403116
    },
    "3": {
      "val_acc": 0.4425,
      "gpu_hours": 0.01816833555698395
    },
    "4": {
      "val_acc": 0.4914,
      "gpu_hours": 0.022598086727990043
    },
    "5": {
      "val_acc": 0.5427,
      "gpu_hours": 0.02703582445780436
    },
    "6": {
      "val_acc": 0.5637,
      "gpu_hours": 0.0314604170454873
    },
    "7": {
      "val_acc": 0.58,
      "gpu_hours": 0.03589989099237654
    },
    "8": {
      "val_acc": 0.6063,
      "gpu_hours": 0.04032590369383494
    },
    "9": {
      "val_acc": 0.6353,
      "gpu_hours": 0.04476413402292464
    },
    "10": {
      "val_acc": 0.6301,
      "gpu_hours": 0.049219742351108126
    },
    "11": {
      "val_acc": 0.657,
      "gpu_hours": 0.05364376200570001
    },
    "12": {
      "val_acc": 0.6559,
      "gpu_hours": 0.05807537655035655
    },
    "13": {
      "val_acc": 0.6669,
      "gpu_hours": 0.06250112884574466
    },
    "14": {
      "val_acc": 0.6705,
      "gpu_hours": 0.06692969467904833
    },
    "15": {
      "val_acc": 0.6804,
      "gpu_hours": 0.07136862443553077
    },
    "16": {
      "val_acc": 0.6871,
      "gpu_hours": 0.07580408791700999
    },
    "17": {
      "val_acc": 0.6917,
      "gpu_hours": 0.08024466454982758
    },
    "18": {
      "val_acc": 0.6895,
      "gpu_hours": 0.08468247731526693
    },
    "19": {
      "val_acc": 0.6989,
      "gpu_hours": 0.0891209163930681
    },
    "20": {
      "val_acc": 0.6943,
      "gpu_hours": 0.09355197681321038
    },
    "21": {
      "val_acc": 0.7028,
      "gpu_hours": 0.09798411515023973
    },
    "22": {
      "val_acc": 0.7034,
      "gpu_hours": 0.10242827223406897
    },
    "23": {
      "val_acc": 0.7064,
      "gpu_hours": 0.10686741974618699
    },
    "24": {
      "val_acc": 0.7071,
      "gpu_hours": 0.1113068014383316
    },
    "25": {
      "val_acc": 0.7124,
      "gpu_hours": 0.11574808028009202
    },
    "26": {
      "val_acc": 0.7135,
      "gpu_hours": 0.12017870485782624
    },
    "27": {
      "val_acc": 0.7137,
      "gpu_hours": 0.12460905181037055
    },
    "28": {
      "val_acc": 0.7172,
      "gpu_hours": 0.1290608916680018
    },
    "29": {
      "val_acc": 0.7134,
      "gpu_hours": 0.13350360227955713
    }
  }
}