{
  "trial_number": 74,
  "params": {
    "lr": 0.04469332722054056,
    "weight_decay": 1.1220213341387031e-05,
    "batch_size": 64,
    "dropout": 0.14168906394872832,
    "optimizer": "AdamW",
    "scheduler": "cosine",
    "model": "resnet18"
  },
  "best_val_acc": 0.4122,
  "total_gpu_hours": 0.1332009834713406,
  "slurm_task": 11,
  "parallel_workers": 40,
  "sampler": "hyperband",
  "dataset": "cifar100",
  "device": "cuda",
  "accuracy_thresholds": {},
  "accuracy_curve": {
    "0": {
      "val_acc": 0.0528,
      "gpu_hours": 0.0048972014586130775
    },
    "1": {
      "val_acc": 0.0527,
      "gpu_hours": 0.009328856600655449
    },
    "2": {
      "val_acc": 0.0899,
      "gpu_hours": 0.013746007415983412
    },
    "3": {
      "val_acc": 0.1123,
      "gpu_hours": 0.018168229526943632
    },
    "4": {
      "val_acc": 0.1331,
      "gpu_hours": 0.022598034077220493
    },
    "5": {
      "val_acc": 0.1518,
      "gpu_hours": 0.027020927137798734
    },
    "6": {
      "val_acc": 0.1524,
      "gpu_hours": 0.031446598172187805
    },
    "7": {
      "val_acc": 0.1791,
      "gpu_hours": 0.035874417689111496
    },
    "8": {
      "val_acc": 0.2031,
      "gpu_hours": 0.040302441848648916
    },
    "9": {
      "val_acc": 0.2086,
      "gpu_hours": 0.04471963081094954
    },
    "10": {
      "val_acc": 0.2271,
      "gpu_hours": 0.049140275319417316
    },
    "11": {
      "val_acc": 0.2438,
      "gpu_hours": 0.05357195827696058
    },
    "12": {
      "val_acc": 0.2444,
      "gpu_hours": 0.05800168911616008
    },
    "13": {
      "val_acc": 0.261,
      "gpu_hours": 0.06242060210969713
    },
    "14": {
      "val_acc": 0.2834,
      "gpu_hours": 0.06683947689003415
    },
    "15": {
      "val_acc": 0.2927,
      "gpu_hours": 0.07126667360464732
    },
    "16": {
      "val_acc": 0.2972,
      "gpu_hours": 0.07568071140183343
    },
    "17": {
      "val_acc": 0.3229,
      "gpu_hours": 0.08010869767930773
    },
    "18": {
      "val_acc": 0.3338,
      "gpu_hours": 0.08452230645550622
    },
    "19": {
      "val_acc": 0.3499,
      "gpu_hours": 0.08894206921259562
    },
    "20": {
      "val_acc": 0.3591,
      "gpu_hours": 0.09337239378028446
    },
    "21": {
      "val_acc": 0.3724,
      "gpu_hours": 0.09779887914657592
    },
    "22": {
      "val_acc": 0.3806,
      "gpu_hours": 0.10220995373196072
    },
    "23": {
      "val_acc": 0.3857,
      "gpu_hours": 0.10664066758420732
    },
    "24": {
      "val_acc": 0.3905,
      "gpu_hours": 0.11106220324834187
    },
    "25": {
      "val_acc": 0.398,
      "gpu_hours": 0.11549067609839969
    },
    "26": {
      "val_acc": 0.4032,
      "gpu_hours": 0.11988675183720059
    },
    "27": {
      "val_acc": 0.4079,
      "gpu_hours": 0.12431983517275916
    },
    "28": {
      "val_acc": 0.4058,
      "gpu_hours": 0.12876793954107496
    },
    "29": {
      "val_acc": 0.4122,
      "gpu_hours": 0.133181809981664
    }
  }
}