{
  "trial_number": 0,
  "params": {
    "lr": 0.0013292918943162175,
    "weight_decay": 0.006351221010640704,
    "batch_size": 64,
    "dropout": 0.07799726016810132,
    "optimizer": "Adam",
    "scheduler": "plateau",
    "model": "resnet18"
  },
  "best_val_acc": 0.4439,
  "total_gpu_hours": 0.13416108780437044,
  "slurm_task": 2,
  "parallel_workers": 1,
  "sampler": "tpe",
  "dataset": "cifar10",
  "device": "cuda",
  "accuracy_thresholds": {},
  "accuracy_curve": {
    "0": {
      "val_acc": 0.1932,
      "gpu_hours": 0.005224213798840841
    },
    "1": {
      "val_acc": 0.2923,
      "gpu_hours": 0.009668905403878953
    },
    "2": {
      "val_acc": 0.3265,
      "gpu_hours": 0.014128978517320421
    },
    "3": {
      "val_acc": 0.2464,
      "gpu_hours": 0.0185826798942354
    },
    "4": {
      "val_acc": 0.3456,
      "gpu_hours": 0.02302396489514245
    },
    "5": {
      "val_acc": 0.4166,
      "gpu_hours": 0.02746830258104536
    },
    "6": {
      "val_acc": 0.4143,
      "gpu_hours": 0.031914740800857544
    },
    "7": {
      "val_acc": 0.4027,
      "gpu_hours": 0.03635259893205431
    },
    "8": {
      "val_acc": 0.4056,
      "gpu_hours": 0.040805621610747446
    },
    "9": {
      "val_acc": 0.4378,
      "gpu_hours": 0.045247386230362785
    },
    "10": {
      "val_acc": 0.4416,
      "gpu_hours": 0.04967924972375234
    },
    "11": {
      "val_acc": 0.4387,
      "gpu_hours": 0.05412487394279904
    },
    "12": {
      "val_acc": 0.4386,
      "gpu_hours": 0.05857367628150516
    },
    "13": {
      "val_acc": 0.4379,
      "gpu_hours": 0.0630212042066786
    },
    "14": {
      "val_acc": 0.4435,
      "gpu_hours": 0.0674789539972941
    },
    "15": {
      "val_acc": 0.4341,
      "gpu_hours": 0.07192370076974233
    },
    "16": {
      "val_acc": 0.4342,
      "gpu_hours": 0.07635560320483313
    },
    "17": {
      "val_acc": 0.4392,
      "gpu_hours": 0.08080395519733428
    },
    "18": {
      "val_acc": 0.436,
      "gpu_hours": 0.08524617883894178
    },
    "19": {
      "val_acc": 0.4361,
      "gpu_hours": 0.08969014108181
    },
    "20": {
      "val_acc": 0.4409,
      "gpu_hours": 0.09413295931286282
    },
    "21": {
      "val_acc": 0.4371,
      "gpu_hours": 0.09858613755967882
    },
    "22": {
      "val_acc": 0.4347,
      "gpu_hours": 0.10303314765294393
    },
    "23": {
      "val_acc": 0.44,
      "gpu_hours": 0.10748713003264533
    },
    "24": {
      "val_acc": 0.4399,
      "gpu_hours": 0.11193214734395344
    },
    "25": {
      "val_acc": 0.4403,
      "gpu_hours": 0.11636628263526493
    },
    "26": {
      "val_acc": 0.4439,
      "gpu_hours": 0.12080855263604058
    },
    "27": {
      "val_acc": 0.4381,
      "gpu_hours": 0.125262457397249
    },
    "28": {
      "val_acc": 0.4399,
      "gpu_hours": 0.12970702277289498
    },
    "29": {
      "val_acc": 0.4353,
      "gpu_hours": 0.13414539244439866
    }
  }
}