{
  "trial_number": 43,
  "params": {
    "lr": 0.0006549814193910856,
    "weight_decay": 0.0002775669829899527,
    "batch_size": 64,
    "dropout": 0.1039346624457047,
    "optimizer": "AdamW",
    "scheduler": "cosine",
    "model": "resnet18"
  },
  "best_val_acc": 0.9265,
  "total_gpu_hours": 0.13310916172133552,
  "slurm_task": 21,
  "parallel_workers": 1,
  "sampler": "tpe",
  "dataset": "cifar10",
  "device": "cuda",
  "accuracy_thresholds": {
    "gpu_h_to_80pct": 0.022601285775502522,
    "gpu_h_to_85pct": 0.031441508332888286,
    "gpu_h_to_90pct": 0.06682574914561377
  },
  "accuracy_curve": {
    "0": {
      "val_acc": 0.5659,
      "gpu_hours": 0.004879886574215359
    },
    "1": {
      "val_acc": 0.7393,
      "gpu_hours": 0.009314811031023662
    },
    "2": {
      "val_acc": 0.7795,
      "gpu_hours": 0.013751610716183981
    },
    "3": {
      "val_acc": 0.7909,
      "gpu_hours": 0.018193155460887483
    },
    "4": {
      "val_acc": 0.8326,
      "gpu_hours": 0.022601285775502522
    },
    "5": {
      "val_acc": 0.8323,
      "gpu_hours": 0.027020797067218355
    },
    "6": {
      "val_acc": 0.862,
      "gpu_hours": 0.031441508332888286
    },
    "7": {
      "val_acc": 0.8591,
      "gpu_hours": 0.03586577680375841
    },
    "8": {
      "val_acc": 0.8572,
      "gpu_hours": 0.040278728869226246
    },
    "9": {
      "val_acc": 0.8811,
      "gpu_hours": 0.04470066017574734
    },
    "10": {
      "val_acc": 0.887,
      "gpu_hours": 0.04912306461069319
    },
    "11": {
      "val_acc": 0.8887,
      "gpu_hours": 0.05354741540220049
    },
    "12": {
      "val_acc": 0.893,
      "gpu_hours": 0.05798069887691074
    },
    "13": {
      "val_acc": 0.897,
      "gpu_hours": 0.06240613877773285
    },
    "14": {
      "val_acc": 0.9013,
      "gpu_hours": 0.06682574914561377
    },
    "15": {
      "val_acc": 0.9037,
      "gpu_hours": 0.07124091453022427
    },
    "16": {
      "val_acc": 0.9089,
      "gpu_hours": 0.07564427150620355
    },
    "17": {
      "val_acc": 0.9127,
      "gpu_hours": 0.08005442599455516
    },
    "18": {
      "val_acc": 0.917,
      "gpu_hours": 0.08446575317117903
    },
    "19": {
      "val_acc": 0.9185,
      "gpu_hours": 0.08889442761739096
    },
    "20": {
      "val_acc": 0.9177,
      "gpu_hours": 0.09332509683238135
    },
    "21": {
      "val_acc": 0.9215,
      "gpu_hours": 0.09776244911882613
    },
    "22": {
      "val_acc": 0.9231,
      "gpu_hours": 0.1021772731675042
    },
    "23": {
      "val_acc": 0.9216,
      "gpu_hours": 0.10660165276792315
    },
    "24": {
      "val_acc": 0.9235,
      "gpu_hours": 0.1110168225897683
    },
    "25": {
      "val_acc": 0.9255,
      "gpu_hours": 0.11541675613986122
    },
    "26": {
      "val_acc": 0.9265,
      "gpu_hours": 0.11983336144023471
    },
    "27": {
      "val_acc": 0.926,
      "gpu_hours": 0.1242474318212933
    },
    "28": {
      "val_acc": 0.9256,
      "gpu_hours": 0.12866966439618005
    },
    "29": {
      "val_acc": 0.9255,
      "gpu_hours": 0.1330968999862671
    }
  }
}