{
  "trial_number": 20,
  "params": {
    "lr": 0.0005275283814558359,
    "weight_decay": 8.994801758311122e-06,
    "batch_size": 64,
    "dropout": 0.06392817210553589,
    "optimizer": "AdamW",
    "scheduler": "step",
    "model": "resnet18"
  },
  "best_val_acc": 0.9181,
  "total_gpu_hours": 0.13426213012801277,
  "slurm_task": 11,
  "parallel_workers": 1,
  "sampler": "tpe",
  "dataset": "cifar10",
  "device": "cuda",
  "accuracy_thresholds": {
    "gpu_h_to_80pct": 0.02297441449430254,
    "gpu_h_to_85pct": 0.03189076748159197,
    "gpu_h_to_90pct": 0.05864258799288008
  },
  "accuracy_curve": {
    "0": {
      "val_acc": 0.6124,
      "gpu_hours": 0.005113132264879015
    },
    "1": {
      "val_acc": 0.6815,
      "gpu_hours": 0.009576672183142768
    },
    "2": {
      "val_acc": 0.7643,
      "gpu_hours": 0.014050101372930739
    },
    "3": {
      "val_acc": 0.7897,
      "gpu_hours": 0.01850781665907966
    },
    "4": {
      "val_acc": 0.8104,
      "gpu_hours": 0.02297441449430254
    },
    "5": {
      "val_acc": 0.8197,
      "gpu_hours": 0.027430985503726534
    },
    "6": {
      "val_acc": 0.8522,
      "gpu_hours": 0.03189076748159197
    },
    "7": {
      "val_acc": 0.8539,
      "gpu_hours": 0.03636088463995192
    },
    "8": {
      "val_acc": 0.867,
      "gpu_hours": 0.04082080443700155
    },
    "9": {
      "val_acc": 0.8669,
      "gpu_hours": 0.04527960764037238
    },
    "10": {
      "val_acc": 0.8937,
      "gpu_hours": 0.049729058477613663
    },
    "11": {
      "val_acc": 0.8962,
      "gpu_hours": 0.054184221625328065
    },
    "12": {
      "val_acc": 0.9003,
      "gpu_hours": 0.05864258799288008
    },
    "13": {
      "val_acc": 0.9014,
      "gpu_hours": 0.06309423844019572
    },
    "14": {
      "val_acc": 0.9064,
      "gpu_hours": 0.06754906011952294
    },
    "15": {
      "val_acc": 0.8998,
      "gpu_hours": 0.07200798206859164
    },
    "16": {
      "val_acc": 0.9063,
      "gpu_hours": 0.07645436121357811
    },
    "17": {
      "val_acc": 0.896,
      "gpu_hours": 0.08091030875841776
    },
    "18": {
      "val_acc": 0.9003,
      "gpu_hours": 0.08536926719877455
    },
    "19": {
      "val_acc": 0.9066,
      "gpu_hours": 0.08983235511514875
    },
    "20": {
      "val_acc": 0.9091,
      "gpu_hours": 0.09430157959461212
    },
    "21": {
      "val_acc": 0.9159,
      "gpu_hours": 0.09876072413391537
    },
    "22": {
      "val_acc": 0.9181,
      "gpu_hours": 0.10319107386800978
    },
    "23": {
      "val_acc": 0.9126,
      "gpu_hours": 0.10762968480587005
    },
    "24": {
      "val_acc": 0.9158,
      "gpu_hours": 0.11205933471520742
    },
    "25": {
      "val_acc": 0.9166,
      "gpu_hours": 0.11649062130186293
    },
    "26": {
      "val_acc": 0.9152,
      "gpu_hours": 0.12092109620571137
    },
    "27": {
      "val_acc": 0.9179,
      "gpu_hours": 0.12534900916947259
    },
    "28": {
      "val_acc": 0.9164,
      "gpu_hours": 0.12979077974955242
    },
    "29": {
      "val_acc": 0.9044,
      "gpu_hours": 0.13424970891740587
    }
  }
}