{
  "trial_number": 19,
  "params": {
    "lr": 0.0033886997036633275,
    "weight_decay": 0.00013015487722783717,
    "batch_size": 256,
    "dropout": 0.2839186150606317,
    "optimizer": "Adam",
    "scheduler": "cosine",
    "model": "resnet18"
  },
  "best_val_acc": 0.9142,
  "total_gpu_hours": 0.11897086560726165,
  "slurm_task": 7,
  "parallel_workers": 1,
  "sampler": "tpe",
  "dataset": "cifar10",
  "device": "cuda",
  "accuracy_thresholds": {
    "gpu_h_to_80pct": 0.03995501538117727,
    "gpu_h_to_85pct": 0.0636885537703832,
    "gpu_h_to_90pct": 0.09135265403323703
  },
  "accuracy_curve": {
    "0": {
      "val_acc": 0.4135,
      "gpu_hours": 0.004421644409497579
    },
    "1": {
      "val_acc": 0.5539,
      "gpu_hours": 0.008361408975389268
    },
    "2": {
      "val_acc": 0.6418,
      "gpu_hours": 0.012310445904731751
    },
    "3": {
      "val_acc": 0.5869,
      "gpu_hours": 0.01625252107779185
    },
    "4": {
      "val_acc": 0.6898,
      "gpu_hours": 0.020198781026734246
    },
    "5": {
      "val_acc": 0.7303,
      "gpu_hours": 0.024141738613446553
    },
    "6": {
      "val_acc": 0.7674,
      "gpu_hours": 0.028101626634597778
    },
    "7": {
      "val_acc": 0.7746,
      "gpu_hours": 0.032048991587426925
    },
    "8": {
      "val_acc": 0.7338,
      "gpu_hours": 0.035988863905270896
    },
    "9": {
      "val_acc": 0.8265,
      "gpu_hours": 0.03995501538117727
    },
    "10": {
      "val_acc": 0.7689,
      "gpu_hours": 0.04392744196785821
    },
    "11": {
      "val_acc": 0.8236,
      "gpu_hours": 0.04789713839689891
    },
    "12": {
      "val_acc": 0.8374,
      "gpu_hours": 0.05184327450063494
    },
    "13": {
      "val_acc": 0.8243,
      "gpu_hours": 0.05578863157166375
    },
    "14": {
      "val_acc": 0.844,
      "gpu_hours": 0.05974753518899282
    },
    "15": {
      "val_acc": 0.863,
      "gpu_hours": 0.0636885537703832
    },
    "16": {
      "val_acc": 0.8685,
      "gpu_hours": 0.06763976163334316
    },
    "17": {
      "val_acc": 0.8689,
      "gpu_hours": 0.07160009960333506
    },
    "18": {
      "val_acc": 0.8772,
      "gpu_hours": 0.07556809385617574
    },
    "19": {
      "val_acc": 0.8757,
      "gpu_hours": 0.07950709309842852
    },
    "20": {
      "val_acc": 0.8767,
      "gpu_hours": 0.08345669315920935
    },
    "21": {
      "val_acc": 0.8913,
      "gpu_hours": 0.08740436640050676
    },
    "22": {
      "val_acc": 0.9019,
      "gpu_hours": 0.09135265403323703
    },
    "23": {
      "val_acc": 0.904,
      "gpu_hours": 0.09529075059625837
    },
    "24": {
      "val_acc": 0.9101,
      "gpu_hours": 0.09923640218045976
    },
    "25": {
      "val_acc": 0.9115,
      "gpu_hours": 0.10318371282683478
    },
    "26": {
      "val_acc": 0.9132,
      "gpu_hours": 0.10712667379114363
    },
    "27": {
      "val_acc": 0.9136,
      "gpu_hours": 0.11106875704394446
    },
    "28": {
      "val_acc": 0.9142,
      "gpu_hours": 0.11501201808452606
    },
    "29": {
      "val_acc": 0.9136,
      "gpu_hours": 0.11895248499181535
    }
  }
}