{
  "trial_number": 4,
  "params": {
    "lr": 0.0013292918943162175,
    "weight_decay": 0.006351221010640704,
    "batch_size": 64,
    "dropout": 0.07799726016810132,
    "optimizer": "Adam",
    "scheduler": "plateau",
    "model": "resnet18"
  },
  "best_val_acc": 0.4189,
  "total_gpu_hours": 0.13371144599384732,
  "slurm_task": 1,
  "parallel_workers": 1,
  "sampler": "tpe",
  "dataset": "cifar10",
  "device": "cuda",
  "accuracy_thresholds": {},
  "accuracy_curve": {
    "0": {
      "val_acc": 0.177,
      "gpu_hours": 0.005120818217595418
    },
    "1": {
      "val_acc": 0.2352,
      "gpu_hours": 0.009547550082206726
    },
    "2": {
      "val_acc": 0.32,
      "gpu_hours": 0.013981473909484015
    },
    "3": {
      "val_acc": 0.3338,
      "gpu_hours": 0.018398546444045174
    },
    "4": {
      "val_acc": 0.3124,
      "gpu_hours": 0.022823758588896858
    },
    "5": {
      "val_acc": 0.4016,
      "gpu_hours": 0.027269832889238992
    },
    "6": {
      "val_acc": 0.4154,
      "gpu_hours": 0.03169481880135006
    },
    "7": {
      "val_acc": 0.3961,
      "gpu_hours": 0.036125818292299904
    },
    "8": {
      "val_acc": 0.4029,
      "gpu_hours": 0.04056540899806552
    },
    "9": {
      "val_acc": 0.4124,
      "gpu_hours": 0.04499852935473124
    },
    "10": {
      "val_acc": 0.4181,
      "gpu_hours": 0.04943289432260725
    },
    "11": {
      "val_acc": 0.4162,
      "gpu_hours": 0.053870766427781845
    },
    "12": {
      "val_acc": 0.413,
      "gpu_hours": 0.05830628746085697
    },
    "13": {
      "val_acc": 0.4117,
      "gpu_hours": 0.06274415459897784
    },
    "14": {
      "val_acc": 0.413,
      "gpu_hours": 0.06722128066751692
    },
    "15": {
      "val_acc": 0.4189,
      "gpu_hours": 0.07166408942805397
    },
    "16": {
      "val_acc": 0.4149,
      "gpu_hours": 0.07608488937218984
    },
    "17": {
      "val_acc": 0.4125,
      "gpu_hours": 0.08051492121484545
    },
    "18": {
      "val_acc": 0.4156,
      "gpu_hours": 0.08494129015339745
    },
    "19": {
      "val_acc": 0.417,
      "gpu_hours": 0.08936849435170492
    },
    "20": {
      "val_acc": 0.4178,
      "gpu_hours": 0.09379662142859566
    },
    "21": {
      "val_acc": 0.4174,
      "gpu_hours": 0.09822181198332045
    },
    "22": {
      "val_acc": 0.4164,
      "gpu_hours": 0.1026634685198466
    },
    "23": {
      "val_acc": 0.414,
      "gpu_hours": 0.10709806945588854
    },
    "24": {
      "val_acc": 0.4167,
      "gpu_hours": 0.11151522709263696
    },
    "25": {
      "val_acc": 0.4156,
      "gpu_hours": 0.11594581206639608
    },
    "26": {
      "val_acc": 0.4152,
      "gpu_hours": 0.12039166503482394
    },
    "27": {
      "val_acc": 0.4105,
      "gpu_hours": 0.12483518216345045
    },
    "28": {
      "val_acc": 0.4175,
      "gpu_hours": 0.12926300823688508
    },
    "29": {
      "val_acc": 0.4133,
      "gpu_hours": 0.13369327829943764
    }
  }
}