{
  "trial_number": 16,
  "params": {
    "lr": 0.026468676199864923,
    "weight_decay": 0.00022357251329373565,
    "batch_size": 256,
    "dropout": 0.09637023271546552,
    "optimizer": "AdamW",
    "scheduler": "cosine",
    "model": "resnet34"
  },
  "best_val_acc": 0.9143,
  "total_gpu_hours": 0.20259152127636804,
  "slurm_task": 8,
  "parallel_workers": 1,
  "sampler": "tpe",
  "dataset": "cifar10",
  "device": "cuda",
  "accuracy_thresholds": {
    "gpu_h_to_80pct": 0.054369464582867094,
    "gpu_h_to_85pct": 0.08128781643178729,
    "gpu_h_to_90pct": 0.1485988312959671
  },
  "accuracy_curve": {
    "0": {
      "val_acc": 0.2955,
      "gpu_hours": 0.007229252523846096
    },
    "1": {
      "val_acc": 0.4426,
      "gpu_hours": 0.013961399528715345
    },
    "2": {
      "val_acc": 0.5001,
      "gpu_hours": 0.020699895554118688
    },
    "3": {
      "val_acc": 0.5795,
      "gpu_hours": 0.027427893347210353
    },
    "4": {
      "val_acc": 0.6842,
      "gpu_hours": 0.03416293011771308
    },
    "5": {
      "val_acc": 0.7653,
      "gpu_hours": 0.040899449918005204
    },
    "6": {
      "val_acc": 0.7761,
      "gpu_hours": 0.04763069060113695
    },
    "7": {
      "val_acc": 0.8186,
      "gpu_hours": 0.054369464582867094
    },
    "8": {
      "val_acc": 0.83,
      "gpu_hours": 0.06110109825929006
    },
    "9": {
      "val_acc": 0.8186,
      "gpu_hours": 0.06783012615309822
    },
    "10": {
      "val_acc": 0.8351,
      "gpu_hours": 0.07455679039160411
    },
    "11": {
      "val_acc": 0.853,
      "gpu_hours": 0.08128781643178729
    },
    "12": {
      "val_acc": 0.8422,
      "gpu_hours": 0.08801677167415618
    },
    "13": {
      "val_acc": 0.8735,
      "gpu_hours": 0.09474545697371164
    },
    "14": {
      "val_acc": 0.873,
      "gpu_hours": 0.10148209161228604
    },
    "15": {
      "val_acc": 0.8792,
      "gpu_hours": 0.10821663207477994
    },
    "16": {
      "val_acc": 0.8854,
      "gpu_hours": 0.1149506605996026
    },
    "17": {
      "val_acc": 0.8892,
      "gpu_hours": 0.12168622222211625
    },
    "18": {
      "val_acc": 0.8923,
      "gpu_hours": 0.12841715236504872
    },
    "19": {
      "val_acc": 0.8946,
      "gpu_hours": 0.13514136791229248
    },
    "20": {
      "val_acc": 0.8966,
      "gpu_hours": 0.14186355703406864
    },
    "21": {
      "val_acc": 0.9066,
      "gpu_hours": 0.1485988312959671
    },
    "22": {
      "val_acc": 0.9062,
      "gpu_hours": 0.15534860385788812
    },
    "23": {
      "val_acc": 0.9109,
      "gpu_hours": 0.16209748903910318
    },
    "24": {
      "val_acc": 0.9105,
      "gpu_hours": 0.16884521067142486
    },
    "25": {
      "val_acc": 0.9124,
      "gpu_hours": 0.17559143841266633
    },
    "26": {
      "val_acc": 0.9125,
      "gpu_hours": 0.1823360660341051
    },
    "27": {
      "val_acc": 0.9135,
      "gpu_hours": 0.18908449742529126
    },
    "28": {
      "val_acc": 0.9139,
      "gpu_hours": 0.1958306184742186
    },
    "29": {
      "val_acc": 0.9143,
      "gpu_hours": 0.20257868482006922
    }
  }
}