{
  "trial_number": 69,
  "params": {
    "lr": 0.0007668432373159518,
    "weight_decay": 0.00011432547985146047,
    "batch_size": 64,
    "dropout": 0.08570828091305831,
    "optimizer": "AdamW",
    "scheduler": "cosine",
    "model": "resnet18"
  },
  "best_val_acc": 0.9273,
  "total_gpu_hours": 0.13420707841714224,
  "slurm_task": 34,
  "parallel_workers": 1,
  "sampler": "tpe",
  "dataset": "cifar10",
  "device": "cuda",
  "accuracy_thresholds": {
    "gpu_h_to_80pct": 0.022754202882448834,
    "gpu_h_to_85pct": 0.036133246620496114,
    "gpu_h_to_90pct": 0.06731490896807776
  },
  "accuracy_curve": {
    "0": {
      "val_acc": 0.6439,
      "gpu_hours": 0.004930596616533067
    },
    "1": {
      "val_acc": 0.6762,
      "gpu_hours": 0.009387525386280484
    },
    "2": {
      "val_acc": 0.7166,
      "gpu_hours": 0.013840506010585361
    },
    "3": {
      "val_acc": 0.7937,
      "gpu_hours": 0.018294044997957018
    },
    "4": {
      "val_acc": 0.83,
      "gpu_hours": 0.022754202882448834
    },
    "5": {
      "val_acc": 0.8346,
      "gpu_hours": 0.027216199901368882
    },
    "6": {
      "val_acc": 0.8429,
      "gpu_hours": 0.03167434162563748
    },
    "7": {
      "val_acc": 0.8592,
      "gpu_hours": 0.036133246620496114
    },
    "8": {
      "val_acc": 0.8646,
      "gpu_hours": 0.04058781345685323
    },
    "9": {
      "val_acc": 0.8837,
      "gpu_hours": 0.04503370629416572
    },
    "10": {
      "val_acc": 0.8917,
      "gpu_hours": 0.04948889215787252
    },
    "11": {
      "val_acc": 0.8904,
      "gpu_hours": 0.05395057022571564
    },
    "12": {
      "val_acc": 0.8901,
      "gpu_hours": 0.058410406311353046
    },
    "13": {
      "val_acc": 0.8922,
      "gpu_hours": 0.06286434968312582
    },
    "14": {
      "val_acc": 0.9011,
      "gpu_hours": 0.06731490896807776
    },
    "15": {
      "val_acc": 0.9077,
      "gpu_hours": 0.07177455948458777
    },
    "16": {
      "val_acc": 0.9096,
      "gpu_hours": 0.07623171720239852
    },
    "17": {
      "val_acc": 0.9115,
      "gpu_hours": 0.0806814569234848
    },
    "18": {
      "val_acc": 0.9165,
      "gpu_hours": 0.08514307379722595
    },
    "19": {
      "val_acc": 0.918,
      "gpu_hours": 0.08960376315646701
    },
    "20": {
      "val_acc": 0.9196,
      "gpu_hours": 0.09405159877406226
    },
    "21": {
      "val_acc": 0.9215,
      "gpu_hours": 0.09851590149932438
    },
    "22": {
      "val_acc": 0.92,
      "gpu_hours": 0.10297218402226765
    },
    "23": {
      "val_acc": 0.9253,
      "gpu_hours": 0.10743889643086327
    },
    "24": {
      "val_acc": 0.9251,
      "gpu_hours": 0.11190333273675707
    },
    "25": {
      "val_acc": 0.9254,
      "gpu_hours": 0.11636208083894517
    },
    "26": {
      "val_acc": 0.9273,
      "gpu_hours": 0.12081518087122176
    },
    "27": {
      "val_acc": 0.927,
      "gpu_hours": 0.1252729599343406
    },
    "28": {
      "val_acc": 0.9269,
      "gpu_hours": 0.12973836726612514
    },
    "29": {
      "val_acc": 0.9252,
      "gpu_hours": 0.13419346180227068
    }
  }
}