{
  "trial_number": 23,
  "params": {
    "lr": 0.011253507422753202,
    "weight_decay": 1.3408723481889924e-05,
    "batch_size": 128,
    "dropout": 0.3837717416111103,
    "optimizer": "Adam",
    "scheduler": "cosine",
    "model": "resnet18"
  },
  "best_val_acc": 0.9042,
  "total_gpu_hours": 0.12558236373795403,
  "slurm_task": 14,
  "parallel_workers": 1,
  "sampler": "tpe",
  "dataset": "cifar10",
  "device": "cuda",
  "accuracy_thresholds": {
    "gpu_h_to_80pct": 0.0423067049185435,
    "gpu_h_to_85pct": 0.0672825747066074,
    "gpu_h_to_90pct": 0.10893336117267609
  },
  "accuracy_curve": {
    "0": {
      "val_acc": 0.3945,
      "gpu_hours": 0.004787658386760288
    },
    "1": {
      "val_acc": 0.4989,
      "gpu_hours": 0.008962134851349725
    },
    "2": {
      "val_acc": 0.6227,
      "gpu_hours": 0.013129118747181362
    },
    "3": {
      "val_acc": 0.6607,
      "gpu_hours": 0.0172898315721088
    },
    "4": {
      "val_acc": 0.6686,
      "gpu_hours": 0.02145517826080322
    },
    "5": {
      "val_acc": 0.7344,
      "gpu_hours": 0.02563060614797804
    },
    "6": {
      "val_acc": 0.712,
      "gpu_hours": 0.029804139071040684
    },
    "7": {
      "val_acc": 0.752,
      "gpu_hours": 0.03396656625800663
    },
    "8": {
      "val_acc": 0.7946,
      "gpu_hours": 0.03813257912794749
    },
    "9": {
      "val_acc": 0.817,
      "gpu_hours": 0.0423067049185435
    },
    "10": {
      "val_acc": 0.7926,
      "gpu_hours": 0.04646914747026232
    },
    "11": {
      "val_acc": 0.8202,
      "gpu_hours": 0.0506394757827123
    },
    "12": {
      "val_acc": 0.8282,
      "gpu_hours": 0.054797149896621704
    },
    "13": {
      "val_acc": 0.8309,
      "gpu_hours": 0.058957027792930605
    },
    "14": {
      "val_acc": 0.8451,
      "gpu_hours": 0.063115845852428
    },
    "15": {
      "val_acc": 0.8582,
      "gpu_hours": 0.0672825747066074
    },
    "16": {
      "val_acc": 0.8541,
      "gpu_hours": 0.0714406516816881
    },
    "17": {
      "val_acc": 0.8456,
      "gpu_hours": 0.0756107763449351
    },
    "18": {
      "val_acc": 0.8661,
      "gpu_hours": 0.07977804660797119
    },
    "19": {
      "val_acc": 0.8733,
      "gpu_hours": 0.08394525514708626
    },
    "20": {
      "val_acc": 0.8763,
      "gpu_hours": 0.08811299873722925
    },
    "21": {
      "val_acc": 0.8834,
      "gpu_hours": 0.0922841415140364
    },
    "22": {
      "val_acc": 0.8849,
      "gpu_hours": 0.0964516195986006
    },
    "23": {
      "val_acc": 0.8931,
      "gpu_hours": 0.10060259567366706
    },
    "24": {
      "val_acc": 0.898,
      "gpu_hours": 0.10476200249460009
    },
    "25": {
      "val_acc": 0.9015,
      "gpu_hours": 0.10893336117267609
    },
    "26": {
      "val_acc": 0.9007,
      "gpu_hours": 0.11309053315056695
    },
    "27": {
      "val_acc": 0.9036,
      "gpu_hours": 0.11725357949733733
    },
    "28": {
      "val_acc": 0.9042,
      "gpu_hours": 0.12140695095062255
    },
    "29": {
      "val_acc": 0.903,
      "gpu_hours": 0.12557006220022837
    }
  }
}