{
  "trial_number": 27,
  "params": {
    "lr": 0.026468676199864923,
    "weight_decay": 0.00022357251329373565,
    "batch_size": 256,
    "dropout": 0.09637023271546552,
    "optimizer": "AdamW",
    "scheduler": "cosine",
    "model": "resnet34"
  },
  "best_val_acc": 0.9164,
  "total_gpu_hours": 0.20319443378183577,
  "slurm_task": 15,
  "parallel_workers": 1,
  "sampler": "tpe",
  "dataset": "cifar10",
  "device": "cuda",
  "accuracy_thresholds": {
    "gpu_h_to_80pct": 0.06824864857726627,
    "gpu_h_to_85pct": 0.0884788547621833,
    "gpu_h_to_90pct": 0.1558816460106108
  },
  "accuracy_curve": {
    "0": {
      "val_acc": 0.3205,
      "gpu_hours": 0.007445861167377896
    },
    "1": {
      "val_acc": 0.365,
      "gpu_hours": 0.014209687577353584
    },
    "2": {
      "val_acc": 0.5066,
      "gpu_hours": 0.020968988868925308
    },
    "3": {
      "val_acc": 0.6075,
      "gpu_hours": 0.027722347908549837
    },
    "4": {
      "val_acc": 0.6528,
      "gpu_hours": 0.03447548482153151
    },
    "5": {
      "val_acc": 0.6305,
      "gpu_hours": 0.04122961289352841
    },
    "6": {
      "val_acc": 0.7584,
      "gpu_hours": 0.04798280119895935
    },
    "7": {
      "val_acc": 0.7822,
      "gpu_hours": 0.05473791691992018
    },
    "8": {
      "val_acc": 0.7747,
      "gpu_hours": 0.06149559305773841
    },
    "9": {
      "val_acc": 0.8255,
      "gpu_hours": 0.06824864857726627
    },
    "10": {
      "val_acc": 0.8394,
      "gpu_hours": 0.07499001363913219
    },
    "11": {
      "val_acc": 0.8312,
      "gpu_hours": 0.08173312617672815
    },
    "12": {
      "val_acc": 0.8568,
      "gpu_hours": 0.0884788547621833
    },
    "13": {
      "val_acc": 0.8729,
      "gpu_hours": 0.09521618465582529
    },
    "14": {
      "val_acc": 0.8659,
      "gpu_hours": 0.1019519540336397
    },
    "15": {
      "val_acc": 0.8705,
      "gpu_hours": 0.1086855012178421
    },
    "16": {
      "val_acc": 0.8815,
      "gpu_hours": 0.1154286773999532
    },
    "17": {
      "val_acc": 0.8835,
      "gpu_hours": 0.12217367000050015
    },
    "18": {
      "val_acc": 0.8884,
      "gpu_hours": 0.1289188261826833
    },
    "19": {
      "val_acc": 0.8879,
      "gpu_hours": 0.13565756526258257
    },
    "20": {
      "val_acc": 0.8988,
      "gpu_hours": 0.14238110853566063
    },
    "21": {
      "val_acc": 0.8987,
      "gpu_hours": 0.1491244582997428
    },
    "22": {
      "val_acc": 0.903,
      "gpu_hours": 0.1558816460106108
    },
    "23": {
      "val_acc": 0.9094,
      "gpu_hours": 0.16264018105136024
    },
    "24": {
      "val_acc": 0.914,
      "gpu_hours": 0.16939955823951297
    },
    "25": {
      "val_acc": 0.9141,
      "gpu_hours": 0.17615473144584232
    },
    "26": {
      "val_acc": 0.9148,
      "gpu_hours": 0.18291096177366045
    },
    "27": {
      "val_acc": 0.916,
      "gpu_hours": 0.18966684533490075
    },
    "28": {
      "val_acc": 0.9164,
      "gpu_hours": 0.1964229729440477
    },
    "29": {
      "val_acc": 0.9147,
      "gpu_hours": 0.2031810740629832
    }
  }
}