{
  "trial_number": 2,
  "params": {
    "lr": 0.0013292918943162175,
    "weight_decay": 0.006351221010640704,
    "batch_size": 64,
    "dropout": 0.07799726016810132,
    "optimizer": "Adam",
    "scheduler": "plateau",
    "model": "resnet18"
  },
  "best_val_acc": 0.4258,
  "total_gpu_hours": 0.13349040541383955,
  "slurm_task": 4,
  "parallel_workers": 1,
  "sampler": "tpe",
  "dataset": "cifar10",
  "device": "cuda",
  "accuracy_thresholds": {},
  "accuracy_curve": {
    "0": {
      "val_acc": 0.2167,
      "gpu_hours": 0.005104444954130385
    },
    "1": {
      "val_acc": 0.1808,
      "gpu_hours": 0.009533178673850165
    },
    "2": {
      "val_acc": 0.3,
      "gpu_hours": 0.013951412041982015
    },
    "3": {
      "val_acc": 0.3224,
      "gpu_hours": 0.018373940454588997
    },
    "4": {
      "val_acc": 0.3658,
      "gpu_hours": 0.02279654714796278
    },
    "5": {
      "val_acc": 0.3776,
      "gpu_hours": 0.02721587916215261
    },
    "6": {
      "val_acc": 0.4186,
      "gpu_hours": 0.031650159822569954
    },
    "7": {
      "val_acc": 0.4054,
      "gpu_hours": 0.03606807688872019
    },
    "8": {
      "val_acc": 0.4111,
      "gpu_hours": 0.04049930936760372
    },
    "9": {
      "val_acc": 0.4141,
      "gpu_hours": 0.0449186776081721
    },
    "10": {
      "val_acc": 0.42,
      "gpu_hours": 0.04934294468826718
    },
    "11": {
      "val_acc": 0.4199,
      "gpu_hours": 0.053764654397964476
    },
    "12": {
      "val_acc": 0.4238,
      "gpu_hours": 0.05820763130982717
    },
    "13": {
      "val_acc": 0.425,
      "gpu_hours": 0.06264320446385277
    },
    "14": {
      "val_acc": 0.4223,
      "gpu_hours": 0.06710278113683064
    },
    "15": {
      "val_acc": 0.4252,
      "gpu_hours": 0.07153643541865878
    },
    "16": {
      "val_acc": 0.4214,
      "gpu_hours": 0.07596233758661482
    },
    "17": {
      "val_acc": 0.4222,
      "gpu_hours": 0.08038653843932682
    },
    "18": {
      "val_acc": 0.4238,
      "gpu_hours": 0.08481191198031107
    },
    "19": {
      "val_acc": 0.4237,
      "gpu_hours": 0.08924851258595784
    },
    "20": {
      "val_acc": 0.4258,
      "gpu_hours": 0.09367715802457598
    },
    "21": {
      "val_acc": 0.4248,
      "gpu_hours": 0.09811623871326447
    },
    "22": {
      "val_acc": 0.424,
      "gpu_hours": 0.10254586259524028
    },
    "23": {
      "val_acc": 0.4235,
      "gpu_hours": 0.10695944600635104
    },
    "24": {
      "val_acc": 0.4256,
      "gpu_hours": 0.11137658596038819
    },
    "25": {
      "val_acc": 0.4247,
      "gpu_hours": 0.11579775008890364
    },
    "26": {
      "val_acc": 0.4241,
      "gpu_hours": 0.12022744218508402
    },
    "27": {
      "val_acc": 0.4199,
      "gpu_hours": 0.12463880101839701
    },
    "28": {
      "val_acc": 0.4229,
      "gpu_hours": 0.1290650928682751
    },
    "29": {
      "val_acc": 0.4224,
      "gpu_hours": 0.13347729245821635
    }
  }
}