{
  "trial_number": 46,
  "params": {
    "lr": 0.001380945095157131,
    "weight_decay": 1.1116882302443803e-05,
    "batch_size": 64,
    "dropout": 0.20894718612787566,
    "optimizer": "AdamW",
    "scheduler": "cosine",
    "model": "resnet18"
  },
  "best_val_acc": 0.9246,
  "total_gpu_hours": 0.13386376519997914,
  "slurm_task": 25,
  "parallel_workers": 1,
  "sampler": "tpe",
  "dataset": "cifar10",
  "device": "cuda",
  "accuracy_thresholds": {
    "gpu_h_to_80pct": 0.01839273492495219,
    "gpu_h_to_85pct": 0.031767703162299266,
    "gpu_h_to_90pct": 0.07173886948161655
  },
  "accuracy_curve": {
    "0": {
      "val_acc": 0.5485,
      "gpu_hours": 0.005061548815833198
    },
    "1": {
      "val_acc": 0.6964,
      "gpu_hours": 0.009503682255744933
    },
    "2": {
      "val_acc": 0.7492,
      "gpu_hours": 0.013939196202490066
    },
    "3": {
      "val_acc": 0.8023,
      "gpu_hours": 0.01839273492495219
    },
    "4": {
      "val_acc": 0.8149,
      "gpu_hours": 0.0228549329439799
    },
    "5": {
      "val_acc": 0.8477,
      "gpu_hours": 0.02731848504808214
    },
    "6": {
      "val_acc": 0.8594,
      "gpu_hours": 0.031767703162299266
    },
    "7": {
      "val_acc": 0.8524,
      "gpu_hours": 0.03620573831929101
    },
    "8": {
      "val_acc": 0.8579,
      "gpu_hours": 0.040658166540993586
    },
    "9": {
      "val_acc": 0.8822,
      "gpu_hours": 0.04510784738593631
    },
    "10": {
      "val_acc": 0.8782,
      "gpu_hours": 0.049554821915096706
    },
    "11": {
      "val_acc": 0.8909,
      "gpu_hours": 0.05401667727364434
    },
    "12": {
      "val_acc": 0.8877,
      "gpu_hours": 0.05845362378491296
    },
    "13": {
      "val_acc": 0.8964,
      "gpu_hours": 0.06287580933835771
    },
    "14": {
      "val_acc": 0.8964,
      "gpu_hours": 0.06730252391762204
    },
    "15": {
      "val_acc": 0.9023,
      "gpu_hours": 0.07173886948161655
    },
    "16": {
      "val_acc": 0.9052,
      "gpu_hours": 0.0761787611246109
    },
    "17": {
      "val_acc": 0.9048,
      "gpu_hours": 0.08062520152992672
    },
    "18": {
      "val_acc": 0.9106,
      "gpu_hours": 0.0850619677040312
    },
    "19": {
      "val_acc": 0.9111,
      "gpu_hours": 0.08950733290778266
    },
    "20": {
      "val_acc": 0.9136,
      "gpu_hours": 0.09393943362765841
    },
    "21": {
      "val_acc": 0.9151,
      "gpu_hours": 0.098382548822297
    },
    "22": {
      "val_acc": 0.9177,
      "gpu_hours": 0.10281177116764917
    },
    "23": {
      "val_acc": 0.9195,
      "gpu_hours": 0.10724578519662221
    },
    "24": {
      "val_acc": 0.9214,
      "gpu_hours": 0.11168192658159468
    },
    "25": {
      "val_acc": 0.9207,
      "gpu_hours": 0.11611956477165222
    },
    "26": {
      "val_acc": 0.9217,
      "gpu_hours": 0.12054159078333113
    },
    "27": {
      "val_acc": 0.923,
      "gpu_hours": 0.1249920466211107
    },
    "28": {
      "val_acc": 0.9246,
      "gpu_hours": 0.12940850423441994
    },
    "29": {
      "val_acc": 0.9245,
      "gpu_hours": 0.1338508313231998
    }
  }
}