{
  "trial_number": 56,
  "params": {
    "lr": 0.0014052380924558447,
    "weight_decay": 0.0003994788987129709,
    "batch_size": 64,
    "dropout": 0.06521661311196955,
    "optimizer": "AdamW",
    "scheduler": "step",
    "model": "resnet18"
  },
  "best_val_acc": 0.9206,
  "total_gpu_hours": 0.13370870616700914,
  "slurm_task": 30,
  "parallel_workers": 1,
  "sampler": "tpe",
  "dataset": "cifar10",
  "device": "cuda",
  "accuracy_thresholds": {
    "gpu_h_to_80pct": 0.022815366122457718,
    "gpu_h_to_85pct": 0.03168007228109572,
    "gpu_h_to_90pct": 0.07160374780495961
  },
  "accuracy_curve": {
    "0": {
      "val_acc": 0.5332,
      "gpu_hours": 0.005059321986304389
    },
    "1": {
      "val_acc": 0.6437,
      "gpu_hours": 0.009491636951764425
    },
    "2": {
      "val_acc": 0.7154,
      "gpu_hours": 0.013939903775850932
    },
    "3": {
      "val_acc": 0.7234,
      "gpu_hours": 0.018385690185758804
    },
    "4": {
      "val_acc": 0.8083,
      "gpu_hours": 0.022815366122457718
    },
    "5": {
      "val_acc": 0.8252,
      "gpu_hours": 0.027245849834548103
    },
    "6": {
      "val_acc": 0.8521,
      "gpu_hours": 0.03168007228109572
    },
    "7": {
      "val_acc": 0.8586,
      "gpu_hours": 0.036126096844673154
    },
    "8": {
      "val_acc": 0.8734,
      "gpu_hours": 0.040558354987038504
    },
    "9": {
      "val_acc": 0.8698,
      "gpu_hours": 0.04499752236737145
    },
    "10": {
      "val_acc": 0.897,
      "gpu_hours": 0.0494184191359414
    },
    "11": {
      "val_acc": 0.897,
      "gpu_hours": 0.05386267920335134
    },
    "12": {
      "val_acc": 0.8967,
      "gpu_hours": 0.058293091124958465
    },
    "13": {
      "val_acc": 0.8974,
      "gpu_hours": 0.0627387563387553
    },
    "14": {
      "val_acc": 0.898,
      "gpu_hours": 0.06716500474347009
    },
    "15": {
      "val_acc": 0.9036,
      "gpu_hours": 0.07160374780495961
    },
    "16": {
      "val_acc": 0.9064,
      "gpu_hours": 0.07603867299026913
    },
    "17": {
      "val_acc": 0.9081,
      "gpu_hours": 0.08047777261998919
    },
    "18": {
      "val_acc": 0.907,
      "gpu_hours": 0.08491443945301903
    },
    "19": {
      "val_acc": 0.9102,
      "gpu_hours": 0.08935250454478794
    },
    "20": {
      "val_acc": 0.915,
      "gpu_hours": 0.09378704713450538
    },
    "21": {
      "val_acc": 0.9178,
      "gpu_hours": 0.09821576741006639
    },
    "22": {
      "val_acc": 0.9151,
      "gpu_hours": 0.10265786959065332
    },
    "23": {
      "val_acc": 0.9195,
      "gpu_hours": 0.10709366030163235
    },
    "24": {
      "val_acc": 0.9185,
      "gpu_hours": 0.11152596665753259
    },
    "25": {
      "val_acc": 0.9192,
      "gpu_hours": 0.11596838566992018
    },
    "26": {
      "val_acc": 0.9181,
      "gpu_hours": 0.12040095488230387
    },
    "27": {
      "val_acc": 0.9205,
      "gpu_hours": 0.12483649657832252
    },
    "28": {
      "val_acc": 0.9206,
      "gpu_hours": 0.12926010992791917
    },
    "29": {
      "val_acc": 0.9171,
      "gpu_hours": 0.13369516743554008
    }
  }
}