{
  "trial_number": 9,
  "params": {
    "lr": 0.0008179499475211679,
    "weight_decay": 0.0001256104370001356,
    "batch_size": 256,
    "dropout": 0.06974693032602092,
    "optimizer": "AdamW",
    "scheduler": "cosine",
    "model": "efficientnet_b0"
  },
  "best_val_acc": 0.7677,
  "total_gpu_hours": 0.07613327675395541,
  "slurm_task": 5,
  "parallel_workers": 1,
  "sampler": "tpe",
  "dataset": "cifar10",
  "device": "cuda",
  "accuracy_thresholds": {},
  "accuracy_curve": {
    "0": {
      "val_acc": 0.3572,
      "gpu_hours": 0.0029743201865090265
    },
    "1": {
      "val_acc": 0.4255,
      "gpu_hours": 0.005492527882258097
    },
    "2": {
      "val_acc": 0.5011,
      "gpu_hours": 0.008017874426311918
    },
    "3": {
      "val_acc": 0.5545,
      "gpu_hours": 0.010534288552072313
    },
    "4": {
      "val_acc": 0.5864,
      "gpu_hours": 0.013092139628198413
    },
    "5": {
      "val_acc": 0.6163,
      "gpu_hours": 0.015605046219295926
    },
    "6": {
      "val_acc": 0.6423,
      "gpu_hours": 0.018129732078976103
    },
    "7": {
      "val_acc": 0.656,
      "gpu_hours": 0.020654591586854724
    },
    "8": {
      "val_acc": 0.6749,
      "gpu_hours": 0.023178033232688904
    },
    "9": {
      "val_acc": 0.6897,
      "gpu_hours": 0.02568468219704098
    },
    "10": {
      "val_acc": 0.6964,
      "gpu_hours": 0.028197286393907336
    },
    "11": {
      "val_acc": 0.699,
      "gpu_hours": 0.03072153839800093
    },
    "12": {
      "val_acc": 0.7078,
      "gpu_hours": 0.033247261577182344
    },
    "13": {
      "val_acc": 0.7239,
      "gpu_hours": 0.035796689788500466
    },
    "14": {
      "val_acc": 0.729,
      "gpu_hours": 0.03831883814599779
    },
    "15": {
      "val_acc": 0.7361,
      "gpu_hours": 0.04083297371864319
    },
    "16": {
      "val_acc": 0.7393,
      "gpu_hours": 0.043347558975219726
    },
    "17": {
      "val_acc": 0.7377,
      "gpu_hours": 0.04585998720592922
    },
    "18": {
      "val_acc": 0.7503,
      "gpu_hours": 0.048373798065715366
    },
    "19": {
      "val_acc": 0.7524,
      "gpu_hours": 0.05089340964953105
    },
    "20": {
      "val_acc": 0.7543,
      "gpu_hours": 0.053420785599284704
    },
    "21": {
      "val_acc": 0.7591,
      "gpu_hours": 0.05594950821664598
    },
    "22": {
      "val_acc": 0.7599,
      "gpu_hours": 0.05848430580563015
    },
    "23": {
      "val_acc": 0.764,
      "gpu_hours": 0.060994499391979644
    },
    "24": {
      "val_acc": 0.7653,
      "gpu_hours": 0.06352288411723243
    },
    "25": {
      "val_acc": 0.7677,
      "gpu_hours": 0.06606258385711246
    },
    "26": {
      "val_acc": 0.7654,
      "gpu_hours": 0.06858407788806492
    },
    "27": {
      "val_acc": 0.7657,
      "gpu_hours": 0.07109808531072405
    },
    "28": {
      "val_acc": 0.7639,
      "gpu_hours": 0.07360828326808082
    },
    "29": {
      "val_acc": 0.7669,
      "gpu_hours": 0.07611909786860148
    }
  }
}