{
  "trial_number": 0,
  "params": {
    "lr": 0.0013292918943162175,
    "weight_decay": 0.006351221010640704,
    "batch_size": 64,
    "dropout": 0.07799726016810132,
    "optimizer": "Adam",
    "scheduler": "plateau",
    "model": "resnet18"
  },
  "best_val_acc": 0.4528,
  "total_gpu_hours": 0.04606306102540758,
  "slurm_task": 1,
  "parallel_workers": 1,
  "sampler": "tpe",
  "dataset": "cifar10",
  "device": "cuda",
  "accuracy_thresholds": {},
  "accuracy_curve": {
    "0": {
      "val_acc": 0.2148,
      "gpu_hours": 0.0021762493583891125
    },
    "1": {
      "val_acc": 0.2285,
      "gpu_hours": 0.0036906425820456613
    },
    "2": {
      "val_acc": 0.311,
      "gpu_hours": 0.005197367204560174
    },
    "3": {
      "val_acc": 0.3394,
      "gpu_hours": 0.0067214399576187136
    },
    "4": {
      "val_acc": 0.2861,
      "gpu_hours": 0.008253721329900954
    },
    "5": {
      "val_acc": 0.4185,
      "gpu_hours": 0.0097775975200865
    },
    "6": {
      "val_acc": 0.4252,
      "gpu_hours": 0.011303608417510986
    },
    "7": {
      "val_acc": 0.4325,
      "gpu_hours": 0.012819591694407993
    },
    "8": {
      "val_acc": 0.4425,
      "gpu_hours": 0.014325193895234001
    },
    "9": {
      "val_acc": 0.4426,
      "gpu_hours": 0.01582667741510603
    },
    "10": {
      "val_acc": 0.4431,
      "gpu_hours": 0.01738156629933251
    },
    "11": {
      "val_acc": 0.4382,
      "gpu_hours": 0.01888632231288486
    },
    "12": {
      "val_acc": 0.4489,
      "gpu_hours": 0.020400179227193196
    },
    "13": {
      "val_acc": 0.4472,
      "gpu_hours": 0.02191012508339352
    },
    "14": {
      "val_acc": 0.4472,
      "gpu_hours": 0.023408680624432035
    },
    "15": {
      "val_acc": 0.44,
      "gpu_hours": 0.024926336540116206
    },
    "16": {
      "val_acc": 0.4484,
      "gpu_hours": 0.026437707543373108
    },
    "17": {
      "val_acc": 0.4485,
      "gpu_hours": 0.027943288021617465
    },
    "18": {
      "val_acc": 0.4528,
      "gpu_hours": 0.029439037905799017
    },
    "19": {
      "val_acc": 0.4497,
      "gpu_hours": 0.030957509477933246
    },
    "20": {
      "val_acc": 0.4485,
      "gpu_hours": 0.03246595495276981
    },
    "21": {
      "val_acc": 0.4462,
      "gpu_hours": 0.03396652923689948
    },
    "22": {
      "val_acc": 0.4485,
      "gpu_hours": 0.03549534347322252
    },
    "23": {
      "val_acc": 0.4457,
      "gpu_hours": 0.037013710604773625
    },
    "24": {
      "val_acc": 0.4497,
      "gpu_hours": 0.03853019919660356
    },
    "25": {
      "val_acc": 0.45,
      "gpu_hours": 0.04003919634554121
    },
    "26": {
      "val_acc": 0.4499,
      "gpu_hours": 0.04155052648650275
    },
    "27": {
      "val_acc": 0.4481,
      "gpu_hours": 0.04304508825143178
    },
    "28": {
      "val_acc": 0.4504,
      "gpu_hours": 0.04454977340168423
    },
    "29": {
      "val_acc": 0.4505,
      "gpu_hours": 0.046049332353803846
    }
  }
}