{
  "trial_number": 52,
  "params": {
    "lr": 0.0018154835981036778,
    "weight_decay": 2.790836169136616e-05,
    "batch_size": 128,
    "dropout": 0.06452749230003246,
    "optimizer": "AdamW",
    "scheduler": "cosine",
    "model": "resnet18"
  },
  "best_val_acc": 0.9232,
  "total_gpu_hours": 0.12549602137671576,
  "slurm_task": 25,
  "parallel_workers": 1,
  "sampler": "tpe",
  "dataset": "cifar10",
  "device": "cuda",
  "accuracy_thresholds": {
    "gpu_h_to_80pct": 0.025447034173541598,
    "gpu_h_to_85pct": 0.03377153734366099,
    "gpu_h_to_90pct": 0.0712959885597229
  },
  "accuracy_curve": {
    "0": {
      "val_acc": 0.5105,
      "gpu_hours": 0.004630365636613634
    },
    "1": {
      "val_acc": 0.63,
      "gpu_hours": 0.008794704013400607
    },
    "2": {
      "val_acc": 0.7218,
      "gpu_hours": 0.012961389554871453
    },
    "3": {
      "val_acc": 0.7651,
      "gpu_hours": 0.017116326358583237
    },
    "4": {
      "val_acc": 0.7978,
      "gpu_hours": 0.021273420453071595
    },
    "5": {
      "val_acc": 0.8274,
      "gpu_hours": 0.025447034173541598
    },
    "6": {
      "val_acc": 0.8417,
      "gpu_hours": 0.029610733456081815
    },
    "7": {
      "val_acc": 0.8507,
      "gpu_hours": 0.03377153734366099
    },
    "8": {
      "val_acc": 0.853,
      "gpu_hours": 0.03793510052892897
    },
    "9": {
      "val_acc": 0.8766,
      "gpu_hours": 0.04211078663667043
    },
    "10": {
      "val_acc": 0.8714,
      "gpu_hours": 0.04628137873278724
    },
    "11": {
      "val_acc": 0.8808,
      "gpu_hours": 0.05044639779461755
    },
    "12": {
      "val_acc": 0.8835,
      "gpu_hours": 0.054620952871110705
    },
    "13": {
      "val_acc": 0.8931,
      "gpu_hours": 0.05879832996262444
    },
    "14": {
      "val_acc": 0.8961,
      "gpu_hours": 0.062964506149292
    },
    "15": {
      "val_acc": 0.8961,
      "gpu_hours": 0.06714291400379604
    },
    "16": {
      "val_acc": 0.9025,
      "gpu_hours": 0.0712959885597229
    },
    "17": {
      "val_acc": 0.9043,
      "gpu_hours": 0.07547246780660417
    },
    "18": {
      "val_acc": 0.9078,
      "gpu_hours": 0.07963723606533474
    },
    "19": {
      "val_acc": 0.9118,
      "gpu_hours": 0.08381034182177649
    },
    "20": {
      "val_acc": 0.9114,
      "gpu_hours": 0.0879800166686376
    },
    "21": {
      "val_acc": 0.9178,
      "gpu_hours": 0.09214489916960399
    },
    "22": {
      "val_acc": 0.915,
      "gpu_hours": 0.0963188299205568
    },
    "23": {
      "val_acc": 0.9165,
      "gpu_hours": 0.10048111014895969
    },
    "24": {
      "val_acc": 0.9206,
      "gpu_hours": 0.10465253220664131
    },
    "25": {
      "val_acc": 0.9201,
      "gpu_hours": 0.10882028698921203
    },
    "26": {
      "val_acc": 0.9206,
      "gpu_hours": 0.1129955306980345
    },
    "27": {
      "val_acc": 0.9232,
      "gpu_hours": 0.1171651620997323
    },
    "28": {
      "val_acc": 0.9216,
      "gpu_hours": 0.1213279640674591
    },
    "29": {
      "val_acc": 0.9228,
      "gpu_hours": 0.12548387613561418
    }
  }
}