{
  "trial_number": 1,
  "params": {
    "lr": 0.0008179499475211679,
    "weight_decay": 0.0001256104370001356,
    "batch_size": 256,
    "dropout": 0.06974693032602092,
    "optimizer": "AdamW",
    "scheduler": "cosine",
    "model": "efficientnet_b0"
  },
  "best_val_acc": 0.784,
  "total_gpu_hours": 0.03799252364370558,
  "slurm_task": 1,
  "parallel_workers": 1,
  "sampler": "tpe",
  "dataset": "cifar10",
  "device": "cuda",
  "accuracy_thresholds": {},
  "accuracy_curve": {
    "0": {
      "val_acc": 0.3819,
      "gpu_hours": 0.0016157403257158068
    },
    "1": {
      "val_acc": 0.4844,
      "gpu_hours": 0.0028797792063819036
    },
    "2": {
      "val_acc": 0.5354,
      "gpu_hours": 0.00412567396958669
    },
    "3": {
      "val_acc": 0.5789,
      "gpu_hours": 0.005380266242557102
    },
    "4": {
      "val_acc": 0.6159,
      "gpu_hours": 0.0066407865948147245
    },
    "5": {
      "val_acc": 0.6272,
      "gpu_hours": 0.007890852027469211
    },
    "6": {
      "val_acc": 0.6497,
      "gpu_hours": 0.009140788382954068
    },
    "7": {
      "val_acc": 0.6808,
      "gpu_hours": 0.010389249854617649
    },
    "8": {
      "val_acc": 0.6838,
      "gpu_hours": 0.011648267971144783
    },
    "9": {
      "val_acc": 0.6986,
      "gpu_hours": 0.012911469539006551
    },
    "10": {
      "val_acc": 0.7149,
      "gpu_hours": 0.014161682923634848
    },
    "11": {
      "val_acc": 0.721,
      "gpu_hours": 0.015415172179539999
    },
    "12": {
      "val_acc": 0.7331,
      "gpu_hours": 0.01666978849305047
    },
    "13": {
      "val_acc": 0.7435,
      "gpu_hours": 0.017921644780370925
    },
    "14": {
      "val_acc": 0.7386,
      "gpu_hours": 0.01917800380123986
    },
    "15": {
      "val_acc": 0.7567,
      "gpu_hours": 0.020434950590133668
    },
    "16": {
      "val_acc": 0.7655,
      "gpu_hours": 0.021696247392230562
    },
    "17": {
      "val_acc": 0.7531,
      "gpu_hours": 0.022948591245545283
    },
    "18": {
      "val_acc": 0.7673,
      "gpu_hours": 0.02419979989528656
    },
    "19": {
      "val_acc": 0.7682,
      "gpu_hours": 0.02546064211262597
    },
    "20": {
      "val_acc": 0.7739,
      "gpu_hours": 0.02670927862326304
    },
    "21": {
      "val_acc": 0.7741,
      "gpu_hours": 0.027964681519402398
    },
    "22": {
      "val_acc": 0.7746,
      "gpu_hours": 0.029222605095969308
    },
    "23": {
      "val_acc": 0.7786,
      "gpu_hours": 0.030472485687997607
    },
    "24": {
      "val_acc": 0.7805,
      "gpu_hours": 0.031726644767655264
    },
    "25": {
      "val_acc": 0.78,
      "gpu_hours": 0.032971779439184404
    },
    "26": {
      "val_acc": 0.7819,
      "gpu_hours": 0.03422755618890127
    },
    "27": {
      "val_acc": 0.7811,
      "gpu_hours": 0.03548048939969804
    },
    "28": {
      "val_acc": 0.7816,
      "gpu_hours": 0.03672935896449619
    },
    "29": {
      "val_acc": 0.784,
      "gpu_hours": 0.03797799567381541
    }
  }
}