{
  "trial_number": 32,
  "params": {
    "lr": 0.000438762300112874,
    "weight_decay": 5.4527543511192976e-05,
    "batch_size": 64,
    "dropout": 0.11137276346655278,
    "optimizer": "AdamW",
    "scheduler": "cosine",
    "model": "resnet18"
  },
  "best_val_acc": 0.9227,
  "total_gpu_hours": 0.13383064223660363,
  "slurm_task": 16,
  "parallel_workers": 1,
  "sampler": "tpe",
  "dataset": "cifar10",
  "device": "cuda",
  "accuracy_thresholds": {
    "gpu_h_to_80pct": 0.018244787587059868,
    "gpu_h_to_85pct": 0.03604854424794515,
    "gpu_h_to_90pct": 0.07159578647878435
  },
  "accuracy_curve": {
    "0": {
      "val_acc": 0.6032,
      "gpu_hours": 0.0049084861410988705
    },
    "1": {
      "val_acc": 0.7089,
      "gpu_hours": 0.009355546765857273
    },
    "2": {
      "val_acc": 0.7054,
      "gpu_hours": 0.013795501854684618
    },
    "3": {
      "val_acc": 0.8052,
      "gpu_hours": 0.018244787587059868
    },
    "4": {
      "val_acc": 0.811,
      "gpu_hours": 0.02269636842939589
    },
    "5": {
      "val_acc": 0.8336,
      "gpu_hours": 0.027149156795607674
    },
    "6": {
      "val_acc": 0.8382,
      "gpu_hours": 0.03159408046139611
    },
    "7": {
      "val_acc": 0.866,
      "gpu_hours": 0.03604854424794515
    },
    "8": {
      "val_acc": 0.8731,
      "gpu_hours": 0.040493629177411394
    },
    "9": {
      "val_acc": 0.8702,
      "gpu_hours": 0.04493424892425537
    },
    "10": {
      "val_acc": 0.8841,
      "gpu_hours": 0.04936201605531904
    },
    "11": {
      "val_acc": 0.8894,
      "gpu_hours": 0.05381853845384386
    },
    "12": {
      "val_acc": 0.8911,
      "gpu_hours": 0.05825212220350901
    },
    "13": {
      "val_acc": 0.8882,
      "gpu_hours": 0.06269989324940575
    },
    "14": {
      "val_acc": 0.8962,
      "gpu_hours": 0.06714831398593055
    },
    "15": {
      "val_acc": 0.9061,
      "gpu_hours": 0.07159578647878435
    },
    "16": {
      "val_acc": 0.9061,
      "gpu_hours": 0.07603873047563765
    },
    "17": {
      "val_acc": 0.9107,
      "gpu_hours": 0.0804901862806744
    },
    "18": {
      "val_acc": 0.9109,
      "gpu_hours": 0.08493219117323557
    },
    "19": {
      "val_acc": 0.9113,
      "gpu_hours": 0.08936847971545325
    },
    "20": {
      "val_acc": 0.916,
      "gpu_hours": 0.09380265308751
    },
    "21": {
      "val_acc": 0.914,
      "gpu_hours": 0.09824408961666956
    },
    "22": {
      "val_acc": 0.9184,
      "gpu_hours": 0.10268963562117682
    },
    "23": {
      "val_acc": 0.9199,
      "gpu_hours": 0.10712942567136552
    },
    "24": {
      "val_acc": 0.9198,
      "gpu_hours": 0.11157174799177381
    },
    "25": {
      "val_acc": 0.9215,
      "gpu_hours": 0.11601811793115403
    },
    "26": {
      "val_acc": 0.9227,
      "gpu_hours": 0.12046235693825616
    },
    "27": {
      "val_acc": 0.9216,
      "gpu_hours": 0.1249138961897956
    },
    "28": {
      "val_acc": 0.9223,
      "gpu_hours": 0.12936164140701295
    },
    "29": {
      "val_acc": 0.9223,
      "gpu_hours": 0.13381775160630544
    }
  }
}