{
  "trial_number": 33,
  "params": {
    "lr": 0.07152352568963745,
    "weight_decay": 0.0013630710204863559,
    "batch_size": 256,
    "dropout": 0.0277322825135759,
    "optimizer": "SGD",
    "scheduler": "plateau",
    "model": "resnet34",
    "momentum": 0.9102203565849364
  },
  "best_val_acc": 0.8868,
  "total_gpu_hours": 0.20191341903474597,
  "slurm_task": 18,
  "parallel_workers": 1,
  "sampler": "tpe",
  "dataset": "cifar10",
  "device": "cuda",
  "accuracy_thresholds": {
    "gpu_h_to_80pct": 0.040832807686593794,
    "gpu_h_to_85pct": 0.04756548994117313
  },
  "accuracy_curve": {
    "0": {
      "val_acc": 0.4664,
      "gpu_hours": 0.007209947771496243
    },
    "1": {
      "val_acc": 0.5775,
      "gpu_hours": 0.013934684130880568
    },
    "2": {
      "val_acc": 0.6672,
      "gpu_hours": 0.020665554934077793
    },
    "3": {
      "val_acc": 0.7163,
      "gpu_hours": 0.027384691370858086
    },
    "4": {
      "val_acc": 0.7236,
      "gpu_hours": 0.03410894129011366
    },
    "5": {
      "val_acc": 0.8492,
      "gpu_hours": 0.040832807686593794
    },
    "6": {
      "val_acc": 0.8653,
      "gpu_hours": 0.04756548994117313
    },
    "7": {
      "val_acc": 0.8673,
      "gpu_hours": 0.054286386171976724
    },
    "8": {
      "val_acc": 0.8686,
      "gpu_hours": 0.0610038161277771
    },
    "9": {
      "val_acc": 0.8819,
      "gpu_hours": 0.06771071526739332
    },
    "10": {
      "val_acc": 0.8833,
      "gpu_hours": 0.0744173143307368
    },
    "11": {
      "val_acc": 0.8833,
      "gpu_hours": 0.08111801968680488
    },
    "12": {
      "val_acc": 0.8844,
      "gpu_hours": 0.08782081021202935
    },
    "13": {
      "val_acc": 0.8856,
      "gpu_hours": 0.0945246199104521
    },
    "14": {
      "val_acc": 0.8845,
      "gpu_hours": 0.10123283664385478
    },
    "15": {
      "val_acc": 0.8844,
      "gpu_hours": 0.10792954524358113
    },
    "16": {
      "val_acc": 0.8851,
      "gpu_hours": 0.11462791138225131
    },
    "17": {
      "val_acc": 0.8845,
      "gpu_hours": 0.12132042964299519
    },
    "18": {
      "val_acc": 0.8847,
      "gpu_hours": 0.1280267360475328
    },
    "19": {
      "val_acc": 0.8844,
      "gpu_hours": 0.1347318826119105
    },
    "20": {
      "val_acc": 0.8852,
      "gpu_hours": 0.1414446270465851
    },
    "21": {
      "val_acc": 0.8864,
      "gpu_hours": 0.1481691390938229
    },
    "22": {
      "val_acc": 0.8868,
      "gpu_hours": 0.15489137987295787
    },
    "23": {
      "val_acc": 0.8857,
      "gpu_hours": 0.16160471187697517
    },
    "24": {
      "val_acc": 0.8848,
      "gpu_hours": 0.1683149982823266
    },
    "25": {
      "val_acc": 0.8844,
      "gpu_hours": 0.1750315868192249
    },
    "26": {
      "val_acc": 0.8851,
      "gpu_hours": 0.1817533145348231
    },
    "27": {
      "val_acc": 0.886,
      "gpu_hours": 0.18846793565485212
    },
    "28": {
      "val_acc": 0.8849,
      "gpu_hours": 0.19518428934945
    },
    "29": {
      "val_acc": 0.8845,
      "gpu_hours": 0.20190060608916813
    }
  }
}