{
  "trial_number": 59,
  "params": {
    "lr": 0.0010331960135476666,
    "weight_decay": 1.5401892360065785e-05,
    "batch_size": 128,
    "dropout": 0.0699602759758457,
    "optimizer": "Adam",
    "scheduler": "cosine",
    "model": "resnet18"
  },
  "best_val_acc": 0.9261,
  "total_gpu_hours": 0.12595530178811815,
  "slurm_task": 32,
  "parallel_workers": 1,
  "sampler": "tpe",
  "dataset": "cifar10",
  "device": "cuda",
  "accuracy_thresholds": {
    "gpu_h_to_80pct": 0.021527712212668526,
    "gpu_h_to_85pct": 0.04238789882924822,
    "gpu_h_to_90pct": 0.07167710589038001
  },
  "accuracy_curve": {
    "0": {
      "val_acc": 0.5969,
      "gpu_hours": 0.004822879036267599
    },
    "1": {
      "val_acc": 0.6994,
      "gpu_hours": 0.009003533720970154
    },
    "2": {
      "val_acc": 0.6966,
      "gpu_hours": 0.013174429999457466
    },
    "3": {
      "val_acc": 0.7649,
      "gpu_hours": 0.017343748410542807
    },
    "4": {
      "val_acc": 0.8162,
      "gpu_hours": 0.021527712212668526
    },
    "5": {
      "val_acc": 0.8058,
      "gpu_hours": 0.025706015626589456
    },
    "6": {
      "val_acc": 0.8249,
      "gpu_hours": 0.02987357152832879
    },
    "7": {
      "val_acc": 0.8418,
      "gpu_hours": 0.03405078596538968
    },
    "8": {
      "val_acc": 0.843,
      "gpu_hours": 0.03821302168899112
    },
    "9": {
      "val_acc": 0.8695,
      "gpu_hours": 0.04238789882924822
    },
    "10": {
      "val_acc": 0.8804,
      "gpu_hours": 0.04657103975613912
    },
    "11": {
      "val_acc": 0.8814,
      "gpu_hours": 0.05076234956582387
    },
    "12": {
      "val_acc": 0.8943,
      "gpu_hours": 0.054937907192442154
    },
    "13": {
      "val_acc": 0.8991,
      "gpu_hours": 0.05911894804901547
    },
    "14": {
      "val_acc": 0.8845,
      "gpu_hours": 0.0633049703306622
    },
    "15": {
      "val_acc": 0.8952,
      "gpu_hours": 0.06748820384343465
    },
    "16": {
      "val_acc": 0.9002,
      "gpu_hours": 0.07167710589038001
    },
    "17": {
      "val_acc": 0.9103,
      "gpu_hours": 0.07585975454913245
    },
    "18": {
      "val_acc": 0.906,
      "gpu_hours": 0.08003797041045295
    },
    "19": {
      "val_acc": 0.9117,
      "gpu_hours": 0.08419971512423621
    },
    "20": {
      "val_acc": 0.9095,
      "gpu_hours": 0.0883739690648185
    },
    "21": {
      "val_acc": 0.9207,
      "gpu_hours": 0.09254653546545241
    },
    "22": {
      "val_acc": 0.9204,
      "gpu_hours": 0.09672841886679331
    },
    "23": {
      "val_acc": 0.9228,
      "gpu_hours": 0.10091198490725624
    },
    "24": {
      "val_acc": 0.9226,
      "gpu_hours": 0.10508615440792507
    },
    "25": {
      "val_acc": 0.9227,
      "gpu_hours": 0.10925826178656683
    },
    "26": {
      "val_acc": 0.9259,
      "gpu_hours": 0.11344770073890686
    },
    "27": {
      "val_acc": 0.9253,
      "gpu_hours": 0.1176016491651535
    },
    "28": {
      "val_acc": 0.926,
      "gpu_hours": 0.12177265663941701
    },
    "29": {
      "val_acc": 0.9261,
      "gpu_hours": 0.12594204545021057
    }
  }
}