{
  "trial_number": 17,
  "params": {
    "lr": 0.0033831807824948926,
    "weight_decay": 7.155177925779767e-06,
    "batch_size": 128,
    "dropout": 0.19288487826453463,
    "optimizer": "AdamW",
    "scheduler": "cosine",
    "model": "efficientnet_b1"
  },
  "best_val_acc": 0.8244,
  "total_gpu_hours": 0.12598902940750123,
  "slurm_task": 9,
  "parallel_workers": 1,
  "sampler": "tpe",
  "dataset": "cifar10",
  "device": "cuda",
  "accuracy_thresholds": {
    "gpu_h_to_80pct": 0.0799086750878228
  },
  "accuracy_curve": {
    "0": {
      "val_acc": 0.2221,
      "gpu_hours": 0.004669802321328057
    },
    "1": {
      "val_acc": 0.3128,
      "gpu_hours": 0.008852276537153456
    },
    "2": {
      "val_acc": 0.4243,
      "gpu_hours": 0.01301970468627082
    },
    "3": {
      "val_acc": 0.5307,
      "gpu_hours": 0.017193124625417923
    },
    "4": {
      "val_acc": 0.5956,
      "gpu_hours": 0.021376475360658433
    },
    "5": {
      "val_acc": 0.6378,
      "gpu_hours": 0.025550467371940614
    },
    "6": {
      "val_acc": 0.6661,
      "gpu_hours": 0.029722742372088964
    },
    "7": {
      "val_acc": 0.6936,
      "gpu_hours": 0.03390490074952444
    },
    "8": {
      "val_acc": 0.7068,
      "gpu_hours": 0.03808853917651706
    },
    "9": {
      "val_acc": 0.7369,
      "gpu_hours": 0.042278340127733016
    },
    "10": {
      "val_acc": 0.7379,
      "gpu_hours": 0.04646650188499027
    },
    "11": {
      "val_acc": 0.7574,
      "gpu_hours": 0.050641778773731654
    },
    "12": {
      "val_acc": 0.7626,
      "gpu_hours": 0.05482378674878014
    },
    "13": {
      "val_acc": 0.7743,
      "gpu_hours": 0.059010594950781925
    },
    "14": {
      "val_acc": 0.782,
      "gpu_hours": 0.06318490121099685
    },
    "15": {
      "val_acc": 0.7823,
      "gpu_hours": 0.06737432373894585
    },
    "16": {
      "val_acc": 0.788,
      "gpu_hours": 0.07155096332232157
    },
    "17": {
      "val_acc": 0.7994,
      "gpu_hours": 0.07572339700327979
    },
    "18": {
      "val_acc": 0.8033,
      "gpu_hours": 0.0799086750878228
    },
    "19": {
      "val_acc": 0.8057,
      "gpu_hours": 0.08410375277201335
    },
    "20": {
      "val_acc": 0.8077,
      "gpu_hours": 0.08829213155640496
    },
    "21": {
      "val_acc": 0.8127,
      "gpu_hours": 0.09246445450517866
    },
    "22": {
      "val_acc": 0.8172,
      "gpu_hours": 0.09665294978353713
    },
    "23": {
      "val_acc": 0.8193,
      "gpu_hours": 0.10083401216400995
    },
    "24": {
      "val_acc": 0.8237,
      "gpu_hours": 0.10503358052836524
    },
    "25": {
      "val_acc": 0.8228,
      "gpu_hours": 0.10922115875615014
    },
    "26": {
      "val_acc": 0.823,
      "gpu_hours": 0.11341793470912509
    },
    "27": {
      "val_acc": 0.8242,
      "gpu_hours": 0.11760371115472582
    },
    "28": {
      "val_acc": 0.8235,
      "gpu_hours": 0.121784581873152
    },
    "29": {
      "val_acc": 0.8244,
      "gpu_hours": 0.1259757986333635
    }
  }
}