{
  "trial_number": 34,
  "params": {
    "lr": 0.0029253958710409853,
    "weight_decay": 5.442859242034144e-06,
    "batch_size": 256,
    "dropout": 0.05833260460850385,
    "optimizer": "AdamW",
    "scheduler": "step",
    "model": "resnet34"
  },
  "best_val_acc": 0.9097,
  "total_gpu_hours": 0.2050865567392773,
  "slurm_task": 19,
  "parallel_workers": 1,
  "sampler": "tpe",
  "dataset": "cifar10",
  "device": "cuda",
  "accuracy_thresholds": {
    "gpu_h_to_80pct": 0.05525383902920617,
    "gpu_h_to_85pct": 0.07571621497472127,
    "gpu_h_to_90pct": 0.1438129296567705
  },
  "accuracy_curve": {
    "0": {
      "val_acc": 0.4169,
      "gpu_hours": 0.007486268348164029
    },
    "1": {
      "val_acc": 0.4692,
      "gpu_hours": 0.014309792783525255
    },
    "2": {
      "val_acc": 0.6337,
      "gpu_hours": 0.02113441162639194
    },
    "3": {
      "val_acc": 0.6725,
      "gpu_hours": 0.027955601215362547
    },
    "4": {
      "val_acc": 0.7414,
      "gpu_hours": 0.03477624727620019
    },
    "5": {
      "val_acc": 0.7724,
      "gpu_hours": 0.04160053624047173
    },
    "6": {
      "val_acc": 0.7875,
      "gpu_hours": 0.04842628671063317
    },
    "7": {
      "val_acc": 0.8029,
      "gpu_hours": 0.05525383902920617
    },
    "8": {
      "val_acc": 0.8192,
      "gpu_hours": 0.062074358463287356
    },
    "9": {
      "val_acc": 0.8461,
      "gpu_hours": 0.06889538824558258
    },
    "10": {
      "val_acc": 0.8705,
      "gpu_hours": 0.07571621497472127
    },
    "11": {
      "val_acc": 0.8745,
      "gpu_hours": 0.08254084361924066
    },
    "12": {
      "val_acc": 0.8747,
      "gpu_hours": 0.08936326576603784
    },
    "13": {
      "val_acc": 0.8775,
      "gpu_hours": 0.09618688000573053
    },
    "14": {
      "val_acc": 0.8709,
      "gpu_hours": 0.10300946878062354
    },
    "15": {
      "val_acc": 0.8813,
      "gpu_hours": 0.10983482519785563
    },
    "16": {
      "val_acc": 0.8903,
      "gpu_hours": 0.11662675168779162
    },
    "17": {
      "val_acc": 0.8904,
      "gpu_hours": 0.12341476904021369
    },
    "18": {
      "val_acc": 0.8873,
      "gpu_hours": 0.13020807610617743
    },
    "19": {
      "val_acc": 0.888,
      "gpu_hours": 0.13700958351294198
    },
    "20": {
      "val_acc": 0.9036,
      "gpu_hours": 0.1438129296567705
    },
    "21": {
      "val_acc": 0.9077,
      "gpu_hours": 0.1506179616186354
    },
    "22": {
      "val_acc": 0.9036,
      "gpu_hours": 0.15742823481559753
    },
    "23": {
      "val_acc": 0.9072,
      "gpu_hours": 0.16423662702242534
    },
    "24": {
      "val_acc": 0.9057,
      "gpu_hours": 0.17104139626026155
    },
    "25": {
      "val_acc": 0.9066,
      "gpu_hours": 0.1778471674521764
    },
    "26": {
      "val_acc": 0.903,
      "gpu_hours": 0.1846530661980311
    },
    "27": {
      "val_acc": 0.9071,
      "gpu_hours": 0.1914567639430364
    },
    "28": {
      "val_acc": 0.9094,
      "gpu_hours": 0.19826378954781426
    },
    "29": {
      "val_acc": 0.9097,
      "gpu_hours": 0.20507415566179488
    }
  }
}