{
  "trial_number": 71,
  "params": {
    "lr": 0.002266375610127281,
    "weight_decay": 5.833795098874947e-06,
    "batch_size": 64,
    "dropout": 0.20438074826516237,
    "optimizer": "AdamW",
    "scheduler": "cosine",
    "model": "resnet18"
  },
  "best_val_acc": 0.9209,
  "total_gpu_hours": 0.13343041373623743,
  "slurm_task": 35,
  "parallel_workers": 1,
  "sampler": "tpe",
  "dataset": "cifar10",
  "device": "cuda",
  "accuracy_thresholds": {
    "gpu_h_to_80pct": 0.02264284551143646,
    "gpu_h_to_85pct": 0.0359256919225057,
    "gpu_h_to_90pct": 0.0669807071155972
  },
  "accuracy_curve": {
    "0": {
      "val_acc": 0.5061,
      "gpu_hours": 0.004917185439003839
    },
    "1": {
      "val_acc": 0.6436,
      "gpu_hours": 0.009357716043790182
    },
    "2": {
      "val_acc": 0.7226,
      "gpu_hours": 0.013766171667310926
    },
    "3": {
      "val_acc": 0.7773,
      "gpu_hours": 0.01821412781874339
    },
    "4": {
      "val_acc": 0.8018,
      "gpu_hours": 0.02264284551143646
    },
    "5": {
      "val_acc": 0.8193,
      "gpu_hours": 0.027077504065301683
    },
    "6": {
      "val_acc": 0.8441,
      "gpu_hours": 0.03151389651828342
    },
    "7": {
      "val_acc": 0.8563,
      "gpu_hours": 0.0359256919225057
    },
    "8": {
      "val_acc": 0.8557,
      "gpu_hours": 0.04034959230158064
    },
    "9": {
      "val_acc": 0.8792,
      "gpu_hours": 0.04478390322791206
    },
    "10": {
      "val_acc": 0.8763,
      "gpu_hours": 0.04921667026148902
    },
    "11": {
      "val_acc": 0.8879,
      "gpu_hours": 0.05364903887112935
    },
    "12": {
      "val_acc": 0.89,
      "gpu_hours": 0.058080281615257266
    },
    "13": {
      "val_acc": 0.8957,
      "gpu_hours": 0.06251979980203841
    },
    "14": {
      "val_acc": 0.9002,
      "gpu_hours": 0.0669807071155972
    },
    "15": {
      "val_acc": 0.9024,
      "gpu_hours": 0.07142863366338942
    },
    "16": {
      "val_acc": 0.9058,
      "gpu_hours": 0.07586673226621415
    },
    "17": {
      "val_acc": 0.9076,
      "gpu_hours": 0.08031041860580444
    },
    "18": {
      "val_acc": 0.9117,
      "gpu_hours": 0.08473726451396942
    },
    "19": {
      "val_acc": 0.9125,
      "gpu_hours": 0.08918012056085799
    },
    "20": {
      "val_acc": 0.9143,
      "gpu_hours": 0.09360664864381155
    },
    "21": {
      "val_acc": 0.9177,
      "gpu_hours": 0.09803224861621856
    },
    "22": {
      "val_acc": 0.9172,
      "gpu_hours": 0.10244543956385718
    },
    "23": {
      "val_acc": 0.9162,
      "gpu_hours": 0.10686088899771372
    },
    "24": {
      "val_acc": 0.9184,
      "gpu_hours": 0.11127923144234551
    },
    "25": {
      "val_acc": 0.9186,
      "gpu_hours": 0.11569565713405609
    },
    "26": {
      "val_acc": 0.9203,
      "gpu_hours": 0.12012863920794593
    },
    "27": {
      "val_acc": 0.9209,
      "gpu_hours": 0.12455074926217397
    },
    "28": {
      "val_acc": 0.92,
      "gpu_hours": 0.12899045454131233
    },
    "29": {
      "val_acc": 0.92,
      "gpu_hours": 0.13341767370700836
    }
  }
}