{
  "trial_number": 25,
  "params": {
    "lr": 0.00016294945676674554,
    "weight_decay": 4.775356266457373e-06,
    "batch_size": 128,
    "dropout": 0.020791688496357,
    "optimizer": "AdamW",
    "scheduler": "step",
    "model": "resnet18"
  },
  "best_val_acc": 0.8933,
  "total_gpu_hours": 0.12599981784820558,
  "slurm_task": 11,
  "parallel_workers": 1,
  "sampler": "tpe",
  "dataset": "cifar10",
  "device": "cuda",
  "accuracy_thresholds": {
    "gpu_h_to_80pct": 0.033924375441339284,
    "gpu_h_to_85pct": 0.0464736631181505
  },
  "accuracy_curve": {
    "0": {
      "val_acc": 0.5686,
      "gpu_hours": 0.004644807113541497
    },
    "1": {
      "val_acc": 0.6452,
      "gpu_hours": 0.008829448885387845
    },
    "2": {
      "val_acc": 0.7225,
      "gpu_hours": 0.013011707795990838
    },
    "3": {
      "val_acc": 0.7239,
      "gpu_hours": 0.01719100832939148
    },
    "4": {
      "val_acc": 0.772,
      "gpu_hours": 0.021369149684906007
    },
    "5": {
      "val_acc": 0.7816,
      "gpu_hours": 0.025558794803089566
    },
    "6": {
      "val_acc": 0.7329,
      "gpu_hours": 0.029739528761969673
    },
    "7": {
      "val_acc": 0.8161,
      "gpu_hours": 0.033924375441339284
    },
    "8": {
      "val_acc": 0.8282,
      "gpu_hours": 0.03810839315255483
    },
    "9": {
      "val_acc": 0.8074,
      "gpu_hours": 0.042291072871949935
    },
    "10": {
      "val_acc": 0.8563,
      "gpu_hours": 0.0464736631181505
    },
    "11": {
      "val_acc": 0.8563,
      "gpu_hours": 0.050655863881111145
    },
    "12": {
      "val_acc": 0.8577,
      "gpu_hours": 0.054850291742218865
    },
    "13": {
      "val_acc": 0.8673,
      "gpu_hours": 0.059035469624731274
    },
    "14": {
      "val_acc": 0.8679,
      "gpu_hours": 0.06321267472373114
    },
    "15": {
      "val_acc": 0.8584,
      "gpu_hours": 0.06738958583937751
    },
    "16": {
      "val_acc": 0.8768,
      "gpu_hours": 0.07157737665706211
    },
    "17": {
      "val_acc": 0.8685,
      "gpu_hours": 0.07576135456562043
    },
    "18": {
      "val_acc": 0.8794,
      "gpu_hours": 0.0799396108256446
    },
    "19": {
      "val_acc": 0.8752,
      "gpu_hours": 0.0841237227121989
    },
    "20": {
      "val_acc": 0.884,
      "gpu_hours": 0.08831853244039747
    },
    "21": {
      "val_acc": 0.8839,
      "gpu_hours": 0.09251972993214926
    },
    "22": {
      "val_acc": 0.8863,
      "gpu_hours": 0.09670107377900018
    },
    "23": {
      "val_acc": 0.8832,
      "gpu_hours": 0.1008942680226432
    },
    "24": {
      "val_acc": 0.8845,
      "gpu_hours": 0.10507445500956641
    },
    "25": {
      "val_acc": 0.8909,
      "gpu_hours": 0.1092688207493888
    },
    "26": {
      "val_acc": 0.8854,
      "gpu_hours": 0.11344538026385838
    },
    "27": {
      "val_acc": 0.8905,
      "gpu_hours": 0.11762816919220818
    },
    "28": {
      "val_acc": 0.8905,
      "gpu_hours": 0.12180842936038971
    },
    "29": {
      "val_acc": 0.8933,
      "gpu_hours": 0.1259872963031133
    }
  }
}