{
  "trial_number": 58,
  "params": {
    "lr": 0.0009102747557555447,
    "weight_decay": 5.798432003518588e-06,
    "batch_size": 64,
    "dropout": 0.0536247061491904,
    "optimizer": "AdamW",
    "scheduler": "cosine",
    "model": "resnet18"
  },
  "best_val_acc": 0.9283,
  "total_gpu_hours": 0.13328443626562755,
  "slurm_task": 28,
  "parallel_workers": 1,
  "sampler": "tpe",
  "dataset": "cifar10",
  "device": "cuda",
  "accuracy_thresholds": {
    "gpu_h_to_80pct": 0.018173000150256687,
    "gpu_h_to_85pct": 0.04032486173841689,
    "gpu_h_to_90pct": 0.06245228747526805
  },
  "accuracy_curve": {
    "0": {
      "val_acc": 0.5701,
      "gpu_hours": 0.004880079362127516
    },
    "1": {
      "val_acc": 0.6704,
      "gpu_hours": 0.009313800202475653
    },
    "2": {
      "val_acc": 0.7797,
      "gpu_hours": 0.013746058146158854
    },
    "3": {
      "val_acc": 0.8022,
      "gpu_hours": 0.018173000150256687
    },
    "4": {
      "val_acc": 0.8008,
      "gpu_hours": 0.02261142306857639
    },
    "5": {
      "val_acc": 0.8215,
      "gpu_hours": 0.027038036121262446
    },
    "6": {
      "val_acc": 0.844,
      "gpu_hours": 0.03145620849397447
    },
    "7": {
      "val_acc": 0.8496,
      "gpu_hours": 0.03588636153274112
    },
    "8": {
      "val_acc": 0.8686,
      "gpu_hours": 0.04032486173841689
    },
    "9": {
      "val_acc": 0.8664,
      "gpu_hours": 0.04474989586406284
    },
    "10": {
      "val_acc": 0.8882,
      "gpu_hours": 0.04917358881897396
    },
    "11": {
      "val_acc": 0.8875,
      "gpu_hours": 0.05359920759995778
    },
    "12": {
      "val_acc": 0.8939,
      "gpu_hours": 0.05802612390783098
    },
    "13": {
      "val_acc": 0.9017,
      "gpu_hours": 0.06245228747526805
    },
    "14": {
      "val_acc": 0.9046,
      "gpu_hours": 0.06686935550636715
    },
    "15": {
      "val_acc": 0.9085,
      "gpu_hours": 0.07129251076115502
    },
    "16": {
      "val_acc": 0.9076,
      "gpu_hours": 0.07569422410594093
    },
    "17": {
      "val_acc": 0.9115,
      "gpu_hours": 0.0801235427459081
    },
    "18": {
      "val_acc": 0.9155,
      "gpu_hours": 0.08454606850941976
    },
    "19": {
      "val_acc": 0.9165,
      "gpu_hours": 0.08896518720520867
    },
    "20": {
      "val_acc": 0.9186,
      "gpu_hours": 0.09338575455877517
    },
    "21": {
      "val_acc": 0.9177,
      "gpu_hours": 0.09780994163619147
    },
    "22": {
      "val_acc": 0.9232,
      "gpu_hours": 0.10222763372792137
    },
    "23": {
      "val_acc": 0.9249,
      "gpu_hours": 0.1066624817583296
    },
    "24": {
      "val_acc": 0.9257,
      "gpu_hours": 0.11107914752430385
    },
    "25": {
      "val_acc": 0.9276,
      "gpu_hours": 0.11551212734646267
    },
    "26": {
      "val_acc": 0.9255,
      "gpu_hours": 0.11994439237647586
    },
    "27": {
      "val_acc": 0.9283,
      "gpu_hours": 0.12439366426732805
    },
    "28": {
      "val_acc": 0.9279,
      "gpu_hours": 0.12882366047965155
    },
    "29": {
      "val_acc": 0.9283,
      "gpu_hours": 0.13326819837093354
    }
  }
}