{
  "trial_number": 6,
  "params": {
    "lr": 0.0008179499475211679,
    "weight_decay": 0.0001256104370001356,
    "batch_size": 256,
    "dropout": 0.06974693032602092,
    "optimizer": "AdamW",
    "scheduler": "cosine",
    "model": "efficientnet_b0"
  },
  "best_val_acc": 0.7719,
  "total_gpu_hours": 0.07527390076054467,
  "slurm_task": 3,
  "parallel_workers": 1,
  "sampler": "tpe",
  "dataset": "cifar10",
  "device": "cuda",
  "accuracy_thresholds": {},
  "accuracy_curve": {
    "0": {
      "val_acc": 0.3573,
      "gpu_hours": 0.002951393988397386
    },
    "1": {
      "val_acc": 0.4707,
      "gpu_hours": 0.005454562836223179
    },
    "2": {
      "val_acc": 0.5265,
      "gpu_hours": 0.007951800293392606
    },
    "3": {
      "val_acc": 0.5507,
      "gpu_hours": 0.010446512434217665
    },
    "4": {
      "val_acc": 0.592,
      "gpu_hours": 0.01292849216196272
    },
    "5": {
      "val_acc": 0.6167,
      "gpu_hours": 0.015429360999001397
    },
    "6": {
      "val_acc": 0.6479,
      "gpu_hours": 0.01792603227827284
    },
    "7": {
      "val_acc": 0.6614,
      "gpu_hours": 0.020431649022632174
    },
    "8": {
      "val_acc": 0.6751,
      "gpu_hours": 0.02291389286518097
    },
    "9": {
      "val_acc": 0.679,
      "gpu_hours": 0.02540132244427999
    },
    "10": {
      "val_acc": 0.7025,
      "gpu_hours": 0.027890620695220098
    },
    "11": {
      "val_acc": 0.7124,
      "gpu_hours": 0.030388770831955805
    },
    "12": {
      "val_acc": 0.7226,
      "gpu_hours": 0.03288001577059428
    },
    "13": {
      "val_acc": 0.7324,
      "gpu_hours": 0.035378229949209423
    },
    "14": {
      "val_acc": 0.7421,
      "gpu_hours": 0.037889917426639136
    },
    "15": {
      "val_acc": 0.7402,
      "gpu_hours": 0.04039083242416382
    },
    "16": {
      "val_acc": 0.747,
      "gpu_hours": 0.042890035178926256
    },
    "17": {
      "val_acc": 0.7569,
      "gpu_hours": 0.04537474069330427
    },
    "18": {
      "val_acc": 0.7587,
      "gpu_hours": 0.047876828842692905
    },
    "19": {
      "val_acc": 0.7632,
      "gpu_hours": 0.050359838737381826
    },
    "20": {
      "val_acc": 0.7646,
      "gpu_hours": 0.05285320533646477
    },
    "21": {
      "val_acc": 0.7666,
      "gpu_hours": 0.055343107647366
    },
    "22": {
      "val_acc": 0.7662,
      "gpu_hours": 0.05783558481269412
    },
    "23": {
      "val_acc": 0.7704,
      "gpu_hours": 0.0603400582075119
    },
    "24": {
      "val_acc": 0.7708,
      "gpu_hours": 0.06280929896566603
    },
    "25": {
      "val_acc": 0.7708,
      "gpu_hours": 0.06529080986976624
    },
    "26": {
      "val_acc": 0.7716,
      "gpu_hours": 0.06777507715755039
    },
    "27": {
      "val_acc": 0.7701,
      "gpu_hours": 0.07028801328606075
    },
    "28": {
      "val_acc": 0.7712,
      "gpu_hours": 0.07276276621553633
    },
    "29": {
      "val_acc": 0.7719,
      "gpu_hours": 0.07525675819979774
    }
  }
}