{
  "trial_number": 5,
  "params": {
    "lr": 0.0008179499475211679,
    "weight_decay": 0.0001256104370001356,
    "batch_size": 256,
    "dropout": 0.06974693032602092,
    "optimizer": "AdamW",
    "scheduler": "cosine",
    "model": "efficientnet_b0"
  },
  "best_val_acc": 0.7725,
  "total_gpu_hours": 0.07572897613048553,
  "slurm_task": 4,
  "parallel_workers": 1,
  "sampler": "tpe",
  "dataset": "cifar10",
  "device": "cuda",
  "accuracy_thresholds": {},
  "accuracy_curve": {
    "0": {
      "val_acc": 0.3672,
      "gpu_hours": 0.0029495686292648317
    },
    "1": {
      "val_acc": 0.445,
      "gpu_hours": 0.005444881584909227
    },
    "2": {
      "val_acc": 0.5164,
      "gpu_hours": 0.007932311760054694
    },
    "3": {
      "val_acc": 0.5515,
      "gpu_hours": 0.010436232752270168
    },
    "4": {
      "val_acc": 0.5922,
      "gpu_hours": 0.012921371393733554
    },
    "5": {
      "val_acc": 0.6108,
      "gpu_hours": 0.015414077043533325
    },
    "6": {
      "val_acc": 0.6339,
      "gpu_hours": 0.017905048463079665
    },
    "7": {
      "val_acc": 0.6525,
      "gpu_hours": 0.020389069252543978
    },
    "8": {
      "val_acc": 0.6649,
      "gpu_hours": 0.0229017745786243
    },
    "9": {
      "val_acc": 0.6817,
      "gpu_hours": 0.025408007303873697
    },
    "10": {
      "val_acc": 0.6905,
      "gpu_hours": 0.02791944576634301
    },
    "11": {
      "val_acc": 0.7044,
      "gpu_hours": 0.030427948501374986
    },
    "12": {
      "val_acc": 0.7204,
      "gpu_hours": 0.03292744908067915
    },
    "13": {
      "val_acc": 0.7104,
      "gpu_hours": 0.03544312172465854
    },
    "14": {
      "val_acc": 0.7254,
      "gpu_hours": 0.03794173664516873
    },
    "15": {
      "val_acc": 0.7424,
      "gpu_hours": 0.04046969811121623
    },
    "16": {
      "val_acc": 0.7438,
      "gpu_hours": 0.043005557590060764
    },
    "17": {
      "val_acc": 0.7466,
      "gpu_hours": 0.04552877479129368
    },
    "18": {
      "val_acc": 0.7477,
      "gpu_hours": 0.0480452162027359
    },
    "19": {
      "val_acc": 0.7525,
      "gpu_hours": 0.050570717255274455
    },
    "20": {
      "val_acc": 0.7603,
      "gpu_hours": 0.05307664215564728
    },
    "21": {
      "val_acc": 0.7611,
      "gpu_hours": 0.05560468402173784
    },
    "22": {
      "val_acc": 0.7615,
      "gpu_hours": 0.05811740239461263
    },
    "23": {
      "val_acc": 0.7643,
      "gpu_hours": 0.06063440461953481
    },
    "24": {
      "val_acc": 0.769,
      "gpu_hours": 0.06314426077736748
    },
    "25": {
      "val_acc": 0.7683,
      "gpu_hours": 0.06567022416326734
    },
    "26": {
      "val_acc": 0.7725,
      "gpu_hours": 0.06817729294300079
    },
    "27": {
      "val_acc": 0.7724,
      "gpu_hours": 0.07069229629304674
    },
    "28": {
      "val_acc": 0.771,
      "gpu_hours": 0.0732076358795166
    },
    "29": {
      "val_acc": 0.7722,
      "gpu_hours": 0.07571055789788564
    }
  }
}