{
  "trial_number": 42,
  "params": {
    "lr": 0.0009327382417099827,
    "weight_decay": 2.2191271972676474e-05,
    "batch_size": 64,
    "dropout": 0.058817548865029955,
    "optimizer": "AdamW",
    "scheduler": "step",
    "model": "resnet18"
  },
  "best_val_acc": 0.9222,
  "total_gpu_hours": 0.13364426049921246,
  "slurm_task": 19,
  "parallel_workers": 1,
  "sampler": "tpe",
  "dataset": "cifar10",
  "device": "cuda",
  "accuracy_thresholds": {
    "gpu_h_to_80pct": 0.01821058558093177,
    "gpu_h_to_85pct": 0.03149927794933319,
    "gpu_h_to_90pct": 0.06259079251024458
  },
  "accuracy_curve": {
    "0": {
      "val_acc": 0.6178,
      "gpu_hours": 0.004908945957819621
    },
    "1": {
      "val_acc": 0.6546,
      "gpu_hours": 0.009344864951239693
    },
    "2": {
      "val_acc": 0.7666,
      "gpu_hours": 0.013775153226322598
    },
    "3": {
      "val_acc": 0.8023,
      "gpu_hours": 0.01821058558093177
    },
    "4": {
      "val_acc": 0.8169,
      "gpu_hours": 0.022636478609508938
    },
    "5": {
      "val_acc": 0.8478,
      "gpu_hours": 0.02707087238629659
    },
    "6": {
      "val_acc": 0.8513,
      "gpu_hours": 0.03149927794933319
    },
    "7": {
      "val_acc": 0.8601,
      "gpu_hours": 0.03593685898515913
    },
    "8": {
      "val_acc": 0.8649,
      "gpu_hours": 0.04036349342928992
    },
    "9": {
      "val_acc": 0.8763,
      "gpu_hours": 0.04480463736587101
    },
    "10": {
      "val_acc": 0.8962,
      "gpu_hours": 0.04924949765205383
    },
    "11": {
      "val_acc": 0.8978,
      "gpu_hours": 0.053686141702863906
    },
    "12": {
      "val_acc": 0.8945,
      "gpu_hours": 0.05814008375008901
    },
    "13": {
      "val_acc": 0.9011,
      "gpu_hours": 0.06259079251024458
    },
    "14": {
      "val_acc": 0.909,
      "gpu_hours": 0.06703835917843713
    },
    "15": {
      "val_acc": 0.908,
      "gpu_hours": 0.07149089495340984
    },
    "16": {
      "val_acc": 0.906,
      "gpu_hours": 0.07593876825438606
    },
    "17": {
      "val_acc": 0.913,
      "gpu_hours": 0.08037927733527289
    },
    "18": {
      "val_acc": 0.9093,
      "gpu_hours": 0.08483864857090843
    },
    "19": {
      "val_acc": 0.9096,
      "gpu_hours": 0.08926742182837592
    },
    "20": {
      "val_acc": 0.9206,
      "gpu_hours": 0.09369352353943719
    },
    "21": {
      "val_acc": 0.9222,
      "gpu_hours": 0.09812529146671295
    },
    "22": {
      "val_acc": 0.919,
      "gpu_hours": 0.10255047877629599
    },
    "23": {
      "val_acc": 0.9177,
      "gpu_hours": 0.10699849963188171
    },
    "24": {
      "val_acc": 0.9197,
      "gpu_hours": 0.11143330183294084
    },
    "25": {
      "val_acc": 0.9213,
      "gpu_hours": 0.11587593211068048
    },
    "26": {
      "val_acc": 0.9193,
      "gpu_hours": 0.12031523611810473
    },
    "27": {
      "val_acc": 0.9186,
      "gpu_hours": 0.12476074496905008
    },
    "28": {
      "val_acc": 0.9182,
      "gpu_hours": 0.12919905437363519
    },
    "29": {
      "val_acc": 0.9218,
      "gpu_hours": 0.13363176465034485
    }
  }
}