{
  "trial_number": 48,
  "params": {
    "lr": 0.002805448033272726,
    "weight_decay": 0.0009193507380783902,
    "batch_size": 64,
    "dropout": 0.43337305756517214,
    "optimizer": "AdamW",
    "scheduler": "cosine",
    "model": "resnet18"
  },
  "best_val_acc": 0.9186,
  "total_gpu_hours": 0.1341430964734819,
  "slurm_task": 24,
  "parallel_workers": 1,
  "sampler": "tpe",
  "dataset": "cifar10",
  "device": "cuda",
  "accuracy_thresholds": {
    "gpu_h_to_80pct": 0.027164543800883824,
    "gpu_h_to_85pct": 0.03606240623527103,
    "gpu_h_to_90pct": 0.0716675849755605
  },
  "accuracy_curve": {
    "0": {
      "val_acc": 0.5334,
      "gpu_hours": 0.0049287388059828015
    },
    "1": {
      "val_acc": 0.6609,
      "gpu_hours": 0.009377812610732185
    },
    "2": {
      "val_acc": 0.7166,
      "gpu_hours": 0.013821386761135526
    },
    "3": {
      "val_acc": 0.7713,
      "gpu_hours": 0.018265011443032157
    },
    "4": {
      "val_acc": 0.7987,
      "gpu_hours": 0.022717546820640564
    },
    "5": {
      "val_acc": 0.8351,
      "gpu_hours": 0.027164543800883824
    },
    "6": {
      "val_acc": 0.8467,
      "gpu_hours": 0.031618189016977945
    },
    "7": {
      "val_acc": 0.8548,
      "gpu_hours": 0.03606240623527103
    },
    "8": {
      "val_acc": 0.8666,
      "gpu_hours": 0.04051371892293294
    },
    "9": {
      "val_acc": 0.8696,
      "gpu_hours": 0.04496392316288418
    },
    "10": {
      "val_acc": 0.8839,
      "gpu_hours": 0.04941965262095133
    },
    "11": {
      "val_acc": 0.8637,
      "gpu_hours": 0.05387875888082716
    },
    "12": {
      "val_acc": 0.8914,
      "gpu_hours": 0.058321649564637076
    },
    "13": {
      "val_acc": 0.8998,
      "gpu_hours": 0.06276477091842228
    },
    "14": {
      "val_acc": 0.8955,
      "gpu_hours": 0.06720996035469903
    },
    "15": {
      "val_acc": 0.9001,
      "gpu_hours": 0.0716675849755605
    },
    "16": {
      "val_acc": 0.9011,
      "gpu_hours": 0.07612991511821747
    },
    "17": {
      "val_acc": 0.9083,
      "gpu_hours": 0.08058571967813703
    },
    "18": {
      "val_acc": 0.909,
      "gpu_hours": 0.08505405942598979
    },
    "19": {
      "val_acc": 0.9097,
      "gpu_hours": 0.08952864256170061
    },
    "20": {
      "val_acc": 0.9117,
      "gpu_hours": 0.09399358146720463
    },
    "21": {
      "val_acc": 0.9107,
      "gpu_hours": 0.09845038837856716
    },
    "22": {
      "val_acc": 0.913,
      "gpu_hours": 0.10289989398585425
    },
    "23": {
      "val_acc": 0.9149,
      "gpu_hours": 0.10736577265792423
    },
    "24": {
      "val_acc": 0.9152,
      "gpu_hours": 0.11182053996456993
    },
    "25": {
      "val_acc": 0.9149,
      "gpu_hours": 0.11627339820067088
    },
    "26": {
      "val_acc": 0.9182,
      "gpu_hours": 0.12073330985175239
    },
    "27": {
      "val_acc": 0.9186,
      "gpu_hours": 0.12519568834039901
    },
    "28": {
      "val_acc": 0.9186,
      "gpu_hours": 0.1296576116482417
    },
    "29": {
      "val_acc": 0.9174,
      "gpu_hours": 0.13413056671619417
    }
  }
}