{
  "trial_number": 8,
  "params": {
    "lr": 0.0008179499475211679,
    "weight_decay": 0.0001256104370001356,
    "batch_size": 256,
    "dropout": 0.06974693032602092,
    "optimizer": "AdamW",
    "scheduler": "cosine",
    "model": "efficientnet_b0"
  },
  "best_val_acc": 0.7757,
  "total_gpu_hours": 0.07611320561832852,
  "slurm_task": 1,
  "parallel_workers": 1,
  "sampler": "tpe",
  "dataset": "cifar10",
  "device": "cuda",
  "accuracy_thresholds": {},
  "accuracy_curve": {
    "0": {
      "val_acc": 0.3614,
      "gpu_hours": 0.0029865264892578124
    },
    "1": {
      "val_acc": 0.4695,
      "gpu_hours": 0.00551018840736813
    },
    "2": {
      "val_acc": 0.5275,
      "gpu_hours": 0.008044995930459764
    },
    "3": {
      "val_acc": 0.5724,
      "gpu_hours": 0.010555837882889642
    },
    "4": {
      "val_acc": 0.5861,
      "gpu_hours": 0.013099597228897943
    },
    "5": {
      "val_acc": 0.6273,
      "gpu_hours": 0.015617567234569125
    },
    "6": {
      "val_acc": 0.649,
      "gpu_hours": 0.018133485118548075
    },
    "7": {
      "val_acc": 0.6677,
      "gpu_hours": 0.020654725631078084
    },
    "8": {
      "val_acc": 0.6744,
      "gpu_hours": 0.023177394999398127
    },
    "9": {
      "val_acc": 0.6808,
      "gpu_hours": 0.025683784816000196
    },
    "10": {
      "val_acc": 0.7019,
      "gpu_hours": 0.028212021258142258
    },
    "11": {
      "val_acc": 0.7072,
      "gpu_hours": 0.030719645023345947
    },
    "12": {
      "val_acc": 0.7137,
      "gpu_hours": 0.03326011180877685
    },
    "13": {
      "val_acc": 0.7297,
      "gpu_hours": 0.03579559438758426
    },
    "14": {
      "val_acc": 0.7388,
      "gpu_hours": 0.03832512789302402
    },
    "15": {
      "val_acc": 0.7331,
      "gpu_hours": 0.04084519406159719
    },
    "16": {
      "val_acc": 0.7468,
      "gpu_hours": 0.04336116585466597
    },
    "17": {
      "val_acc": 0.7533,
      "gpu_hours": 0.045866419739193386
    },
    "18": {
      "val_acc": 0.758,
      "gpu_hours": 0.04839104367627038
    },
    "19": {
      "val_acc": 0.7574,
      "gpu_hours": 0.05090160886446635
    },
    "20": {
      "val_acc": 0.7649,
      "gpu_hours": 0.053413090043597754
    },
    "21": {
      "val_acc": 0.7627,
      "gpu_hours": 0.05593701614273919
    },
    "22": {
      "val_acc": 0.7687,
      "gpu_hours": 0.05847510516643524
    },
    "23": {
      "val_acc": 0.7696,
      "gpu_hours": 0.06100172976652781
    },
    "24": {
      "val_acc": 0.7699,
      "gpu_hours": 0.06351800825860765
    },
    "25": {
      "val_acc": 0.7726,
      "gpu_hours": 0.06602705187267727
    },
    "26": {
      "val_acc": 0.7757,
      "gpu_hours": 0.06855446014139388
    },
    "27": {
      "val_acc": 0.7754,
      "gpu_hours": 0.07107805112997691
    },
    "28": {
      "val_acc": 0.775,
      "gpu_hours": 0.07357971330483755
    },
    "29": {
      "val_acc": 0.7757,
      "gpu_hours": 0.07609801358646817
    }
  }
}