{
  "trial_number": 38,
  "params": {
    "lr": 0.000959806734728461,
    "weight_decay": 0.00011618979375946606,
    "batch_size": 64,
    "dropout": 0.28084610763171325,
    "optimizer": "AdamW",
    "scheduler": "cosine",
    "model": "resnet18"
  },
  "best_val_acc": 0.922,
  "total_gpu_hours": 0.1337861141231325,
  "slurm_task": 21,
  "parallel_workers": 1,
  "sampler": "tpe",
  "dataset": "cifar10",
  "device": "cuda",
  "accuracy_thresholds": {
    "gpu_h_to_80pct": 0.02286223961247338,
    "gpu_h_to_85pct": 0.03622856054041121,
    "gpu_h_to_90pct": 0.07180283413992988
  },
  "accuracy_curve": {
    "0": {
      "val_acc": 0.5516,
      "gpu_hours": 0.005077747437689039
    },
    "1": {
      "val_acc": 0.6608,
      "gpu_hours": 0.009534599118762546
    },
    "2": {
      "val_acc": 0.7532,
      "gpu_hours": 0.013961744573381212
    },
    "3": {
      "val_acc": 0.7643,
      "gpu_hours": 0.018419727815522088
    },
    "4": {
      "val_acc": 0.8036,
      "gpu_hours": 0.02286223961247338
    },
    "5": {
      "val_acc": 0.8389,
      "gpu_hours": 0.02732221954398685
    },
    "6": {
      "val_acc": 0.8281,
      "gpu_hours": 0.03177832225958506
    },
    "7": {
      "val_acc": 0.8645,
      "gpu_hours": 0.03622856054041121
    },
    "8": {
      "val_acc": 0.8541,
      "gpu_hours": 0.040686689151657955
    },
    "9": {
      "val_acc": 0.865,
      "gpu_hours": 0.045146217611100936
    },
    "10": {
      "val_acc": 0.8862,
      "gpu_hours": 0.04959771924548679
    },
    "11": {
      "val_acc": 0.8882,
      "gpu_hours": 0.05404110338952806
    },
    "12": {
      "val_acc": 0.8878,
      "gpu_hours": 0.05849246932400597
    },
    "13": {
      "val_acc": 0.8974,
      "gpu_hours": 0.06293449329005348
    },
    "14": {
      "val_acc": 0.8992,
      "gpu_hours": 0.06735919502046372
    },
    "15": {
      "val_acc": 0.9001,
      "gpu_hours": 0.07180283413992988
    },
    "16": {
      "val_acc": 0.9083,
      "gpu_hours": 0.07622070292631786
    },
    "17": {
      "val_acc": 0.9084,
      "gpu_hours": 0.0806426966852612
    },
    "18": {
      "val_acc": 0.9134,
      "gpu_hours": 0.08506421201758914
    },
    "19": {
      "val_acc": 0.9152,
      "gpu_hours": 0.08949960456954108
    },
    "20": {
      "val_acc": 0.9135,
      "gpu_hours": 0.0939346491628223
    },
    "21": {
      "val_acc": 0.9108,
      "gpu_hours": 0.09835624661710528
    },
    "22": {
      "val_acc": 0.9175,
      "gpu_hours": 0.10278304874897003
    },
    "23": {
      "val_acc": 0.9175,
      "gpu_hours": 0.10721263382169935
    },
    "24": {
      "val_acc": 0.9169,
      "gpu_hours": 0.11163702978028192
    },
    "25": {
      "val_acc": 0.9215,
      "gpu_hours": 0.11607335646947226
    },
    "26": {
      "val_acc": 0.922,
      "gpu_hours": 0.12050329420301649
    },
    "27": {
      "val_acc": 0.9207,
      "gpu_hours": 0.12493546307086945
    },
    "28": {
      "val_acc": 0.9205,
      "gpu_hours": 0.12935643242465125
    },
    "29": {
      "val_acc": 0.9202,
      "gpu_hours": 0.13377068393760258
    }
  }
}