{
  "trial_number": 60,
  "params": {
    "lr": 0.001791903305468599,
    "weight_decay": 2.7709905019870672e-05,
    "batch_size": 128,
    "dropout": 0.0639515677767102,
    "optimizer": "AdamW",
    "scheduler": "cosine",
    "model": "resnet18"
  },
  "best_val_acc": 0.9195,
  "total_gpu_hours": 0.12563237263096702,
  "slurm_task": 30,
  "parallel_workers": 1,
  "sampler": "tpe",
  "dataset": "cifar10",
  "device": "cuda",
  "accuracy_thresholds": {
    "gpu_h_to_80pct": 0.021334819793701172,
    "gpu_h_to_85pct": 0.029682692951626247,
    "gpu_h_to_90pct": 0.06725155313809712
  },
  "accuracy_curve": {
    "0": {
      "val_acc": 0.5716,
      "gpu_hours": 0.004634763068623013
    },
    "1": {
      "val_acc": 0.6459,
      "gpu_hours": 0.008806498249371847
    },
    "2": {
      "val_acc": 0.7081,
      "gpu_hours": 0.012983596258693272
    },
    "3": {
      "val_acc": 0.7895,
      "gpu_hours": 0.01716429524951511
    },
    "4": {
      "val_acc": 0.8166,
      "gpu_hours": 0.021334819793701172
    },
    "5": {
      "val_acc": 0.8373,
      "gpu_hours": 0.025510760148366292
    },
    "6": {
      "val_acc": 0.8532,
      "gpu_hours": 0.029682692951626247
    },
    "7": {
      "val_acc": 0.8504,
      "gpu_hours": 0.033858090970251296
    },
    "8": {
      "val_acc": 0.8753,
      "gpu_hours": 0.03802931374973721
    },
    "9": {
      "val_acc": 0.8772,
      "gpu_hours": 0.0422081509563658
    },
    "10": {
      "val_acc": 0.8739,
      "gpu_hours": 0.04639770951535967
    },
    "11": {
      "val_acc": 0.8731,
      "gpu_hours": 0.050577835705545214
    },
    "12": {
      "val_acc": 0.8887,
      "gpu_hours": 0.05476606733269162
    },
    "13": {
      "val_acc": 0.8927,
      "gpu_hours": 0.058944532407654654
    },
    "14": {
      "val_acc": 0.8986,
      "gpu_hours": 0.06309271686606938
    },
    "15": {
      "val_acc": 0.9004,
      "gpu_hours": 0.06725155313809712
    },
    "16": {
      "val_acc": 0.895,
      "gpu_hours": 0.07142451306184133
    },
    "17": {
      "val_acc": 0.9044,
      "gpu_hours": 0.0755986084540685
    },
    "18": {
      "val_acc": 0.9053,
      "gpu_hours": 0.07977862603134579
    },
    "19": {
      "val_acc": 0.9094,
      "gpu_hours": 0.08393917282422383
    },
    "20": {
      "val_acc": 0.9109,
      "gpu_hours": 0.08812634030977885
    },
    "21": {
      "val_acc": 0.9147,
      "gpu_hours": 0.09231366813182831
    },
    "22": {
      "val_acc": 0.9166,
      "gpu_hours": 0.09647091620498234
    },
    "23": {
      "val_acc": 0.9165,
      "gpu_hours": 0.10062294761339824
    },
    "24": {
      "val_acc": 0.9167,
      "gpu_hours": 0.10477667113145192
    },
    "25": {
      "val_acc": 0.9179,
      "gpu_hours": 0.1089343829287423
    },
    "26": {
      "val_acc": 0.9184,
      "gpu_hours": 0.1131000037988027
    },
    "27": {
      "val_acc": 0.9192,
      "gpu_hours": 0.11727453337775337
    },
    "28": {
      "val_acc": 0.9186,
      "gpu_hours": 0.12144340528382196
    },
    "29": {
      "val_acc": 0.9195,
      "gpu_hours": 0.12561860965357888
    }
  }
}