{
  "trial_number": 1,
  "params": {
    "lr": 0.0013292918943162175,
    "weight_decay": 0.006351221010640704,
    "batch_size": 64,
    "dropout": 0.07799726016810132,
    "optimizer": "Adam",
    "scheduler": "plateau",
    "model": "resnet18"
  },
  "best_val_acc": 0.4163,
  "total_gpu_hours": 0.1339199431737264,
  "slurm_task": 3,
  "parallel_workers": 1,
  "sampler": "tpe",
  "dataset": "cifar10",
  "device": "cuda",
  "accuracy_thresholds": {},
  "accuracy_curve": {
    "0": {
      "val_acc": 0.2586,
      "gpu_hours": 0.005175657206111484
    },
    "1": {
      "val_acc": 0.1274,
      "gpu_hours": 0.009626452724138895
    },
    "2": {
      "val_acc": 0.3551,
      "gpu_hours": 0.014066961208979288
    },
    "3": {
      "val_acc": 0.3234,
      "gpu_hours": 0.0185116583108902
    },
    "4": {
      "val_acc": 0.3452,
      "gpu_hours": 0.022966343826717802
    },
    "5": {
      "val_acc": 0.2933,
      "gpu_hours": 0.02740158067809211
    },
    "6": {
      "val_acc": 0.3918,
      "gpu_hours": 0.031845459408230255
    },
    "7": {
      "val_acc": 0.4102,
      "gpu_hours": 0.03627183569802178
    },
    "8": {
      "val_acc": 0.3984,
      "gpu_hours": 0.04075585802396139
    },
    "9": {
      "val_acc": 0.4071,
      "gpu_hours": 0.045177190767394175
    },
    "10": {
      "val_acc": 0.4061,
      "gpu_hours": 0.04961794038613637
    },
    "11": {
      "val_acc": 0.4056,
      "gpu_hours": 0.054039210478464765
    },
    "12": {
      "val_acc": 0.4085,
      "gpu_hours": 0.05847295370366838
    },
    "13": {
      "val_acc": 0.4112,
      "gpu_hours": 0.06292258785830604
    },
    "14": {
      "val_acc": 0.4069,
      "gpu_hours": 0.06737519760926565
    },
    "15": {
      "val_acc": 0.4043,
      "gpu_hours": 0.071818288564682
    },
    "16": {
      "val_acc": 0.4049,
      "gpu_hours": 0.07625391165415446
    },
    "17": {
      "val_acc": 0.4078,
      "gpu_hours": 0.08069610403643714
    },
    "18": {
      "val_acc": 0.3993,
      "gpu_hours": 0.0851412668493059
    },
    "19": {
      "val_acc": 0.4104,
      "gpu_hours": 0.08958157863881853
    },
    "20": {
      "val_acc": 0.4163,
      "gpu_hours": 0.0939900615480211
    },
    "21": {
      "val_acc": 0.4042,
      "gpu_hours": 0.09842269579569499
    },
    "22": {
      "val_acc": 0.4073,
      "gpu_hours": 0.10285902195506626
    },
    "23": {
      "val_acc": 0.4117,
      "gpu_hours": 0.10729772302839491
    },
    "24": {
      "val_acc": 0.4145,
      "gpu_hours": 0.11172772076394823
    },
    "25": {
      "val_acc": 0.4072,
      "gpu_hours": 0.11616773976220025
    },
    "26": {
      "val_acc": 0.4103,
      "gpu_hours": 0.12059307793776194
    },
    "27": {
      "val_acc": 0.4049,
      "gpu_hours": 0.12503300435013243
    },
    "28": {
      "val_acc": 0.4054,
      "gpu_hours": 0.12947985642486148
    },
    "29": {
      "val_acc": 0.4076,
      "gpu_hours": 0.13390717698468102
    }
  }
}