{
  "trial_number": 24,
  "params": {
    "lr": 0.007818644093641372,
    "weight_decay": 9.974170144515317e-05,
    "batch_size": 256,
    "dropout": 0.42923078695806477,
    "optimizer": "AdamW",
    "scheduler": "cosine",
    "model": "resnet18"
  },
  "best_val_acc": 0.908,
  "total_gpu_hours": 0.11952319039238823,
  "slurm_task": 13,
  "parallel_workers": 1,
  "sampler": "tpe",
  "dataset": "cifar10",
  "device": "cuda",
  "accuracy_thresholds": {
    "gpu_h_to_80pct": 0.0282614176803165,
    "gpu_h_to_85pct": 0.040150204433335196,
    "gpu_h_to_90pct": 0.0837881416744656
  },
  "accuracy_curve": {
    "0": {
      "val_acc": 0.4531,
      "gpu_hours": 0.004442850947380066
    },
    "1": {
      "val_acc": 0.6035,
      "gpu_hours": 0.008403948479228549
    },
    "2": {
      "val_acc": 0.6322,
      "gpu_hours": 0.012378734548886617
    },
    "3": {
      "val_acc": 0.707,
      "gpu_hours": 0.016346018115679425
    },
    "4": {
      "val_acc": 0.7651,
      "gpu_hours": 0.020307735535833572
    },
    "5": {
      "val_acc": 0.7941,
      "gpu_hours": 0.024288215306070116
    },
    "6": {
      "val_acc": 0.8128,
      "gpu_hours": 0.0282614176803165
    },
    "7": {
      "val_acc": 0.822,
      "gpu_hours": 0.03222737961345249
    },
    "8": {
      "val_acc": 0.8247,
      "gpu_hours": 0.036189036634233264
    },
    "9": {
      "val_acc": 0.8508,
      "gpu_hours": 0.040150204433335196
    },
    "10": {
      "val_acc": 0.8475,
      "gpu_hours": 0.044123109777768454
    },
    "11": {
      "val_acc": 0.8535,
      "gpu_hours": 0.04808293011453416
    },
    "12": {
      "val_acc": 0.8716,
      "gpu_hours": 0.052045929498142664
    },
    "13": {
      "val_acc": 0.8755,
      "gpu_hours": 0.056011567248238456
    },
    "14": {
      "val_acc": 0.8802,
      "gpu_hours": 0.059978638688723246
    },
    "15": {
      "val_acc": 0.8859,
      "gpu_hours": 0.06394538150893317
    },
    "16": {
      "val_acc": 0.8888,
      "gpu_hours": 0.06792330986923642
    },
    "17": {
      "val_acc": 0.8922,
      "gpu_hours": 0.07189136544863382
    },
    "18": {
      "val_acc": 0.8935,
      "gpu_hours": 0.07585570640034146
    },
    "19": {
      "val_acc": 0.8952,
      "gpu_hours": 0.07981390039126078
    },
    "20": {
      "val_acc": 0.9018,
      "gpu_hours": 0.0837881416744656
    },
    "21": {
      "val_acc": 0.9044,
      "gpu_hours": 0.0877533577548133
    },
    "22": {
      "val_acc": 0.9048,
      "gpu_hours": 0.09172571314705742
    },
    "23": {
      "val_acc": 0.9067,
      "gpu_hours": 0.09569514261351691
    },
    "24": {
      "val_acc": 0.9053,
      "gpu_hours": 0.09967387139797211
    },
    "25": {
      "val_acc": 0.9072,
      "gpu_hours": 0.10364015314314101
    },
    "26": {
      "val_acc": 0.9068,
      "gpu_hours": 0.10760963373714023
    },
    "27": {
      "val_acc": 0.908,
      "gpu_hours": 0.11157719022697872
    },
    "28": {
      "val_acc": 0.9076,
      "gpu_hours": 0.1155340513918135
    },
    "29": {
      "val_acc": 0.9074,
      "gpu_hours": 0.11951087905300987
    }
  }
}