{
  "trial_number": 37,
  "params": {
    "lr": 0.0008976500468373196,
    "weight_decay": 6.487573416244312e-05,
    "batch_size": 64,
    "dropout": 0.06556124339413877,
    "optimizer": "AdamW",
    "scheduler": "step",
    "model": "resnet18"
  },
  "best_val_acc": 0.9256,
  "total_gpu_hours": 0.13398500641187033,
  "slurm_task": 20,
  "parallel_workers": 1,
  "sampler": "tpe",
  "dataset": "cifar10",
  "device": "cuda",
  "accuracy_thresholds": {
    "gpu_h_to_80pct": 0.02731041643354628,
    "gpu_h_to_85pct": 0.03620401819547017,
    "gpu_h_to_90pct": 0.058434241943889194
  },
  "accuracy_curve": {
    "0": {
      "val_acc": 0.5654,
      "gpu_hours": 0.005070835881763034
    },
    "1": {
      "val_acc": 0.6948,
      "gpu_hours": 0.009527955518828499
    },
    "2": {
      "val_acc": 0.7581,
      "gpu_hours": 0.013966631624433729
    },
    "3": {
      "val_acc": 0.7694,
      "gpu_hours": 0.018415554165840148
    },
    "4": {
      "val_acc": 0.7987,
      "gpu_hours": 0.022856130533748204
    },
    "5": {
      "val_acc": 0.8281,
      "gpu_hours": 0.02731041643354628
    },
    "6": {
      "val_acc": 0.8495,
      "gpu_hours": 0.031751636465390524
    },
    "7": {
      "val_acc": 0.85,
      "gpu_hours": 0.03620401819547017
    },
    "8": {
      "val_acc": 0.8586,
      "gpu_hours": 0.04064181817902459
    },
    "9": {
      "val_acc": 0.8659,
      "gpu_hours": 0.04509248760011461
    },
    "10": {
      "val_acc": 0.8994,
      "gpu_hours": 0.04953964504930708
    },
    "11": {
      "val_acc": 0.8996,
      "gpu_hours": 0.05398649096488953
    },
    "12": {
      "val_acc": 0.9032,
      "gpu_hours": 0.058434241943889194
    },
    "13": {
      "val_acc": 0.9054,
      "gpu_hours": 0.06287495156129201
    },
    "14": {
      "val_acc": 0.9009,
      "gpu_hours": 0.06731122334798177
    },
    "15": {
      "val_acc": 0.9072,
      "gpu_hours": 0.07175944374667273
    },
    "16": {
      "val_acc": 0.9065,
      "gpu_hours": 0.07620975991090138
    },
    "17": {
      "val_acc": 0.9102,
      "gpu_hours": 0.08066042164961497
    },
    "18": {
      "val_acc": 0.9062,
      "gpu_hours": 0.08509859171178606
    },
    "19": {
      "val_acc": 0.9044,
      "gpu_hours": 0.08955736802683936
    },
    "20": {
      "val_acc": 0.9194,
      "gpu_hours": 0.09401183784008026
    },
    "21": {
      "val_acc": 0.9182,
      "gpu_hours": 0.09846906986501482
    },
    "22": {
      "val_acc": 0.9187,
      "gpu_hours": 0.10290941172175937
    },
    "23": {
      "val_acc": 0.9195,
      "gpu_hours": 0.10737256831592984
    },
    "24": {
      "val_acc": 0.9199,
      "gpu_hours": 0.11182197617159949
    },
    "25": {
      "val_acc": 0.9216,
      "gpu_hours": 0.1162523208061854
    },
    "26": {
      "val_acc": 0.9175,
      "gpu_hours": 0.12068097962273491
    },
    "27": {
      "val_acc": 0.9215,
      "gpu_hours": 0.12511816369162665
    },
    "28": {
      "val_acc": 0.9231,
      "gpu_hours": 0.12954248673386043
    },
    "29": {
      "val_acc": 0.9256,
      "gpu_hours": 0.13397319124804602
    }
  }
}