{
  "trial_number": 36,
  "params": {
    "lr": 0.003570900265873625,
    "weight_decay": 1.2799366263346823e-05,
    "batch_size": 64,
    "dropout": 0.2767030523590945,
    "optimizer": "AdamW",
    "scheduler": "step",
    "model": "resnet18"
  },
  "best_val_acc": 0.9138,
  "total_gpu_hours": 0.13354456861813863,
  "slurm_task": 17,
  "parallel_workers": 1,
  "sampler": "tpe",
  "dataset": "cifar10",
  "device": "cuda",
  "accuracy_thresholds": {
    "gpu_h_to_80pct": 0.027077860567304823,
    "gpu_h_to_85pct": 0.03595372352335188,
    "gpu_h_to_90pct": 0.07585790044731563
  },
  "accuracy_curve": {
    "0": {
      "val_acc": 0.4885,
      "gpu_hours": 0.004911610815260145
    },
    "1": {
      "val_acc": 0.6422,
      "gpu_hours": 0.009352303743362426
    },
    "2": {
      "val_acc": 0.7032,
      "gpu_hours": 0.013791537880897521
    },
    "3": {
      "val_acc": 0.7445,
      "gpu_hours": 0.01821725825468699
    },
    "4": {
      "val_acc": 0.7737,
      "gpu_hours": 0.022647194200091893
    },
    "5": {
      "val_acc": 0.8085,
      "gpu_hours": 0.027077860567304823
    },
    "6": {
      "val_acc": 0.8367,
      "gpu_hours": 0.03151587426662445
    },
    "7": {
      "val_acc": 0.8515,
      "gpu_hours": 0.03595372352335188
    },
    "8": {
      "val_acc": 0.8478,
      "gpu_hours": 0.040388471881548565
    },
    "9": {
      "val_acc": 0.8584,
      "gpu_hours": 0.04482743680477142
    },
    "10": {
      "val_acc": 0.8838,
      "gpu_hours": 0.04927304724852244
    },
    "11": {
      "val_acc": 0.8854,
      "gpu_hours": 0.053700620929400124
    },
    "12": {
      "val_acc": 0.8885,
      "gpu_hours": 0.05813774804274241
    },
    "13": {
      "val_acc": 0.8898,
      "gpu_hours": 0.06257125145859188
    },
    "14": {
      "val_acc": 0.8908,
      "gpu_hours": 0.06699912157323626
    },
    "15": {
      "val_acc": 0.8964,
      "gpu_hours": 0.0714339644379086
    },
    "16": {
      "val_acc": 0.9001,
      "gpu_hours": 0.07585790044731563
    },
    "17": {
      "val_acc": 0.9011,
      "gpu_hours": 0.0802792000108295
    },
    "18": {
      "val_acc": 0.9,
      "gpu_hours": 0.08470775279733869
    },
    "19": {
      "val_acc": 0.9037,
      "gpu_hours": 0.0891399566994773
    },
    "20": {
      "val_acc": 0.9126,
      "gpu_hours": 0.09357230411635505
    },
    "21": {
      "val_acc": 0.9116,
      "gpu_hours": 0.09800551089975569
    },
    "22": {
      "val_acc": 0.9138,
      "gpu_hours": 0.10244229972362519
    },
    "23": {
      "val_acc": 0.9126,
      "gpu_hours": 0.10688071403238508
    },
    "24": {
      "val_acc": 0.9133,
      "gpu_hours": 0.11132788651519351
    },
    "25": {
      "val_acc": 0.9133,
      "gpu_hours": 0.1157687320974138
    },
    "26": {
      "val_acc": 0.9133,
      "gpu_hours": 0.1202019233836068
    },
    "27": {
      "val_acc": 0.9094,
      "gpu_hours": 0.12465543919139438
    },
    "28": {
      "val_acc": 0.9121,
      "gpu_hours": 0.12908778965473175
    },
    "29": {
      "val_acc": 0.9127,
      "gpu_hours": 0.13353240152200063
    }
  }
}