{
  "trial_number": 30,
  "params": {
    "lr": 0.0012848541087783075,
    "weight_decay": 2.5624121827378322e-05,
    "batch_size": 64,
    "dropout": 0.26444315345014213,
    "optimizer": "AdamW",
    "scheduler": "step",
    "model": "resnet18"
  },
  "best_val_acc": 0.9168,
  "total_gpu_hours": 0.13398751417795818,
  "slurm_task": 17,
  "parallel_workers": 1,
  "sampler": "tpe",
  "dataset": "cifar10",
  "device": "cuda",
  "accuracy_thresholds": {
    "gpu_h_to_80pct": 0.0228379006518258,
    "gpu_h_to_85pct": 0.04061423348055945,
    "gpu_h_to_90pct": 0.07173211759991116
  },
  "accuracy_curve": {
    "0": {
      "val_acc": 0.5648,
      "gpu_hours": 0.005085509949260288
    },
    "1": {
      "val_acc": 0.663,
      "gpu_hours": 0.009557495050960117
    },
    "2": {
      "val_acc": 0.7579,
      "gpu_hours": 0.013983354634708829
    },
    "3": {
      "val_acc": 0.7609,
      "gpu_hours": 0.018407758805486892
    },
    "4": {
      "val_acc": 0.8185,
      "gpu_hours": 0.0228379006518258
    },
    "5": {
      "val_acc": 0.8397,
      "gpu_hours": 0.02728436417049832
    },
    "6": {
      "val_acc": 0.8426,
      "gpu_hours": 0.031717304587364194
    },
    "7": {
      "val_acc": 0.8341,
      "gpu_hours": 0.03616708219051361
    },
    "8": {
      "val_acc": 0.8637,
      "gpu_hours": 0.04061423348055945
    },
    "9": {
      "val_acc": 0.848,
      "gpu_hours": 0.04505721562438541
    },
    "10": {
      "val_acc": 0.8961,
      "gpu_hours": 0.04950514098008474
    },
    "11": {
      "val_acc": 0.8961,
      "gpu_hours": 0.05395690712663862
    },
    "12": {
      "val_acc": 0.8933,
      "gpu_hours": 0.05840842578146193
    },
    "13": {
      "val_acc": 0.8948,
      "gpu_hours": 0.06285155521498786
    },
    "14": {
      "val_acc": 0.8979,
      "gpu_hours": 0.06729504677984449
    },
    "15": {
      "val_acc": 0.9001,
      "gpu_hours": 0.07173211759991116
    },
    "16": {
      "val_acc": 0.9024,
      "gpu_hours": 0.07617762843767802
    },
    "17": {
      "val_acc": 0.8997,
      "gpu_hours": 0.08061407493220435
    },
    "18": {
      "val_acc": 0.9027,
      "gpu_hours": 0.0850754236512714
    },
    "19": {
      "val_acc": 0.9041,
      "gpu_hours": 0.08952434162298838
    },
    "20": {
      "val_acc": 0.9147,
      "gpu_hours": 0.09396040194564395
    },
    "21": {
      "val_acc": 0.9121,
      "gpu_hours": 0.09841465459929573
    },
    "22": {
      "val_acc": 0.914,
      "gpu_hours": 0.1028768194384045
    },
    "23": {
      "val_acc": 0.9168,
      "gpu_hours": 0.10732697692182329
    },
    "24": {
      "val_acc": 0.9124,
      "gpu_hours": 0.11177504062652588
    },
    "25": {
      "val_acc": 0.915,
      "gpu_hours": 0.11622121175130208
    },
    "26": {
      "val_acc": 0.9151,
      "gpu_hours": 0.12065235250526005
    },
    "27": {
      "val_acc": 0.9126,
      "gpu_hours": 0.12508893463346693
    },
    "28": {
      "val_acc": 0.9154,
      "gpu_hours": 0.1295410336388482
    },
    "29": {
      "val_acc": 0.9137,
      "gpu_hours": 0.13397466043631237
    }
  }
}