{
  "trial_number": 3,
  "params": {
    "lr": 0.0013292918943162175,
    "weight_decay": 0.006351221010640704,
    "batch_size": 64,
    "dropout": 0.07799726016810132,
    "optimizer": "Adam",
    "scheduler": "plateau",
    "model": "resnet18"
  },
  "best_val_acc": 0.4359,
  "total_gpu_hours": 0.13399152292145622,
  "slurm_task": 5,
  "parallel_workers": 1,
  "sampler": "tpe",
  "dataset": "cifar10",
  "device": "cuda",
  "accuracy_thresholds": {},
  "accuracy_curve": {
    "0": {
      "val_acc": 0.2165,
      "gpu_hours": 0.005093253519799975
    },
    "1": {
      "val_acc": 0.1656,
      "gpu_hours": 0.009552962448861864
    },
    "2": {
      "val_acc": 0.3347,
      "gpu_hours": 0.014001456366644965
    },
    "3": {
      "val_acc": 0.2545,
      "gpu_hours": 0.018444309963120353
    },
    "4": {
      "val_acc": 0.2834,
      "gpu_hours": 0.022892195251252915
    },
    "5": {
      "val_acc": 0.2763,
      "gpu_hours": 0.02733310196134779
    },
    "6": {
      "val_acc": 0.4004,
      "gpu_hours": 0.031782336168819
    },
    "7": {
      "val_acc": 0.4202,
      "gpu_hours": 0.036228434178564285
    },
    "8": {
      "val_acc": 0.4043,
      "gpu_hours": 0.04070918354723189
    },
    "9": {
      "val_acc": 0.4173,
      "gpu_hours": 0.04515199157926771
    },
    "10": {
      "val_acc": 0.4304,
      "gpu_hours": 0.04959257821242014
    },
    "11": {
      "val_acc": 0.4307,
      "gpu_hours": 0.054039412869347464
    },
    "12": {
      "val_acc": 0.4359,
      "gpu_hours": 0.0584943472676807
    },
    "13": {
      "val_acc": 0.4337,
      "gpu_hours": 0.0629351528485616
    },
    "14": {
      "val_acc": 0.4312,
      "gpu_hours": 0.06738513900174035
    },
    "15": {
      "val_acc": 0.4335,
      "gpu_hours": 0.07182993776268429
    },
    "16": {
      "val_acc": 0.4347,
      "gpu_hours": 0.076277507742246
    },
    "17": {
      "val_acc": 0.4303,
      "gpu_hours": 0.08071833153565725
    },
    "18": {
      "val_acc": 0.4335,
      "gpu_hours": 0.0851629161172443
    },
    "19": {
      "val_acc": 0.4344,
      "gpu_hours": 0.08961261709531149
    },
    "20": {
      "val_acc": 0.4348,
      "gpu_hours": 0.09405365579658084
    },
    "21": {
      "val_acc": 0.4327,
      "gpu_hours": 0.09849772287739647
    },
    "22": {
      "val_acc": 0.4324,
      "gpu_hours": 0.102939316895273
    },
    "23": {
      "val_acc": 0.4296,
      "gpu_hours": 0.10738079792923398
    },
    "24": {
      "val_acc": 0.4351,
      "gpu_hours": 0.1118165209558275
    },
    "25": {
      "val_acc": 0.4319,
      "gpu_hours": 0.11626199351416694
    },
    "26": {
      "val_acc": 0.4312,
      "gpu_hours": 0.12070479088359409
    },
    "27": {
      "val_acc": 0.4338,
      "gpu_hours": 0.1251292190949122
    },
    "28": {
      "val_acc": 0.4345,
      "gpu_hours": 0.1295504203107622
    },
    "29": {
      "val_acc": 0.4304,
      "gpu_hours": 0.1339741962485843
    }
  }
}