{
  "trial_number": 5,
  "params": {
    "lr": 0.0013292918943162175,
    "weight_decay": 0.006351221010640704,
    "batch_size": 64,
    "dropout": 0.07799726016810132,
    "optimizer": "Adam",
    "scheduler": "plateau",
    "model": "resnet18"
  },
  "best_val_acc": 0.4361,
  "total_gpu_hours": 0.047037927508354185,
  "slurm_task": 8,
  "parallel_workers": 10,
  "sampler": "tpe",
  "dataset": "cifar10",
  "device": "cuda",
  "accuracy_thresholds": {},
  "accuracy_curve": {
    "0": {
      "val_acc": 0.2138,
      "gpu_hours": 0.002069660425186157
    },
    "1": {
      "val_acc": 0.2857,
      "gpu_hours": 0.0036205547385745576
    },
    "2": {
      "val_acc": 0.3173,
      "gpu_hours": 0.005192208223872715
    },
    "3": {
      "val_acc": 0.3177,
      "gpu_hours": 0.006735557383961148
    },
    "4": {
      "val_acc": 0.2919,
      "gpu_hours": 0.008308177126778497
    },
    "5": {
      "val_acc": 0.4141,
      "gpu_hours": 0.00990377081765069
    },
    "6": {
      "val_acc": 0.4263,
      "gpu_hours": 0.011444566978348626
    },
    "7": {
      "val_acc": 0.4151,
      "gpu_hours": 0.013014683723449707
    },
    "8": {
      "val_acc": 0.4194,
      "gpu_hours": 0.014589170085059272
    },
    "9": {
      "val_acc": 0.4361,
      "gpu_hours": 0.016121003164185417
    },
    "10": {
      "val_acc": 0.4316,
      "gpu_hours": 0.01770823703871833
    },
    "11": {
      "val_acc": 0.4332,
      "gpu_hours": 0.019251237246725294
    },
    "12": {
      "val_acc": 0.4298,
      "gpu_hours": 0.020799049337704975
    },
    "13": {
      "val_acc": 0.4258,
      "gpu_hours": 0.022350278695424396
    },
    "14": {
      "val_acc": 0.4297,
      "gpu_hours": 0.02390546414587233
    },
    "15": {
      "val_acc": 0.4218,
      "gpu_hours": 0.02546756042374505
    },
    "16": {
      "val_acc": 0.4227,
      "gpu_hours": 0.026992526716656154
    },
    "17": {
      "val_acc": 0.4241,
      "gpu_hours": 0.02851890418264601
    },
    "18": {
      "val_acc": 0.4278,
      "gpu_hours": 0.030064122544394598
    },
    "19": {
      "val_acc": 0.4308,
      "gpu_hours": 0.03162017643451691
    },
    "20": {
      "val_acc": 0.4244,
      "gpu_hours": 0.033120766149626835
    },
    "21": {
      "val_acc": 0.4267,
      "gpu_hours": 0.03462818662325541
    },
    "22": {
      "val_acc": 0.4316,
      "gpu_hours": 0.03615446362230513
    },
    "23": {
      "val_acc": 0.4309,
      "gpu_hours": 0.037698715461624996
    },
    "24": {
      "val_acc": 0.4343,
      "gpu_hours": 0.03924282431602478
    },
    "25": {
      "val_acc": 0.4341,
      "gpu_hours": 0.040805307295587324
    },
    "26": {
      "val_acc": 0.4249,
      "gpu_hours": 0.042340660823716056
    },
    "27": {
      "val_acc": 0.4306,
      "gpu_hours": 0.04388326247533163
    },
    "28": {
      "val_acc": 0.429,
      "gpu_hours": 0.04544480668173896
    },
    "29": {
      "val_acc": 0.4338,
      "gpu_hours": 0.04699515660603841
    }
  }
}