{
  "trial_number": 17,
  "params": {
    "lr": 0.0008179499475211679,
    "weight_decay": 0.0001256104370001356,
    "batch_size": 256,
    "dropout": 0.06974693032602092,
    "optimizer": "AdamW",
    "scheduler": "cosine",
    "model": "efficientnet_b0"
  },
  "best_val_acc": 0.7695,
  "total_gpu_hours": 0.03949884096781413,
  "slurm_task": 6,
  "parallel_workers": 10,
  "sampler": "tpe",
  "dataset": "cifar10",
  "device": "cuda",
  "accuracy_thresholds": {},
  "accuracy_curve": {
    "0": {
      "val_acc": 0.3482,
      "gpu_hours": 0.0016554194026523166
    },
    "1": {
      "val_acc": 0.4457,
      "gpu_hours": 0.0029712173011567857
    },
    "2": {
      "val_acc": 0.5141,
      "gpu_hours": 0.0042768524090449015
    },
    "3": {
      "val_acc": 0.5553,
      "gpu_hours": 0.005594291157192654
    },
    "4": {
      "val_acc": 0.5955,
      "gpu_hours": 0.006897595922152201
    },
    "5": {
      "val_acc": 0.6094,
      "gpu_hours": 0.008201100495126512
    },
    "6": {
      "val_acc": 0.6354,
      "gpu_hours": 0.009509551326433817
    },
    "7": {
      "val_acc": 0.6575,
      "gpu_hours": 0.01082408779197269
    },
    "8": {
      "val_acc": 0.6758,
      "gpu_hours": 0.012122964130507575
    },
    "9": {
      "val_acc": 0.6831,
      "gpu_hours": 0.013432359629207188
    },
    "10": {
      "val_acc": 0.6943,
      "gpu_hours": 0.01473445130719079
    },
    "11": {
      "val_acc": 0.7034,
      "gpu_hours": 0.01604575494925181
    },
    "12": {
      "val_acc": 0.7202,
      "gpu_hours": 0.01734930952390035
    },
    "13": {
      "val_acc": 0.7222,
      "gpu_hours": 0.01863260010878245
    },
    "14": {
      "val_acc": 0.7372,
      "gpu_hours": 0.01993092205789354
    },
    "15": {
      "val_acc": 0.7375,
      "gpu_hours": 0.021225509974691602
    },
    "16": {
      "val_acc": 0.7441,
      "gpu_hours": 0.022535780337121752
    },
    "17": {
      "val_acc": 0.7509,
      "gpu_hours": 0.02384291390577952
    },
    "18": {
      "val_acc": 0.753,
      "gpu_hours": 0.025150549676683214
    },
    "19": {
      "val_acc": 0.7563,
      "gpu_hours": 0.02645603398482005
    },
    "20": {
      "val_acc": 0.7642,
      "gpu_hours": 0.027766032351387873
    },
    "21": {
      "val_acc": 0.7661,
      "gpu_hours": 0.029072285228305392
    },
    "22": {
      "val_acc": 0.7686,
      "gpu_hours": 0.030365648402108085
    },
    "23": {
      "val_acc": 0.7667,
      "gpu_hours": 0.03166431605815887
    },
    "24": {
      "val_acc": 0.7677,
      "gpu_hours": 0.03297969453864628
    },
    "25": {
      "val_acc": 0.7675,
      "gpu_hours": 0.034289712177382574
    },
    "26": {
      "val_acc": 0.7689,
      "gpu_hours": 0.035584748519791494
    },
    "27": {
      "val_acc": 0.768,
      "gpu_hours": 0.036879112190670436
    },
    "28": {
      "val_acc": 0.7695,
      "gpu_hours": 0.03818596753809187
    },
    "29": {
      "val_acc": 0.768,
      "gpu_hours": 0.039484889904657997
    }
  }
}