{
  "trial_number": 4,
  "params": {
    "lr": 0.0013292918943162175,
    "weight_decay": 0.006351221010640704,
    "batch_size": 64,
    "dropout": 0.07799726016810132,
    "optimizer": "Adam",
    "scheduler": "plateau",
    "model": "resnet18"
  },
  "best_val_acc": 0.4678,
  "total_gpu_hours": 0.047337873379389446,
  "slurm_task": 3,
  "parallel_workers": 10,
  "sampler": "tpe",
  "dataset": "cifar10",
  "device": "cuda",
  "accuracy_thresholds": {},
  "accuracy_curve": {
    "0": {
      "val_acc": 0.176,
      "gpu_hours": 0.0023727894491619534
    },
    "1": {
      "val_acc": 0.2301,
      "gpu_hours": 0.0039364003472858
    },
    "2": {
      "val_acc": 0.2916,
      "gpu_hours": 0.0054736485746171735
    },
    "3": {
      "val_acc": 0.3128,
      "gpu_hours": 0.00703642553753323
    },
    "4": {
      "val_acc": 0.2772,
      "gpu_hours": 0.008595523171954686
    },
    "5": {
      "val_acc": 0.4251,
      "gpu_hours": 0.010183790061208937
    },
    "6": {
      "val_acc": 0.4354,
      "gpu_hours": 0.011755226453145345
    },
    "7": {
      "val_acc": 0.4331,
      "gpu_hours": 0.013316925168037414
    },
    "8": {
      "val_acc": 0.451,
      "gpu_hours": 0.014890129566192628
    },
    "9": {
      "val_acc": 0.4535,
      "gpu_hours": 0.016470151742299398
    },
    "10": {
      "val_acc": 0.4624,
      "gpu_hours": 0.017992736101150514
    },
    "11": {
      "val_acc": 0.455,
      "gpu_hours": 0.01954672356446584
    },
    "12": {
      "val_acc": 0.4609,
      "gpu_hours": 0.021089973184797498
    },
    "13": {
      "val_acc": 0.462,
      "gpu_hours": 0.02265326029724545
    },
    "14": {
      "val_acc": 0.4577,
      "gpu_hours": 0.024209954473707412
    },
    "15": {
      "val_acc": 0.4656,
      "gpu_hours": 0.025763716896375022
    },
    "16": {
      "val_acc": 0.4648,
      "gpu_hours": 0.027275304728084142
    },
    "17": {
      "val_acc": 0.4648,
      "gpu_hours": 0.028797558612293668
    },
    "18": {
      "val_acc": 0.4662,
      "gpu_hours": 0.03033394760555691
    },
    "19": {
      "val_acc": 0.4644,
      "gpu_hours": 0.031893414855003355
    },
    "20": {
      "val_acc": 0.4667,
      "gpu_hours": 0.03345760981241862
    },
    "21": {
      "val_acc": 0.4603,
      "gpu_hours": 0.034993830455674065
    },
    "22": {
      "val_acc": 0.4665,
      "gpu_hours": 0.03655541876951853
    },
    "23": {
      "val_acc": 0.4647,
      "gpu_hours": 0.038078545464409724
    },
    "24": {
      "val_acc": 0.4608,
      "gpu_hours": 0.03963381436136034
    },
    "25": {
      "val_acc": 0.4627,
      "gpu_hours": 0.04119286689493391
    },
    "26": {
      "val_acc": 0.4629,
      "gpu_hours": 0.04272801068094042
    },
    "27": {
      "val_acc": 0.4678,
      "gpu_hours": 0.04423610819710626
    },
    "28": {
      "val_acc": 0.4584,
      "gpu_hours": 0.04578196452723609
    },
    "29": {
      "val_acc": 0.4635,
      "gpu_hours": 0.04731081114874946
    }
  }
}