{
  "trial_number": 6,
  "params": {
    "lr": 0.0013292918943162175,
    "weight_decay": 0.006351221010640704,
    "batch_size": 64,
    "dropout": 0.07799726016810132,
    "optimizer": "Adam",
    "scheduler": "plateau",
    "model": "resnet18"
  },
  "best_val_acc": 0.4331,
  "total_gpu_hours": 0.046948138342963325,
  "slurm_task": 1,
  "parallel_workers": 10,
  "sampler": "tpe",
  "dataset": "cifar10",
  "device": "cuda",
  "accuracy_thresholds": {},
  "accuracy_curve": {
    "0": {
      "val_acc": 0.2852,
      "gpu_hours": 0.00205157200495402
    },
    "1": {
      "val_acc": 0.3044,
      "gpu_hours": 0.0035942249827914767
    },
    "2": {
      "val_acc": 0.2697,
      "gpu_hours": 0.005127112732993232
    },
    "3": {
      "val_acc": 0.3135,
      "gpu_hours": 0.0066740755240122475
    },
    "4": {
      "val_acc": 0.3073,
      "gpu_hours": 0.008205396864149306
    },
    "5": {
      "val_acc": 0.365,
      "gpu_hours": 0.009799947606192695
    },
    "6": {
      "val_acc": 0.2329,
      "gpu_hours": 0.01134078131781684
    },
    "7": {
      "val_acc": 0.2877,
      "gpu_hours": 0.01287232948674096
    },
    "8": {
      "val_acc": 0.3012,
      "gpu_hours": 0.014388022753927443
    },
    "9": {
      "val_acc": 0.3938,
      "gpu_hours": 0.015940573347939385
    },
    "10": {
      "val_acc": 0.2895,
      "gpu_hours": 0.017489692038959927
    },
    "11": {
      "val_acc": 0.4093,
      "gpu_hours": 0.019034148918257818
    },
    "12": {
      "val_acc": 0.4021,
      "gpu_hours": 0.020603871477974784
    },
    "13": {
      "val_acc": 0.4172,
      "gpu_hours": 0.0221528340710534
    },
    "14": {
      "val_acc": 0.4149,
      "gpu_hours": 0.023702996770540875
    },
    "15": {
      "val_acc": 0.4267,
      "gpu_hours": 0.025229012701246473
    },
    "16": {
      "val_acc": 0.4293,
      "gpu_hours": 0.026800807582007515
    },
    "17": {
      "val_acc": 0.4278,
      "gpu_hours": 0.028392009602652656
    },
    "18": {
      "val_acc": 0.429,
      "gpu_hours": 0.02993552439742618
    },
    "19": {
      "val_acc": 0.4322,
      "gpu_hours": 0.03149143742190467
    },
    "20": {
      "val_acc": 0.4311,
      "gpu_hours": 0.03303203993373447
    },
    "21": {
      "val_acc": 0.4313,
      "gpu_hours": 0.03457488391134474
    },
    "22": {
      "val_acc": 0.4317,
      "gpu_hours": 0.03613760577307807
    },
    "23": {
      "val_acc": 0.4291,
      "gpu_hours": 0.03764830569426219
    },
    "24": {
      "val_acc": 0.4313,
      "gpu_hours": 0.039189159472783404
    },
    "25": {
      "val_acc": 0.4331,
      "gpu_hours": 0.04073266022735172
    },
    "26": {
      "val_acc": 0.4304,
      "gpu_hours": 0.042281785011291505
    },
    "27": {
      "val_acc": 0.4291,
      "gpu_hours": 0.043809250328275894
    },
    "28": {
      "val_acc": 0.4271,
      "gpu_hours": 0.04536294678846995
    },
    "29": {
      "val_acc": 0.4319,
      "gpu_hours": 0.04690868616104126
    }
  }
}