{
  "trial_number": 3,
  "params": {
    "lr": 0.0013292918943162175,
    "weight_decay": 0.006351221010640704,
    "batch_size": 64,
    "dropout": 0.07799726016810132,
    "optimizer": "Adam",
    "scheduler": "plateau",
    "model": "resnet18"
  },
  "best_val_acc": 0.4588,
  "total_gpu_hours": 0.04674184574021233,
  "slurm_task": 7,
  "parallel_workers": 10,
  "sampler": "tpe",
  "dataset": "cifar10",
  "device": "cuda",
  "accuracy_thresholds": {},
  "accuracy_curve": {
    "0": {
      "val_acc": 0.1884,
      "gpu_hours": 0.0020877331495285033
    },
    "1": {
      "val_acc": 0.2614,
      "gpu_hours": 0.0036389878723356458
    },
    "2": {
      "val_acc": 0.334,
      "gpu_hours": 0.005173255337609185
    },
    "3": {
      "val_acc": 0.381,
      "gpu_hours": 0.006698905030886332
    },
    "4": {
      "val_acc": 0.3504,
      "gpu_hours": 0.008221597207917108
    },
    "5": {
      "val_acc": 0.4254,
      "gpu_hours": 0.009768748945660061
    },
    "6": {
      "val_acc": 0.4361,
      "gpu_hours": 0.011301624443795946
    },
    "7": {
      "val_acc": 0.4195,
      "gpu_hours": 0.012862030333942837
    },
    "8": {
      "val_acc": 0.4248,
      "gpu_hours": 0.014403805865181817
    },
    "9": {
      "val_acc": 0.4418,
      "gpu_hours": 0.015976169970300463
    },
    "10": {
      "val_acc": 0.4477,
      "gpu_hours": 0.01751567694875929
    },
    "11": {
      "val_acc": 0.4521,
      "gpu_hours": 0.019057751099268595
    },
    "12": {
      "val_acc": 0.4542,
      "gpu_hours": 0.020597429209285312
    },
    "13": {
      "val_acc": 0.4556,
      "gpu_hours": 0.0221396005153656
    },
    "14": {
      "val_acc": 0.4471,
      "gpu_hours": 0.023691584997706943
    },
    "15": {
      "val_acc": 0.4549,
      "gpu_hours": 0.025217259658707514
    },
    "16": {
      "val_acc": 0.4588,
      "gpu_hours": 0.026773216790623135
    },
    "17": {
      "val_acc": 0.4521,
      "gpu_hours": 0.02830266727341546
    },
    "18": {
      "val_acc": 0.4486,
      "gpu_hours": 0.029860332475768196
    },
    "19": {
      "val_acc": 0.4523,
      "gpu_hours": 0.03138569328520033
    },
    "20": {
      "val_acc": 0.4536,
      "gpu_hours": 0.032927445636855235
    },
    "21": {
      "val_acc": 0.4506,
      "gpu_hours": 0.03445718612935808
    },
    "22": {
      "val_acc": 0.4528,
      "gpu_hours": 0.035984794894854226
    },
    "23": {
      "val_acc": 0.454,
      "gpu_hours": 0.03750771615240309
    },
    "24": {
      "val_acc": 0.4558,
      "gpu_hours": 0.03904975718922085
    },
    "25": {
      "val_acc": 0.4531,
      "gpu_hours": 0.040583478411038716
    },
    "26": {
      "val_acc": 0.45,
      "gpu_hours": 0.042127354012595285
    },
    "27": {
      "val_acc": 0.4531,
      "gpu_hours": 0.043651247885492114
    },
    "28": {
      "val_acc": 0.4531,
      "gpu_hours": 0.04517495632171631
    },
    "29": {
      "val_acc": 0.457,
      "gpu_hours": 0.046719609830114577
    }
  }
}