{
  "trial_number": 0,
  "params": {
    "lr": 0.0013292918943162175,
    "weight_decay": 0.006351221010640704,
    "batch_size": 64,
    "dropout": 0.07799726016810132,
    "optimizer": "Adam",
    "scheduler": "plateau",
    "model": "resnet18"
  },
  "best_val_acc": 0.409,
  "total_gpu_hours": 0.04671508544021183,
  "slurm_task": 5,
  "parallel_workers": 10,
  "sampler": "tpe",
  "dataset": "cifar10",
  "device": "cuda",
  "accuracy_thresholds": {},
  "accuracy_curve": {
    "0": {
      "val_acc": 0.199,
      "gpu_hours": 0.0021255931589338516
    },
    "1": {
      "val_acc": 0.2811,
      "gpu_hours": 0.0037036622232860987
    },
    "2": {
      "val_acc": 0.322,
      "gpu_hours": 0.005280142029126485
    },
    "3": {
      "val_acc": 0.3021,
      "gpu_hours": 0.006838233007325067
    },
    "4": {
      "val_acc": 0.3325,
      "gpu_hours": 0.008382290403048198
    },
    "5": {
      "val_acc": 0.409,
      "gpu_hours": 0.00991383883688185
    },
    "6": {
      "val_acc": 0.3903,
      "gpu_hours": 0.011468308435546028
    },
    "7": {
      "val_acc": 0.3856,
      "gpu_hours": 0.01301247066921658
    },
    "8": {
      "val_acc": 0.3937,
      "gpu_hours": 0.014561954736709595
    },
    "9": {
      "val_acc": 0.4013,
      "gpu_hours": 0.016101915770106844
    },
    "10": {
      "val_acc": 0.4027,
      "gpu_hours": 0.017641377713945177
    },
    "11": {
      "val_acc": 0.4006,
      "gpu_hours": 0.01918713715341356
    },
    "12": {
      "val_acc": 0.398,
      "gpu_hours": 0.02073274811108907
    },
    "13": {
      "val_acc": 0.405,
      "gpu_hours": 0.022270053691334196
    },
    "14": {
      "val_acc": 0.3981,
      "gpu_hours": 0.023806795477867126
    },
    "15": {
      "val_acc": 0.4059,
      "gpu_hours": 0.02532387932141622
    },
    "16": {
      "val_acc": 0.4065,
      "gpu_hours": 0.026862052347924974
    },
    "17": {
      "val_acc": 0.4052,
      "gpu_hours": 0.028399199975861444
    },
    "18": {
      "val_acc": 0.4019,
      "gpu_hours": 0.02992528478304545
    },
    "19": {
      "val_acc": 0.4028,
      "gpu_hours": 0.03144319978025224
    },
    "20": {
      "val_acc": 0.4051,
      "gpu_hours": 0.03296011123392317
    },
    "21": {
      "val_acc": 0.4011,
      "gpu_hours": 0.03445940878656176
    },
    "22": {
      "val_acc": 0.3993,
      "gpu_hours": 0.03600611633724637
    },
    "23": {
      "val_acc": 0.405,
      "gpu_hours": 0.037540948589642846
    },
    "24": {
      "val_acc": 0.4007,
      "gpu_hours": 0.03907556116580963
    },
    "25": {
      "val_acc": 0.4011,
      "gpu_hours": 0.04061312860912747
    },
    "26": {
      "val_acc": 0.404,
      "gpu_hours": 0.042133264276716445
    },
    "27": {
      "val_acc": 0.4025,
      "gpu_hours": 0.043654148313734265
    },
    "28": {
      "val_acc": 0.402,
      "gpu_hours": 0.045181954834196306
    },
    "29": {
      "val_acc": 0.4049,
      "gpu_hours": 0.04669180088573032
    }
  }
}