{
  "trial_number": 12,
  "params": {
    "lr": 0.0008179499475211679,
    "weight_decay": 0.0001256104370001356,
    "batch_size": 256,
    "dropout": 0.06974693032602092,
    "optimizer": "AdamW",
    "scheduler": "cosine",
    "model": "efficientnet_b0"
  },
  "best_val_acc": 0.7691,
  "total_gpu_hours": 0.03939784745375315,
  "slurm_task": 10,
  "parallel_workers": 10,
  "sampler": "tpe",
  "dataset": "cifar10",
  "device": "cuda",
  "accuracy_thresholds": {},
  "accuracy_curve": {
    "0": {
      "val_acc": 0.3638,
      "gpu_hours": 0.001646127634578281
    },
    "1": {
      "val_acc": 0.448,
      "gpu_hours": 0.0029650480217403834
    },
    "2": {
      "val_acc": 0.5127,
      "gpu_hours": 0.004271885355313619
    },
    "3": {
      "val_acc": 0.555,
      "gpu_hours": 0.005566786858770582
    },
    "4": {
      "val_acc": 0.5932,
      "gpu_hours": 0.006859854525989957
    },
    "5": {
      "val_acc": 0.6078,
      "gpu_hours": 0.008153507179684109
    },
    "6": {
      "val_acc": 0.6355,
      "gpu_hours": 0.009459302955203586
    },
    "7": {
      "val_acc": 0.6591,
      "gpu_hours": 0.010759672919909159
    },
    "8": {
      "val_acc": 0.668,
      "gpu_hours": 0.012063746651013693
    },
    "9": {
      "val_acc": 0.6822,
      "gpu_hours": 0.013369697862201267
    },
    "10": {
      "val_acc": 0.6977,
      "gpu_hours": 0.014668964478704664
    },
    "11": {
      "val_acc": 0.7054,
      "gpu_hours": 0.015967363847626582
    },
    "12": {
      "val_acc": 0.7172,
      "gpu_hours": 0.017272925972938537
    },
    "13": {
      "val_acc": 0.7257,
      "gpu_hours": 0.01857744210296207
    },
    "14": {
      "val_acc": 0.7278,
      "gpu_hours": 0.019884449044863382
    },
    "15": {
      "val_acc": 0.735,
      "gpu_hours": 0.02118352221118079
    },
    "16": {
      "val_acc": 0.7438,
      "gpu_hours": 0.02247788084877862
    },
    "17": {
      "val_acc": 0.7486,
      "gpu_hours": 0.02377914316124386
    },
    "18": {
      "val_acc": 0.7479,
      "gpu_hours": 0.025082993374930487
    },
    "19": {
      "val_acc": 0.754,
      "gpu_hours": 0.026382952531178793
    },
    "20": {
      "val_acc": 0.7577,
      "gpu_hours": 0.027690302530924478
    },
    "21": {
      "val_acc": 0.7579,
      "gpu_hours": 0.02899267382091946
    },
    "22": {
      "val_acc": 0.7624,
      "gpu_hours": 0.030293837255901762
    },
    "23": {
      "val_acc": 0.7623,
      "gpu_hours": 0.031586615443229674
    },
    "24": {
      "val_acc": 0.7648,
      "gpu_hours": 0.0328983990351359
    },
    "25": {
      "val_acc": 0.7648,
      "gpu_hours": 0.03419938464959463
    },
    "26": {
      "val_acc": 0.7684,
      "gpu_hours": 0.03549682021141052
    },
    "27": {
      "val_acc": 0.7691,
      "gpu_hours": 0.03678588151931763
    },
    "28": {
      "val_acc": 0.768,
      "gpu_hours": 0.03807359900739458
    },
    "29": {
      "val_acc": 0.768,
      "gpu_hours": 0.03937605294916365
    }
  }
}