{
  "trial_number": 15,
  "params": {
    "lr": 0.0008179499475211679,
    "weight_decay": 0.0001256104370001356,
    "batch_size": 256,
    "dropout": 0.06974693032602092,
    "optimizer": "AdamW",
    "scheduler": "cosine",
    "model": "efficientnet_b0"
  },
  "best_val_acc": 0.7788,
  "total_gpu_hours": 0.039841020041041904,
  "slurm_task": 8,
  "parallel_workers": 10,
  "sampler": "tpe",
  "dataset": "cifar10",
  "device": "cuda",
  "accuracy_thresholds": {},
  "accuracy_curve": {
    "0": {
      "val_acc": 0.3286,
      "gpu_hours": 0.0016576354371176825
    },
    "1": {
      "val_acc": 0.4611,
      "gpu_hours": 0.0029862278699874876
    },
    "2": {
      "val_acc": 0.5033,
      "gpu_hours": 0.004350543485747443
    },
    "3": {
      "val_acc": 0.5755,
      "gpu_hours": 0.005672390063603719
    },
    "4": {
      "val_acc": 0.6053,
      "gpu_hours": 0.006993381844626533
    },
    "5": {
      "val_acc": 0.6366,
      "gpu_hours": 0.008314128120740255
    },
    "6": {
      "val_acc": 0.6605,
      "gpu_hours": 0.009633050825860766
    },
    "7": {
      "val_acc": 0.6809,
      "gpu_hours": 0.010954035189416674
    },
    "8": {
      "val_acc": 0.6934,
      "gpu_hours": 0.012281294531292385
    },
    "9": {
      "val_acc": 0.6978,
      "gpu_hours": 0.013593241373697917
    },
    "10": {
      "val_acc": 0.7206,
      "gpu_hours": 0.014921337498558892
    },
    "11": {
      "val_acc": 0.7205,
      "gpu_hours": 0.016229205131530762
    },
    "12": {
      "val_acc": 0.7342,
      "gpu_hours": 0.017539253764682346
    },
    "13": {
      "val_acc": 0.7352,
      "gpu_hours": 0.018852402766545612
    },
    "14": {
      "val_acc": 0.7374,
      "gpu_hours": 0.020161328845553928
    },
    "15": {
      "val_acc": 0.748,
      "gpu_hours": 0.021478389700253803
    },
    "16": {
      "val_acc": 0.753,
      "gpu_hours": 0.02278382937113444
    },
    "17": {
      "val_acc": 0.7594,
      "gpu_hours": 0.024087326394187078
    },
    "18": {
      "val_acc": 0.7557,
      "gpu_hours": 0.02539789272679223
    },
    "19": {
      "val_acc": 0.7647,
      "gpu_hours": 0.0267093774345186
    },
    "20": {
      "val_acc": 0.7608,
      "gpu_hours": 0.028029509054289924
    },
    "21": {
      "val_acc": 0.7686,
      "gpu_hours": 0.029345179266399807
    },
    "22": {
      "val_acc": 0.7681,
      "gpu_hours": 0.03066389070616828
    },
    "23": {
      "val_acc": 0.7686,
      "gpu_hours": 0.03197340601020389
    },
    "24": {
      "val_acc": 0.7752,
      "gpu_hours": 0.03329051382011838
    },
    "25": {
      "val_acc": 0.7737,
      "gpu_hours": 0.034597264726956685
    },
    "26": {
      "val_acc": 0.7748,
      "gpu_hours": 0.035908277895715504
    },
    "27": {
      "val_acc": 0.7774,
      "gpu_hours": 0.03721417248249054
    },
    "28": {
      "val_acc": 0.7771,
      "gpu_hours": 0.0385243597957823
    },
    "29": {
      "val_acc": 0.7788,
      "gpu_hours": 0.03982395086023543
    }
  }
}