{
  "trial_number": 16,
  "params": {
    "lr": 0.0008179499475211679,
    "weight_decay": 0.0001256104370001356,
    "batch_size": 256,
    "dropout": 0.06974693032602092,
    "optimizer": "AdamW",
    "scheduler": "cosine",
    "model": "efficientnet_b0"
  },
  "best_val_acc": 0.7695,
  "total_gpu_hours": 0.03975897994306352,
  "slurm_task": 3,
  "parallel_workers": 10,
  "sampler": "tpe",
  "dataset": "cifar10",
  "device": "cuda",
  "accuracy_thresholds": {},
  "accuracy_curve": {
    "0": {
      "val_acc": 0.3507,
      "gpu_hours": 0.0016708362764782376
    },
    "1": {
      "val_acc": 0.4691,
      "gpu_hours": 0.002969942887624105
    },
    "2": {
      "val_acc": 0.5356,
      "gpu_hours": 0.0042906026707755195
    },
    "3": {
      "val_acc": 0.5751,
      "gpu_hours": 0.005596291422843933
    },
    "4": {
      "val_acc": 0.6022,
      "gpu_hours": 0.006909978654649523
    },
    "5": {
      "val_acc": 0.6301,
      "gpu_hours": 0.008226984937985737
    },
    "6": {
      "val_acc": 0.6416,
      "gpu_hours": 0.009538391696082222
    },
    "7": {
      "val_acc": 0.6663,
      "gpu_hours": 0.010867297583156162
    },
    "8": {
      "val_acc": 0.6796,
      "gpu_hours": 0.012193143765131632
    },
    "9": {
      "val_acc": 0.6947,
      "gpu_hours": 0.013509760234091017
    },
    "10": {
      "val_acc": 0.7015,
      "gpu_hours": 0.014826277958022223
    },
    "11": {
      "val_acc": 0.7109,
      "gpu_hours": 0.01613235526614719
    },
    "12": {
      "val_acc": 0.7186,
      "gpu_hours": 0.017450833121935527
    },
    "13": {
      "val_acc": 0.72,
      "gpu_hours": 0.018765879869461058
    },
    "14": {
      "val_acc": 0.7378,
      "gpu_hours": 0.020075793597433302
    },
    "15": {
      "val_acc": 0.7393,
      "gpu_hours": 0.021397823558913336
    },
    "16": {
      "val_acc": 0.7447,
      "gpu_hours": 0.02270878871281942
    },
    "17": {
      "val_acc": 0.75,
      "gpu_hours": 0.024006912509600322
    },
    "18": {
      "val_acc": 0.7569,
      "gpu_hours": 0.025324693189726934
    },
    "19": {
      "val_acc": 0.7552,
      "gpu_hours": 0.026650580830044217
    },
    "20": {
      "val_acc": 0.7625,
      "gpu_hours": 0.027967917588022022
    },
    "21": {
      "val_acc": 0.7609,
      "gpu_hours": 0.029282532334327697
    },
    "22": {
      "val_acc": 0.7656,
      "gpu_hours": 0.030602489709854127
    },
    "23": {
      "val_acc": 0.7664,
      "gpu_hours": 0.03190841853618622
    },
    "24": {
      "val_acc": 0.7668,
      "gpu_hours": 0.03321491916974385
    },
    "25": {
      "val_acc": 0.7673,
      "gpu_hours": 0.034530943168534174
    },
    "26": {
      "val_acc": 0.7687,
      "gpu_hours": 0.03583778652879927
    },
    "27": {
      "val_acc": 0.7684,
      "gpu_hours": 0.037149972054693434
    },
    "28": {
      "val_acc": 0.7675,
      "gpu_hours": 0.03846577485402425
    },
    "29": {
      "val_acc": 0.7695,
      "gpu_hours": 0.03974130822552575
    }
  }
}