{
  "trial_number": 13,
  "params": {
    "lr": 0.0008179499475211679,
    "weight_decay": 0.0001256104370001356,
    "batch_size": 256,
    "dropout": 0.06974693032602092,
    "optimizer": "AdamW",
    "scheduler": "cosine",
    "model": "efficientnet_b0"
  },
  "best_val_acc": 0.7818,
  "total_gpu_hours": 0.03987393849425846,
  "slurm_task": 9,
  "parallel_workers": 10,
  "sampler": "tpe",
  "dataset": "cifar10",
  "device": "cuda",
  "accuracy_thresholds": {},
  "accuracy_curve": {
    "0": {
      "val_acc": 0.3518,
      "gpu_hours": 0.0016726696491241456
    },
    "1": {
      "val_acc": 0.4667,
      "gpu_hours": 0.0029840778642230563
    },
    "2": {
      "val_acc": 0.5361,
      "gpu_hours": 0.004316348036130269
    },
    "3": {
      "val_acc": 0.5624,
      "gpu_hours": 0.0056348029772440595
    },
    "4": {
      "val_acc": 0.6038,
      "gpu_hours": 0.00695889757739173
    },
    "5": {
      "val_acc": 0.6296,
      "gpu_hours": 0.00826810896396637
    },
    "6": {
      "val_acc": 0.6625,
      "gpu_hours": 0.009588574833340115
    },
    "7": {
      "val_acc": 0.669,
      "gpu_hours": 0.010900309085845947
    },
    "8": {
      "val_acc": 0.6916,
      "gpu_hours": 0.01222779909769694
    },
    "9": {
      "val_acc": 0.7048,
      "gpu_hours": 0.013548493915134007
    },
    "10": {
      "val_acc": 0.7159,
      "gpu_hours": 0.014863108992576599
    },
    "11": {
      "val_acc": 0.725,
      "gpu_hours": 0.016171758108668857
    },
    "12": {
      "val_acc": 0.728,
      "gpu_hours": 0.017481789853837755
    },
    "13": {
      "val_acc": 0.7396,
      "gpu_hours": 0.01880837122599284
    },
    "14": {
      "val_acc": 0.7479,
      "gpu_hours": 0.02013130631711748
    },
    "15": {
      "val_acc": 0.7479,
      "gpu_hours": 0.02145450406604343
    },
    "16": {
      "val_acc": 0.7549,
      "gpu_hours": 0.02276651084423065
    },
    "17": {
      "val_acc": 0.7531,
      "gpu_hours": 0.02407001601325141
    },
    "18": {
      "val_acc": 0.7633,
      "gpu_hours": 0.025389686226844788
    },
    "19": {
      "val_acc": 0.7629,
      "gpu_hours": 0.026706644826465183
    },
    "20": {
      "val_acc": 0.7689,
      "gpu_hours": 0.028012716174125672
    },
    "21": {
      "val_acc": 0.7712,
      "gpu_hours": 0.029325567815038894
    },
    "22": {
      "val_acc": 0.7709,
      "gpu_hours": 0.030636232429080538
    },
    "23": {
      "val_acc": 0.7752,
      "gpu_hours": 0.031957192354732086
    },
    "24": {
      "val_acc": 0.7747,
      "gpu_hours": 0.03327749934461382
    },
    "25": {
      "val_acc": 0.7776,
      "gpu_hours": 0.03460276060634189
    },
    "26": {
      "val_acc": 0.7792,
      "gpu_hours": 0.0359125985039605
    },
    "27": {
      "val_acc": 0.7818,
      "gpu_hours": 0.03722448613908556
    },
    "28": {
      "val_acc": 0.7816,
      "gpu_hours": 0.03854737586445279
    },
    "29": {
      "val_acc": 0.7808,
      "gpu_hours": 0.03985794723033905
    }
  }
}