{
  "trial_number": 7,
  "params": {
    "lr": 0.0013292918943162175,
    "weight_decay": 0.006351221010640704,
    "batch_size": 64,
    "dropout": 0.07799726016810132,
    "optimizer": "Adam",
    "scheduler": "plateau",
    "model": "resnet18"
  },
  "best_val_acc": 0.4359,
  "total_gpu_hours": 0.046655081311861676,
  "slurm_task": 9,
  "parallel_workers": 10,
  "sampler": "tpe",
  "dataset": "cifar10",
  "device": "cuda",
  "accuracy_thresholds": {},
  "accuracy_curve": {
    "0": {
      "val_acc": 0.2158,
      "gpu_hours": 0.002043957379129198
    },
    "1": {
      "val_acc": 0.2443,
      "gpu_hours": 0.0035709581110212538
    },
    "2": {
      "val_acc": 0.2917,
      "gpu_hours": 0.005096789730919732
    },
    "3": {
      "val_acc": 0.3129,
      "gpu_hours": 0.006633559200498793
    },
    "4": {
      "val_acc": 0.3488,
      "gpu_hours": 0.008181707395447626
    },
    "5": {
      "val_acc": 0.412,
      "gpu_hours": 0.009754872719446818
    },
    "6": {
      "val_acc": 0.4126,
      "gpu_hours": 0.011283980674213833
    },
    "7": {
      "val_acc": 0.4175,
      "gpu_hours": 0.012828634050157335
    },
    "8": {
      "val_acc": 0.4263,
      "gpu_hours": 0.014383997254901462
    },
    "9": {
      "val_acc": 0.4294,
      "gpu_hours": 0.01592841962973277
    },
    "10": {
      "val_acc": 0.4322,
      "gpu_hours": 0.017467710706922743
    },
    "11": {
      "val_acc": 0.4329,
      "gpu_hours": 0.01900757994916704
    },
    "12": {
      "val_acc": 0.4298,
      "gpu_hours": 0.02056017193529341
    },
    "13": {
      "val_acc": 0.4331,
      "gpu_hours": 0.022106962005297343
    },
    "14": {
      "val_acc": 0.4269,
      "gpu_hours": 0.02364386922783322
    },
    "15": {
      "val_acc": 0.4281,
      "gpu_hours": 0.02517840418550703
    },
    "16": {
      "val_acc": 0.4238,
      "gpu_hours": 0.026735987332132127
    },
    "17": {
      "val_acc": 0.4316,
      "gpu_hours": 0.028271989358796015
    },
    "18": {
      "val_acc": 0.4313,
      "gpu_hours": 0.02980932056903839
    },
    "19": {
      "val_acc": 0.4314,
      "gpu_hours": 0.03132116172048781
    },
    "20": {
      "val_acc": 0.4359,
      "gpu_hours": 0.03287195596430037
    },
    "21": {
      "val_acc": 0.431,
      "gpu_hours": 0.034406356281704374
    },
    "22": {
      "val_acc": 0.4258,
      "gpu_hours": 0.035922473205460444
    },
    "23": {
      "val_acc": 0.4335,
      "gpu_hours": 0.0374440242184533
    },
    "24": {
      "val_acc": 0.4283,
      "gpu_hours": 0.03896548569202423
    },
    "25": {
      "val_acc": 0.4296,
      "gpu_hours": 0.04050938758585188
    },
    "26": {
      "val_acc": 0.4322,
      "gpu_hours": 0.042035629285706415
    },
    "27": {
      "val_acc": 0.4295,
      "gpu_hours": 0.043557004398769805
    },
    "28": {
      "val_acc": 0.4315,
      "gpu_hours": 0.0450971610016293
    },
    "29": {
      "val_acc": 0.4298,
      "gpu_hours": 0.0466270469294654
    }
  }
}