{
  "trial_number": 11,
  "params": {
    "lr": 0.0008179499475211679,
    "weight_decay": 0.0001256104370001356,
    "batch_size": 256,
    "dropout": 0.06974693032602092,
    "optimizer": "AdamW",
    "scheduler": "cosine",
    "model": "efficientnet_b0"
  },
  "best_val_acc": 0.776,
  "total_gpu_hours": 0.03953981061776479,
  "slurm_task": 7,
  "parallel_workers": 10,
  "sampler": "tpe",
  "dataset": "cifar10",
  "device": "cuda",
  "accuracy_thresholds": {},
  "accuracy_curve": {
    "0": {
      "val_acc": 0.364,
      "gpu_hours": 0.0016600926054848564
    },
    "1": {
      "val_acc": 0.4574,
      "gpu_hours": 0.002971597048971388
    },
    "2": {
      "val_acc": 0.5225,
      "gpu_hours": 0.004280710617701212
    },
    "3": {
      "val_acc": 0.567,
      "gpu_hours": 0.005589683055877686
    },
    "4": {
      "val_acc": 0.5971,
      "gpu_hours": 0.0069000952773624
    },
    "5": {
      "val_acc": 0.6271,
      "gpu_hours": 0.008201823433240255
    },
    "6": {
      "val_acc": 0.6507,
      "gpu_hours": 0.009510230951839024
    },
    "7": {
      "val_acc": 0.6551,
      "gpu_hours": 0.010816427866617838
    },
    "8": {
      "val_acc": 0.682,
      "gpu_hours": 0.012126570410198635
    },
    "9": {
      "val_acc": 0.6819,
      "gpu_hours": 0.013425898022121853
    },
    "10": {
      "val_acc": 0.6944,
      "gpu_hours": 0.014741058746973673
    },
    "11": {
      "val_acc": 0.7117,
      "gpu_hours": 0.01604491690794627
    },
    "12": {
      "val_acc": 0.7169,
      "gpu_hours": 0.017347418798340692
    },
    "13": {
      "val_acc": 0.7231,
      "gpu_hours": 0.01865237659878201
    },
    "14": {
      "val_acc": 0.7374,
      "gpu_hours": 0.019967051479551527
    },
    "15": {
      "val_acc": 0.7411,
      "gpu_hours": 0.021281029979387918
    },
    "16": {
      "val_acc": 0.7436,
      "gpu_hours": 0.022583235568470424
    },
    "17": {
      "val_acc": 0.7521,
      "gpu_hours": 0.023886619607607525
    },
    "18": {
      "val_acc": 0.7569,
      "gpu_hours": 0.025178621146414015
    },
    "19": {
      "val_acc": 0.7544,
      "gpu_hours": 0.02648342529932658
    },
    "20": {
      "val_acc": 0.7633,
      "gpu_hours": 0.027783868379063076
    },
    "21": {
      "val_acc": 0.7684,
      "gpu_hours": 0.029091296394666035
    },
    "22": {
      "val_acc": 0.7704,
      "gpu_hours": 0.030403905908266703
    },
    "23": {
      "val_acc": 0.7729,
      "gpu_hours": 0.031703551610310875
    },
    "24": {
      "val_acc": 0.7737,
      "gpu_hours": 0.033013098041216535
    },
    "25": {
      "val_acc": 0.7757,
      "gpu_hours": 0.03431122965282864
    },
    "26": {
      "val_acc": 0.7747,
      "gpu_hours": 0.03560326410664452
    },
    "27": {
      "val_acc": 0.7747,
      "gpu_hours": 0.03690915690528022
    },
    "28": {
      "val_acc": 0.776,
      "gpu_hours": 0.038211460378434925
    },
    "29": {
      "val_acc": 0.7748,
      "gpu_hours": 0.039520209961467316
    }
  }
}