{
  "trial_number": 2,
  "params": {
    "lr": 0.0013292918943162175,
    "weight_decay": 0.006351221010640704,
    "batch_size": 64,
    "dropout": 0.07799726016810132,
    "optimizer": "Adam",
    "scheduler": "plateau",
    "model": "resnet18"
  },
  "best_val_acc": 0.4299,
  "total_gpu_hours": 0.046975979871220055,
  "slurm_task": 10,
  "parallel_workers": 10,
  "sampler": "tpe",
  "dataset": "cifar10",
  "device": "cuda",
  "accuracy_thresholds": {},
  "accuracy_curve": {
    "0": {
      "val_acc": 0.1746,
      "gpu_hours": 0.0021732235617107814
    },
    "1": {
      "val_acc": 0.2676,
      "gpu_hours": 0.0037196123600006102
    },
    "2": {
      "val_acc": 0.288,
      "gpu_hours": 0.005294872456126743
    },
    "3": {
      "val_acc": 0.3203,
      "gpu_hours": 0.006839038928349813
    },
    "4": {
      "val_acc": 0.3747,
      "gpu_hours": 0.008410366243786282
    },
    "5": {
      "val_acc": 0.4299,
      "gpu_hours": 0.009976194964514839
    },
    "6": {
      "val_acc": 0.4265,
      "gpu_hours": 0.011531331605381437
    },
    "7": {
      "val_acc": 0.4019,
      "gpu_hours": 0.013087904916869269
    },
    "8": {
      "val_acc": 0.4185,
      "gpu_hours": 0.014649004273944432
    },
    "9": {
      "val_acc": 0.4251,
      "gpu_hours": 0.016198533442285327
    },
    "10": {
      "val_acc": 0.4233,
      "gpu_hours": 0.017759592798021105
    },
    "11": {
      "val_acc": 0.4212,
      "gpu_hours": 0.01930372655391693
    },
    "12": {
      "val_acc": 0.4191,
      "gpu_hours": 0.020842323104540508
    },
    "13": {
      "val_acc": 0.4265,
      "gpu_hours": 0.022399373584323458
    },
    "14": {
      "val_acc": 0.4238,
      "gpu_hours": 0.02395478500260247
    },
    "15": {
      "val_acc": 0.4266,
      "gpu_hours": 0.025503540568881565
    },
    "16": {
      "val_acc": 0.4258,
      "gpu_hours": 0.027055785324838426
    },
    "17": {
      "val_acc": 0.4214,
      "gpu_hours": 0.028572181397014194
    },
    "18": {
      "val_acc": 0.4218,
      "gpu_hours": 0.030113283461994596
    },
    "19": {
      "val_acc": 0.4232,
      "gpu_hours": 0.03161382880475786
    },
    "20": {
      "val_acc": 0.4219,
      "gpu_hours": 0.03313534220059713
    },
    "21": {
      "val_acc": 0.4248,
      "gpu_hours": 0.03467061665323046
    },
    "22": {
      "val_acc": 0.4167,
      "gpu_hours": 0.03621895756986406
    },
    "23": {
      "val_acc": 0.4236,
      "gpu_hours": 0.037774643434418574
    },
    "24": {
      "val_acc": 0.4226,
      "gpu_hours": 0.03931443141566383
    },
    "25": {
      "val_acc": 0.4249,
      "gpu_hours": 0.04084537221325768
    },
    "26": {
      "val_acc": 0.4189,
      "gpu_hours": 0.042372695207595824
    },
    "27": {
      "val_acc": 0.4227,
      "gpu_hours": 0.043891953229904176
    },
    "28": {
      "val_acc": 0.4232,
      "gpu_hours": 0.04542634361320072
    },
    "29": {
      "val_acc": 0.4232,
      "gpu_hours": 0.04695230523745219
    }
  }
}