{
  "trial_number": 18,
  "params": {
    "lr": 0.0008179499475211679,
    "weight_decay": 0.0001256104370001356,
    "batch_size": 256,
    "dropout": 0.06974693032602092,
    "optimizer": "AdamW",
    "scheduler": "cosine",
    "model": "efficientnet_b0"
  },
  "best_val_acc": 0.775,
  "total_gpu_hours": 0.03925102372964223,
  "slurm_task": 4,
  "parallel_workers": 10,
  "sampler": "tpe",
  "dataset": "cifar10",
  "device": "cuda",
  "accuracy_thresholds": {},
  "accuracy_curve": {
    "0": {
      "val_acc": 0.3777,
      "gpu_hours": 0.0016644299692577787
    },
    "1": {
      "val_acc": 0.4651,
      "gpu_hours": 0.002950292362107171
    },
    "2": {
      "val_acc": 0.5092,
      "gpu_hours": 0.004243496987554762
    },
    "3": {
      "val_acc": 0.5664,
      "gpu_hours": 0.0055211941401163735
    },
    "4": {
      "val_acc": 0.586,
      "gpu_hours": 0.006813508205943637
    },
    "5": {
      "val_acc": 0.6151,
      "gpu_hours": 0.008105326824718052
    },
    "6": {
      "val_acc": 0.6337,
      "gpu_hours": 0.009414397014511956
    },
    "7": {
      "val_acc": 0.6572,
      "gpu_hours": 0.010703172749943203
    },
    "8": {
      "val_acc": 0.6606,
      "gpu_hours": 0.011993848217858209
    },
    "9": {
      "val_acc": 0.685,
      "gpu_hours": 0.013295542200406392
    },
    "10": {
      "val_acc": 0.6944,
      "gpu_hours": 0.014585161209106445
    },
    "11": {
      "val_acc": 0.7062,
      "gpu_hours": 0.01588367097907596
    },
    "12": {
      "val_acc": 0.7187,
      "gpu_hours": 0.017179059982299804
    },
    "13": {
      "val_acc": 0.7257,
      "gpu_hours": 0.01847094714641571
    },
    "14": {
      "val_acc": 0.7341,
      "gpu_hours": 0.01975651012526618
    },
    "15": {
      "val_acc": 0.7385,
      "gpu_hours": 0.02106195423338148
    },
    "16": {
      "val_acc": 0.7404,
      "gpu_hours": 0.02236066440741221
    },
    "17": {
      "val_acc": 0.748,
      "gpu_hours": 0.02365081873204973
    },
    "18": {
      "val_acc": 0.7478,
      "gpu_hours": 0.02494030793507894
    },
    "19": {
      "val_acc": 0.7561,
      "gpu_hours": 0.02625539978345235
    },
    "20": {
      "val_acc": 0.7606,
      "gpu_hours": 0.027543731662962173
    },
    "21": {
      "val_acc": 0.7621,
      "gpu_hours": 0.028851891424920825
    },
    "22": {
      "val_acc": 0.7681,
      "gpu_hours": 0.030162553985913595
    },
    "23": {
      "val_acc": 0.7698,
      "gpu_hours": 0.03146876805358463
    },
    "24": {
      "val_acc": 0.7717,
      "gpu_hours": 0.032754293746418424
    },
    "25": {
      "val_acc": 0.7734,
      "gpu_hours": 0.03406805124547747
    },
    "26": {
      "val_acc": 0.7746,
      "gpu_hours": 0.03536345773273044
    },
    "27": {
      "val_acc": 0.773,
      "gpu_hours": 0.03666885144180722
    },
    "28": {
      "val_acc": 0.775,
      "gpu_hours": 0.03795093768172794
    },
    "29": {
      "val_acc": 0.7744,
      "gpu_hours": 0.03923704750008053
    }
  }
}