{
  "trial_number": 10,
  "params": {
    "lr": 0.0008179499475211679,
    "weight_decay": 0.0001256104370001356,
    "batch_size": 256,
    "dropout": 0.06974693032602092,
    "optimizer": "AdamW",
    "scheduler": "cosine",
    "model": "efficientnet_b0"
  },
  "best_val_acc": 0.7726,
  "total_gpu_hours": 0.039108972946802774,
  "slurm_task": 5,
  "parallel_workers": 10,
  "sampler": "tpe",
  "dataset": "cifar10",
  "device": "cuda",
  "accuracy_thresholds": {},
  "accuracy_curve": {
    "0": {
      "val_acc": 0.3712,
      "gpu_hours": 0.0016430044174194336
    },
    "1": {
      "val_acc": 0.4762,
      "gpu_hours": 0.0029374194145202637
    },
    "2": {
      "val_acc": 0.5149,
      "gpu_hours": 0.004233201808399624
    },
    "3": {
      "val_acc": 0.5565,
      "gpu_hours": 0.005521290567186143
    },
    "4": {
      "val_acc": 0.5876,
      "gpu_hours": 0.006813958883285522
    },
    "5": {
      "val_acc": 0.6162,
      "gpu_hours": 0.008101691802342733
    },
    "6": {
      "val_acc": 0.6402,
      "gpu_hours": 0.009384896026717292
    },
    "7": {
      "val_acc": 0.6506,
      "gpu_hours": 0.010671153333452013
    },
    "8": {
      "val_acc": 0.6693,
      "gpu_hours": 0.011967698136965434
    },
    "9": {
      "val_acc": 0.6833,
      "gpu_hours": 0.013255824976497226
    },
    "10": {
      "val_acc": 0.6973,
      "gpu_hours": 0.014545465641551547
    },
    "11": {
      "val_acc": 0.7072,
      "gpu_hours": 0.015837530758645798
    },
    "12": {
      "val_acc": 0.7219,
      "gpu_hours": 0.01713463756773207
    },
    "13": {
      "val_acc": 0.7231,
      "gpu_hours": 0.01841793331835005
    },
    "14": {
      "val_acc": 0.7307,
      "gpu_hours": 0.0196881330675549
    },
    "15": {
      "val_acc": 0.7347,
      "gpu_hours": 0.020981585052278307
    },
    "16": {
      "val_acc": 0.7432,
      "gpu_hours": 0.022277333272827996
    },
    "17": {
      "val_acc": 0.7541,
      "gpu_hours": 0.023586277233229744
    },
    "18": {
      "val_acc": 0.754,
      "gpu_hours": 0.024887764321433175
    },
    "19": {
      "val_acc": 0.7575,
      "gpu_hours": 0.026187438368797302
    },
    "20": {
      "val_acc": 0.7628,
      "gpu_hours": 0.027483495275179546
    },
    "21": {
      "val_acc": 0.7638,
      "gpu_hours": 0.028773731920454237
    },
    "22": {
      "val_acc": 0.7674,
      "gpu_hours": 0.03005988054805332
    },
    "23": {
      "val_acc": 0.7649,
      "gpu_hours": 0.03135123332341512
    },
    "24": {
      "val_acc": 0.7708,
      "gpu_hours": 0.03264646251996358
    },
    "25": {
      "val_acc": 0.7701,
      "gpu_hours": 0.03393883585929871
    },
    "26": {
      "val_acc": 0.7725,
      "gpu_hours": 0.03522212604681651
    },
    "27": {
      "val_acc": 0.7726,
      "gpu_hours": 0.036506680647532146
    },
    "28": {
      "val_acc": 0.7716,
      "gpu_hours": 0.03780092802312639
    },
    "29": {
      "val_acc": 0.7725,
      "gpu_hours": 0.03909486048751407
    }
  }
}