{
  "trial_number": 64,
  "params": {
    "lr": 0.0001394901953554011,
    "weight_decay": 0.0005294830421905366,
    "batch_size": 256,
    "dropout": 0.22200991210964466,
    "optimizer": "SGD",
    "scheduler": "plateau",
    "model": "resnet18",
    "momentum": 0.855631679635897
  },
  "best_val_acc": 0.2071,
  "total_gpu_hours": 0.11736259314748976,
  "slurm_task": 36,
  "parallel_workers": 40,
  "sampler": "random",
  "dataset": "cifar10",
  "device": "cuda",
  "accuracy_thresholds": {},
  "accuracy_curve": {
    "0": {
      "val_acc": 0.1185,
      "gpu_hours": 0.00451842917336358
    },
    "1": {
      "val_acc": 0.1466,
      "gpu_hours": 0.00841197947661082
    },
    "2": {
      "val_acc": 0.1682,
      "gpu_hours": 0.01228771600458357
    },
    "3": {
      "val_acc": 0.1834,
      "gpu_hours": 0.016178979807429845
    },
    "4": {
      "val_acc": 0.1988,
      "gpu_hours": 0.020070665677388508
    },
    "5": {
      "val_acc": 0.1992,
      "gpu_hours": 0.023965255750550165
    },
    "6": {
      "val_acc": 0.2018,
      "gpu_hours": 0.02785409781667921
    },
    "7": {
      "val_acc": 0.2034,
      "gpu_hours": 0.03174412230650584
    },
    "8": {
      "val_acc": 0.206,
      "gpu_hours": 0.03562217262056139
    },
    "9": {
      "val_acc": 0.2047,
      "gpu_hours": 0.039500724805725945
    },
    "10": {
      "val_acc": 0.2054,
      "gpu_hours": 0.04337484935919444
    },
    "11": {
      "val_acc": 0.2054,
      "gpu_hours": 0.047273132933510674
    },
    "12": {
      "val_acc": 0.2057,
      "gpu_hours": 0.051160744229952496
    },
    "13": {
      "val_acc": 0.2067,
      "gpu_hours": 0.05505249970489078
    },
    "14": {
      "val_acc": 0.2064,
      "gpu_hours": 0.0589479132493337
    },
    "15": {
      "val_acc": 0.2062,
      "gpu_hours": 0.0628291000922521
    },
    "16": {
      "val_acc": 0.2058,
      "gpu_hours": 0.06671709424919552
    },
    "17": {
      "val_acc": 0.2071,
      "gpu_hours": 0.07060221287939283
    },
    "18": {
      "val_acc": 0.2059,
      "gpu_hours": 0.07448976794878642
    },
    "19": {
      "val_acc": 0.2053,
      "gpu_hours": 0.07839471929603153
    },
    "20": {
      "val_acc": 0.2058,
      "gpu_hours": 0.0822913138071696
    },
    "21": {
      "val_acc": 0.2045,
      "gpu_hours": 0.08617998798688253
    },
    "22": {
      "val_acc": 0.2065,
      "gpu_hours": 0.09008512437343598
    },
    "23": {
      "val_acc": 0.2066,
      "gpu_hours": 0.09398297164175246
    },
    "24": {
      "val_acc": 0.2058,
      "gpu_hours": 0.09786138660377926
    },
    "25": {
      "val_acc": 0.2036,
      "gpu_hours": 0.10175557560390897
    },
    "26": {
      "val_acc": 0.2064,
      "gpu_hours": 0.10565338326825036
    },
    "27": {
      "val_acc": 0.2058,
      "gpu_hours": 0.10956241971916622
    },
    "28": {
      "val_acc": 0.2066,
      "gpu_hours": 0.1134572254286872
    },
    "29": {
      "val_acc": 0.2067,
      "gpu_hours": 0.11735509415467581
    }
  }
}