{
  "trial_number": 100,
  "params": {
    "lr": 0.013085542549911112,
    "weight_decay": 4.9021401204260905e-05,
    "batch_size": 128,
    "dropout": 0.08788736901566219,
    "optimizer": "Adam",
    "scheduler": "cosine",
    "model": "efficientnet_b0"
  },
  "best_val_acc": 0.7493,
  "total_gpu_hours": 0.09577681170569526,
  "slurm_task": 35,
  "parallel_workers": 40,
  "sampler": "random",
  "dataset": "cifar10",
  "device": "cuda",
  "accuracy_thresholds": {},
  "accuracy_curve": {
    "0": {
      "val_acc": 0.1583,
      "gpu_hours": 0.0036483595106336806
    },
    "1": {
      "val_acc": 0.2919,
      "gpu_hours": 0.006819053093592326
    },
    "2": {
      "val_acc": 0.3303,
      "gpu_hours": 0.009991052746772765
    },
    "3": {
      "val_acc": 0.4168,
      "gpu_hours": 0.01317377891805437
    },
    "4": {
      "val_acc": 0.4478,
      "gpu_hours": 0.01633524974187215
    },
    "5": {
      "val_acc": 0.4892,
      "gpu_hours": 0.019491003751754762
    },
    "6": {
      "val_acc": 0.4452,
      "gpu_hours": 0.022670597500271266
    },
    "7": {
      "val_acc": 0.5399,
      "gpu_hours": 0.025851019554668002
    },
    "8": {
      "val_acc": 0.552,
      "gpu_hours": 0.029027265111605326
    },
    "9": {
      "val_acc": 0.5943,
      "gpu_hours": 0.032251063916418285
    },
    "10": {
      "val_acc": 0.6176,
      "gpu_hours": 0.035400421486960515
    },
    "11": {
      "val_acc": 0.6172,
      "gpu_hours": 0.03857792827818129
    },
    "12": {
      "val_acc": 0.6187,
      "gpu_hours": 0.041776923206117415
    },
    "13": {
      "val_acc": 0.6529,
      "gpu_hours": 0.04496395455466377
    },
    "14": {
      "val_acc": 0.6472,
      "gpu_hours": 0.04810290939278073
    },
    "15": {
      "val_acc": 0.6482,
      "gpu_hours": 0.051264492008421154
    },
    "16": {
      "val_acc": 0.6858,
      "gpu_hours": 0.05446863624784681
    },
    "17": {
      "val_acc": 0.6858,
      "gpu_hours": 0.057657969461547005
    },
    "18": {
      "val_acc": 0.6907,
      "gpu_hours": 0.060845855275789895
    },
    "19": {
      "val_acc": 0.7052,
      "gpu_hours": 0.06402200162410736
    },
    "20": {
      "val_acc": 0.7128,
      "gpu_hours": 0.06721913019816081
    },
    "21": {
      "val_acc": 0.7184,
      "gpu_hours": 0.07039195160071055
    },
    "22": {
      "val_acc": 0.725,
      "gpu_hours": 0.0735523940457238
    },
    "23": {
      "val_acc": 0.7314,
      "gpu_hours": 0.0767279706398646
    },
    "24": {
      "val_acc": 0.7383,
      "gpu_hours": 0.07991803520255619
    },
    "25": {
      "val_acc": 0.7404,
      "gpu_hours": 0.08311863429016537
    },
    "26": {
      "val_acc": 0.7451,
      "gpu_hours": 0.0862762599521213
    },
    "27": {
      "val_acc": 0.745,
      "gpu_hours": 0.0894540384080675
    },
    "28": {
      "val_acc": 0.748,
      "gpu_hours": 0.09259654919306437
    },
    "29": {
      "val_acc": 0.7493,
      "gpu_hours": 0.09576988332801395
    }
  }
}