{
  "trial_number": 102,
  "params": {
    "lr": 0.0009346411286040066,
    "weight_decay": 1.475050994912324e-05,
    "batch_size": 256,
    "dropout": 0.3643554152205867,
    "optimizer": "Adam",
    "scheduler": "plateau",
    "model": "efficientnet_b0"
  },
  "best_val_acc": 0.6706,
  "total_gpu_hours": 0.07654616733392079,
  "slurm_task": 9,
  "parallel_workers": 40,
  "sampler": "random",
  "dataset": "cifar10",
  "device": "cuda",
  "accuracy_thresholds": {},
  "accuracy_curve": {
    "0": {
      "val_acc": 0.3759,
      "gpu_hours": 0.003002006279097663
    },
    "1": {
      "val_acc": 0.4512,
      "gpu_hours": 0.0055346984333462185
    },
    "2": {
      "val_acc": 0.5083,
      "gpu_hours": 0.008071051173739963
    },
    "3": {
      "val_acc": 0.5685,
      "gpu_hours": 0.01061431884765625
    },
    "4": {
      "val_acc": 0.6088,
      "gpu_hours": 0.013159246113565233
    },
    "5": {
      "val_acc": 0.6483,
      "gpu_hours": 0.015716429352760315
    },
    "6": {
      "val_acc": 0.6513,
      "gpu_hours": 0.018239589929580687
    },
    "7": {
      "val_acc": 0.6579,
      "gpu_hours": 0.02077954888343811
    },
    "8": {
      "val_acc": 0.6647,
      "gpu_hours": 0.023311212327745225
    },
    "9": {
      "val_acc": 0.6664,
      "gpu_hours": 0.025852396885553994
    },
    "10": {
      "val_acc": 0.6683,
      "gpu_hours": 0.028376521997981602
    },
    "11": {
      "val_acc": 0.6687,
      "gpu_hours": 0.03091043810049693
    },
    "12": {
      "val_acc": 0.6684,
      "gpu_hours": 0.033431481983926564
    },
    "13": {
      "val_acc": 0.6683,
      "gpu_hours": 0.035980520513322616
    },
    "14": {
      "val_acc": 0.6681,
      "gpu_hours": 0.0385134842660692
    },
    "15": {
      "val_acc": 0.6669,
      "gpu_hours": 0.04104616112179226
    },
    "16": {
      "val_acc": 0.6683,
      "gpu_hours": 0.043582365579075286
    },
    "17": {
      "val_acc": 0.6683,
      "gpu_hours": 0.04611137284172906
    },
    "18": {
      "val_acc": 0.6704,
      "gpu_hours": 0.04865568008687761
    },
    "19": {
      "val_acc": 0.6693,
      "gpu_hours": 0.05118471450275845
    },
    "20": {
      "val_acc": 0.6702,
      "gpu_hours": 0.05373566952016619
    },
    "21": {
      "val_acc": 0.6693,
      "gpu_hours": 0.05627543614970313
    },
    "22": {
      "val_acc": 0.6689,
      "gpu_hours": 0.05883110225200653
    },
    "23": {
      "val_acc": 0.6706,
      "gpu_hours": 0.06135560141669379
    },
    "24": {
      "val_acc": 0.6703,
      "gpu_hours": 0.06389341221915351
    },
    "25": {
      "val_acc": 0.6704,
      "gpu_hours": 0.06641023344463773
    },
    "26": {
      "val_acc": 0.6697,
      "gpu_hours": 0.06895751244492002
    },
    "27": {
      "val_acc": 0.6694,
      "gpu_hours": 0.0714879428015815
    },
    "28": {
      "val_acc": 0.6692,
      "gpu_hours": 0.07400735874970754
    },
    "29": {
      "val_acc": 0.6698,
      "gpu_hours": 0.0765392851167255
    }
  }
}