{
  "trial_number": 66,
  "params": {
    "lr": 0.05719092164999413,
    "weight_decay": 0.00037049504124192186,
    "batch_size": 64,
    "dropout": 0.3940010290182459,
    "optimizer": "Adam",
    "scheduler": "plateau",
    "model": "resnet18"
  },
  "best_val_acc": 0.3586,
  "total_gpu_hours": 0.1344066396024492,
  "slurm_task": 35,
  "parallel_workers": 40,
  "sampler": "random",
  "dataset": "cifar10",
  "device": "cuda",
  "accuracy_thresholds": {},
  "accuracy_curve": {
    "0": {
      "val_acc": 0.106,
      "gpu_hours": 0.005085932281282213
    },
    "1": {
      "val_acc": 0.1667,
      "gpu_hours": 0.009559437500105964
    },
    "2": {
      "val_acc": 0.138,
      "gpu_hours": 0.014029110603862338
    },
    "3": {
      "val_acc": 0.1,
      "gpu_hours": 0.018496657013893126
    },
    "4": {
      "val_acc": 0.1496,
      "gpu_hours": 0.02296190665827857
    },
    "5": {
      "val_acc": 0.1292,
      "gpu_hours": 0.02741467038790385
    },
    "6": {
      "val_acc": 0.1661,
      "gpu_hours": 0.03187159670723809
    },
    "7": {
      "val_acc": 0.1527,
      "gpu_hours": 0.03633554624186622
    },
    "8": {
      "val_acc": 0.2592,
      "gpu_hours": 0.0408003161350886
    },
    "9": {
      "val_acc": 0.256,
      "gpu_hours": 0.045265071590741474
    },
    "10": {
      "val_acc": 0.2364,
      "gpu_hours": 0.04972775545385149
    },
    "11": {
      "val_acc": 0.2964,
      "gpu_hours": 0.05419577029016283
    },
    "12": {
      "val_acc": 0.3322,
      "gpu_hours": 0.058642402556207444
    },
    "13": {
      "val_acc": 0.3421,
      "gpu_hours": 0.06310400691297319
    },
    "14": {
      "val_acc": 0.3438,
      "gpu_hours": 0.0675506599744161
    },
    "15": {
      "val_acc": 0.3501,
      "gpu_hours": 0.07201394736766815
    },
    "16": {
      "val_acc": 0.3546,
      "gpu_hours": 0.0764579223924213
    },
    "17": {
      "val_acc": 0.3529,
      "gpu_hours": 0.08091042770279779
    },
    "18": {
      "val_acc": 0.3551,
      "gpu_hours": 0.08536919355392455
    },
    "19": {
      "val_acc": 0.3562,
      "gpu_hours": 0.08982946945561303
    },
    "20": {
      "val_acc": 0.3551,
      "gpu_hours": 0.0942955066760381
    },
    "21": {
      "val_acc": 0.3562,
      "gpu_hours": 0.09875147375795576
    },
    "22": {
      "val_acc": 0.3579,
      "gpu_hours": 0.10320335600111219
    },
    "23": {
      "val_acc": 0.3573,
      "gpu_hours": 0.10765791548622979
    },
    "24": {
      "val_acc": 0.3547,
      "gpu_hours": 0.11211862643559774
    },
    "25": {
      "val_acc": 0.3559,
      "gpu_hours": 0.11657433569431305
    },
    "26": {
      "val_acc": 0.3568,
      "gpu_hours": 0.1210265552997589
    },
    "27": {
      "val_acc": 0.3586,
      "gpu_hours": 0.12548356937037575
    },
    "28": {
      "val_acc": 0.3572,
      "gpu_hours": 0.12994464894135793
    },
    "29": {
      "val_acc": 0.3553,
      "gpu_hours": 0.134399093720648
    }
  }
}