{
  "trial_number": 73,
  "params": {
    "lr": 0.08965521402272686,
    "weight_decay": 2.1560015267633803e-05,
    "batch_size": 64,
    "dropout": 0.40668297659103025,
    "optimizer": "AdamW",
    "scheduler": "cosine",
    "model": "resnet18"
  },
  "best_val_acc": 0.8845,
  "total_gpu_hours": 0.13355586018827226,
  "slurm_task": 14,
  "parallel_workers": 40,
  "sampler": "random",
  "dataset": "cifar10",
  "device": "cuda",
  "accuracy_thresholds": {
    "gpu_h_to_80pct": 0.0628891051477856,
    "gpu_h_to_85pct": 0.08499083684550392
  },
  "accuracy_curve": {
    "0": {
      "val_acc": 0.3148,
      "gpu_hours": 0.005425881346066793
    },
    "1": {
      "val_acc": 0.3746,
      "gpu_hours": 0.009845340119467841
    },
    "2": {
      "val_acc": 0.4092,
      "gpu_hours": 0.014263473881615533
    },
    "3": {
      "val_acc": 0.498,
      "gpu_hours": 0.018673844867282442
    },
    "4": {
      "val_acc": 0.5902,
      "gpu_hours": 0.023088749912050035
    },
    "5": {
      "val_acc": 0.6057,
      "gpu_hours": 0.027511068847444323
    },
    "6": {
      "val_acc": 0.6857,
      "gpu_hours": 0.03193738294972314
    },
    "7": {
      "val_acc": 0.6949,
      "gpu_hours": 0.03636270801226298
    },
    "8": {
      "val_acc": 0.746,
      "gpu_hours": 0.04078906887107425
    },
    "9": {
      "val_acc": 0.7618,
      "gpu_hours": 0.04520030975341797
    },
    "10": {
      "val_acc": 0.7879,
      "gpu_hours": 0.0496208385626475
    },
    "11": {
      "val_acc": 0.7981,
      "gpu_hours": 0.05404579387770759
    },
    "12": {
      "val_acc": 0.793,
      "gpu_hours": 0.05846722920735677
    },
    "13": {
      "val_acc": 0.8321,
      "gpu_hours": 0.0628891051477856
    },
    "14": {
      "val_acc": 0.8323,
      "gpu_hours": 0.06730834583441417
    },
    "15": {
      "val_acc": 0.84,
      "gpu_hours": 0.07172701206472185
    },
    "16": {
      "val_acc": 0.8442,
      "gpu_hours": 0.0761412720547782
    },
    "17": {
      "val_acc": 0.8459,
      "gpu_hours": 0.08057450963391198
    },
    "18": {
      "val_acc": 0.8639,
      "gpu_hours": 0.08499083684550392
    },
    "19": {
      "val_acc": 0.8668,
      "gpu_hours": 0.08940668662389119
    },
    "20": {
      "val_acc": 0.8711,
      "gpu_hours": 0.09380905164612664
    },
    "21": {
      "val_acc": 0.868,
      "gpu_hours": 0.09823079221778445
    },
    "22": {
      "val_acc": 0.8741,
      "gpu_hours": 0.10264915426572165
    },
    "23": {
      "val_acc": 0.8769,
      "gpu_hours": 0.10706549353069729
    },
    "24": {
      "val_acc": 0.8783,
      "gpu_hours": 0.11148740258481768
    },
    "25": {
      "val_acc": 0.8799,
      "gpu_hours": 0.11589414159456889
    },
    "26": {
      "val_acc": 0.8837,
      "gpu_hours": 0.12031160043345557
    },
    "27": {
      "val_acc": 0.8828,
      "gpu_hours": 0.12472395565774706
    },
    "28": {
      "val_acc": 0.8845,
      "gpu_hours": 0.12912888122929467
    },
    "29": {
      "val_acc": 0.8836,
      "gpu_hours": 0.13354918585883246
    }
  }
}