{
  "trial_number": 48,
  "params": {
    "lr": 0.059170514656475756,
    "weight_decay": 4.280379960396374e-06,
    "batch_size": 64,
    "dropout": 0.1409698834314564,
    "optimizer": "Adam",
    "scheduler": "cosine",
    "model": "resnet34"
  },
  "best_val_acc": 0.6723,
  "total_gpu_hours": 0.23510172665119172,
  "slurm_task": 17,
  "parallel_workers": 40,
  "sampler": "random",
  "dataset": "cifar10",
  "device": "cuda",
  "accuracy_thresholds": {},
  "accuracy_curve": {
    "0": {
      "val_acc": 0.2401,
      "gpu_hours": 0.008779089053471884
    },
    "1": {
      "val_acc": 0.3546,
      "gpu_hours": 0.016588308877415126
    },
    "2": {
      "val_acc": 0.4111,
      "gpu_hours": 0.024407030608918932
    },
    "3": {
      "val_acc": 0.4515,
      "gpu_hours": 0.032222936749458315
    },
    "4": {
      "val_acc": 0.4011,
      "gpu_hours": 0.040032051139407686
    },
    "5": {
      "val_acc": 0.4532,
      "gpu_hours": 0.04784179415967729
    },
    "6": {
      "val_acc": 0.3463,
      "gpu_hours": 0.055646897421942815
    },
    "7": {
      "val_acc": 0.5076,
      "gpu_hours": 0.0634487764040629
    },
    "8": {
      "val_acc": 0.4934,
      "gpu_hours": 0.07125323726071252
    },
    "9": {
      "val_acc": 0.4996,
      "gpu_hours": 0.07905551195144653
    },
    "10": {
      "val_acc": 0.4825,
      "gpu_hours": 0.08685607863797082
    },
    "11": {
      "val_acc": 0.283,
      "gpu_hours": 0.09466548403104147
    },
    "12": {
      "val_acc": 0.5753,
      "gpu_hours": 0.1024685561656952
    },
    "13": {
      "val_acc": 0.5822,
      "gpu_hours": 0.11027593930562338
    },
    "14": {
      "val_acc": 0.5731,
      "gpu_hours": 0.11809278792805142
    },
    "15": {
      "val_acc": 0.5973,
      "gpu_hours": 0.12589997781647577
    },
    "16": {
      "val_acc": 0.5492,
      "gpu_hours": 0.13370663709110683
    },
    "17": {
      "val_acc": 0.6196,
      "gpu_hours": 0.14150820116202037
    },
    "18": {
      "val_acc": 0.6109,
      "gpu_hours": 0.14932133277257284
    },
    "19": {
      "val_acc": 0.6273,
      "gpu_hours": 0.1571375760767195
    },
    "20": {
      "val_acc": 0.6375,
      "gpu_hours": 0.16494364745087095
    },
    "21": {
      "val_acc": 0.6268,
      "gpu_hours": 0.1727445469962226
    },
    "22": {
      "val_acc": 0.6466,
      "gpu_hours": 0.1805454472700755
    },
    "23": {
      "val_acc": 0.6569,
      "gpu_hours": 0.18833679258823394
    },
    "24": {
      "val_acc": 0.6568,
      "gpu_hours": 0.19612702104780408
    },
    "25": {
      "val_acc": 0.6659,
      "gpu_hours": 0.2039241976208157
    },
    "26": {
      "val_acc": 0.6679,
      "gpu_hours": 0.21171419580777487
    },
    "27": {
      "val_acc": 0.6685,
      "gpu_hours": 0.2195048095120324
    },
    "28": {
      "val_acc": 0.6708,
      "gpu_hours": 0.22729603628317516
    },
    "29": {
      "val_acc": 0.6723,
      "gpu_hours": 0.23509232878684996
    }
  }
}