{
  "trial_number": 101,
  "params": {
    "lr": 0.000574728927859342,
    "weight_decay": 0.000760101648257675,
    "batch_size": 64,
    "dropout": 0.08769226282615988,
    "optimizer": "Adam",
    "scheduler": "plateau",
    "model": "efficientnet_b0"
  },
  "best_val_acc": 0.6572,
  "total_gpu_hours": 0.17137736101945242,
  "slurm_task": 12,
  "parallel_workers": 40,
  "sampler": "random",
  "dataset": "cifar10",
  "device": "cuda",
  "accuracy_thresholds": {},
  "accuracy_curve": {
    "0": {
      "val_acc": 0.3639,
      "gpu_hours": 0.006407416926489936
    },
    "1": {
      "val_acc": 0.3889,
      "gpu_hours": 0.012325437797440423
    },
    "2": {
      "val_acc": 0.507,
      "gpu_hours": 0.018251722719934253
    },
    "3": {
      "val_acc": 0.5365,
      "gpu_hours": 0.024156799382633633
    },
    "4": {
      "val_acc": 0.5802,
      "gpu_hours": 0.03007044878270891
    },
    "5": {
      "val_acc": 0.631,
      "gpu_hours": 0.03597735265890757
    },
    "6": {
      "val_acc": 0.6422,
      "gpu_hours": 0.04188373982906342
    },
    "7": {
      "val_acc": 0.6417,
      "gpu_hours": 0.047813181744681466
    },
    "8": {
      "val_acc": 0.6486,
      "gpu_hours": 0.053756631679005094
    },
    "9": {
      "val_acc": 0.654,
      "gpu_hours": 0.05956142352686988
    },
    "10": {
      "val_acc": 0.6564,
      "gpu_hours": 0.06530245694849227
    },
    "11": {
      "val_acc": 0.6572,
      "gpu_hours": 0.07108289420604706
    },
    "12": {
      "val_acc": 0.6548,
      "gpu_hours": 0.07682913839817047
    },
    "13": {
      "val_acc": 0.6531,
      "gpu_hours": 0.08257974180910323
    },
    "14": {
      "val_acc": 0.655,
      "gpu_hours": 0.08834916565153333
    },
    "15": {
      "val_acc": 0.6545,
      "gpu_hours": 0.0941213074657652
    },
    "16": {
      "val_acc": 0.6552,
      "gpu_hours": 0.09989836752414703
    },
    "17": {
      "val_acc": 0.6551,
      "gpu_hours": 0.10565803289413452
    },
    "18": {
      "val_acc": 0.6533,
      "gpu_hours": 0.11143679122130076
    },
    "19": {
      "val_acc": 0.6489,
      "gpu_hours": 0.11721091197596656
    },
    "20": {
      "val_acc": 0.657,
      "gpu_hours": 0.12285879466268751
    },
    "21": {
      "val_acc": 0.6571,
      "gpu_hours": 0.12843096547656588
    },
    "22": {
      "val_acc": 0.6545,
      "gpu_hours": 0.1339734137058258
    },
    "23": {
      "val_acc": 0.6544,
      "gpu_hours": 0.13932354715135362
    },
    "24": {
      "val_acc": 0.6548,
      "gpu_hours": 0.14465507182810042
    },
    "25": {
      "val_acc": 0.6501,
      "gpu_hours": 0.14998631589942507
    },
    "26": {
      "val_acc": 0.6538,
      "gpu_hours": 0.15532950593365563
    },
    "27": {
      "val_acc": 0.655,
      "gpu_hours": 0.16066885689894359
    },
    "28": {
      "val_acc": 0.6518,
      "gpu_hours": 0.1660226951705085
    },
    "29": {
      "val_acc": 0.6542,
      "gpu_hours": 0.1713694171110789
    }
  }
}