{
  "trial_number": 65,
  "params": {
    "lr": 0.005091205889496451,
    "weight_decay": 1.8359333475707139e-06,
    "batch_size": 128,
    "dropout": 0.27213790821241696,
    "optimizer": "Adam",
    "scheduler": "cosine",
    "model": "resnet18"
  },
  "best_val_acc": 0.9221,
  "total_gpu_hours": 0.12556245538923475,
  "slurm_task": 33,
  "parallel_workers": 40,
  "sampler": "random",
  "dataset": "cifar10",
  "device": "cuda",
  "accuracy_thresholds": {
    "gpu_h_to_80pct": 0.029757594201299878,
    "gpu_h_to_85pct": 0.0422659883234236,
    "gpu_h_to_90pct": 0.07972880575391982
  },
  "accuracy_curve": {
    "0": {
      "val_acc": 0.4255,
      "gpu_hours": 0.004796373645464579
    },
    "1": {
      "val_acc": 0.5777,
      "gpu_hours": 0.008954108821021186
    },
    "2": {
      "val_acc": 0.6576,
      "gpu_hours": 0.01311845666832394
    },
    "3": {
      "val_acc": 0.6995,
      "gpu_hours": 0.017285921507411532
    },
    "4": {
      "val_acc": 0.7408,
      "gpu_hours": 0.021447991331418354
    },
    "5": {
      "val_acc": 0.7997,
      "gpu_hours": 0.02559993611441718
    },
    "6": {
      "val_acc": 0.8111,
      "gpu_hours": 0.029757594201299878
    },
    "7": {
      "val_acc": 0.8187,
      "gpu_hours": 0.03392716315057542
    },
    "8": {
      "val_acc": 0.8255,
      "gpu_hours": 0.038094666401545206
    },
    "9": {
      "val_acc": 0.8545,
      "gpu_hours": 0.0422659883234236
    },
    "10": {
      "val_acc": 0.8607,
      "gpu_hours": 0.04642207298013899
    },
    "11": {
      "val_acc": 0.8777,
      "gpu_hours": 0.050578581227196585
    },
    "12": {
      "val_acc": 0.8686,
      "gpu_hours": 0.054738631712065805
    },
    "13": {
      "val_acc": 0.8876,
      "gpu_hours": 0.0589017606443829
    },
    "14": {
      "val_acc": 0.8912,
      "gpu_hours": 0.06306622644265493
    },
    "15": {
      "val_acc": 0.8869,
      "gpu_hours": 0.06722627315256331
    },
    "16": {
      "val_acc": 0.8947,
      "gpu_hours": 0.0713987327946557
    },
    "17": {
      "val_acc": 0.8962,
      "gpu_hours": 0.0755673184659746
    },
    "18": {
      "val_acc": 0.903,
      "gpu_hours": 0.07972880575391982
    },
    "19": {
      "val_acc": 0.9082,
      "gpu_hours": 0.08389705975850423
    },
    "20": {
      "val_acc": 0.9088,
      "gpu_hours": 0.08806746191448636
    },
    "21": {
      "val_acc": 0.9118,
      "gpu_hours": 0.0922267601887385
    },
    "22": {
      "val_acc": 0.9155,
      "gpu_hours": 0.09638774116834005
    },
    "23": {
      "val_acc": 0.9178,
      "gpu_hours": 0.10055409775839912
    },
    "24": {
      "val_acc": 0.9168,
      "gpu_hours": 0.10472003248002794
    },
    "25": {
      "val_acc": 0.9176,
      "gpu_hours": 0.10887942843967013
    },
    "26": {
      "val_acc": 0.9208,
      "gpu_hours": 0.11305344389544593
    },
    "27": {
      "val_acc": 0.9214,
      "gpu_hours": 0.11720429996649424
    },
    "28": {
      "val_acc": 0.9221,
      "gpu_hours": 0.12137906034787496
    },
    "29": {
      "val_acc": 0.9216,
      "gpu_hours": 0.12555350191063352
    }
  }
}