{
  "trial_number": 44,
  "params": {
    "lr": 0.06059567335863839,
    "weight_decay": 0.003088198286308928,
    "batch_size": 128,
    "dropout": 0.07400405046489184,
    "optimizer": "SGD",
    "scheduler": "cosine",
    "model": "efficientnet_b1",
    "momentum": 0.8351707837590983
  },
  "best_val_acc": 0.7372,
  "total_gpu_hours": 0.12346076779895358,
  "slurm_task": 28,
  "parallel_workers": 40,
  "sampler": "random",
  "dataset": "cifar10",
  "device": "cuda",
  "accuracy_thresholds": {},
  "accuracy_curve": {
    "0": {
      "val_acc": 0.2233,
      "gpu_hours": 0.004999996622403463
    },
    "1": {
      "val_acc": 0.4071,
      "gpu_hours": 0.00910225874847836
    },
    "2": {
      "val_acc": 0.5183,
      "gpu_hours": 0.0131708867682351
    },
    "3": {
      "val_acc": 0.5315,
      "gpu_hours": 0.017236361636055842
    },
    "4": {
      "val_acc": 0.5529,
      "gpu_hours": 0.021333166824446786
    },
    "5": {
      "val_acc": 0.556,
      "gpu_hours": 0.025418868594699436
    },
    "6": {
      "val_acc": 0.5585,
      "gpu_hours": 0.029491645495096842
    },
    "7": {
      "val_acc": 0.5591,
      "gpu_hours": 0.03358289632532332
    },
    "8": {
      "val_acc": 0.5662,
      "gpu_hours": 0.03766967621114519
    },
    "9": {
      "val_acc": 0.5459,
      "gpu_hours": 0.0417709258529875
    },
    "10": {
      "val_acc": 0.5829,
      "gpu_hours": 0.04585342738363478
    },
    "11": {
      "val_acc": 0.6004,
      "gpu_hours": 0.049942322108480666
    },
    "12": {
      "val_acc": 0.5629,
      "gpu_hours": 0.054019075168503655
    },
    "13": {
      "val_acc": 0.6064,
      "gpu_hours": 0.05811453057659997
    },
    "14": {
      "val_acc": 0.6361,
      "gpu_hours": 0.06219488461812337
    },
    "15": {
      "val_acc": 0.6031,
      "gpu_hours": 0.06626492540041605
    },
    "16": {
      "val_acc": 0.6051,
      "gpu_hours": 0.07034491068787045
    },
    "17": {
      "val_acc": 0.5973,
      "gpu_hours": 0.0744291756550471
    },
    "18": {
      "val_acc": 0.6468,
      "gpu_hours": 0.07851881987518734
    },
    "19": {
      "val_acc": 0.6576,
      "gpu_hours": 0.08259830468230778
    },
    "20": {
      "val_acc": 0.6504,
      "gpu_hours": 0.08668721152676476
    },
    "21": {
      "val_acc": 0.6853,
      "gpu_hours": 0.09077198452419705
    },
    "22": {
      "val_acc": 0.6675,
      "gpu_hours": 0.0948433694574568
    },
    "23": {
      "val_acc": 0.6972,
      "gpu_hours": 0.09892037153244018
    },
    "24": {
      "val_acc": 0.6971,
      "gpu_hours": 0.10300490862793392
    },
    "25": {
      "val_acc": 0.7168,
      "gpu_hours": 0.10707847747537824
    },
    "26": {
      "val_acc": 0.7249,
      "gpu_hours": 0.1111644329627355
    },
    "27": {
      "val_acc": 0.7353,
      "gpu_hours": 0.11523888448874156
    },
    "28": {
      "val_acc": 0.7372,
      "gpu_hours": 0.11932047234641181
    },
    "29": {
      "val_acc": 0.7364,
      "gpu_hours": 0.12345494237211016
    }
  }
}