{
  "trial_number": 37,
  "params": {
    "lr": 0.0030465263348460093,
    "weight_decay": 8.172076393193763e-06,
    "batch_size": 128,
    "dropout": 0.49828711507732465,
    "optimizer": "Adam",
    "scheduler": "plateau",
    "model": "resnet34"
  },
  "best_val_acc": 0.8551,
  "total_gpu_hours": 0.2209301926692327,
  "slurm_task": 8,
  "parallel_workers": 40,
  "sampler": "random",
  "dataset": "cifar10",
  "device": "cuda",
  "accuracy_thresholds": {
    "gpu_h_to_80pct": 0.04480082829793294,
    "gpu_h_to_85pct": 0.07418237295415667
  },
  "accuracy_curve": {
    "0": {
      "val_acc": 0.4645,
      "gpu_hours": 0.008068975276417202
    },
    "1": {
      "val_acc": 0.5826,
      "gpu_hours": 0.015410292016135321
    },
    "2": {
      "val_acc": 0.6077,
      "gpu_hours": 0.022758433222770692
    },
    "3": {
      "val_acc": 0.7021,
      "gpu_hours": 0.03010806613498264
    },
    "4": {
      "val_acc": 0.7043,
      "gpu_hours": 0.037453505198160805
    },
    "5": {
      "val_acc": 0.8214,
      "gpu_hours": 0.04480082829793294
    },
    "6": {
      "val_acc": 0.8313,
      "gpu_hours": 0.05214982946713766
    },
    "7": {
      "val_acc": 0.8347,
      "gpu_hours": 0.059491121504041886
    },
    "8": {
      "val_acc": 0.8412,
      "gpu_hours": 0.06683418764008416
    },
    "9": {
      "val_acc": 0.8505,
      "gpu_hours": 0.07418237295415667
    },
    "10": {
      "val_acc": 0.8514,
      "gpu_hours": 0.08152887629138099
    },
    "11": {
      "val_acc": 0.8527,
      "gpu_hours": 0.0888696739408705
    },
    "12": {
      "val_acc": 0.854,
      "gpu_hours": 0.09621716015868717
    },
    "13": {
      "val_acc": 0.8536,
      "gpu_hours": 0.10356456379095713
    },
    "14": {
      "val_acc": 0.8536,
      "gpu_hours": 0.11091143568356832
    },
    "15": {
      "val_acc": 0.8528,
      "gpu_hours": 0.11825301594204372
    },
    "16": {
      "val_acc": 0.8521,
      "gpu_hours": 0.12560109721289742
    },
    "17": {
      "val_acc": 0.8542,
      "gpu_hours": 0.13295510285430484
    },
    "18": {
      "val_acc": 0.8525,
      "gpu_hours": 0.1403013558520211
    },
    "19": {
      "val_acc": 0.8531,
      "gpu_hours": 0.1476420314444436
    },
    "20": {
      "val_acc": 0.8531,
      "gpu_hours": 0.1549862829181883
    },
    "21": {
      "val_acc": 0.8524,
      "gpu_hours": 0.1623337678776847
    },
    "22": {
      "val_acc": 0.8543,
      "gpu_hours": 0.1696775292025672
    },
    "23": {
      "val_acc": 0.8529,
      "gpu_hours": 0.1770348400539822
    },
    "24": {
      "val_acc": 0.8536,
      "gpu_hours": 0.18438701238897112
    },
    "25": {
      "val_acc": 0.8523,
      "gpu_hours": 0.19173552367422317
    },
    "26": {
      "val_acc": 0.8528,
      "gpu_hours": 0.1990811919503742
    },
    "27": {
      "val_acc": 0.8514,
      "gpu_hours": 0.2063888363705741
    },
    "28": {
      "val_acc": 0.8551,
      "gpu_hours": 0.21365607857704164
    },
    "29": {
      "val_acc": 0.854,
      "gpu_hours": 0.22092179775238038
    }
  }
}