{
  "trial_number": 34,
  "params": {
    "lr": 0.022464515291385947,
    "weight_decay": 0.0003462061865130846,
    "batch_size": 128,
    "dropout": 0.46861867874419877,
    "optimizer": "AdamW",
    "scheduler": "step",
    "model": "efficientnet_b0"
  },
  "best_val_acc": 0.5538,
  "total_gpu_hours": 0.09717960112624698,
  "slurm_task": 4,
  "parallel_workers": 40,
  "sampler": "random",
  "dataset": "cifar10",
  "device": "cuda",
  "accuracy_thresholds": {},
  "accuracy_curve": {
    "0": {
      "val_acc": 0.1666,
      "gpu_hours": 0.0039877694182925754
    },
    "1": {
      "val_acc": 0.1808,
      "gpu_hours": 0.007205487489700318
    },
    "2": {
      "val_acc": 0.1877,
      "gpu_hours": 0.010440444217787849
    },
    "3": {
      "val_acc": 0.1572,
      "gpu_hours": 0.013664593630366855
    },
    "4": {
      "val_acc": 0.1944,
      "gpu_hours": 0.016858470108773973
    },
    "5": {
      "val_acc": 0.2063,
      "gpu_hours": 0.02006016479598151
    },
    "6": {
      "val_acc": 0.1969,
      "gpu_hours": 0.023269194960594177
    },
    "7": {
      "val_acc": 0.1969,
      "gpu_hours": 0.026478385991520352
    },
    "8": {
      "val_acc": 0.2519,
      "gpu_hours": 0.029702914622094897
    },
    "9": {
      "val_acc": 0.2277,
      "gpu_hours": 0.03292811009618971
    },
    "10": {
      "val_acc": 0.2631,
      "gpu_hours": 0.036139353182580734
    },
    "11": {
      "val_acc": 0.3023,
      "gpu_hours": 0.03935035957230462
    },
    "12": {
      "val_acc": 0.2892,
      "gpu_hours": 0.04255667408307393
    },
    "13": {
      "val_acc": 0.2858,
      "gpu_hours": 0.04577560815546248
    },
    "14": {
      "val_acc": 0.2952,
      "gpu_hours": 0.04898213975959354
    },
    "15": {
      "val_acc": 0.3264,
      "gpu_hours": 0.05219280335638258
    },
    "16": {
      "val_acc": 0.329,
      "gpu_hours": 0.055384054978688556
    },
    "17": {
      "val_acc": 0.3679,
      "gpu_hours": 0.05857946885956658
    },
    "18": {
      "val_acc": 0.3735,
      "gpu_hours": 0.06176094346576267
    },
    "19": {
      "val_acc": 0.3626,
      "gpu_hours": 0.06498881426122453
    },
    "20": {
      "val_acc": 0.4014,
      "gpu_hours": 0.06819193555249108
    },
    "21": {
      "val_acc": 0.4293,
      "gpu_hours": 0.0713900058137046
    },
    "22": {
      "val_acc": 0.4663,
      "gpu_hours": 0.07462054861916437
    },
    "23": {
      "val_acc": 0.4731,
      "gpu_hours": 0.07783365925153096
    },
    "24": {
      "val_acc": 0.4991,
      "gpu_hours": 0.08106294453144074
    },
    "25": {
      "val_acc": 0.5076,
      "gpu_hours": 0.08432704508304596
    },
    "26": {
      "val_acc": 0.5212,
      "gpu_hours": 0.087524054646492
    },
    "27": {
      "val_acc": 0.5291,
      "gpu_hours": 0.09073579092820486
    },
    "28": {
      "val_acc": 0.5399,
      "gpu_hours": 0.09398416095309788
    },
    "29": {
      "val_acc": 0.5538,
      "gpu_hours": 0.09717371218734318
    }
  }
}