{
  "trial_number": 50,
  "params": {
    "lr": 0.0013718150915872562,
    "weight_decay": 0.00018552082577006233,
    "batch_size": 64,
    "dropout": 0.15582549893769776,
    "optimizer": "AdamW",
    "scheduler": "step",
    "model": "resnet18"
  },
  "best_val_acc": 0.9197,
  "total_gpu_hours": 0.13025404784414504,
  "slurm_task": 22,
  "parallel_workers": 40,
  "sampler": "random",
  "dataset": "cifar10",
  "device": "cuda",
  "accuracy_thresholds": {
    "gpu_h_to_80pct": 0.02655435694588555,
    "gpu_h_to_85pct": 0.030872495704227024,
    "gpu_h_to_90pct": 0.05679189019733005
  },
  "accuracy_curve": {
    "0": {
      "val_acc": 0.5487,
      "gpu_hours": 0.004969172212812636
    },
    "1": {
      "val_acc": 0.7055,
      "gpu_hours": 0.009280763930744595
    },
    "2": {
      "val_acc": 0.7006,
      "gpu_hours": 0.013590590357780456
    },
    "3": {
      "val_acc": 0.7949,
      "gpu_hours": 0.017909259729915195
    },
    "4": {
      "val_acc": 0.7921,
      "gpu_hours": 0.022233917382028366
    },
    "5": {
      "val_acc": 0.8279,
      "gpu_hours": 0.02655435694588555
    },
    "6": {
      "val_acc": 0.8549,
      "gpu_hours": 0.030872495704227024
    },
    "7": {
      "val_acc": 0.8662,
      "gpu_hours": 0.035176491936047875
    },
    "8": {
      "val_acc": 0.8702,
      "gpu_hours": 0.039500815272331236
    },
    "9": {
      "val_acc": 0.8681,
      "gpu_hours": 0.04381877104441325
    },
    "10": {
      "val_acc": 0.8967,
      "gpu_hours": 0.048147853480445015
    },
    "11": {
      "val_acc": 0.8989,
      "gpu_hours": 0.05246491312980652
    },
    "12": {
      "val_acc": 0.9021,
      "gpu_hours": 0.05679189019733005
    },
    "13": {
      "val_acc": 0.9039,
      "gpu_hours": 0.061119212839338515
    },
    "14": {
      "val_acc": 0.9009,
      "gpu_hours": 0.06543540914853414
    },
    "15": {
      "val_acc": 0.9006,
      "gpu_hours": 0.06976038893063863
    },
    "16": {
      "val_acc": 0.9071,
      "gpu_hours": 0.07407660822073618
    },
    "17": {
      "val_acc": 0.9096,
      "gpu_hours": 0.07840916037559509
    },
    "18": {
      "val_acc": 0.9048,
      "gpu_hours": 0.08272138562467363
    },
    "19": {
      "val_acc": 0.9063,
      "gpu_hours": 0.08703171239958869
    },
    "20": {
      "val_acc": 0.9152,
      "gpu_hours": 0.09136283377806345
    },
    "21": {
      "val_acc": 0.9164,
      "gpu_hours": 0.09568279246489207
    },
    "22": {
      "val_acc": 0.9161,
      "gpu_hours": 0.1000101684861713
    },
    "23": {
      "val_acc": 0.9167,
      "gpu_hours": 0.10433616717656453
    },
    "24": {
      "val_acc": 0.9197,
      "gpu_hours": 0.10864632778697543
    },
    "25": {
      "val_acc": 0.9153,
      "gpu_hours": 0.11297298431396484
    },
    "26": {
      "val_acc": 0.9139,
      "gpu_hours": 0.11728393733501434
    },
    "27": {
      "val_acc": 0.9171,
      "gpu_hours": 0.12161122858524323
    },
    "28": {
      "val_acc": 0.9176,
      "gpu_hours": 0.12592185417811075
    },
    "29": {
      "val_acc": 0.9162,
      "gpu_hours": 0.13024745888180203
    }
  }
}