{
  "trial_number": 96,
  "params": {
    "lr": 0.076967536641328,
    "weight_decay": 7.904676701777381e-06,
    "batch_size": 256,
    "dropout": 0.4813909497145371,
    "optimizer": "Adam",
    "scheduler": "step",
    "model": "efficientnet_b1"
  },
  "best_val_acc": 0.2976,
  "total_gpu_hours": 0.08400394366847144,
  "slurm_task": 20,
  "parallel_workers": 40,
  "sampler": "random",
  "dataset": "cifar10",
  "device": "cuda",
  "accuracy_thresholds": {},
  "accuracy_curve": {
    "0": {
      "val_acc": 0.1,
      "gpu_hours": 0.003276707861158583
    },
    "1": {
      "val_acc": 0.0989,
      "gpu_hours": 0.006061378121376038
    },
    "2": {
      "val_acc": 0.0983,
      "gpu_hours": 0.00882212135526869
    },
    "3": {
      "val_acc": 0.1016,
      "gpu_hours": 0.01161179092195299
    },
    "4": {
      "val_acc": 0.1003,
      "gpu_hours": 0.014367488887574938
    },
    "5": {
      "val_acc": 0.1,
      "gpu_hours": 0.017142110533184474
    },
    "6": {
      "val_acc": 0.1,
      "gpu_hours": 0.019941946665445964
    },
    "7": {
      "val_acc": 0.0989,
      "gpu_hours": 0.022712309228049385
    },
    "8": {
      "val_acc": 0.1,
      "gpu_hours": 0.0255041155550215
    },
    "9": {
      "val_acc": 0.1,
      "gpu_hours": 0.02827882985273997
    },
    "10": {
      "val_acc": 0.1093,
      "gpu_hours": 0.031061511039733886
    },
    "11": {
      "val_acc": 0.1013,
      "gpu_hours": 0.033856804768244424
    },
    "12": {
      "val_acc": 0.0824,
      "gpu_hours": 0.036642945806185406
    },
    "13": {
      "val_acc": 0.1,
      "gpu_hours": 0.03942644311322106
    },
    "14": {
      "val_acc": 0.1035,
      "gpu_hours": 0.04221033427450392
    },
    "15": {
      "val_acc": 0.1057,
      "gpu_hours": 0.04500203947226206
    },
    "16": {
      "val_acc": 0.1,
      "gpu_hours": 0.04779379116164313
    },
    "17": {
      "val_acc": 0.1116,
      "gpu_hours": 0.0505884669886695
    },
    "18": {
      "val_acc": 0.1001,
      "gpu_hours": 0.05333825396166907
    },
    "19": {
      "val_acc": 0.1225,
      "gpu_hours": 0.05613888177606795
    },
    "20": {
      "val_acc": 0.1412,
      "gpu_hours": 0.058922211527824404
    },
    "21": {
      "val_acc": 0.2113,
      "gpu_hours": 0.06171168969737159
    },
    "22": {
      "val_acc": 0.2277,
      "gpu_hours": 0.06449749059147306
    },
    "23": {
      "val_acc": 0.231,
      "gpu_hours": 0.06727666894594829
    },
    "24": {
      "val_acc": 0.1934,
      "gpu_hours": 0.07005624459849463
    },
    "25": {
      "val_acc": 0.1725,
      "gpu_hours": 0.07284125957224104
    },
    "26": {
      "val_acc": 0.1787,
      "gpu_hours": 0.07562847137451172
    },
    "27": {
      "val_acc": 0.2367,
      "gpu_hours": 0.07844327416684893
    },
    "28": {
      "val_acc": 0.2976,
      "gpu_hours": 0.08122388747003344
    },
    "29": {
      "val_acc": 0.2675,
      "gpu_hours": 0.08399816777971056
    }
  }
}