{
  "trial_number": 49,
  "params": {
    "lr": 0.029744620187499505,
    "weight_decay": 5.313723229263038e-06,
    "batch_size": 256,
    "dropout": 0.0017727734048654242,
    "optimizer": "SGD",
    "scheduler": "plateau",
    "model": "efficientnet_b1",
    "momentum": 0.9268181118955416
  },
  "best_val_acc": 0.4364,
  "total_gpu_hours": 0.08269977178838518,
  "slurm_task": 19,
  "parallel_workers": 40,
  "sampler": "random",
  "dataset": "cifar10",
  "device": "cuda",
  "accuracy_thresholds": {},
  "accuracy_curve": {
    "0": {
      "val_acc": 0.1115,
      "gpu_hours": 0.003385456403096517
    },
    "1": {
      "val_acc": 0.1263,
      "gpu_hours": 0.006119734048843384
    },
    "2": {
      "val_acc": 0.2116,
      "gpu_hours": 0.008864321245087518
    },
    "3": {
      "val_acc": 0.267,
      "gpu_hours": 0.01158687584929996
    },
    "4": {
      "val_acc": 0.3324,
      "gpu_hours": 0.014328786465856764
    },
    "5": {
      "val_acc": 0.3864,
      "gpu_hours": 0.017078363166915047
    },
    "6": {
      "val_acc": 0.3991,
      "gpu_hours": 0.019818173911836413
    },
    "7": {
      "val_acc": 0.4157,
      "gpu_hours": 0.022531907757123312
    },
    "8": {
      "val_acc": 0.4308,
      "gpu_hours": 0.025273607042100694
    },
    "9": {
      "val_acc": 0.4307,
      "gpu_hours": 0.028010191056463452
    },
    "10": {
      "val_acc": 0.4309,
      "gpu_hours": 0.030752480427424112
    },
    "11": {
      "val_acc": 0.431,
      "gpu_hours": 0.0335029669602712
    },
    "12": {
      "val_acc": 0.4349,
      "gpu_hours": 0.03624140514267815
    },
    "13": {
      "val_acc": 0.4356,
      "gpu_hours": 0.03895829187499152
    },
    "14": {
      "val_acc": 0.4347,
      "gpu_hours": 0.04167368471622467
    },
    "15": {
      "val_acc": 0.4363,
      "gpu_hours": 0.044410840405358205
    },
    "16": {
      "val_acc": 0.4364,
      "gpu_hours": 0.047135394944085016
    },
    "17": {
      "val_acc": 0.4318,
      "gpu_hours": 0.049866601162486604
    },
    "18": {
      "val_acc": 0.4357,
      "gpu_hours": 0.05261358519395192
    },
    "19": {
      "val_acc": 0.4347,
      "gpu_hours": 0.05531758864720662
    },
    "20": {
      "val_acc": 0.4346,
      "gpu_hours": 0.05805081903934479
    },
    "21": {
      "val_acc": 0.4335,
      "gpu_hours": 0.060778917736477325
    },
    "22": {
      "val_acc": 0.4351,
      "gpu_hours": 0.06350901424884796
    },
    "23": {
      "val_acc": 0.434,
      "gpu_hours": 0.06625853068298763
    },
    "24": {
      "val_acc": 0.4357,
      "gpu_hours": 0.06899621930387285
    },
    "25": {
      "val_acc": 0.4321,
      "gpu_hours": 0.07173676504029168
    },
    "26": {
      "val_acc": 0.4359,
      "gpu_hours": 0.07447847611374325
    },
    "27": {
      "val_acc": 0.4349,
      "gpu_hours": 0.07722477323479122
    },
    "28": {
      "val_acc": 0.4336,
      "gpu_hours": 0.07995557407538097
    },
    "29": {
      "val_acc": 0.4344,
      "gpu_hours": 0.0826915670103497
    }
  }
}