{
  "trial_number": 22,
  "params": {
    "lr": 0.009088848499484348,
    "weight_decay": 1.5346032712264712e-05,
    "batch_size": 128,
    "dropout": 0.13944339730396033,
    "optimizer": "SGD",
    "scheduler": "step",
    "model": "efficientnet_b0",
    "momentum": 0.8960585543298325
  },
  "best_val_acc": 0.6152,
  "total_gpu_hours": 0.05252805822425419,
  "slurm_task": 16,
  "parallel_workers": 40,
  "sampler": "random",
  "dataset": "cifar10",
  "device": "cuda",
  "accuracy_thresholds": {},
  "accuracy_curve": {
    "0": {
      "val_acc": 0.1037,
      "gpu_hours": 0.002083124253484938
    },
    "1": {
      "val_acc": 0.1732,
      "gpu_hours": 0.0038055295414394803
    },
    "2": {
      "val_acc": 0.2275,
      "gpu_hours": 0.005547641383277045
    },
    "3": {
      "val_acc": 0.2579,
      "gpu_hours": 0.007277953359815809
    },
    "4": {
      "val_acc": 0.2892,
      "gpu_hours": 0.009013304313023884
    },
    "5": {
      "val_acc": 0.3414,
      "gpu_hours": 0.010748825205696954
    },
    "6": {
      "val_acc": 0.3748,
      "gpu_hours": 0.01247847596804301
    },
    "7": {
      "val_acc": 0.4027,
      "gpu_hours": 0.01421420435110728
    },
    "8": {
      "val_acc": 0.4209,
      "gpu_hours": 0.015956615805625917
    },
    "9": {
      "val_acc": 0.4613,
      "gpu_hours": 0.017692955467436048
    },
    "10": {
      "val_acc": 0.4836,
      "gpu_hours": 0.019441013601091173
    },
    "11": {
      "val_acc": 0.4871,
      "gpu_hours": 0.021178110639254254
    },
    "12": {
      "val_acc": 0.5049,
      "gpu_hours": 0.022914366523424785
    },
    "13": {
      "val_acc": 0.5185,
      "gpu_hours": 0.024647685752974616
    },
    "14": {
      "val_acc": 0.5245,
      "gpu_hours": 0.026391725606388517
    },
    "15": {
      "val_acc": 0.5331,
      "gpu_hours": 0.028129606578085158
    },
    "16": {
      "val_acc": 0.5438,
      "gpu_hours": 0.029867766896883648
    },
    "17": {
      "val_acc": 0.5595,
      "gpu_hours": 0.03160962171024746
    },
    "18": {
      "val_acc": 0.5687,
      "gpu_hours": 0.033344893521732755
    },
    "19": {
      "val_acc": 0.5778,
      "gpu_hours": 0.03509261111418406
    },
    "20": {
      "val_acc": 0.585,
      "gpu_hours": 0.03682217405902015
    },
    "21": {
      "val_acc": 0.5868,
      "gpu_hours": 0.038572164442804126
    },
    "22": {
      "val_acc": 0.5953,
      "gpu_hours": 0.040318642059961954
    },
    "23": {
      "val_acc": 0.5964,
      "gpu_hours": 0.04207724908987681
    },
    "24": {
      "val_acc": 0.5984,
      "gpu_hours": 0.04381514655219184
    },
    "25": {
      "val_acc": 0.6017,
      "gpu_hours": 0.04555587848027547
    },
    "26": {
      "val_acc": 0.6026,
      "gpu_hours": 0.04728567726082272
    },
    "27": {
      "val_acc": 0.6077,
      "gpu_hours": 0.04902500397629208
    },
    "28": {
      "val_acc": 0.6118,
      "gpu_hours": 0.05076851023568047
    },
    "29": {
      "val_acc": 0.6152,
      "gpu_hours": 0.05251588145891825
    }
  }
}