{
  "trial_number": 42,
  "params": {
    "lr": 0.00020522165797944264,
    "weight_decay": 0.00161596588262516,
    "batch_size": 128,
    "dropout": 0.1499539250107677,
    "optimizer": "Adam",
    "scheduler": "cosine",
    "model": "resnet34"
  },
  "best_val_acc": 0.9221,
  "total_gpu_hours": 0.21890188760227627,
  "slurm_task": 4,
  "parallel_workers": 40,
  "sampler": "random",
  "dataset": "cifar10",
  "device": "cuda",
  "accuracy_thresholds": {
    "gpu_h_to_80pct": 0.07326589809523688,
    "gpu_h_to_85pct": 0.12419171214103698,
    "gpu_h_to_90pct": 0.16783755289183722
  },
  "accuracy_curve": {
    "0": {
      "val_acc": 0.5279,
      "gpu_hours": 0.007821242411931356
    },
    "1": {
      "val_acc": 0.5629,
      "gpu_hours": 0.015092601378758749
    },
    "2": {
      "val_acc": 0.6768,
      "gpu_hours": 0.022361036009258695
    },
    "3": {
      "val_acc": 0.6985,
      "gpu_hours": 0.029638180600272283
    },
    "4": {
      "val_acc": 0.6827,
      "gpu_hours": 0.036905446449915565
    },
    "5": {
      "val_acc": 0.7137,
      "gpu_hours": 0.04417029572857751
    },
    "6": {
      "val_acc": 0.7665,
      "gpu_hours": 0.05144253730773926
    },
    "7": {
      "val_acc": 0.6928,
      "gpu_hours": 0.058717065387301974
    },
    "8": {
      "val_acc": 0.7915,
      "gpu_hours": 0.0659883068005244
    },
    "9": {
      "val_acc": 0.822,
      "gpu_hours": 0.07326589809523688
    },
    "10": {
      "val_acc": 0.7645,
      "gpu_hours": 0.08054233060942756
    },
    "11": {
      "val_acc": 0.8178,
      "gpu_hours": 0.08781529241138035
    },
    "12": {
      "val_acc": 0.823,
      "gpu_hours": 0.095093322330051
    },
    "13": {
      "val_acc": 0.8277,
      "gpu_hours": 0.10236928840478261
    },
    "14": {
      "val_acc": 0.8105,
      "gpu_hours": 0.10964467651314205
    },
    "15": {
      "val_acc": 0.8384,
      "gpu_hours": 0.11692005740271674
    },
    "16": {
      "val_acc": 0.8709,
      "gpu_hours": 0.12419171214103698
    },
    "17": {
      "val_acc": 0.8685,
      "gpu_hours": 0.13146062877443102
    },
    "18": {
      "val_acc": 0.8494,
      "gpu_hours": 0.13873130619525909
    },
    "19": {
      "val_acc": 0.8747,
      "gpu_hours": 0.14600348936186897
    },
    "20": {
      "val_acc": 0.8853,
      "gpu_hours": 0.15327535662386152
    },
    "21": {
      "val_acc": 0.8975,
      "gpu_hours": 0.16054731123977237
    },
    "22": {
      "val_acc": 0.9076,
      "gpu_hours": 0.16783755289183722
    },
    "23": {
      "val_acc": 0.9053,
      "gpu_hours": 0.1751307746436861
    },
    "24": {
      "val_acc": 0.9122,
      "gpu_hours": 0.18242605573601192
    },
    "25": {
      "val_acc": 0.9137,
      "gpu_hours": 0.189726605547799
    },
    "26": {
      "val_acc": 0.9172,
      "gpu_hours": 0.19701904270384046
    },
    "27": {
      "val_acc": 0.9203,
      "gpu_hours": 0.204312249355846
    },
    "28": {
      "val_acc": 0.9221,
      "gpu_hours": 0.21160523454348246
    },
    "29": {
      "val_acc": 0.922,
      "gpu_hours": 0.2188953689734141
    }
  }
}