{
  "trial_number": 17,
  "params": {
    "lr": 0.00019025008523597758,
    "weight_decay": 0.0077023576366303395,
    "batch_size": 256,
    "dropout": 0.1427721177323994,
    "optimizer": "SGD",
    "scheduler": "plateau",
    "model": "efficientnet_b1",
    "momentum": 0.9872662005334826
  },
  "best_val_acc": 0.1143,
  "total_gpu_hours": 0.042942381037606135,
  "slurm_task": 13,
  "parallel_workers": 40,
  "sampler": "random",
  "dataset": "cifar10",
  "device": "cuda",
  "accuracy_thresholds": {},
  "accuracy_curve": {
    "0": {
      "val_acc": 0.1143,
      "gpu_hours": 0.001975583036740621
    },
    "1": {
      "val_acc": 0.1075,
      "gpu_hours": 0.0033927809529834324
    },
    "2": {
      "val_acc": 0.1073,
      "gpu_hours": 0.004839774105283949
    },
    "3": {
      "val_acc": 0.1056,
      "gpu_hours": 0.006280993686781989
    },
    "4": {
      "val_acc": 0.0988,
      "gpu_hours": 0.007700278030501472
    },
    "5": {
      "val_acc": 0.1092,
      "gpu_hours": 0.00911377078957028
    },
    "6": {
      "val_acc": 0.1007,
      "gpu_hours": 0.010531459252039592
    },
    "7": {
      "val_acc": 0.1079,
      "gpu_hours": 0.011954999897215102
    },
    "8": {
      "val_acc": 0.1066,
      "gpu_hours": 0.013351020481851366
    },
    "9": {
      "val_acc": 0.1075,
      "gpu_hours": 0.014758338464630975
    },
    "10": {
      "val_acc": 0.1072,
      "gpu_hours": 0.01615487966272566
    },
    "11": {
      "val_acc": 0.107,
      "gpu_hours": 0.017561676038636103
    },
    "12": {
      "val_acc": 0.1074,
      "gpu_hours": 0.018971711728307937
    },
    "13": {
      "val_acc": 0.1086,
      "gpu_hours": 0.020386518041292826
    },
    "14": {
      "val_acc": 0.1059,
      "gpu_hours": 0.021806011464860706
    },
    "15": {
      "val_acc": 0.1072,
      "gpu_hours": 0.02320198032591078
    },
    "16": {
      "val_acc": 0.1084,
      "gpu_hours": 0.0246368141969045
    },
    "17": {
      "val_acc": 0.1057,
      "gpu_hours": 0.02602233158217536
    },
    "18": {
      "val_acc": 0.1067,
      "gpu_hours": 0.027435974544949
    },
    "19": {
      "val_acc": 0.1076,
      "gpu_hours": 0.028822251624531215
    },
    "20": {
      "val_acc": 0.1086,
      "gpu_hours": 0.030203870269987318
    },
    "21": {
      "val_acc": 0.1091,
      "gpu_hours": 0.03162157297134399
    },
    "22": {
      "val_acc": 0.1085,
      "gpu_hours": 0.033043488065401715
    },
    "23": {
      "val_acc": 0.1094,
      "gpu_hours": 0.034447956018977696
    },
    "24": {
      "val_acc": 0.1078,
      "gpu_hours": 0.03586748586760627
    },
    "25": {
      "val_acc": 0.1067,
      "gpu_hours": 0.037291951444413926
    },
    "26": {
      "val_acc": 0.1068,
      "gpu_hours": 0.03869062761465709
    },
    "27": {
      "val_acc": 0.1074,
      "gpu_hours": 0.040104063087039524
    },
    "28": {
      "val_acc": 0.1068,
      "gpu_hours": 0.04152618123425378
    },
    "29": {
      "val_acc": 0.1096,
      "gpu_hours": 0.04293649216492971
    }
  }
}