{
  "trial_number": 62,
  "params": {
    "lr": 0.0031769061034511133,
    "weight_decay": 7.451946079635804e-05,
    "batch_size": 256,
    "dropout": 0.16068201580481895,
    "optimizer": "Adam",
    "scheduler": "plateau",
    "model": "resnet18"
  },
  "best_val_acc": 0.8728,
  "total_gpu_hours": 0.11872732394271426,
  "slurm_task": 37,
  "parallel_workers": 40,
  "sampler": "random",
  "dataset": "cifar10",
  "device": "cuda",
  "accuracy_thresholds": {
    "gpu_h_to_80pct": 0.024320121804873147,
    "gpu_h_to_85pct": 0.028258159955342612
  },
  "accuracy_curve": {
    "0": {
      "val_acc": 0.4871,
      "gpu_hours": 0.004660881691508823
    },
    "1": {
      "val_acc": 0.5118,
      "gpu_hours": 0.008595974975162082
    },
    "2": {
      "val_acc": 0.5901,
      "gpu_hours": 0.01253122799926334
    },
    "3": {
      "val_acc": 0.7182,
      "gpu_hours": 0.01645510647031996
    },
    "4": {
      "val_acc": 0.7186,
      "gpu_hours": 0.020387605826059977
    },
    "5": {
      "val_acc": 0.8424,
      "gpu_hours": 0.024320121804873147
    },
    "6": {
      "val_acc": 0.8517,
      "gpu_hours": 0.028258159955342612
    },
    "7": {
      "val_acc": 0.8553,
      "gpu_hours": 0.03217344741026561
    },
    "8": {
      "val_acc": 0.8594,
      "gpu_hours": 0.036110092931323584
    },
    "9": {
      "val_acc": 0.8699,
      "gpu_hours": 0.0400462982389662
    },
    "10": {
      "val_acc": 0.8703,
      "gpu_hours": 0.04399005115032196
    },
    "11": {
      "val_acc": 0.8719,
      "gpu_hours": 0.04791309177875519
    },
    "12": {
      "val_acc": 0.8713,
      "gpu_hours": 0.0518242754538854
    },
    "13": {
      "val_acc": 0.8715,
      "gpu_hours": 0.055758535994423764
    },
    "14": {
      "val_acc": 0.8718,
      "gpu_hours": 0.059695230656199985
    },
    "15": {
      "val_acc": 0.8709,
      "gpu_hours": 0.06362313204341465
    },
    "16": {
      "val_acc": 0.8712,
      "gpu_hours": 0.06756551259093814
    },
    "17": {
      "val_acc": 0.8723,
      "gpu_hours": 0.07150333133008745
    },
    "18": {
      "val_acc": 0.8713,
      "gpu_hours": 0.07544387208090889
    },
    "19": {
      "val_acc": 0.8718,
      "gpu_hours": 0.0793772710694207
    },
    "20": {
      "val_acc": 0.8717,
      "gpu_hours": 0.08331519199742211
    },
    "21": {
      "val_acc": 0.8718,
      "gpu_hours": 0.087255257235633
    },
    "22": {
      "val_acc": 0.8724,
      "gpu_hours": 0.09119211388958826
    },
    "23": {
      "val_acc": 0.8723,
      "gpu_hours": 0.09513254225254059
    },
    "24": {
      "val_acc": 0.8728,
      "gpu_hours": 0.09906700624359979
    },
    "25": {
      "val_acc": 0.8707,
      "gpu_hours": 0.10301095094945696
    },
    "26": {
      "val_acc": 0.8724,
      "gpu_hours": 0.1069353414244122
    },
    "27": {
      "val_acc": 0.8727,
      "gpu_hours": 0.11086895651287502
    },
    "28": {
      "val_acc": 0.8719,
      "gpu_hours": 0.11478146579530504
    },
    "29": {
      "val_acc": 0.8715,
      "gpu_hours": 0.11871822165118323
    }
  }
}