{
  "trial_number": 75,
  "params": {
    "lr": 0.029466667469731096,
    "weight_decay": 1.271955525513193e-06,
    "batch_size": 128,
    "dropout": 0.3100656549384294,
    "optimizer": "AdamW",
    "scheduler": "plateau",
    "model": "efficientnet_b0"
  },
  "best_val_acc": 0.2545,
  "total_gpu_hours": 0.10570750501420763,
  "slurm_task": 10,
  "parallel_workers": 40,
  "sampler": "random",
  "dataset": "cifar10",
  "device": "cuda",
  "accuracy_thresholds": {},
  "accuracy_curve": {
    "0": {
      "val_acc": 0.1587,
      "gpu_hours": 0.004405371811654833
    },
    "1": {
      "val_acc": 0.2107,
      "gpu_hours": 0.007918955153889125
    },
    "2": {
      "val_acc": 0.1888,
      "gpu_hours": 0.011416490541564094
    },
    "3": {
      "val_acc": 0.2057,
      "gpu_hours": 0.014930898480945164
    },
    "4": {
      "val_acc": 0.1951,
      "gpu_hours": 0.018435746232668557
    },
    "5": {
      "val_acc": 0.2336,
      "gpu_hours": 0.021943738460540773
    },
    "6": {
      "val_acc": 0.235,
      "gpu_hours": 0.025434146523475646
    },
    "7": {
      "val_acc": 0.2356,
      "gpu_hours": 0.028922548161612615
    },
    "8": {
      "val_acc": 0.2417,
      "gpu_hours": 0.03244214084413317
    },
    "9": {
      "val_acc": 0.2511,
      "gpu_hours": 0.035941051907009545
    },
    "10": {
      "val_acc": 0.2505,
      "gpu_hours": 0.03944960415363312
    },
    "11": {
      "val_acc": 0.2531,
      "gpu_hours": 0.04296911378701528
    },
    "12": {
      "val_acc": 0.2509,
      "gpu_hours": 0.0464684972498152
    },
    "13": {
      "val_acc": 0.2538,
      "gpu_hours": 0.04993724319669936
    },
    "14": {
      "val_acc": 0.2521,
      "gpu_hours": 0.05346585445933872
    },
    "15": {
      "val_acc": 0.2545,
      "gpu_hours": 0.05695803178681268
    },
    "16": {
      "val_acc": 0.2526,
      "gpu_hours": 0.060454508794678584
    },
    "17": {
      "val_acc": 0.2504,
      "gpu_hours": 0.06399016651842329
    },
    "18": {
      "val_acc": 0.2521,
      "gpu_hours": 0.06751919236448076
    },
    "19": {
      "val_acc": 0.2514,
      "gpu_hours": 0.07101479669411977
    },
    "20": {
      "val_acc": 0.2493,
      "gpu_hours": 0.07447677420245277
    },
    "21": {
      "val_acc": 0.2528,
      "gpu_hours": 0.07797326498561435
    },
    "22": {
      "val_acc": 0.2516,
      "gpu_hours": 0.08146385159757402
    },
    "23": {
      "val_acc": 0.2523,
      "gpu_hours": 0.0849504044983122
    },
    "24": {
      "val_acc": 0.254,
      "gpu_hours": 0.08840903997421265
    },
    "25": {
      "val_acc": 0.252,
      "gpu_hours": 0.09182645327515072
    },
    "26": {
      "val_acc": 0.2514,
      "gpu_hours": 0.09525912278228336
    },
    "27": {
      "val_acc": 0.2519,
      "gpu_hours": 0.09876098215579987
    },
    "28": {
      "val_acc": 0.2524,
      "gpu_hours": 0.10223266323407491
    },
    "29": {
      "val_acc": 0.2509,
      "gpu_hours": 0.10569914387332069
    }
  }
}