{
  "trial_number": 43,
  "params": {
    "lr": 0.08472468199848683,
    "weight_decay": 0.0004923477941754626,
    "batch_size": 256,
    "dropout": 0.056230447897997304,
    "optimizer": "Adam",
    "scheduler": "step",
    "model": "resnet18"
  },
  "best_val_acc": 0.4609,
  "total_gpu_hours": 0.11796110596921709,
  "slurm_task": 3,
  "parallel_workers": 40,
  "sampler": "random",
  "dataset": "cifar10",
  "device": "cuda",
  "accuracy_thresholds": {},
  "accuracy_curve": {
    "0": {
      "val_acc": 0.1918,
      "gpu_hours": 0.004410748150613573
    },
    "1": {
      "val_acc": 0.1615,
      "gpu_hours": 0.008332694239086575
    },
    "2": {
      "val_acc": 0.1746,
      "gpu_hours": 0.012254088785913256
    },
    "3": {
      "val_acc": 0.2761,
      "gpu_hours": 0.016167087886068555
    },
    "4": {
      "val_acc": 0.2777,
      "gpu_hours": 0.020090054273605346
    },
    "5": {
      "val_acc": 0.2234,
      "gpu_hours": 0.02401284244325426
    },
    "6": {
      "val_acc": 0.3712,
      "gpu_hours": 0.027934633559650843
    },
    "7": {
      "val_acc": 0.1695,
      "gpu_hours": 0.03185373246669769
    },
    "8": {
      "val_acc": 0.1983,
      "gpu_hours": 0.03578091939290365
    },
    "9": {
      "val_acc": 0.1746,
      "gpu_hours": 0.03969017611609565
    },
    "10": {
      "val_acc": 0.36,
      "gpu_hours": 0.04361439612176683
    },
    "11": {
      "val_acc": 0.4061,
      "gpu_hours": 0.04754629287454817
    },
    "12": {
      "val_acc": 0.2362,
      "gpu_hours": 0.05146652036243015
    },
    "13": {
      "val_acc": 0.34,
      "gpu_hours": 0.05536841670672099
    },
    "14": {
      "val_acc": 0.1965,
      "gpu_hours": 0.059273777736557856
    },
    "15": {
      "val_acc": 0.2817,
      "gpu_hours": 0.06319036172495948
    },
    "16": {
      "val_acc": 0.1932,
      "gpu_hours": 0.06711072915130191
    },
    "17": {
      "val_acc": 0.4159,
      "gpu_hours": 0.07102964831723108
    },
    "18": {
      "val_acc": 0.2139,
      "gpu_hours": 0.0749458372592926
    },
    "19": {
      "val_acc": 0.2092,
      "gpu_hours": 0.07885652469264136
    },
    "20": {
      "val_acc": 0.418,
      "gpu_hours": 0.08276514318254259
    },
    "21": {
      "val_acc": 0.4609,
      "gpu_hours": 0.08667312582333883
    },
    "22": {
      "val_acc": 0.4251,
      "gpu_hours": 0.09058643268214332
    },
    "23": {
      "val_acc": 0.4013,
      "gpu_hours": 0.09449607345792982
    },
    "24": {
      "val_acc": 0.327,
      "gpu_hours": 0.09842090441120996
    },
    "25": {
      "val_acc": 0.4265,
      "gpu_hours": 0.10232329885164897
    },
    "26": {
      "val_acc": 0.2504,
      "gpu_hours": 0.10621771103805966
    },
    "27": {
      "val_acc": 0.3856,
      "gpu_hours": 0.11012763526704576
    },
    "28": {
      "val_acc": 0.2149,
      "gpu_hours": 0.11403438607851664
    },
    "29": {
      "val_acc": 0.4314,
      "gpu_hours": 0.11795507252216339
    }
  }
}