{
  "trial_number": 3,
  "params": {
    "lr": 0.029744620187499505,
    "weight_decay": 5.313723229263038e-06,
    "batch_size": 256,
    "dropout": 0.0017727734048654242,
    "optimizer": "SGD",
    "scheduler": "plateau",
    "model": "efficientnet_b1",
    "momentum": 0.9268181118955416
  },
  "best_val_acc": 0.4033,
  "total_gpu_hours": 0.04348979261186388,
  "slurm_task": 19,
  "parallel_workers": 40,
  "sampler": "random",
  "dataset": "cifar10",
  "device": "cuda",
  "accuracy_thresholds": {},
  "accuracy_curve": {
    "0": {
      "val_acc": 0.1039,
      "gpu_hours": 0.002088264955414666
    },
    "1": {
      "val_acc": 0.1005,
      "gpu_hours": 0.0035140432914098105
    },
    "2": {
      "val_acc": 0.178,
      "gpu_hours": 0.004892884559101528
    },
    "3": {
      "val_acc": 0.221,
      "gpu_hours": 0.006318215197987026
    },
    "4": {
      "val_acc": 0.2778,
      "gpu_hours": 0.007715158197614882
    },
    "5": {
      "val_acc": 0.3153,
      "gpu_hours": 0.009129632115364075
    },
    "6": {
      "val_acc": 0.3581,
      "gpu_hours": 0.010537140899234347
    },
    "7": {
      "val_acc": 0.3759,
      "gpu_hours": 0.011967701647016738
    },
    "8": {
      "val_acc": 0.3884,
      "gpu_hours": 0.013413258923424615
    },
    "9": {
      "val_acc": 0.3937,
      "gpu_hours": 0.01485987193054623
    },
    "10": {
      "val_acc": 0.3966,
      "gpu_hours": 0.016278776129086812
    },
    "11": {
      "val_acc": 0.3954,
      "gpu_hours": 0.017721867627567715
    },
    "12": {
      "val_acc": 0.3975,
      "gpu_hours": 0.01916953126589457
    },
    "13": {
      "val_acc": 0.4014,
      "gpu_hours": 0.020603037277857464
    },
    "14": {
      "val_acc": 0.4015,
      "gpu_hours": 0.0220461987124549
    },
    "15": {
      "val_acc": 0.3991,
      "gpu_hours": 0.0234812777572208
    },
    "16": {
      "val_acc": 0.3963,
      "gpu_hours": 0.02491368956036038
    },
    "17": {
      "val_acc": 0.3995,
      "gpu_hours": 0.026350288258658514
    },
    "18": {
      "val_acc": 0.4008,
      "gpu_hours": 0.0278157420290841
    },
    "19": {
      "val_acc": 0.4004,
      "gpu_hours": 0.02925795230600569
    },
    "20": {
      "val_acc": 0.4033,
      "gpu_hours": 0.030701357324918112
    },
    "21": {
      "val_acc": 0.403,
      "gpu_hours": 0.03214595377445221
    },
    "22": {
      "val_acc": 0.4011,
      "gpu_hours": 0.03357108924123976
    },
    "23": {
      "val_acc": 0.4003,
      "gpu_hours": 0.03496089259783427
    },
    "24": {
      "val_acc": 0.402,
      "gpu_hours": 0.036367556386523774
    },
    "25": {
      "val_acc": 0.4,
      "gpu_hours": 0.03778097569942474
    },
    "26": {
      "val_acc": 0.4016,
      "gpu_hours": 0.039214487142033044
    },
    "27": {
      "val_acc": 0.4009,
      "gpu_hours": 0.040641980899704826
    },
    "28": {
      "val_acc": 0.4016,
      "gpu_hours": 0.042066938678423565
    },
    "29": {
      "val_acc": 0.4007,
      "gpu_hours": 0.04348296840985616
    }
  }
}