{
  "trial_number": 89,
  "params": {
    "lr": 0.0059110903757799305,
    "weight_decay": 4.737095832930085e-06,
    "batch_size": 256,
    "dropout": 0.2649556882477569,
    "optimizer": "SGD",
    "scheduler": "cosine",
    "model": "efficientnet_b1",
    "momentum": 0.9361474513780133
  },
  "best_val_acc": 0.2163,
  "total_gpu_hours": 0.08543335245715247,
  "slurm_task": 26,
  "parallel_workers": 40,
  "sampler": "random",
  "dataset": "cifar10",
  "device": "cuda",
  "accuracy_thresholds": {},
  "accuracy_curve": {
    "0": {
      "val_acc": 0.1043,
      "gpu_hours": 0.0033346941736009388
    },
    "1": {
      "val_acc": 0.1057,
      "gpu_hours": 0.006180879407458835
    },
    "2": {
      "val_acc": 0.1046,
      "gpu_hours": 0.00901399552822113
    },
    "3": {
      "val_acc": 0.1049,
      "gpu_hours": 0.011831993990474276
    },
    "4": {
      "val_acc": 0.1019,
      "gpu_hours": 0.014677295883496602
    },
    "5": {
      "val_acc": 0.1003,
      "gpu_hours": 0.0175036307838228
    },
    "6": {
      "val_acc": 0.1003,
      "gpu_hours": 0.02034503916899363
    },
    "7": {
      "val_acc": 0.1066,
      "gpu_hours": 0.023185877071486578
    },
    "8": {
      "val_acc": 0.11,
      "gpu_hours": 0.026041469905111525
    },
    "9": {
      "val_acc": 0.1106,
      "gpu_hours": 0.02887287755807241
    },
    "10": {
      "val_acc": 0.1117,
      "gpu_hours": 0.031712427867783444
    },
    "11": {
      "val_acc": 0.1115,
      "gpu_hours": 0.03454741272661421
    },
    "12": {
      "val_acc": 0.1159,
      "gpu_hours": 0.03737639758321974
    },
    "13": {
      "val_acc": 0.1112,
      "gpu_hours": 0.04020483149422539
    },
    "14": {
      "val_acc": 0.1144,
      "gpu_hours": 0.043025199903382196
    },
    "15": {
      "val_acc": 0.1265,
      "gpu_hours": 0.04587279776732127
    },
    "16": {
      "val_acc": 0.1315,
      "gpu_hours": 0.04868059284157223
    },
    "17": {
      "val_acc": 0.1552,
      "gpu_hours": 0.05150693754355113
    },
    "18": {
      "val_acc": 0.1641,
      "gpu_hours": 0.054328897264268664
    },
    "19": {
      "val_acc": 0.1773,
      "gpu_hours": 0.05715570542547438
    },
    "20": {
      "val_acc": 0.1951,
      "gpu_hours": 0.05997426231702169
    },
    "21": {
      "val_acc": 0.1973,
      "gpu_hours": 0.06280078046851688
    },
    "22": {
      "val_acc": 0.2035,
      "gpu_hours": 0.06561943425072564
    },
    "23": {
      "val_acc": 0.2088,
      "gpu_hours": 0.06845421506298913
    },
    "24": {
      "val_acc": 0.2121,
      "gpu_hours": 0.07130555967489878
    },
    "25": {
      "val_acc": 0.2093,
      "gpu_hours": 0.07411686910523309
    },
    "26": {
      "val_acc": 0.2121,
      "gpu_hours": 0.0769315450721317
    },
    "27": {
      "val_acc": 0.2163,
      "gpu_hours": 0.07977522823545669
    },
    "28": {
      "val_acc": 0.2144,
      "gpu_hours": 0.08259291648864746
    },
    "29": {
      "val_acc": 0.2161,
      "gpu_hours": 0.08542778578069475
    }
  }
}