{
  "trial_number": 40,
  "params": {
    "lr": 0.0002190107415561042,
    "weight_decay": 0.007905555241820407,
    "batch_size": 64,
    "dropout": 0.39980230083002694,
    "optimizer": "AdamW",
    "scheduler": "step",
    "model": "efficientnet_b0"
  },
  "best_val_acc": 0.7344,
  "total_gpu_hours": 0.17336984866195254,
  "slurm_task": 5,
  "parallel_workers": 40,
  "sampler": "random",
  "dataset": "cifar10",
  "device": "cuda",
  "accuracy_thresholds": {},
  "accuracy_curve": {
    "0": {
      "val_acc": 0.2871,
      "gpu_hours": 0.0064640586243735415
    },
    "1": {
      "val_acc": 0.4267,
      "gpu_hours": 0.012263716393046908
    },
    "2": {
      "val_acc": 0.4853,
      "gpu_hours": 0.018068439695570204
    },
    "3": {
      "val_acc": 0.5174,
      "gpu_hours": 0.023816460768381755
    },
    "4": {
      "val_acc": 0.5426,
      "gpu_hours": 0.029592803054385716
    },
    "5": {
      "val_acc": 0.5693,
      "gpu_hours": 0.03537039352787866
    },
    "6": {
      "val_acc": 0.5645,
      "gpu_hours": 0.041124727659755285
    },
    "7": {
      "val_acc": 0.6101,
      "gpu_hours": 0.046908536553382875
    },
    "8": {
      "val_acc": 0.6213,
      "gpu_hours": 0.052674878703223335
    },
    "9": {
      "val_acc": 0.6421,
      "gpu_hours": 0.058450558450486925
    },
    "10": {
      "val_acc": 0.6611,
      "gpu_hours": 0.06425618708133697
    },
    "11": {
      "val_acc": 0.6681,
      "gpu_hours": 0.07003960662417942
    },
    "12": {
      "val_acc": 0.6702,
      "gpu_hours": 0.0758071600066291
    },
    "13": {
      "val_acc": 0.6821,
      "gpu_hours": 0.08157070060571035
    },
    "14": {
      "val_acc": 0.6901,
      "gpu_hours": 0.08734975258509318
    },
    "15": {
      "val_acc": 0.6955,
      "gpu_hours": 0.093108472360505
    },
    "16": {
      "val_acc": 0.6973,
      "gpu_hours": 0.09887843688329061
    },
    "17": {
      "val_acc": 0.703,
      "gpu_hours": 0.10463230397966172
    },
    "18": {
      "val_acc": 0.7015,
      "gpu_hours": 0.1104055972231759
    },
    "19": {
      "val_acc": 0.7061,
      "gpu_hours": 0.11619907134109073
    },
    "20": {
      "val_acc": 0.7124,
      "gpu_hours": 0.12196050133970049
    },
    "21": {
      "val_acc": 0.7177,
      "gpu_hours": 0.1277324703666899
    },
    "22": {
      "val_acc": 0.7155,
      "gpu_hours": 0.13352965944343143
    },
    "23": {
      "val_acc": 0.7224,
      "gpu_hours": 0.1392821020550198
    },
    "24": {
      "val_acc": 0.7173,
      "gpu_hours": 0.14502455943160586
    },
    "25": {
      "val_acc": 0.7265,
      "gpu_hours": 0.1508327125178443
    },
    "26": {
      "val_acc": 0.7301,
      "gpu_hours": 0.1565155455801222
    },
    "27": {
      "val_acc": 0.7276,
      "gpu_hours": 0.16212760037846036
    },
    "28": {
      "val_acc": 0.7335,
      "gpu_hours": 0.16772781438297696
    },
    "29": {
      "val_acc": 0.7344,
      "gpu_hours": 0.17336410919825235
    }
  }
}