{
  "trial_number": 47,
  "params": {
    "lr": 0.0007991347021041982,
    "weight_decay": 5.59478324193539e-06,
    "batch_size": 128,
    "dropout": 0.19912697944938235,
    "optimizer": "SGD",
    "scheduler": "plateau",
    "model": "resnet34",
    "momentum": 0.8544578962467282
  },
  "best_val_acc": 0.2949,
  "total_gpu_hours": 0.21620628714561463,
  "slurm_task": 18,
  "parallel_workers": 40,
  "sampler": "random",
  "dataset": "cifar10",
  "device": "cuda",
  "accuracy_thresholds": {},
  "accuracy_curve": {
    "0": {
      "val_acc": 0.1675,
      "gpu_hours": 0.007975805468029446
    },
    "1": {
      "val_acc": 0.2133,
      "gpu_hours": 0.015160204039679633
    },
    "2": {
      "val_acc": 0.2419,
      "gpu_hours": 0.022343857487042745
    },
    "3": {
      "val_acc": 0.264,
      "gpu_hours": 0.029526838925149707
    },
    "4": {
      "val_acc": 0.2858,
      "gpu_hours": 0.03670377810796102
    },
    "5": {
      "val_acc": 0.2905,
      "gpu_hours": 0.043886003295580546
    },
    "6": {
      "val_acc": 0.2903,
      "gpu_hours": 0.051068531009886
    },
    "7": {
      "val_acc": 0.2886,
      "gpu_hours": 0.0582583976454205
    },
    "8": {
      "val_acc": 0.2922,
      "gpu_hours": 0.06544363313251071
    },
    "9": {
      "val_acc": 0.2905,
      "gpu_hours": 0.07262511021561092
    },
    "10": {
      "val_acc": 0.2901,
      "gpu_hours": 0.07981136858463288
    },
    "11": {
      "val_acc": 0.291,
      "gpu_hours": 0.08699850413534377
    },
    "12": {
      "val_acc": 0.2923,
      "gpu_hours": 0.09418377286858029
    },
    "13": {
      "val_acc": 0.2918,
      "gpu_hours": 0.10137223574850295
    },
    "14": {
      "val_acc": 0.2946,
      "gpu_hours": 0.108554807305336
    },
    "15": {
      "val_acc": 0.2911,
      "gpu_hours": 0.11574121899074978
    },
    "16": {
      "val_acc": 0.2917,
      "gpu_hours": 0.12292477773295508
    },
    "17": {
      "val_acc": 0.2932,
      "gpu_hours": 0.13011094715860155
    },
    "18": {
      "val_acc": 0.29,
      "gpu_hours": 0.13728739698727926
    },
    "19": {
      "val_acc": 0.2949,
      "gpu_hours": 0.14446636060873666
    },
    "20": {
      "val_acc": 0.2922,
      "gpu_hours": 0.1516346840063731
    },
    "21": {
      "val_acc": 0.2917,
      "gpu_hours": 0.1588026746776369
    },
    "22": {
      "val_acc": 0.2921,
      "gpu_hours": 0.16597190062204997
    },
    "23": {
      "val_acc": 0.2921,
      "gpu_hours": 0.1731534484359953
    },
    "24": {
      "val_acc": 0.2895,
      "gpu_hours": 0.18033310413360595
    },
    "25": {
      "val_acc": 0.2901,
      "gpu_hours": 0.187511499259207
    },
    "26": {
      "val_acc": 0.2902,
      "gpu_hours": 0.19468177656332653
    },
    "27": {
      "val_acc": 0.2925,
      "gpu_hours": 0.20185632983843485
    },
    "28": {
      "val_acc": 0.2909,
      "gpu_hours": 0.20902960413032107
    },
    "29": {
      "val_acc": 0.2917,
      "gpu_hours": 0.21620132048924764
    }
  }
}