{
  "trial_number": 45,
  "params": {
    "lr": 0.00020903288123766024,
    "weight_decay": 0.0005462236916720299,
    "batch_size": 64,
    "dropout": 0.2939237380125903,
    "optimizer": "SGD",
    "scheduler": "plateau",
    "model": "efficientnet_b1",
    "momentum": 0.9109150227200675
  },
  "best_val_acc": 0.1102,
  "total_gpu_hours": 0.23114805519580842,
  "slurm_task": 30,
  "parallel_workers": 40,
  "sampler": "random",
  "dataset": "cifar10",
  "device": "cuda",
  "accuracy_thresholds": {},
  "accuracy_curve": {
    "0": {
      "val_acc": 0.1055,
      "gpu_hours": 0.008455054759979248
    },
    "1": {
      "val_acc": 0.1056,
      "gpu_hours": 0.016181489494111804
    },
    "2": {
      "val_acc": 0.1058,
      "gpu_hours": 0.02390989429420895
    },
    "3": {
      "val_acc": 0.1089,
      "gpu_hours": 0.03160411357879639
    },
    "4": {
      "val_acc": 0.1076,
      "gpu_hours": 0.039298299882147045
    },
    "5": {
      "val_acc": 0.105,
      "gpu_hours": 0.04703006260924869
    },
    "6": {
      "val_acc": 0.1084,
      "gpu_hours": 0.05472998711797926
    },
    "7": {
      "val_acc": 0.0983,
      "gpu_hours": 0.06241650647587246
    },
    "8": {
      "val_acc": 0.1081,
      "gpu_hours": 0.07013445635636648
    },
    "9": {
      "val_acc": 0.1057,
      "gpu_hours": 0.07782508002387153
    },
    "10": {
      "val_acc": 0.1078,
      "gpu_hours": 0.08556202616956499
    },
    "11": {
      "val_acc": 0.1075,
      "gpu_hours": 0.0932872728506724
    },
    "12": {
      "val_acc": 0.105,
      "gpu_hours": 0.10101273198922475
    },
    "13": {
      "val_acc": 0.1074,
      "gpu_hours": 0.10873797979619768
    },
    "14": {
      "val_acc": 0.1062,
      "gpu_hours": 0.11646403147114648
    },
    "15": {
      "val_acc": 0.1064,
      "gpu_hours": 0.12420046170552572
    },
    "16": {
      "val_acc": 0.1091,
      "gpu_hours": 0.1319538743628396
    },
    "17": {
      "val_acc": 0.1071,
      "gpu_hours": 0.13972396473089854
    },
    "18": {
      "val_acc": 0.1078,
      "gpu_hours": 0.14748495757579805
    },
    "19": {
      "val_acc": 0.1077,
      "gpu_hours": 0.15526733643478818
    },
    "20": {
      "val_acc": 0.1092,
      "gpu_hours": 0.16306407842371198
    },
    "21": {
      "val_acc": 0.0969,
      "gpu_hours": 0.1708337681161033
    },
    "22": {
      "val_acc": 0.1049,
      "gpu_hours": 0.17854013429747687
    },
    "23": {
      "val_acc": 0.1102,
      "gpu_hours": 0.18625621338685353
    },
    "24": {
      "val_acc": 0.1048,
      "gpu_hours": 0.1940017580986023
    },
    "25": {
      "val_acc": 0.1082,
      "gpu_hours": 0.20170289821094936
    },
    "26": {
      "val_acc": 0.1075,
      "gpu_hours": 0.20924958613183764
    },
    "27": {
      "val_acc": 0.1073,
      "gpu_hours": 0.21654338154527877
    },
    "28": {
      "val_acc": 0.1079,
      "gpu_hours": 0.22381270706653594
    },
    "29": {
      "val_acc": 0.1092,
      "gpu_hours": 0.23114145278930665
    }
  }
}