{
  "trial_number": 85,
  "params": {
    "lr": 0.005108811568028756,
    "weight_decay": 1.0497564965528392e-06,
    "batch_size": 256,
    "dropout": 0.4458934386107183,
    "optimizer": "Adam",
    "scheduler": "plateau",
    "model": "efficientnet_b0"
  },
  "best_val_acc": 0.7078,
  "total_gpu_hours": 0.07554916269249386,
  "slurm_task": 21,
  "parallel_workers": 40,
  "sampler": "random",
  "dataset": "cifar10",
  "device": "cuda",
  "accuracy_thresholds": {},
  "accuracy_curve": {
    "0": {
      "val_acc": 0.3175,
      "gpu_hours": 0.0029443995157877605
    },
    "1": {
      "val_acc": 0.412,
      "gpu_hours": 0.00544346206718021
    },
    "2": {
      "val_acc": 0.4956,
      "gpu_hours": 0.007954925563600328
    },
    "3": {
      "val_acc": 0.5432,
      "gpu_hours": 0.010448840856552124
    },
    "4": {
      "val_acc": 0.6297,
      "gpu_hours": 0.012952645950847202
    },
    "5": {
      "val_acc": 0.6776,
      "gpu_hours": 0.01545707709259457
    },
    "6": {
      "val_acc": 0.6854,
      "gpu_hours": 0.017963599496417574
    },
    "7": {
      "val_acc": 0.6956,
      "gpu_hours": 0.020460595819685193
    },
    "8": {
      "val_acc": 0.7028,
      "gpu_hours": 0.02295680304368337
    },
    "9": {
      "val_acc": 0.7017,
      "gpu_hours": 0.025459757182333204
    },
    "10": {
      "val_acc": 0.7033,
      "gpu_hours": 0.027969737781418695
    },
    "11": {
      "val_acc": 0.7052,
      "gpu_hours": 0.030481199820836385
    },
    "12": {
      "val_acc": 0.7045,
      "gpu_hours": 0.03298862099647522
    },
    "13": {
      "val_acc": 0.7061,
      "gpu_hours": 0.03550398078229692
    },
    "14": {
      "val_acc": 0.7058,
      "gpu_hours": 0.038007202678256566
    },
    "15": {
      "val_acc": 0.7058,
      "gpu_hours": 0.04052439987659454
    },
    "16": {
      "val_acc": 0.7069,
      "gpu_hours": 0.04302130593193902
    },
    "17": {
      "val_acc": 0.7066,
      "gpu_hours": 0.04552268690533108
    },
    "18": {
      "val_acc": 0.7074,
      "gpu_hours": 0.04802201747894287
    },
    "19": {
      "val_acc": 0.7062,
      "gpu_hours": 0.0505477507909139
    },
    "20": {
      "val_acc": 0.7069,
      "gpu_hours": 0.05304027484522925
    },
    "21": {
      "val_acc": 0.7078,
      "gpu_hours": 0.05553725586997138
    },
    "22": {
      "val_acc": 0.7071,
      "gpu_hours": 0.05803407417403327
    },
    "23": {
      "val_acc": 0.706,
      "gpu_hours": 0.06053769416279263
    },
    "24": {
      "val_acc": 0.7065,
      "gpu_hours": 0.06302318241861131
    },
    "25": {
      "val_acc": 0.7053,
      "gpu_hours": 0.06554149985313415
    },
    "26": {
      "val_acc": 0.7073,
      "gpu_hours": 0.06803521739112006
    },
    "27": {
      "val_acc": 0.7059,
      "gpu_hours": 0.07055193093087939
    },
    "28": {
      "val_acc": 0.7067,
      "gpu_hours": 0.0730391165945265
    },
    "29": {
      "val_acc": 0.7076,
      "gpu_hours": 0.07554317931334177
    }
  }
}