{
  "trial_number": 36,
  "params": {
    "lr": 0.03195408940621896,
    "weight_decay": 2.6253331201428122e-06,
    "batch_size": 64,
    "dropout": 0.30461919030907586,
    "optimizer": "AdamW",
    "scheduler": "step",
    "model": "efficientnet_b1"
  },
  "best_val_acc": 0.4303,
  "total_gpu_hours": 0.2579789377583398,
  "slurm_task": 2,
  "parallel_workers": 40,
  "sampler": "random",
  "dataset": "cifar10",
  "device": "cuda",
  "accuracy_thresholds": {},
  "accuracy_curve": {
    "0": {
      "val_acc": 0.1,
      "gpu_hours": 0.009290870957904393
    },
    "1": {
      "val_acc": 0.1577,
      "gpu_hours": 0.01789517687426673
    },
    "2": {
      "val_acc": 0.1797,
      "gpu_hours": 0.02634390632311503
    },
    "3": {
      "val_acc": 0.1575,
      "gpu_hours": 0.03507406539387173
    },
    "4": {
      "val_acc": 0.1919,
      "gpu_hours": 0.04379108985265096
    },
    "5": {
      "val_acc": 0.2242,
      "gpu_hours": 0.052311653892199196
    },
    "6": {
      "val_acc": 0.1772,
      "gpu_hours": 0.06094024002552032
    },
    "7": {
      "val_acc": 0.1928,
      "gpu_hours": 0.06960924294259813
    },
    "8": {
      "val_acc": 0.1772,
      "gpu_hours": 0.07818756580352783
    },
    "9": {
      "val_acc": 0.2018,
      "gpu_hours": 0.08685984757211473
    },
    "10": {
      "val_acc": 0.2213,
      "gpu_hours": 0.0955204803413815
    },
    "11": {
      "val_acc": 0.2548,
      "gpu_hours": 0.10406214071644677
    },
    "12": {
      "val_acc": 0.2596,
      "gpu_hours": 0.11257006102138095
    },
    "13": {
      "val_acc": 0.2756,
      "gpu_hours": 0.1209539258480072
    },
    "14": {
      "val_acc": 0.303,
      "gpu_hours": 0.12953354809019302
    },
    "15": {
      "val_acc": 0.296,
      "gpu_hours": 0.13817746215396456
    },
    "16": {
      "val_acc": 0.3069,
      "gpu_hours": 0.14684420618746016
    },
    "17": {
      "val_acc": 0.3012,
      "gpu_hours": 0.15528207772307925
    },
    "18": {
      "val_acc": 0.2945,
      "gpu_hours": 0.16379625605212317
    },
    "19": {
      "val_acc": 0.2541,
      "gpu_hours": 0.17221183081467947
    },
    "20": {
      "val_acc": 0.3564,
      "gpu_hours": 0.1804710011349784
    },
    "21": {
      "val_acc": 0.3562,
      "gpu_hours": 0.1890936334265603
    },
    "22": {
      "val_acc": 0.367,
      "gpu_hours": 0.19773523992962308
    },
    "23": {
      "val_acc": 0.3434,
      "gpu_hours": 0.20625664207670424
    },
    "24": {
      "val_acc": 0.3727,
      "gpu_hours": 0.21493358095486959
    },
    "25": {
      "val_acc": 0.3798,
      "gpu_hours": 0.22360867864555783
    },
    "26": {
      "val_acc": 0.4108,
      "gpu_hours": 0.23159982966052162
    },
    "27": {
      "val_acc": 0.4119,
      "gpu_hours": 0.24030875974231297
    },
    "28": {
      "val_acc": 0.4261,
      "gpu_hours": 0.24911627113819124
    },
    "29": {
      "val_acc": 0.4303,
      "gpu_hours": 0.25796871887312994
    }
  }
}