{
  "trial_number": 105,
  "params": {
    "lr": 0.0004589385766759428,
    "weight_decay": 0.00010193942663737419,
    "batch_size": 64,
    "dropout": 0.2907168758682257,
    "optimizer": "AdamW",
    "scheduler": "step",
    "model": "resnet34"
  },
  "best_val_acc": 0.919,
  "total_gpu_hours": 0.23337968680593701,
  "slurm_task": 18,
  "parallel_workers": 40,
  "sampler": "random",
  "dataset": "cifar10",
  "device": "cuda",
  "accuracy_thresholds": {
    "gpu_h_to_80pct": 0.039425098564889696,
    "gpu_h_to_85pct": 0.07824343476030561,
    "gpu_h_to_90pct": 0.13254531019263796
  },
  "accuracy_curve": {
    "0": {
      "val_acc": 0.6056,
      "gpu_hours": 0.008300173415078058
    },
    "1": {
      "val_acc": 0.6672,
      "gpu_hours": 0.01608827465110355
    },
    "2": {
      "val_acc": 0.7511,
      "gpu_hours": 0.02386862317721049
    },
    "3": {
      "val_acc": 0.7884,
      "gpu_hours": 0.03164469189114041
    },
    "4": {
      "val_acc": 0.8163,
      "gpu_hours": 0.039425098564889696
    },
    "5": {
      "val_acc": 0.7889,
      "gpu_hours": 0.047199640009138316
    },
    "6": {
      "val_acc": 0.8386,
      "gpu_hours": 0.054976185030407375
    },
    "7": {
      "val_acc": 0.8493,
      "gpu_hours": 0.06273678441842397
    },
    "8": {
      "val_acc": 0.847,
      "gpu_hours": 0.07049479557408227
    },
    "9": {
      "val_acc": 0.865,
      "gpu_hours": 0.07824343476030561
    },
    "10": {
      "val_acc": 0.8859,
      "gpu_hours": 0.08599392023351457
    },
    "11": {
      "val_acc": 0.8894,
      "gpu_hours": 0.09376736217074924
    },
    "12": {
      "val_acc": 0.8988,
      "gpu_hours": 0.10152707762188382
    },
    "13": {
      "val_acc": 0.8976,
      "gpu_hours": 0.10927430788675944
    },
    "14": {
      "val_acc": 0.8934,
      "gpu_hours": 0.11702412750985887
    },
    "15": {
      "val_acc": 0.8997,
      "gpu_hours": 0.12478305810027653
    },
    "16": {
      "val_acc": 0.9044,
      "gpu_hours": 0.13254531019263796
    },
    "17": {
      "val_acc": 0.895,
      "gpu_hours": 0.14030777355035146
    },
    "18": {
      "val_acc": 0.9009,
      "gpu_hours": 0.14807608359389834
    },
    "19": {
      "val_acc": 0.9001,
      "gpu_hours": 0.15583927406205073
    },
    "20": {
      "val_acc": 0.9166,
      "gpu_hours": 0.1635904194911321
    },
    "21": {
      "val_acc": 0.9165,
      "gpu_hours": 0.17134275913238525
    },
    "22": {
      "val_acc": 0.9145,
      "gpu_hours": 0.17909289671315087
    },
    "23": {
      "val_acc": 0.919,
      "gpu_hours": 0.18685315390427906
    },
    "24": {
      "val_acc": 0.9153,
      "gpu_hours": 0.19460342201921674
    },
    "25": {
      "val_acc": 0.917,
      "gpu_hours": 0.20235712574587927
    },
    "26": {
      "val_acc": 0.9187,
      "gpu_hours": 0.21010722875595092
    },
    "27": {
      "val_acc": 0.915,
      "gpu_hours": 0.21786940667364332
    },
    "28": {
      "val_acc": 0.9148,
      "gpu_hours": 0.22562534477975632
    },
    "29": {
      "val_acc": 0.9171,
      "gpu_hours": 0.23337340354919434
    }
  }
}