{
  "trial_number": 5,
  "params": {
    "lr": 0.000112842009834812,
    "weight_decay": 0.0036837747667933336,
    "batch_size": 256,
    "dropout": 0.1622352987391144,
    "optimizer": "SGD",
    "scheduler": "cosine",
    "model": "resnet34",
    "momentum": 0.8639756329115255
  },
  "best_val_acc": 0.1868,
  "total_gpu_hours": 0.04422201812267303,
  "slurm_task": 6,
  "parallel_workers": 40,
  "sampler": "random",
  "dataset": "cifar10",
  "device": "cuda",
  "accuracy_thresholds": {},
  "accuracy_curve": {
    "0": {
      "val_acc": 0.0981,
      "gpu_hours": 0.002036709123187595
    },
    "1": {
      "val_acc": 0.1158,
      "gpu_hours": 0.003497821821106805
    },
    "2": {
      "val_acc": 0.131,
      "gpu_hours": 0.00495752149158054
    },
    "3": {
      "val_acc": 0.1379,
      "gpu_hours": 0.006411707533730401
    },
    "4": {
      "val_acc": 0.1428,
      "gpu_hours": 0.007864138219091626
    },
    "5": {
      "val_acc": 0.1459,
      "gpu_hours": 0.009323233564694722
    },
    "6": {
      "val_acc": 0.1566,
      "gpu_hours": 0.010779145823584663
    },
    "7": {
      "val_acc": 0.1599,
      "gpu_hours": 0.012238757212956747
    },
    "8": {
      "val_acc": 0.161,
      "gpu_hours": 0.013694658213191562
    },
    "9": {
      "val_acc": 0.1596,
      "gpu_hours": 0.0151439544889662
    },
    "10": {
      "val_acc": 0.1665,
      "gpu_hours": 0.016595159636603463
    },
    "11": {
      "val_acc": 0.1682,
      "gpu_hours": 0.018046035435464645
    },
    "12": {
      "val_acc": 0.1725,
      "gpu_hours": 0.019535765714115565
    },
    "13": {
      "val_acc": 0.1714,
      "gpu_hours": 0.020992007123099433
    },
    "14": {
      "val_acc": 0.1729,
      "gpu_hours": 0.022448425425423517
    },
    "15": {
      "val_acc": 0.1745,
      "gpu_hours": 0.023897873096995884
    },
    "16": {
      "val_acc": 0.1759,
      "gpu_hours": 0.025348240468237134
    },
    "17": {
      "val_acc": 0.1757,
      "gpu_hours": 0.026800001197391086
    },
    "18": {
      "val_acc": 0.1794,
      "gpu_hours": 0.028254465527004665
    },
    "19": {
      "val_acc": 0.1809,
      "gpu_hours": 0.02970904502603743
    },
    "20": {
      "val_acc": 0.1781,
      "gpu_hours": 0.031151396830876667
    },
    "21": {
      "val_acc": 0.1825,
      "gpu_hours": 0.03260132140583462
    },
    "22": {
      "val_acc": 0.183,
      "gpu_hours": 0.03405368950631883
    },
    "23": {
      "val_acc": 0.1845,
      "gpu_hours": 0.03550413548946381
    },
    "24": {
      "val_acc": 0.182,
      "gpu_hours": 0.03695628590053982
    },
    "25": {
      "val_acc": 0.1851,
      "gpu_hours": 0.03840474804242452
    },
    "26": {
      "val_acc": 0.1839,
      "gpu_hours": 0.039858224723074175
    },
    "27": {
      "val_acc": 0.1833,
      "gpu_hours": 0.041312398778067694
    },
    "28": {
      "val_acc": 0.182,
      "gpu_hours": 0.04276412864526113
    },
    "29": {
      "val_acc": 0.1868,
      "gpu_hours": 0.044215806523958845
    }
  }
}