{
  "trial_number": 23,
  "params": {
    "lr": 0.0001759893068000826,
    "weight_decay": 1.2920927867508866e-06,
    "batch_size": 64,
    "dropout": 0.23300432362636714,
    "optimizer": "AdamW",
    "scheduler": "step",
    "model": "resnet34"
  },
  "best_val_acc": 0.9086,
  "total_gpu_hours": 0.06977729313903384,
  "slurm_task": 19,
  "parallel_workers": 40,
  "sampler": "random",
  "dataset": "cifar10",
  "device": "cuda",
  "accuracy_thresholds": {
    "gpu_h_to_80pct": 0.01432144602139791,
    "gpu_h_to_85pct": 0.02593828426467048,
    "gpu_h_to_90pct": 0.049187730550765994
  },
  "accuracy_curve": {
    "0": {
      "val_acc": 0.5662,
      "gpu_hours": 0.00270746820502811
    },
    "1": {
      "val_acc": 0.671,
      "gpu_hours": 0.005036240352524652
    },
    "2": {
      "val_acc": 0.7397,
      "gpu_hours": 0.007360072400834825
    },
    "3": {
      "val_acc": 0.7597,
      "gpu_hours": 0.009677550726466708
    },
    "4": {
      "val_acc": 0.7737,
      "gpu_hours": 0.012005161775483025
    },
    "5": {
      "val_acc": 0.8154,
      "gpu_hours": 0.01432144602139791
    },
    "6": {
      "val_acc": 0.8136,
      "gpu_hours": 0.01664441314008501
    },
    "7": {
      "val_acc": 0.8265,
      "gpu_hours": 0.018960910903082953
    },
    "8": {
      "val_acc": 0.8464,
      "gpu_hours": 0.021289149191644458
    },
    "9": {
      "val_acc": 0.8483,
      "gpu_hours": 0.023614225387573243
    },
    "10": {
      "val_acc": 0.8813,
      "gpu_hours": 0.02593828426467048
    },
    "11": {
      "val_acc": 0.8862,
      "gpu_hours": 0.028261798156632316
    },
    "12": {
      "val_acc": 0.8807,
      "gpu_hours": 0.03058883547782898
    },
    "13": {
      "val_acc": 0.8803,
      "gpu_hours": 0.03291862428188324
    },
    "14": {
      "val_acc": 0.8926,
      "gpu_hours": 0.03524625175529056
    },
    "15": {
      "val_acc": 0.8895,
      "gpu_hours": 0.037577001121309066
    },
    "16": {
      "val_acc": 0.892,
      "gpu_hours": 0.03989749166700575
    },
    "17": {
      "val_acc": 0.8833,
      "gpu_hours": 0.04221614446904924
    },
    "18": {
      "val_acc": 0.8908,
      "gpu_hours": 0.044538291758961145
    },
    "19": {
      "val_acc": 0.8883,
      "gpu_hours": 0.04686105085743798
    },
    "20": {
      "val_acc": 0.9012,
      "gpu_hours": 0.049187730550765994
    },
    "21": {
      "val_acc": 0.9051,
      "gpu_hours": 0.05150835944546594
    },
    "22": {
      "val_acc": 0.9036,
      "gpu_hours": 0.05381934245427449
    },
    "23": {
      "val_acc": 0.9039,
      "gpu_hours": 0.05609947542349498
    },
    "24": {
      "val_acc": 0.9037,
      "gpu_hours": 0.058383735683229236
    },
    "25": {
      "val_acc": 0.9018,
      "gpu_hours": 0.06066070079803467
    },
    "26": {
      "val_acc": 0.9086,
      "gpu_hours": 0.062936881714397
    },
    "27": {
      "val_acc": 0.9043,
      "gpu_hours": 0.06521550628874037
    },
    "28": {
      "val_acc": 0.907,
      "gpu_hours": 0.06749423464139302
    },
    "29": {
      "val_acc": 0.9052,
      "gpu_hours": 0.06977050946818458
    }
  }
}