{
  "trial_number": 91,
  "params": {
    "lr": 0.0003733753103164236,
    "weight_decay": 0.0008705550749587457,
    "batch_size": 256,
    "dropout": 0.4928623071766046,
    "optimizer": "SGD",
    "scheduler": "cosine",
    "model": "efficientnet_b1",
    "momentum": 0.9801243694131242
  },
  "best_val_acc": 0.1065,
  "total_gpu_hours": 0.08328561060958438,
  "slurm_task": 28,
  "parallel_workers": 40,
  "sampler": "random",
  "dataset": "cifar10",
  "device": "cuda",
  "accuracy_thresholds": {},
  "accuracy_curve": {
    "0": {
      "val_acc": 0.1041,
      "gpu_hours": 0.0032234874698850845
    },
    "1": {
      "val_acc": 0.1065,
      "gpu_hours": 0.005974467661645677
    },
    "2": {
      "val_acc": 0.1035,
      "gpu_hours": 0.008745656741989984
    },
    "3": {
      "val_acc": 0.1037,
      "gpu_hours": 0.011528397467401292
    },
    "4": {
      "val_acc": 0.1037,
      "gpu_hours": 0.014277032878663805
    },
    "5": {
      "val_acc": 0.1054,
      "gpu_hours": 0.01702413711282942
    },
    "6": {
      "val_acc": 0.1032,
      "gpu_hours": 0.019792445500691733
    },
    "7": {
      "val_acc": 0.1038,
      "gpu_hours": 0.022542992830276488
    },
    "8": {
      "val_acc": 0.1026,
      "gpu_hours": 0.025295366247495014
    },
    "9": {
      "val_acc": 0.1037,
      "gpu_hours": 0.028058942755063376
    },
    "10": {
      "val_acc": 0.1044,
      "gpu_hours": 0.030811259282959833
    },
    "11": {
      "val_acc": 0.1031,
      "gpu_hours": 0.03358625955051846
    },
    "12": {
      "val_acc": 0.1033,
      "gpu_hours": 0.036346640586853024
    },
    "13": {
      "val_acc": 0.1037,
      "gpu_hours": 0.03910924639966753
    },
    "14": {
      "val_acc": 0.1033,
      "gpu_hours": 0.04188458555274539
    },
    "15": {
      "val_acc": 0.1042,
      "gpu_hours": 0.044659681651327346
    },
    "16": {
      "val_acc": 0.1052,
      "gpu_hours": 0.047430137130949235
    },
    "17": {
      "val_acc": 0.1045,
      "gpu_hours": 0.05018897506925795
    },
    "18": {
      "val_acc": 0.1046,
      "gpu_hours": 0.0529524572690328
    },
    "19": {
      "val_acc": 0.1032,
      "gpu_hours": 0.05572162409623464
    },
    "20": {
      "val_acc": 0.1032,
      "gpu_hours": 0.05846186233891381
    },
    "21": {
      "val_acc": 0.1044,
      "gpu_hours": 0.06122239013512929
    },
    "22": {
      "val_acc": 0.1031,
      "gpu_hours": 0.06396908938884735
    },
    "23": {
      "val_acc": 0.1036,
      "gpu_hours": 0.06672467589378357
    },
    "24": {
      "val_acc": 0.1025,
      "gpu_hours": 0.06949871646033393
    },
    "25": {
      "val_acc": 0.105,
      "gpu_hours": 0.07224846058421665
    },
    "26": {
      "val_acc": 0.1027,
      "gpu_hours": 0.07501328176922269
    },
    "27": {
      "val_acc": 0.104,
      "gpu_hours": 0.0777712161011166
    },
    "28": {
      "val_acc": 0.1042,
      "gpu_hours": 0.08053476181295183
    },
    "29": {
      "val_acc": 0.1052,
      "gpu_hours": 0.08327962279319763
    }
  }
}