{
  "trial_number": 72,
  "params": {
    "lr": 0.010646190829920231,
    "weight_decay": 1.5095542625161959e-06,
    "batch_size": 128,
    "dropout": 0.47466890332500256,
    "optimizer": "AdamW",
    "scheduler": "cosine",
    "model": "resnet18"
  },
  "best_val_acc": 0.912,
  "total_gpu_hours": 0.12520334839820862,
  "slurm_task": 9,
  "parallel_workers": 40,
  "sampler": "random",
  "dataset": "cifar10",
  "device": "cuda",
  "accuracy_thresholds": {
    "gpu_h_to_80pct": 0.02987725105550554,
    "gpu_h_to_85pct": 0.042303959594832526,
    "gpu_h_to_90pct": 0.07958551850583818
  },
  "accuracy_curve": {
    "0": {
      "val_acc": 0.3648,
      "gpu_hours": 0.005009762777222528
    },
    "1": {
      "val_acc": 0.5684,
      "gpu_hours": 0.009156957202487522
    },
    "2": {
      "val_acc": 0.6333,
      "gpu_hours": 0.013302798800998264
    },
    "3": {
      "val_acc": 0.6819,
      "gpu_hours": 0.017446207536591422
    },
    "4": {
      "val_acc": 0.7304,
      "gpu_hours": 0.021605619721942478
    },
    "5": {
      "val_acc": 0.7638,
      "gpu_hours": 0.025732671883371142
    },
    "6": {
      "val_acc": 0.8114,
      "gpu_hours": 0.02987725105550554
    },
    "7": {
      "val_acc": 0.8186,
      "gpu_hours": 0.03401902423964606
    },
    "8": {
      "val_acc": 0.8418,
      "gpu_hours": 0.03816161811351776
    },
    "9": {
      "val_acc": 0.8531,
      "gpu_hours": 0.042303959594832526
    },
    "10": {
      "val_acc": 0.8606,
      "gpu_hours": 0.04645023783047994
    },
    "11": {
      "val_acc": 0.8708,
      "gpu_hours": 0.050595221055878534
    },
    "12": {
      "val_acc": 0.868,
      "gpu_hours": 0.05474044296476576
    },
    "13": {
      "val_acc": 0.8725,
      "gpu_hours": 0.058873162865638734
    },
    "14": {
      "val_acc": 0.8855,
      "gpu_hours": 0.0630095441473855
    },
    "15": {
      "val_acc": 0.8869,
      "gpu_hours": 0.06715218007564544
    },
    "16": {
      "val_acc": 0.8863,
      "gpu_hours": 0.07129591319296096
    },
    "17": {
      "val_acc": 0.8932,
      "gpu_hours": 0.07543173054854076
    },
    "18": {
      "val_acc": 0.9019,
      "gpu_hours": 0.07958551850583818
    },
    "19": {
      "val_acc": 0.8977,
      "gpu_hours": 0.08372647239102257
    },
    "20": {
      "val_acc": 0.9038,
      "gpu_hours": 0.08787473062674205
    },
    "21": {
      "val_acc": 0.9045,
      "gpu_hours": 0.0920171989997228
    },
    "22": {
      "val_acc": 0.9076,
      "gpu_hours": 0.096168525285191
    },
    "23": {
      "val_acc": 0.9078,
      "gpu_hours": 0.10031877511077457
    },
    "24": {
      "val_acc": 0.9089,
      "gpu_hours": 0.10445333050356971
    },
    "25": {
      "val_acc": 0.9103,
      "gpu_hours": 0.10860552728176116
    },
    "26": {
      "val_acc": 0.9092,
      "gpu_hours": 0.11275318635834589
    },
    "27": {
      "val_acc": 0.912,
      "gpu_hours": 0.11689430422253079
    },
    "28": {
      "val_acc": 0.9109,
      "gpu_hours": 0.12103771395153469
    },
    "29": {
      "val_acc": 0.91,
      "gpu_hours": 0.1251915978723102
    }
  }
}