{
  "trial_number": 61,
  "params": {
    "lr": 0.0008560308165360968,
    "weight_decay": 0.0018877691427048498,
    "batch_size": 64,
    "dropout": 0.4811550437231104,
    "optimizer": "SGD",
    "scheduler": "step",
    "model": "efficientnet_b1",
    "momentum": 0.8310118398785878
  },
  "best_val_acc": 0.1198,
  "total_gpu_hours": 0.24989056719674005,
  "slurm_task": 34,
  "parallel_workers": 40,
  "sampler": "random",
  "dataset": "cifar10",
  "device": "cuda",
  "accuracy_thresholds": {},
  "accuracy_curve": {
    "0": {
      "val_acc": 0.1023,
      "gpu_hours": 0.008701054983668858
    },
    "1": {
      "val_acc": 0.119,
      "gpu_hours": 0.017330416573418512
    },
    "2": {
      "val_acc": 0.1076,
      "gpu_hours": 0.025833895603815715
    },
    "3": {
      "val_acc": 0.1187,
      "gpu_hours": 0.03413336310121748
    },
    "4": {
      "val_acc": 0.1082,
      "gpu_hours": 0.042640910148620606
    },
    "5": {
      "val_acc": 0.1058,
      "gpu_hours": 0.051138175461027356
    },
    "6": {
      "val_acc": 0.1063,
      "gpu_hours": 0.05976716849539015
    },
    "7": {
      "val_acc": 0.1125,
      "gpu_hours": 0.06812282019191318
    },
    "8": {
      "val_acc": 0.1188,
      "gpu_hours": 0.07635561856958602
    },
    "9": {
      "val_acc": 0.117,
      "gpu_hours": 0.08478636509842342
    },
    "10": {
      "val_acc": 0.1138,
      "gpu_hours": 0.09255713125069936
    },
    "11": {
      "val_acc": 0.1131,
      "gpu_hours": 0.10081981513235304
    },
    "12": {
      "val_acc": 0.1108,
      "gpu_hours": 0.10914195789231194
    },
    "13": {
      "val_acc": 0.1162,
      "gpu_hours": 0.1177660811609692
    },
    "14": {
      "val_acc": 0.1146,
      "gpu_hours": 0.1261743732293447
    },
    "15": {
      "val_acc": 0.1144,
      "gpu_hours": 0.1342229958375295
    },
    "16": {
      "val_acc": 0.1114,
      "gpu_hours": 0.1425176488690906
    },
    "17": {
      "val_acc": 0.1111,
      "gpu_hours": 0.15101785110102758
    },
    "18": {
      "val_acc": 0.1154,
      "gpu_hours": 0.15958477629555595
    },
    "19": {
      "val_acc": 0.1124,
      "gpu_hours": 0.16790590074327258
    },
    "20": {
      "val_acc": 0.1121,
      "gpu_hours": 0.17638358182377287
    },
    "21": {
      "val_acc": 0.1157,
      "gpu_hours": 0.18490863409307268
    },
    "22": {
      "val_acc": 0.1147,
      "gpu_hours": 0.1935180088546541
    },
    "23": {
      "val_acc": 0.1134,
      "gpu_hours": 0.20142135507530637
    },
    "24": {
      "val_acc": 0.1173,
      "gpu_hours": 0.2094994980759091
    },
    "25": {
      "val_acc": 0.1126,
      "gpu_hours": 0.21780839218033685
    },
    "26": {
      "val_acc": 0.1181,
      "gpu_hours": 0.22607288930151198
    },
    "27": {
      "val_acc": 0.1142,
      "gpu_hours": 0.2336958467298084
    },
    "28": {
      "val_acc": 0.1198,
      "gpu_hours": 0.24134028421507941
    },
    "29": {
      "val_acc": 0.1131,
      "gpu_hours": 0.24988373895486196
    }
  }
}