{
  "trial_number": 80,
  "params": {
    "lr": 0.0001759893068000826,
    "weight_decay": 1.2920927867508866e-06,
    "batch_size": 64,
    "dropout": 0.23300432362636714,
    "optimizer": "AdamW",
    "scheduler": "step",
    "model": "resnet34"
  },
  "best_val_acc": 0.9098,
  "total_gpu_hours": 0.2339716993437873,
  "slurm_task": 19,
  "parallel_workers": 40,
  "sampler": "random",
  "dataset": "cifar10",
  "device": "cuda",
  "accuracy_thresholds": {
    "gpu_h_to_80pct": 0.04728482120566898,
    "gpu_h_to_85pct": 0.07067493246661292,
    "gpu_h_to_90pct": 0.16405058138900333
  },
  "accuracy_curve": {
    "0": {
      "val_acc": 0.5748,
      "gpu_hours": 0.008315693471166823
    },
    "1": {
      "val_acc": 0.6504,
      "gpu_hours": 0.016109011901749504
    },
    "2": {
      "val_acc": 0.7333,
      "gpu_hours": 0.023903587924109564
    },
    "3": {
      "val_acc": 0.737,
      "gpu_hours": 0.031693795985645715
    },
    "4": {
      "val_acc": 0.7978,
      "gpu_hours": 0.03949326323138343
    },
    "5": {
      "val_acc": 0.8021,
      "gpu_hours": 0.04728482120566898
    },
    "6": {
      "val_acc": 0.8208,
      "gpu_hours": 0.05508091880215539
    },
    "7": {
      "val_acc": 0.8338,
      "gpu_hours": 0.0628742018673155
    },
    "8": {
      "val_acc": 0.8522,
      "gpu_hours": 0.07067493246661292
    },
    "9": {
      "val_acc": 0.8391,
      "gpu_hours": 0.07847330848375957
    },
    "10": {
      "val_acc": 0.879,
      "gpu_hours": 0.08626615160041386
    },
    "11": {
      "val_acc": 0.8794,
      "gpu_hours": 0.09404364751444923
    },
    "12": {
      "val_acc": 0.8837,
      "gpu_hours": 0.10183434327443441
    },
    "13": {
      "val_acc": 0.889,
      "gpu_hours": 0.10961229847537146
    },
    "14": {
      "val_acc": 0.8893,
      "gpu_hours": 0.11739423725340102
    },
    "15": {
      "val_acc": 0.8913,
      "gpu_hours": 0.12517465896076627
    },
    "16": {
      "val_acc": 0.894,
      "gpu_hours": 0.13296045819918315
    },
    "17": {
      "val_acc": 0.8965,
      "gpu_hours": 0.1407366817527347
    },
    "18": {
      "val_acc": 0.8921,
      "gpu_hours": 0.14851351764467027
    },
    "19": {
      "val_acc": 0.8961,
      "gpu_hours": 0.1562826133436627
    },
    "20": {
      "val_acc": 0.9035,
      "gpu_hours": 0.16405058138900333
    },
    "21": {
      "val_acc": 0.9075,
      "gpu_hours": 0.17181875685850778
    },
    "22": {
      "val_acc": 0.9098,
      "gpu_hours": 0.1795812909470664
    },
    "23": {
      "val_acc": 0.9032,
      "gpu_hours": 0.18734466784530215
    },
    "24": {
      "val_acc": 0.9096,
      "gpu_hours": 0.19511908001369901
    },
    "25": {
      "val_acc": 0.904,
      "gpu_hours": 0.20289923350016276
    },
    "26": {
      "val_acc": 0.9074,
      "gpu_hours": 0.21066294252872467
    },
    "27": {
      "val_acc": 0.9074,
      "gpu_hours": 0.21843601935439638
    },
    "28": {
      "val_acc": 0.9068,
      "gpu_hours": 0.22620293458302815
    },
    "29": {
      "val_acc": 0.9062,
      "gpu_hours": 0.23396525687641567
    }
  }
}