{
  "trial_number": 55,
  "params": {
    "lr": 0.0003603510770495509,
    "weight_decay": 3.518821300049865e-05,
    "batch_size": 256,
    "dropout": 0.39415535031922466,
    "optimizer": "Adam",
    "scheduler": "plateau",
    "model": "efficientnet_b1"
  },
  "best_val_acc": 0.5316,
  "total_gpu_hours": 0.08366099801328447,
  "slurm_task": 29,
  "parallel_workers": 40,
  "sampler": "random",
  "dataset": "cifar10",
  "device": "cuda",
  "accuracy_thresholds": {},
  "accuracy_curve": {
    "0": {
      "val_acc": 0.1603,
      "gpu_hours": 0.003425563507609897
    },
    "1": {
      "val_acc": 0.2845,
      "gpu_hours": 0.006171601944499546
    },
    "2": {
      "val_acc": 0.3971,
      "gpu_hours": 0.008916071587138705
    },
    "3": {
      "val_acc": 0.4429,
      "gpu_hours": 0.011680877804756164
    },
    "4": {
      "val_acc": 0.4795,
      "gpu_hours": 0.01442948838075002
    },
    "5": {
      "val_acc": 0.5117,
      "gpu_hours": 0.01717730104923248
    },
    "6": {
      "val_acc": 0.5176,
      "gpu_hours": 0.0199071823226081
    },
    "7": {
      "val_acc": 0.5235,
      "gpu_hours": 0.022657222416665818
    },
    "8": {
      "val_acc": 0.5279,
      "gpu_hours": 0.025418588320414225
    },
    "9": {
      "val_acc": 0.5254,
      "gpu_hours": 0.0281624878777398
    },
    "10": {
      "val_acc": 0.5272,
      "gpu_hours": 0.030907018979390462
    },
    "11": {
      "val_acc": 0.5279,
      "gpu_hours": 0.03366126153204176
    },
    "12": {
      "val_acc": 0.5303,
      "gpu_hours": 0.03641951786147224
    },
    "13": {
      "val_acc": 0.5293,
      "gpu_hours": 0.039199587437841625
    },
    "14": {
      "val_acc": 0.528,
      "gpu_hours": 0.04198750522401598
    },
    "15": {
      "val_acc": 0.5285,
      "gpu_hours": 0.04478486829333835
    },
    "16": {
      "val_acc": 0.5295,
      "gpu_hours": 0.04757190393077003
    },
    "17": {
      "val_acc": 0.5294,
      "gpu_hours": 0.0503631450732549
    },
    "18": {
      "val_acc": 0.5286,
      "gpu_hours": 0.0531254431936476
    },
    "19": {
      "val_acc": 0.5316,
      "gpu_hours": 0.055903847283787195
    },
    "20": {
      "val_acc": 0.5284,
      "gpu_hours": 0.05870147864023845
    },
    "21": {
      "val_acc": 0.5301,
      "gpu_hours": 0.061484267645412025
    },
    "22": {
      "val_acc": 0.5293,
      "gpu_hours": 0.06424547255039215
    },
    "23": {
      "val_acc": 0.5267,
      "gpu_hours": 0.06701650354597304
    },
    "24": {
      "val_acc": 0.5291,
      "gpu_hours": 0.06978025284078386
    },
    "25": {
      "val_acc": 0.5286,
      "gpu_hours": 0.07254498746660021
    },
    "26": {
      "val_acc": 0.5275,
      "gpu_hours": 0.07533083909087711
    },
    "27": {
      "val_acc": 0.5307,
      "gpu_hours": 0.07811235474215614
    },
    "28": {
      "val_acc": 0.5308,
      "gpu_hours": 0.08088654087649451
    },
    "29": {
      "val_acc": 0.5279,
      "gpu_hours": 0.08365328742398156
    }
  }
}