{
  "trial_number": 52,
  "params": {
    "lr": 0.0004042098387048985,
    "weight_decay": 0.0013746445558919461,
    "batch_size": 64,
    "dropout": 0.4051818581232387,
    "optimizer": "SGD",
    "scheduler": "step",
    "model": "efficientnet_b0",
    "momentum": 0.9362072138207123
  },
  "best_val_acc": 0.2282,
  "total_gpu_hours": 0.16394191291597154,
  "slurm_task": 32,
  "parallel_workers": 40,
  "sampler": "random",
  "dataset": "cifar10",
  "device": "cuda",
  "accuracy_thresholds": {},
  "accuracy_curve": {
    "0": {
      "val_acc": 0.1208,
      "gpu_hours": 0.006052027344703674
    },
    "1": {
      "val_acc": 0.1185,
      "gpu_hours": 0.011492133736610413
    },
    "2": {
      "val_acc": 0.1153,
      "gpu_hours": 0.016909029550022547
    },
    "3": {
      "val_acc": 0.1122,
      "gpu_hours": 0.022325344880421958
    },
    "4": {
      "val_acc": 0.1175,
      "gpu_hours": 0.027742144929038155
    },
    "5": {
      "val_acc": 0.1146,
      "gpu_hours": 0.033167360093858504
    },
    "6": {
      "val_acc": 0.1128,
      "gpu_hours": 0.03859533230463664
    },
    "7": {
      "val_acc": 0.1158,
      "gpu_hours": 0.044011489616500005
    },
    "8": {
      "val_acc": 0.1267,
      "gpu_hours": 0.04943460424741109
    },
    "9": {
      "val_acc": 0.1283,
      "gpu_hours": 0.054870078762372335
    },
    "10": {
      "val_acc": 0.1282,
      "gpu_hours": 0.060306568344434104
    },
    "11": {
      "val_acc": 0.1314,
      "gpu_hours": 0.06572786880864037
    },
    "12": {
      "val_acc": 0.1374,
      "gpu_hours": 0.0711587827735477
    },
    "13": {
      "val_acc": 0.1534,
      "gpu_hours": 0.0765836970673667
    },
    "14": {
      "val_acc": 0.1665,
      "gpu_hours": 0.08200068884425693
    },
    "15": {
      "val_acc": 0.1706,
      "gpu_hours": 0.0874425556924608
    },
    "16": {
      "val_acc": 0.1789,
      "gpu_hours": 0.09287022418446012
    },
    "17": {
      "val_acc": 0.183,
      "gpu_hours": 0.0982889195283254
    },
    "18": {
      "val_acc": 0.188,
      "gpu_hours": 0.10371317916446261
    },
    "19": {
      "val_acc": 0.1921,
      "gpu_hours": 0.10913656559255389
    },
    "20": {
      "val_acc": 0.198,
      "gpu_hours": 0.11455650985240937
    },
    "21": {
      "val_acc": 0.1965,
      "gpu_hours": 0.11998780912823147
    },
    "22": {
      "val_acc": 0.2009,
      "gpu_hours": 0.12545183453294967
    },
    "23": {
      "val_acc": 0.2054,
      "gpu_hours": 0.13095994969209035
    },
    "24": {
      "val_acc": 0.2046,
      "gpu_hours": 0.1364538832505544
    },
    "25": {
      "val_acc": 0.2154,
      "gpu_hours": 0.14194798310597737
    },
    "26": {
      "val_acc": 0.2148,
      "gpu_hours": 0.14745958771970538
    },
    "27": {
      "val_acc": 0.2187,
      "gpu_hours": 0.15295943836371104
    },
    "28": {
      "val_acc": 0.2207,
      "gpu_hours": 0.1584516112671958
    },
    "29": {
      "val_acc": 0.2282,
      "gpu_hours": 0.1639343300130632
    }
  }
}