{
  "trial_number": 29,
  "params": {
    "lr": 0.004115476988019712,
    "weight_decay": 1.8968595252326444e-06,
    "batch_size": 128,
    "dropout": 0.038282756830497755,
    "optimizer": "Adam",
    "scheduler": "plateau",
    "model": "efficientnet_b1"
  },
  "best_val_acc": 0.6582,
  "total_gpu_hours": 0.07112161510520511,
  "slurm_task": 40,
  "parallel_workers": 40,
  "sampler": "random",
  "dataset": "cifar10",
  "device": "cuda",
  "accuracy_thresholds": {},
  "accuracy_curve": {
    "0": {
      "val_acc": 0.2653,
      "gpu_hours": 0.002750946018430922
    },
    "1": {
      "val_acc": 0.3209,
      "gpu_hours": 0.005108254220750597
    },
    "2": {
      "val_acc": 0.419,
      "gpu_hours": 0.007472430335150825
    },
    "3": {
      "val_acc": 0.4986,
      "gpu_hours": 0.009828545848528544
    },
    "4": {
      "val_acc": 0.5474,
      "gpu_hours": 0.012189006143146091
    },
    "5": {
      "val_acc": 0.6171,
      "gpu_hours": 0.014541170332166883
    },
    "6": {
      "val_acc": 0.6303,
      "gpu_hours": 0.01689464118745592
    },
    "7": {
      "val_acc": 0.6407,
      "gpu_hours": 0.019246892465485468
    },
    "8": {
      "val_acc": 0.6477,
      "gpu_hours": 0.021594327423307632
    },
    "9": {
      "val_acc": 0.6513,
      "gpu_hours": 0.023960519764158462
    },
    "10": {
      "val_acc": 0.6538,
      "gpu_hours": 0.02631577259964413
    },
    "11": {
      "val_acc": 0.6568,
      "gpu_hours": 0.02867357611656189
    },
    "12": {
      "val_acc": 0.6536,
      "gpu_hours": 0.031027996275160046
    },
    "13": {
      "val_acc": 0.655,
      "gpu_hours": 0.03338623954190148
    },
    "14": {
      "val_acc": 0.6537,
      "gpu_hours": 0.035745210382673476
    },
    "15": {
      "val_acc": 0.6549,
      "gpu_hours": 0.0380958855814404
    },
    "16": {
      "val_acc": 0.6565,
      "gpu_hours": 0.04045693940586514
    },
    "17": {
      "val_acc": 0.6565,
      "gpu_hours": 0.04281461199124654
    },
    "18": {
      "val_acc": 0.6575,
      "gpu_hours": 0.045184319880273605
    },
    "19": {
      "val_acc": 0.6548,
      "gpu_hours": 0.047535357806417676
    },
    "20": {
      "val_acc": 0.6556,
      "gpu_hours": 0.04989136583275265
    },
    "21": {
      "val_acc": 0.657,
      "gpu_hours": 0.052245311008559336
    },
    "22": {
      "val_acc": 0.6563,
      "gpu_hours": 0.05460059934192234
    },
    "23": {
      "val_acc": 0.6564,
      "gpu_hours": 0.056972018281618755
    },
    "24": {
      "val_acc": 0.6568,
      "gpu_hours": 0.05933105594582028
    },
    "25": {
      "val_acc": 0.6582,
      "gpu_hours": 0.06168849878840976
    },
    "26": {
      "val_acc": 0.6579,
      "gpu_hours": 0.06404020216729905
    },
    "27": {
      "val_acc": 0.657,
      "gpu_hours": 0.06638963878154755
    },
    "28": {
      "val_acc": 0.6565,
      "gpu_hours": 0.06874761972162459
    },
    "29": {
      "val_acc": 0.6565,
      "gpu_hours": 0.07111544840865665
    }
  }
}