{
  "trial_number": 13,
  "params": {
    "lr": 0.0018220022184198068,
    "weight_decay": 2.8376445112903882e-05,
    "batch_size": 128,
    "dropout": 0.4844681033597431,
    "optimizer": "SGD",
    "scheduler": "plateau",
    "model": "efficientnet_b1",
    "momentum": 0.861773566479374
  },
  "best_val_acc": 0.1057,
  "total_gpu_hours": 0.07088895983166164,
  "slurm_task": 12,
  "parallel_workers": 40,
  "sampler": "random",
  "dataset": "cifar10",
  "device": "cuda",
  "accuracy_thresholds": {},
  "accuracy_curve": {
    "0": {
      "val_acc": 0.0898,
      "gpu_hours": 0.003155122929149204
    },
    "1": {
      "val_acc": 0.1057,
      "gpu_hours": 0.005544762214024862
    },
    "2": {
      "val_acc": 0.103,
      "gpu_hours": 0.007928629914919536
    },
    "3": {
      "val_acc": 0.1026,
      "gpu_hours": 0.0103142116467158
    },
    "4": {
      "val_acc": 0.1008,
      "gpu_hours": 0.012692363262176513
    },
    "5": {
      "val_acc": 0.101,
      "gpu_hours": 0.015072175860404968
    },
    "6": {
      "val_acc": 0.1007,
      "gpu_hours": 0.01745739797751109
    },
    "7": {
      "val_acc": 0.1004,
      "gpu_hours": 0.019840384191936917
    },
    "8": {
      "val_acc": 0.1012,
      "gpu_hours": 0.02222143789132436
    },
    "9": {
      "val_acc": 0.101,
      "gpu_hours": 0.02461177799436781
    },
    "10": {
      "val_acc": 0.1021,
      "gpu_hours": 0.02698924508359697
    },
    "11": {
      "val_acc": 0.1007,
      "gpu_hours": 0.029374593297640483
    },
    "12": {
      "val_acc": 0.1007,
      "gpu_hours": 0.03176212734646267
    },
    "13": {
      "val_acc": 0.1009,
      "gpu_hours": 0.03414424889617496
    },
    "14": {
      "val_acc": 0.1004,
      "gpu_hours": 0.03652143736680349
    },
    "15": {
      "val_acc": 0.1014,
      "gpu_hours": 0.03890123003058964
    },
    "16": {
      "val_acc": 0.1013,
      "gpu_hours": 0.0412789962026808
    },
    "17": {
      "val_acc": 0.1011,
      "gpu_hours": 0.04365785214636061
    },
    "18": {
      "val_acc": 0.1012,
      "gpu_hours": 0.046024696826934816
    },
    "19": {
      "val_acc": 0.1019,
      "gpu_hours": 0.04828395452764299
    },
    "20": {
      "val_acc": 0.1009,
      "gpu_hours": 0.05054343773259057
    },
    "21": {
      "val_acc": 0.1007,
      "gpu_hours": 0.05279879093170166
    },
    "22": {
      "val_acc": 0.1005,
      "gpu_hours": 0.05506024738152822
    },
    "23": {
      "val_acc": 0.1003,
      "gpu_hours": 0.057333795494503445
    },
    "24": {
      "val_acc": 0.1006,
      "gpu_hours": 0.059588183760643
    },
    "25": {
      "val_acc": 0.1024,
      "gpu_hours": 0.06184761047363281
    },
    "26": {
      "val_acc": 0.1014,
      "gpu_hours": 0.06410591661930085
    },
    "27": {
      "val_acc": 0.1015,
      "gpu_hours": 0.06636701756053501
    },
    "28": {
      "val_acc": 0.1009,
      "gpu_hours": 0.06862171736028459
    },
    "29": {
      "val_acc": 0.1008,
      "gpu_hours": 0.07088201661904653
    }
  }
}