{
  "trial_number": 32,
  "params": {
    "lr": 0.000574728927859342,
    "weight_decay": 0.000760101648257675,
    "batch_size": 64,
    "dropout": 0.08769226282615988,
    "optimizer": "Adam",
    "scheduler": "plateau",
    "model": "efficientnet_b0"
  },
  "best_val_acc": 0.6578,
  "total_gpu_hours": 0.10019980106088851,
  "slurm_task": 12,
  "parallel_workers": 40,
  "sampler": "random",
  "dataset": "cifar10",
  "device": "cuda",
  "accuracy_thresholds": {},
  "accuracy_curve": {
    "0": {
      "val_acc": 0.3367,
      "gpu_hours": 0.0036937199698554146
    },
    "1": {
      "val_acc": 0.4453,
      "gpu_hours": 0.00701705190870497
    },
    "2": {
      "val_acc": 0.4723,
      "gpu_hours": 0.010346130927403769
    },
    "3": {
      "val_acc": 0.5581,
      "gpu_hours": 0.013683361344867282
    },
    "4": {
      "val_acc": 0.5792,
      "gpu_hours": 0.017001090712017483
    },
    "5": {
      "val_acc": 0.6329,
      "gpu_hours": 0.020327985088030496
    },
    "6": {
      "val_acc": 0.6402,
      "gpu_hours": 0.023661220735973782
    },
    "7": {
      "val_acc": 0.6412,
      "gpu_hours": 0.026985898746384514
    },
    "8": {
      "val_acc": 0.6504,
      "gpu_hours": 0.030311796334054734
    },
    "9": {
      "val_acc": 0.6538,
      "gpu_hours": 0.03364168736669752
    },
    "10": {
      "val_acc": 0.6543,
      "gpu_hours": 0.03697115421295166
    },
    "11": {
      "val_acc": 0.6549,
      "gpu_hours": 0.040298598143789506
    },
    "12": {
      "val_acc": 0.6567,
      "gpu_hours": 0.043626834683948096
    },
    "13": {
      "val_acc": 0.6567,
      "gpu_hours": 0.046959378057056
    },
    "14": {
      "val_acc": 0.6553,
      "gpu_hours": 0.05028462847073873
    },
    "15": {
      "val_acc": 0.6562,
      "gpu_hours": 0.05361710528532664
    },
    "16": {
      "val_acc": 0.6567,
      "gpu_hours": 0.056942782203356426
    },
    "17": {
      "val_acc": 0.6546,
      "gpu_hours": 0.06027042335934109
    },
    "18": {
      "val_acc": 0.6545,
      "gpu_hours": 0.06359294090006086
    },
    "19": {
      "val_acc": 0.6523,
      "gpu_hours": 0.0669225980175866
    },
    "20": {
      "val_acc": 0.6563,
      "gpu_hours": 0.07025383048587375
    },
    "21": {
      "val_acc": 0.6565,
      "gpu_hours": 0.07357875678274367
    },
    "22": {
      "val_acc": 0.6538,
      "gpu_hours": 0.07690480417675442
    },
    "23": {
      "val_acc": 0.6502,
      "gpu_hours": 0.08023496435748206
    },
    "24": {
      "val_acc": 0.652,
      "gpu_hours": 0.08355667286449009
    },
    "25": {
      "val_acc": 0.6563,
      "gpu_hours": 0.08687624209456973
    },
    "26": {
      "val_acc": 0.6523,
      "gpu_hours": 0.09020111302534739
    },
    "27": {
      "val_acc": 0.6578,
      "gpu_hours": 0.09353119823667738
    },
    "28": {
      "val_acc": 0.6533,
      "gpu_hours": 0.09685954656865861
    },
    "29": {
      "val_acc": 0.6578,
      "gpu_hours": 0.10019200603167217
    }
  }
}