{
  "trial_number": 112,
  "params": {
    "lr": 0.03135959969767538,
    "weight_decay": 5.906785965924102e-05,
    "batch_size": 64,
    "dropout": 0.3899012513986149,
    "optimizer": "Adam",
    "scheduler": "plateau",
    "model": "efficientnet_b0"
  },
  "best_val_acc": 0.2834,
  "total_gpu_hours": 0.17735812226931255,
  "slurm_task": 34,
  "parallel_workers": 40,
  "sampler": "random",
  "dataset": "cifar10",
  "device": "cuda",
  "accuracy_thresholds": {},
  "accuracy_curve": {
    "0": {
      "val_acc": 0.1006,
      "gpu_hours": 0.006589271558655633
    },
    "1": {
      "val_acc": 0.1524,
      "gpu_hours": 0.012413840293884277
    },
    "2": {
      "val_acc": 0.1,
      "gpu_hours": 0.018261734578344558
    },
    "3": {
      "val_acc": 0.0997,
      "gpu_hours": 0.024177037874857584
    },
    "4": {
      "val_acc": 0.1,
      "gpu_hours": 0.03044324881500668
    },
    "5": {
      "val_acc": 0.0925,
      "gpu_hours": 0.03620068709055583
    },
    "6": {
      "val_acc": 0.1,
      "gpu_hours": 0.042191342645221286
    },
    "7": {
      "val_acc": 0.1051,
      "gpu_hours": 0.04798333280616336
    },
    "8": {
      "val_acc": 0.0998,
      "gpu_hours": 0.05392299009693993
    },
    "9": {
      "val_acc": 0.1,
      "gpu_hours": 0.05992814977963765
    },
    "10": {
      "val_acc": 0.164,
      "gpu_hours": 0.06604555096891192
    },
    "11": {
      "val_acc": 0.1981,
      "gpu_hours": 0.07209705928961437
    },
    "12": {
      "val_acc": 0.1938,
      "gpu_hours": 0.07817512081729042
    },
    "13": {
      "val_acc": 0.2116,
      "gpu_hours": 0.08416450738906861
    },
    "14": {
      "val_acc": 0.2482,
      "gpu_hours": 0.08999210331175063
    },
    "15": {
      "val_acc": 0.2519,
      "gpu_hours": 0.0961600160598755
    },
    "16": {
      "val_acc": 0.2653,
      "gpu_hours": 0.10216333654191759
    },
    "17": {
      "val_acc": 0.2663,
      "gpu_hours": 0.10821361872884962
    },
    "18": {
      "val_acc": 0.2769,
      "gpu_hours": 0.11414941628774007
    },
    "19": {
      "val_acc": 0.2781,
      "gpu_hours": 0.120163022213512
    },
    "20": {
      "val_acc": 0.272,
      "gpu_hours": 0.12603368288940853
    },
    "21": {
      "val_acc": 0.2774,
      "gpu_hours": 0.13143892572985755
    },
    "22": {
      "val_acc": 0.2798,
      "gpu_hours": 0.1368449965450499
    },
    "23": {
      "val_acc": 0.2786,
      "gpu_hours": 0.1422500799761878
    },
    "24": {
      "val_acc": 0.2789,
      "gpu_hours": 0.1481767295466529
    },
    "25": {
      "val_acc": 0.277,
      "gpu_hours": 0.15418611301316154
    },
    "26": {
      "val_acc": 0.2734,
      "gpu_hours": 0.16008227103286318
    },
    "27": {
      "val_acc": 0.2782,
      "gpu_hours": 0.165491297311253
    },
    "28": {
      "val_acc": 0.2834,
      "gpu_hours": 0.17149414837360383
    },
    "29": {
      "val_acc": 0.2789,
      "gpu_hours": 0.17735199067327712
    }
  }
}