{
  "trial_number": 51,
  "params": {
    "lr": 0.0002903104937436486,
    "weight_decay": 3.426085862560751e-06,
    "batch_size": 128,
    "dropout": 0.12560519174349677,
    "optimizer": "SGD",
    "scheduler": "plateau",
    "model": "efficientnet_b1",
    "momentum": 0.897745725146971
  },
  "best_val_acc": 0.1103,
  "total_gpu_hours": 0.12308154775036706,
  "slurm_task": 24,
  "parallel_workers": 40,
  "sampler": "random",
  "dataset": "cifar10",
  "device": "cuda",
  "accuracy_thresholds": {},
  "accuracy_curve": {
    "0": {
      "val_acc": 0.1041,
      "gpu_hours": 0.0047226064734988745
    },
    "1": {
      "val_acc": 0.1004,
      "gpu_hours": 0.008787424034542508
    },
    "2": {
      "val_acc": 0.1009,
      "gpu_hours": 0.012854080531332229
    },
    "3": {
      "val_acc": 0.1008,
      "gpu_hours": 0.01691999355951945
    },
    "4": {
      "val_acc": 0.1095,
      "gpu_hours": 0.02099124769369761
    },
    "5": {
      "val_acc": 0.1064,
      "gpu_hours": 0.025069639682769776
    },
    "6": {
      "val_acc": 0.107,
      "gpu_hours": 0.02914279043674469
    },
    "7": {
      "val_acc": 0.1079,
      "gpu_hours": 0.03321543561087714
    },
    "8": {
      "val_acc": 0.1086,
      "gpu_hours": 0.03728827125496335
    },
    "9": {
      "val_acc": 0.1085,
      "gpu_hours": 0.04138079027334849
    },
    "10": {
      "val_acc": 0.1099,
      "gpu_hours": 0.045477764871385364
    },
    "11": {
      "val_acc": 0.1083,
      "gpu_hours": 0.0495654347870085
    },
    "12": {
      "val_acc": 0.1101,
      "gpu_hours": 0.053652455078230965
    },
    "13": {
      "val_acc": 0.1093,
      "gpu_hours": 0.05774402737617493
    },
    "14": {
      "val_acc": 0.1015,
      "gpu_hours": 0.06181945257716709
    },
    "15": {
      "val_acc": 0.1028,
      "gpu_hours": 0.06591290877925025
    },
    "16": {
      "val_acc": 0.109,
      "gpu_hours": 0.06999640689955818
    },
    "17": {
      "val_acc": 0.1098,
      "gpu_hours": 0.07407474047607845
    },
    "18": {
      "val_acc": 0.1041,
      "gpu_hours": 0.07815935260719724
    },
    "19": {
      "val_acc": 0.1037,
      "gpu_hours": 0.08222887257734934
    },
    "20": {
      "val_acc": 0.1091,
      "gpu_hours": 0.08630912707911598
    },
    "21": {
      "val_acc": 0.1078,
      "gpu_hours": 0.09037674301200443
    },
    "22": {
      "val_acc": 0.1043,
      "gpu_hours": 0.09445934891700744
    },
    "23": {
      "val_acc": 0.1089,
      "gpu_hours": 0.09854529639085134
    },
    "24": {
      "val_acc": 0.1062,
      "gpu_hours": 0.10263687080807156
    },
    "25": {
      "val_acc": 0.1103,
      "gpu_hours": 0.10671688159306844
    },
    "26": {
      "val_acc": 0.1041,
      "gpu_hours": 0.11081789520051744
    },
    "27": {
      "val_acc": 0.1024,
      "gpu_hours": 0.11489883250660367
    },
    "28": {
      "val_acc": 0.1085,
      "gpu_hours": 0.11898356172773573
    },
    "29": {
      "val_acc": 0.1061,
      "gpu_hours": 0.12307472897900476
    }
  }
}