{
  "trial_number": 78,
  "params": {
    "lr": 0.0023082532859770035,
    "weight_decay": 5.604167295034012e-06,
    "batch_size": 64,
    "dropout": 0.04099391537555552,
    "optimizer": "AdamW",
    "scheduler": "cosine",
    "model": "efficientnet_b0"
  },
  "best_val_acc": 0.818,
  "total_gpu_hours": 0.1724962990813785,
  "slurm_task": 6,
  "parallel_workers": 40,
  "sampler": "random",
  "dataset": "cifar10",
  "device": "cuda",
  "accuracy_thresholds": {
    "gpu_h_to_80pct": 0.10399440030256907
  },
  "accuracy_curve": {
    "0": {
      "val_acc": 0.3052,
      "gpu_hours": 0.006173530220985412
    },
    "1": {
      "val_acc": 0.4291,
      "gpu_hours": 0.011854186058044433
    },
    "2": {
      "val_acc": 0.5751,
      "gpu_hours": 0.017526924080318876
    },
    "3": {
      "val_acc": 0.5992,
      "gpu_hours": 0.023292895952860514
    },
    "4": {
      "val_acc": 0.6492,
      "gpu_hours": 0.02904040190908644
    },
    "5": {
      "val_acc": 0.6934,
      "gpu_hours": 0.03474879741668701
    },
    "6": {
      "val_acc": 0.7066,
      "gpu_hours": 0.04049383501211802
    },
    "7": {
      "val_acc": 0.7234,
      "gpu_hours": 0.04625525580512153
    },
    "8": {
      "val_acc": 0.7263,
      "gpu_hours": 0.05199034889539083
    },
    "9": {
      "val_acc": 0.7452,
      "gpu_hours": 0.05774919980102115
    },
    "10": {
      "val_acc": 0.7514,
      "gpu_hours": 0.06354844338364071
    },
    "11": {
      "val_acc": 0.7646,
      "gpu_hours": 0.06932593213187324
    },
    "12": {
      "val_acc": 0.7655,
      "gpu_hours": 0.07509151803122627
    },
    "13": {
      "val_acc": 0.7807,
      "gpu_hours": 0.08087564574347603
    },
    "14": {
      "val_acc": 0.7875,
      "gpu_hours": 0.0866512844297621
    },
    "15": {
      "val_acc": 0.7933,
      "gpu_hours": 0.09241783400376638
    },
    "16": {
      "val_acc": 0.7961,
      "gpu_hours": 0.0982350578573015
    },
    "17": {
      "val_acc": 0.8047,
      "gpu_hours": 0.10399440030256907
    },
    "18": {
      "val_acc": 0.8056,
      "gpu_hours": 0.1097804817226198
    },
    "19": {
      "val_acc": 0.8093,
      "gpu_hours": 0.1155356303188536
    },
    "20": {
      "val_acc": 0.8137,
      "gpu_hours": 0.12125144375695122
    },
    "21": {
      "val_acc": 0.8137,
      "gpu_hours": 0.12692672239409553
    },
    "22": {
      "val_acc": 0.8151,
      "gpu_hours": 0.13259648674064212
    },
    "23": {
      "val_acc": 0.818,
      "gpu_hours": 0.13829202393690745
    },
    "24": {
      "val_acc": 0.8117,
      "gpu_hours": 0.14397133085462782
    },
    "25": {
      "val_acc": 0.812,
      "gpu_hours": 0.14969275540775723
    },
    "26": {
      "val_acc": 0.8071,
      "gpu_hours": 0.15539922661251493
    },
    "27": {
      "val_acc": 0.8019,
      "gpu_hours": 0.16113370650344425
    },
    "28": {
      "val_acc": 0.8109,
      "gpu_hours": 0.16681237161159515
    },
    "29": {
      "val_acc": 0.809,
      "gpu_hours": 0.17249021377828386
    }
  }
}