{
  "trial_number": 81,
  "params": {
    "lr": 0.0005470435614760994,
    "weight_decay": 0.006522087595181223,
    "batch_size": 64,
    "dropout": 0.18581432232320727,
    "optimizer": "AdamW",
    "scheduler": "cosine",
    "model": "resnet34"
  },
  "best_val_acc": 0.9268,
  "total_gpu_hours": 0.23639016422960493,
  "slurm_task": 29,
  "parallel_workers": 40,
  "sampler": "random",
  "dataset": "cifar10",
  "device": "cuda",
  "accuracy_thresholds": {
    "gpu_h_to_80pct": 0.03986575060420566,
    "gpu_h_to_85pct": 0.07134723921616871,
    "gpu_h_to_90pct": 0.11851918578147888
  },
  "accuracy_curve": {
    "0": {
      "val_acc": 0.5145,
      "gpu_hours": 0.008390130731794569
    },
    "1": {
      "val_acc": 0.6463,
      "gpu_hours": 0.01627248803774516
    },
    "2": {
      "val_acc": 0.7616,
      "gpu_hours": 0.0241387849383884
    },
    "3": {
      "val_acc": 0.7946,
      "gpu_hours": 0.031998241477542454
    },
    "4": {
      "val_acc": 0.8177,
      "gpu_hours": 0.03986575060420566
    },
    "5": {
      "val_acc": 0.821,
      "gpu_hours": 0.04774282177289327
    },
    "6": {
      "val_acc": 0.8479,
      "gpu_hours": 0.055612829393810695
    },
    "7": {
      "val_acc": 0.8438,
      "gpu_hours": 0.06347684866852231
    },
    "8": {
      "val_acc": 0.868,
      "gpu_hours": 0.07134723921616871
    },
    "9": {
      "val_acc": 0.8702,
      "gpu_hours": 0.07922362738185458
    },
    "10": {
      "val_acc": 0.8789,
      "gpu_hours": 0.08708754771285587
    },
    "11": {
      "val_acc": 0.8921,
      "gpu_hours": 0.09494239899847243
    },
    "12": {
      "val_acc": 0.8886,
      "gpu_hours": 0.1027959586514367
    },
    "13": {
      "val_acc": 0.8924,
      "gpu_hours": 0.11066510147518582
    },
    "14": {
      "val_acc": 0.9033,
      "gpu_hours": 0.11851918578147888
    },
    "15": {
      "val_acc": 0.9037,
      "gpu_hours": 0.12637514054775237
    },
    "16": {
      "val_acc": 0.9073,
      "gpu_hours": 0.13422849297523498
    },
    "17": {
      "val_acc": 0.908,
      "gpu_hours": 0.14208356850677067
    },
    "18": {
      "val_acc": 0.9104,
      "gpu_hours": 0.14994267616007062
    },
    "19": {
      "val_acc": 0.9152,
      "gpu_hours": 0.15779551068941752
    },
    "20": {
      "val_acc": 0.9172,
      "gpu_hours": 0.165653142730395
    },
    "21": {
      "val_acc": 0.9169,
      "gpu_hours": 0.17352115955617692
    },
    "22": {
      "val_acc": 0.9186,
      "gpu_hours": 0.18137653430302939
    },
    "23": {
      "val_acc": 0.919,
      "gpu_hours": 0.18922909458478293
    },
    "24": {
      "val_acc": 0.9224,
      "gpu_hours": 0.19708212700155045
    },
    "25": {
      "val_acc": 0.9232,
      "gpu_hours": 0.2049477513631185
    },
    "26": {
      "val_acc": 0.9245,
      "gpu_hours": 0.21280767493777805
    },
    "27": {
      "val_acc": 0.9268,
      "gpu_hours": 0.220658694240782
    },
    "28": {
      "val_acc": 0.9257,
      "gpu_hours": 0.22851888279120128
    },
    "29": {
      "val_acc": 0.9256,
      "gpu_hours": 0.2363838924964269
    }
  }
}