{
  "trial_number": 15,
  "params": {
    "lr": 0.0013718150915872562,
    "weight_decay": 0.00018552082577006233,
    "batch_size": 64,
    "dropout": 0.15582549893769776,
    "optimizer": "AdamW",
    "scheduler": "step",
    "model": "resnet18"
  },
  "best_val_acc": 0.9189,
  "total_gpu_hours": 0.046016665498415626,
  "slurm_task": 22,
  "parallel_workers": 40,
  "sampler": "random",
  "dataset": "cifar10",
  "device": "cuda",
  "accuracy_thresholds": {
    "gpu_h_to_80pct": 0.008141027291615805,
    "gpu_h_to_85pct": 0.015753921932644313,
    "gpu_h_to_90pct": 0.020359906819131638
  },
  "accuracy_curve": {
    "0": {
      "val_acc": 0.5948,
      "gpu_hours": 0.002032846808433533
    },
    "1": {
      "val_acc": 0.6739,
      "gpu_hours": 0.003583061695098877
    },
    "2": {
      "val_acc": 0.7211,
      "gpu_hours": 0.005099997387992011
    },
    "3": {
      "val_acc": 0.7742,
      "gpu_hours": 0.006628210875723097
    },
    "4": {
      "val_acc": 0.8183,
      "gpu_hours": 0.008141027291615805
    },
    "5": {
      "val_acc": 0.8366,
      "gpu_hours": 0.009674468371603224
    },
    "6": {
      "val_acc": 0.8075,
      "gpu_hours": 0.011201733416981167
    },
    "7": {
      "val_acc": 0.8396,
      "gpu_hours": 0.012735420200559828
    },
    "8": {
      "val_acc": 0.8486,
      "gpu_hours": 0.014245307975345187
    },
    "9": {
      "val_acc": 0.8743,
      "gpu_hours": 0.015753921932644313
    },
    "10": {
      "val_acc": 0.8954,
      "gpu_hours": 0.01727063278357188
    },
    "11": {
      "val_acc": 0.8946,
      "gpu_hours": 0.018800034324328106
    },
    "12": {
      "val_acc": 0.9015,
      "gpu_hours": 0.020359906819131638
    },
    "13": {
      "val_acc": 0.8946,
      "gpu_hours": 0.021875737177001104
    },
    "14": {
      "val_acc": 0.9015,
      "gpu_hours": 0.02341203894880083
    },
    "15": {
      "val_acc": 0.9065,
      "gpu_hours": 0.024922252429856195
    },
    "16": {
      "val_acc": 0.9073,
      "gpu_hours": 0.026410387224621242
    },
    "17": {
      "val_acc": 0.9065,
      "gpu_hours": 0.027912534011734855
    },
    "18": {
      "val_acc": 0.906,
      "gpu_hours": 0.029408583574824863
    },
    "19": {
      "val_acc": 0.9084,
      "gpu_hours": 0.030912987258699204
    },
    "20": {
      "val_acc": 0.9155,
      "gpu_hours": 0.03242930544747247
    },
    "21": {
      "val_acc": 0.913,
      "gpu_hours": 0.0339311021566391
    },
    "22": {
      "val_acc": 0.9157,
      "gpu_hours": 0.03546307139926486
    },
    "23": {
      "val_acc": 0.9189,
      "gpu_hours": 0.0369697548283471
    },
    "24": {
      "val_acc": 0.9177,
      "gpu_hours": 0.038490985367033215
    },
    "25": {
      "val_acc": 0.9169,
      "gpu_hours": 0.040000736713409424
    },
    "26": {
      "val_acc": 0.918,
      "gpu_hours": 0.04149655772580041
    },
    "27": {
      "val_acc": 0.9188,
      "gpu_hours": 0.04300532109207577
    },
    "28": {
      "val_acc": 0.9181,
      "gpu_hours": 0.04451867401599884
    },
    "29": {
      "val_acc": 0.9141,
      "gpu_hours": 0.04600988944371542
    }
  }
}