{
  "trial_number": 76,
  "params": {
    "lr": 0.00018283061861044375,
    "weight_decay": 8.354267906568629e-06,
    "batch_size": 256,
    "dropout": 0.27253185189192525,
    "optimizer": "Adam",
    "scheduler": "plateau",
    "model": "resnet34"
  },
  "best_val_acc": 0.822,
  "total_gpu_hours": 0.20301459034283956,
  "slurm_task": 15,
  "parallel_workers": 40,
  "sampler": "random",
  "dataset": "cifar10",
  "device": "cuda",
  "accuracy_thresholds": {
    "gpu_h_to_80pct": 0.041232089400291445
  },
  "accuracy_curve": {
    "0": {
      "val_acc": 0.4865,
      "gpu_hours": 0.007523030042648315
    },
    "1": {
      "val_acc": 0.5956,
      "gpu_hours": 0.014267926547262404
    },
    "2": {
      "val_acc": 0.6487,
      "gpu_hours": 0.021015025509728325
    },
    "3": {
      "val_acc": 0.6756,
      "gpu_hours": 0.027753058936860826
    },
    "4": {
      "val_acc": 0.735,
      "gpu_hours": 0.034491063819991216
    },
    "5": {
      "val_acc": 0.8027,
      "gpu_hours": 0.041232089400291445
    },
    "6": {
      "val_acc": 0.8088,
      "gpu_hours": 0.04797569625907474
    },
    "7": {
      "val_acc": 0.812,
      "gpu_hours": 0.054714118043581644
    },
    "8": {
      "val_acc": 0.8194,
      "gpu_hours": 0.06145120779673258
    },
    "9": {
      "val_acc": 0.8203,
      "gpu_hours": 0.0681929604212443
    },
    "10": {
      "val_acc": 0.8202,
      "gpu_hours": 0.07494313438733419
    },
    "11": {
      "val_acc": 0.8211,
      "gpu_hours": 0.08168214751614465
    },
    "12": {
      "val_acc": 0.8209,
      "gpu_hours": 0.08841953304078844
    },
    "13": {
      "val_acc": 0.8203,
      "gpu_hours": 0.09515985051790873
    },
    "14": {
      "val_acc": 0.821,
      "gpu_hours": 0.1019064019785987
    },
    "15": {
      "val_acc": 0.8211,
      "gpu_hours": 0.10864003943072426
    },
    "16": {
      "val_acc": 0.8215,
      "gpu_hours": 0.11538581589857737
    },
    "17": {
      "val_acc": 0.822,
      "gpu_hours": 0.12212603867053985
    },
    "18": {
      "val_acc": 0.8217,
      "gpu_hours": 0.12887715379397074
    },
    "19": {
      "val_acc": 0.8201,
      "gpu_hours": 0.13561712907420265
    },
    "20": {
      "val_acc": 0.8217,
      "gpu_hours": 0.14235369013415441
    },
    "21": {
      "val_acc": 0.8198,
      "gpu_hours": 0.14908968773153092
    },
    "22": {
      "val_acc": 0.821,
      "gpu_hours": 0.1558425564236111
    },
    "23": {
      "val_acc": 0.822,
      "gpu_hours": 0.16257423924075232
    },
    "24": {
      "val_acc": 0.8202,
      "gpu_hours": 0.16931239942709606
    },
    "25": {
      "val_acc": 0.8212,
      "gpu_hours": 0.17605093055301244
    },
    "26": {
      "val_acc": 0.8203,
      "gpu_hours": 0.18280220919185214
    },
    "27": {
      "val_acc": 0.8213,
      "gpu_hours": 0.18953858580854205
    },
    "28": {
      "val_acc": 0.8202,
      "gpu_hours": 0.19627395431200664
    },
    "29": {
      "val_acc": 0.8214,
      "gpu_hours": 0.2030078789922926
    }
  }
}