{
  "trial_number": 68,
  "params": {
    "lr": 0.07700210971746231,
    "weight_decay": 1.7205739457035144e-06,
    "batch_size": 256,
    "dropout": 0.35380443059242667,
    "optimizer": "SGD",
    "scheduler": "step",
    "model": "efficientnet_b1",
    "momentum": 0.9602922329328787
  },
  "best_val_acc": 0.8051,
  "total_gpu_hours": 0.08274505734443664,
  "slurm_task": 7,
  "parallel_workers": 40,
  "sampler": "random",
  "dataset": "cifar10",
  "device": "cuda",
  "accuracy_thresholds": {
    "gpu_h_to_80pct": 0.07185921470324198
  },
  "accuracy_curve": {
    "0": {
      "val_acc": 0.1022,
      "gpu_hours": 0.0032308670547273426
    },
    "1": {
      "val_acc": 0.2566,
      "gpu_hours": 0.0059717372390959
    },
    "2": {
      "val_acc": 0.3423,
      "gpu_hours": 0.008720214366912843
    },
    "3": {
      "val_acc": 0.4149,
      "gpu_hours": 0.011456942624515958
    },
    "4": {
      "val_acc": 0.453,
      "gpu_hours": 0.014202026592360603
    },
    "5": {
      "val_acc": 0.5375,
      "gpu_hours": 0.01695587992668152
    },
    "6": {
      "val_acc": 0.575,
      "gpu_hours": 0.019686963756879172
    },
    "7": {
      "val_acc": 0.6475,
      "gpu_hours": 0.022442195812861124
    },
    "8": {
      "val_acc": 0.6486,
      "gpu_hours": 0.025206821494632298
    },
    "9": {
      "val_acc": 0.6844,
      "gpu_hours": 0.027947883937093947
    },
    "10": {
      "val_acc": 0.717,
      "gpu_hours": 0.03068244953950246
    },
    "11": {
      "val_acc": 0.7319,
      "gpu_hours": 0.033402014970779416
    },
    "12": {
      "val_acc": 0.7324,
      "gpu_hours": 0.03616891218556298
    },
    "13": {
      "val_acc": 0.7468,
      "gpu_hours": 0.038921143346362645
    },
    "14": {
      "val_acc": 0.7558,
      "gpu_hours": 0.04167019042703841
    },
    "15": {
      "val_acc": 0.7623,
      "gpu_hours": 0.044429811835289004
    },
    "16": {
      "val_acc": 0.7591,
      "gpu_hours": 0.047175536155700686
    },
    "17": {
      "val_acc": 0.7727,
      "gpu_hours": 0.04991537266307407
    },
    "18": {
      "val_acc": 0.7715,
      "gpu_hours": 0.052667382028367786
    },
    "19": {
      "val_acc": 0.7716,
      "gpu_hours": 0.0554118600818846
    },
    "20": {
      "val_acc": 0.789,
      "gpu_hours": 0.058157380554411144
    },
    "21": {
      "val_acc": 0.7867,
      "gpu_hours": 0.06090676307678223
    },
    "22": {
      "val_acc": 0.7959,
      "gpu_hours": 0.06365218884415097
    },
    "23": {
      "val_acc": 0.793,
      "gpu_hours": 0.0664000874095493
    },
    "24": {
      "val_acc": 0.7949,
      "gpu_hours": 0.06911405894491407
    },
    "25": {
      "val_acc": 0.8044,
      "gpu_hours": 0.07185921470324198
    },
    "26": {
      "val_acc": 0.8011,
      "gpu_hours": 0.07459692736466726
    },
    "27": {
      "val_acc": 0.8005,
      "gpu_hours": 0.07733550124698214
    },
    "28": {
      "val_acc": 0.8015,
      "gpu_hours": 0.08004401392406887
    },
    "29": {
      "val_acc": 0.8051,
      "gpu_hours": 0.08273797412713368
    }
  }
}