{
  "trial_number": 92,
  "params": {
    "lr": 0.004143014210789452,
    "weight_decay": 0.0004542658248434548,
    "batch_size": 64,
    "dropout": 0.08264491977367988,
    "optimizer": "SGD",
    "scheduler": "cosine",
    "model": "efficientnet_b0",
    "momentum": 0.8883924156565488
  },
  "best_val_acc": 0.5755,
  "total_gpu_hours": 0.1633679320414861,
  "slurm_task": 24,
  "parallel_workers": 40,
  "sampler": "random",
  "dataset": "cifar10",
  "device": "cuda",
  "accuracy_thresholds": {},
  "accuracy_curve": {
    "0": {
      "val_acc": 0.1211,
      "gpu_hours": 0.006012525492244297
    },
    "1": {
      "val_acc": 0.1257,
      "gpu_hours": 0.011561219493548075
    },
    "2": {
      "val_acc": 0.1955,
      "gpu_hours": 0.017128541072209676
    },
    "3": {
      "val_acc": 0.2577,
      "gpu_hours": 0.0227277942498525
    },
    "4": {
      "val_acc": 0.309,
      "gpu_hours": 0.02831219752629598
    },
    "5": {
      "val_acc": 0.3567,
      "gpu_hours": 0.0338717132806778
    },
    "6": {
      "val_acc": 0.3767,
      "gpu_hours": 0.03948064870304532
    },
    "7": {
      "val_acc": 0.4039,
      "gpu_hours": 0.0451009906662835
    },
    "8": {
      "val_acc": 0.4287,
      "gpu_hours": 0.050676426026556226
    },
    "9": {
      "val_acc": 0.4473,
      "gpu_hours": 0.05622558454672495
    },
    "10": {
      "val_acc": 0.4591,
      "gpu_hours": 0.061797655158572724
    },
    "11": {
      "val_acc": 0.4711,
      "gpu_hours": 0.0673433518409729
    },
    "12": {
      "val_acc": 0.4919,
      "gpu_hours": 0.07294004003206889
    },
    "13": {
      "val_acc": 0.4996,
      "gpu_hours": 0.07852898312939538
    },
    "14": {
      "val_acc": 0.5166,
      "gpu_hours": 0.0840994158718321
    },
    "15": {
      "val_acc": 0.5198,
      "gpu_hours": 0.08964446663856507
    },
    "16": {
      "val_acc": 0.5351,
      "gpu_hours": 0.09510426017973159
    },
    "17": {
      "val_acc": 0.5368,
      "gpu_hours": 0.10044568247265286
    },
    "18": {
      "val_acc": 0.5432,
      "gpu_hours": 0.10576882044474284
    },
    "19": {
      "val_acc": 0.5579,
      "gpu_hours": 0.11110030743810866
    },
    "20": {
      "val_acc": 0.5542,
      "gpu_hours": 0.11643642014927334
    },
    "21": {
      "val_acc": 0.5611,
      "gpu_hours": 0.12175977653927274
    },
    "22": {
      "val_acc": 0.5579,
      "gpu_hours": 0.1269789429505666
    },
    "23": {
      "val_acc": 0.5656,
      "gpu_hours": 0.1322022122144699
    },
    "24": {
      "val_acc": 0.5662,
      "gpu_hours": 0.13742418315675523
    },
    "25": {
      "val_acc": 0.5683,
      "gpu_hours": 0.14263964573542276
    },
    "26": {
      "val_acc": 0.5696,
      "gpu_hours": 0.1477973637978236
    },
    "27": {
      "val_acc": 0.5698,
      "gpu_hours": 0.15300148261917962
    },
    "28": {
      "val_acc": 0.5658,
      "gpu_hours": 0.15818002886242336
    },
    "29": {
      "val_acc": 0.5755,
      "gpu_hours": 0.16336108413007525
    }
  }
}