{
  "trial_number": 28,
  "params": {
    "weight_decay": 1.5095542625161959e-06,
    "batch_size": 128,
    "lr": 0.0002714617612286784,
    "dropout": 0.22446459822415532,
    "optimizer": "AdamW",
    "scheduler": "plateau",
    "model": "resnet34"
  },
  "best_val_acc": 0.8719,
  "total_gpu_hours": 0.050411506825023225,
  "slurm_task": 39,
  "parallel_workers": 40,
  "sampler": "random",
  "dataset": "cifar10",
  "device": "cuda",
  "accuracy_thresholds": {
    "gpu_h_to_80pct": 0.01038404299153222,
    "gpu_h_to_85pct": 0.01038404299153222
  },
  "accuracy_curve": {
    "0": {
      "val_acc": 0.5395,
      "gpu_hours": 0.0020371861590279474
    },
    "1": {
      "val_acc": 0.6201,
      "gpu_hours": 0.0037075642744700114
    },
    "2": {
      "val_acc": 0.7432,
      "gpu_hours": 0.00537767681810591
    },
    "3": {
      "val_acc": 0.7377,
      "gpu_hours": 0.007047457959916857
    },
    "4": {
      "val_acc": 0.7926,
      "gpu_hours": 0.008714686897065905
    },
    "5": {
      "val_acc": 0.8525,
      "gpu_hours": 0.01038404299153222
    },
    "6": {
      "val_acc": 0.8561,
      "gpu_hours": 0.012052534884876676
    },
    "7": {
      "val_acc": 0.8606,
      "gpu_hours": 0.01372244934240977
    },
    "8": {
      "val_acc": 0.8657,
      "gpu_hours": 0.015391400456428528
    },
    "9": {
      "val_acc": 0.8667,
      "gpu_hours": 0.017057821485731338
    },
    "10": {
      "val_acc": 0.8713,
      "gpu_hours": 0.018726311259799535
    },
    "11": {
      "val_acc": 0.8687,
      "gpu_hours": 0.020400146709548102
    },
    "12": {
      "val_acc": 0.8708,
      "gpu_hours": 0.022073169549306233
    },
    "13": {
      "val_acc": 0.8698,
      "gpu_hours": 0.023738120132022433
    },
    "14": {
      "val_acc": 0.8709,
      "gpu_hours": 0.025410470300250582
    },
    "15": {
      "val_acc": 0.8697,
      "gpu_hours": 0.027079626851611666
    },
    "16": {
      "val_acc": 0.8694,
      "gpu_hours": 0.028740511933962504
    },
    "17": {
      "val_acc": 0.871,
      "gpu_hours": 0.03040527297390832
    },
    "18": {
      "val_acc": 0.8711,
      "gpu_hours": 0.03207150995731354
    },
    "19": {
      "val_acc": 0.8694,
      "gpu_hours": 0.033742982811397974
    },
    "20": {
      "val_acc": 0.8698,
      "gpu_hours": 0.03541069057252672
    },
    "21": {
      "val_acc": 0.8715,
      "gpu_hours": 0.03708206269476149
    },
    "22": {
      "val_acc": 0.8714,
      "gpu_hours": 0.038745749062962
    },
    "23": {
      "val_acc": 0.8712,
      "gpu_hours": 0.04040911542044746
    },
    "24": {
      "val_acc": 0.871,
      "gpu_hours": 0.0420755676428477
    },
    "25": {
      "val_acc": 0.8707,
      "gpu_hours": 0.043747396601570974
    },
    "26": {
      "val_acc": 0.8703,
      "gpu_hours": 0.0454121810860104
    },
    "27": {
      "val_acc": 0.8718,
      "gpu_hours": 0.04707994434568617
    },
    "28": {
      "val_acc": 0.8719,
      "gpu_hours": 0.04874158687061734
    },
    "29": {
      "val_acc": 0.8708,
      "gpu_hours": 0.05040409869617886
    }
  }
}