{
  "trial_number": 53,
  "params": {
    "lr": 0.004590109726898731,
    "weight_decay": 3.8458432115618485e-05,
    "batch_size": 128,
    "dropout": 0.250005080497077,
    "optimizer": "AdamW",
    "scheduler": "plateau",
    "model": "efficientnet_b0"
  },
  "best_val_acc": 0.674,
  "total_gpu_hours": 0.09486546403831905,
  "slurm_task": 21,
  "parallel_workers": 40,
  "sampler": "random",
  "dataset": "cifar10",
  "device": "cuda",
  "accuracy_thresholds": {},
  "accuracy_curve": {
    "0": {
      "val_acc": 0.2691,
      "gpu_hours": 0.0037946199046240913
    },
    "1": {
      "val_acc": 0.3666,
      "gpu_hours": 0.006958036422729492
    },
    "2": {
      "val_acc": 0.4478,
      "gpu_hours": 0.01014118234316508
    },
    "3": {
      "val_acc": 0.5315,
      "gpu_hours": 0.013288727535141839
    },
    "4": {
      "val_acc": 0.5886,
      "gpu_hours": 0.016448669036229453
    },
    "5": {
      "val_acc": 0.6395,
      "gpu_hours": 0.019573015040821498
    },
    "6": {
      "val_acc": 0.6467,
      "gpu_hours": 0.022727779414918686
    },
    "7": {
      "val_acc": 0.663,
      "gpu_hours": 0.0258487472931544
    },
    "8": {
      "val_acc": 0.6666,
      "gpu_hours": 0.028982177045610215
    },
    "9": {
      "val_acc": 0.6686,
      "gpu_hours": 0.03214898513423072
    },
    "10": {
      "val_acc": 0.6728,
      "gpu_hours": 0.03527638514836629
    },
    "11": {
      "val_acc": 0.6703,
      "gpu_hours": 0.03842362483342489
    },
    "12": {
      "val_acc": 0.6728,
      "gpu_hours": 0.04157810264163547
    },
    "13": {
      "val_acc": 0.6723,
      "gpu_hours": 0.04470006671216753
    },
    "14": {
      "val_acc": 0.6724,
      "gpu_hours": 0.04780751420391931
    },
    "15": {
      "val_acc": 0.6701,
      "gpu_hours": 0.05095971524715424
    },
    "16": {
      "val_acc": 0.6713,
      "gpu_hours": 0.054099076721403336
    },
    "17": {
      "val_acc": 0.6719,
      "gpu_hours": 0.057238441242112054
    },
    "18": {
      "val_acc": 0.6725,
      "gpu_hours": 0.06035754587915208
    },
    "19": {
      "val_acc": 0.674,
      "gpu_hours": 0.06347526603274875
    },
    "20": {
      "val_acc": 0.673,
      "gpu_hours": 0.06662000649505191
    },
    "21": {
      "val_acc": 0.6731,
      "gpu_hours": 0.06977369811799791
    },
    "22": {
      "val_acc": 0.6716,
      "gpu_hours": 0.07292416512966156
    },
    "23": {
      "val_acc": 0.6734,
      "gpu_hours": 0.0760434803697798
    },
    "24": {
      "val_acc": 0.672,
      "gpu_hours": 0.0791835011376275
    },
    "25": {
      "val_acc": 0.671,
      "gpu_hours": 0.08232030630111695
    },
    "26": {
      "val_acc": 0.6723,
      "gpu_hours": 0.08543127139409383
    },
    "27": {
      "val_acc": 0.6729,
      "gpu_hours": 0.0885986500316196
    },
    "28": {
      "val_acc": 0.6737,
      "gpu_hours": 0.09169451475143432
    },
    "29": {
      "val_acc": 0.6704,
      "gpu_hours": 0.09485900031195746
    }
  }
}