{
  "trial_number": 10,
  "params": {
    "lr": 0.0011648160694772835,
    "weight_decay": 2.308848872463057e-05,
    "batch_size": 64,
    "dropout": 0.029744032862452974,
    "optimizer": "Adam",
    "scheduler": "cosine",
    "model": "resnet18"
  },
  "best_val_acc": 0.931,
  "total_gpu_hours": 0.04674427939785852,
  "slurm_task": 39,
  "parallel_workers": 40,
  "sampler": "random",
  "dataset": "cifar10",
  "device": "cuda",
  "accuracy_thresholds": {
    "gpu_h_to_80pct": 0.009750863843493992,
    "gpu_h_to_85pct": 0.012852343188391792,
    "gpu_h_to_90pct": 0.02514526711569892,
    "gpu_h_to_93pct": 0.04673815515306261
  },
  "accuracy_curve": {
    "0": {
      "val_acc": 0.5815,
      "gpu_hours": 0.0020538666513231067
    },
    "1": {
      "val_acc": 0.6398,
      "gpu_hours": 0.003597380452685886
    },
    "2": {
      "val_acc": 0.7459,
      "gpu_hours": 0.0051334814892874826
    },
    "3": {
      "val_acc": 0.7511,
      "gpu_hours": 0.006681048936314053
    },
    "4": {
      "val_acc": 0.7732,
      "gpu_hours": 0.008217597338888381
    },
    "5": {
      "val_acc": 0.8053,
      "gpu_hours": 0.009750863843493992
    },
    "6": {
      "val_acc": 0.8249,
      "gpu_hours": 0.011305100719134013
    },
    "7": {
      "val_acc": 0.8504,
      "gpu_hours": 0.012852343188391792
    },
    "8": {
      "val_acc": 0.8677,
      "gpu_hours": 0.014399628109402127
    },
    "9": {
      "val_acc": 0.8686,
      "gpu_hours": 0.015937917629877726
    },
    "10": {
      "val_acc": 0.8823,
      "gpu_hours": 0.017473298973507353
    },
    "11": {
      "val_acc": 0.8866,
      "gpu_hours": 0.01900085939301385
    },
    "12": {
      "val_acc": 0.8843,
      "gpu_hours": 0.020533606939845614
    },
    "13": {
      "val_acc": 0.8997,
      "gpu_hours": 0.022062199513117473
    },
    "14": {
      "val_acc": 0.8964,
      "gpu_hours": 0.023590278691715663
    },
    "15": {
      "val_acc": 0.9039,
      "gpu_hours": 0.02514526711569892
    },
    "16": {
      "val_acc": 0.899,
      "gpu_hours": 0.026689098212454056
    },
    "17": {
      "val_acc": 0.9068,
      "gpu_hours": 0.028220812016063267
    },
    "18": {
      "val_acc": 0.9149,
      "gpu_hours": 0.029779799779256187
    },
    "19": {
      "val_acc": 0.9185,
      "gpu_hours": 0.031327765385309854
    },
    "20": {
      "val_acc": 0.9175,
      "gpu_hours": 0.03287405365043216
    },
    "21": {
      "val_acc": 0.9202,
      "gpu_hours": 0.03440755334165361
    },
    "22": {
      "val_acc": 0.9229,
      "gpu_hours": 0.035949893792470294
    },
    "23": {
      "val_acc": 0.9267,
      "gpu_hours": 0.03750367912981245
    },
    "24": {
      "val_acc": 0.9275,
      "gpu_hours": 0.03904558651977115
    },
    "25": {
      "val_acc": 0.9274,
      "gpu_hours": 0.040595986975563894
    },
    "26": {
      "val_acc": 0.9273,
      "gpu_hours": 0.04212932738992903
    },
    "27": {
      "val_acc": 0.9289,
      "gpu_hours": 0.0436702436208725
    },
    "28": {
      "val_acc": 0.9289,
      "gpu_hours": 0.04520969377623664
    },
    "29": {
      "val_acc": 0.931,
      "gpu_hours": 0.04673815515306261
    }
  }
}