{
  "trial_number": 58,
  "params": {
    "lr": 0.008473634891351767,
    "weight_decay": 0.00014271963418955493,
    "batch_size": 128,
    "dropout": 0.10723099889571758,
    "optimizer": "AdamW",
    "scheduler": "plateau",
    "model": "resnet34"
  },
  "best_val_acc": 0.8404,
  "total_gpu_hours": 0.21845521926879882,
  "slurm_task": 31,
  "parallel_workers": 40,
  "sampler": "random",
  "dataset": "cifar10",
  "device": "cuda",
  "accuracy_thresholds": {
    "gpu_h_to_80pct": 0.044195820490519205
  },
  "accuracy_curve": {
    "0": {
      "val_acc": 0.3915,
      "gpu_hours": 0.007952464355362785
    },
    "1": {
      "val_acc": 0.5264,
      "gpu_hours": 0.015201254685719808
    },
    "2": {
      "val_acc": 0.611,
      "gpu_hours": 0.022452977961964077
    },
    "3": {
      "val_acc": 0.6972,
      "gpu_hours": 0.02969928827550676
    },
    "4": {
      "val_acc": 0.7353,
      "gpu_hours": 0.03694653974639045
    },
    "5": {
      "val_acc": 0.8042,
      "gpu_hours": 0.044195820490519205
    },
    "6": {
      "val_acc": 0.8135,
      "gpu_hours": 0.05144275605678558
    },
    "7": {
      "val_acc": 0.822,
      "gpu_hours": 0.058685901761054995
    },
    "8": {
      "val_acc": 0.8278,
      "gpu_hours": 0.06593355596065521
    },
    "9": {
      "val_acc": 0.8346,
      "gpu_hours": 0.07318496061695946
    },
    "10": {
      "val_acc": 0.8367,
      "gpu_hours": 0.08042972558074528
    },
    "11": {
      "val_acc": 0.8381,
      "gpu_hours": 0.08768194377422332
    },
    "12": {
      "val_acc": 0.839,
      "gpu_hours": 0.09494711922274696
    },
    "13": {
      "val_acc": 0.8391,
      "gpu_hours": 0.10220637016826206
    },
    "14": {
      "val_acc": 0.8387,
      "gpu_hours": 0.10946922130054898
    },
    "15": {
      "val_acc": 0.8387,
      "gpu_hours": 0.11674033443133036
    },
    "16": {
      "val_acc": 0.839,
      "gpu_hours": 0.12401549412144555
    },
    "17": {
      "val_acc": 0.8387,
      "gpu_hours": 0.1312772434287601
    },
    "18": {
      "val_acc": 0.8396,
      "gpu_hours": 0.13854609820577835
    },
    "19": {
      "val_acc": 0.8383,
      "gpu_hours": 0.14581514848603142
    },
    "20": {
      "val_acc": 0.8392,
      "gpu_hours": 0.1530842661857605
    },
    "21": {
      "val_acc": 0.8391,
      "gpu_hours": 0.16035388184918298
    },
    "22": {
      "val_acc": 0.8385,
      "gpu_hours": 0.16761932485633427
    },
    "23": {
      "val_acc": 0.8396,
      "gpu_hours": 0.17488327006498972
    },
    "24": {
      "val_acc": 0.8381,
      "gpu_hours": 0.18214641246530744
    },
    "25": {
      "val_acc": 0.8384,
      "gpu_hours": 0.18940557738145192
    },
    "26": {
      "val_acc": 0.8393,
      "gpu_hours": 0.1966594327158398
    },
    "27": {
      "val_acc": 0.8402,
      "gpu_hours": 0.20391988178094228
    },
    "28": {
      "val_acc": 0.8397,
      "gpu_hours": 0.21118193328380586
    },
    "29": {
      "val_acc": 0.8404,
      "gpu_hours": 0.21844634148809644
    }
  }
}