{
  "trial_number": 94,
  "params": {
    "lr": 0.0007261728142731342,
    "weight_decay": 5.654044069745086e-06,
    "batch_size": 64,
    "dropout": 0.20383378702992233,
    "optimizer": "AdamW",
    "scheduler": "cosine",
    "model": "resnet34"
  },
  "best_val_acc": 0.9237,
  "total_gpu_hours": 0.2349515395032035,
  "slurm_task": 37,
  "parallel_workers": 40,
  "sampler": "random",
  "dataset": "cifar10",
  "device": "cuda",
  "accuracy_thresholds": {
    "gpu_h_to_80pct": 0.039698894090122644,
    "gpu_h_to_85pct": 0.07109612107276916,
    "gpu_h_to_90pct": 0.11035255518224504
  },
  "accuracy_curve": {
    "0": {
      "val_acc": 0.5402,
      "gpu_hours": 0.008319042457474602
    },
    "1": {
      "val_acc": 0.6748,
      "gpu_hours": 0.016136837270524767
    },
    "2": {
      "val_acc": 0.7387,
      "gpu_hours": 0.023992239501741196
    },
    "3": {
      "val_acc": 0.7228,
      "gpu_hours": 0.03184757040606605
    },
    "4": {
      "val_acc": 0.8211,
      "gpu_hours": 0.039698894090122644
    },
    "5": {
      "val_acc": 0.8173,
      "gpu_hours": 0.04754377596908146
    },
    "6": {
      "val_acc": 0.8464,
      "gpu_hours": 0.055392977396647135
    },
    "7": {
      "val_acc": 0.8459,
      "gpu_hours": 0.06325028002262116
    },
    "8": {
      "val_acc": 0.8684,
      "gpu_hours": 0.07109612107276916
    },
    "9": {
      "val_acc": 0.8743,
      "gpu_hours": 0.07894612789154053
    },
    "10": {
      "val_acc": 0.8842,
      "gpu_hours": 0.08680227014753554
    },
    "11": {
      "val_acc": 0.8871,
      "gpu_hours": 0.09465783754984537
    },
    "12": {
      "val_acc": 0.8911,
      "gpu_hours": 0.10250363575087654
    },
    "13": {
      "val_acc": 0.9017,
      "gpu_hours": 0.11035255518224504
    },
    "14": {
      "val_acc": 0.8973,
      "gpu_hours": 0.11818878498342301
    },
    "15": {
      "val_acc": 0.9013,
      "gpu_hours": 0.12603049768341912
    },
    "16": {
      "val_acc": 0.9091,
      "gpu_hours": 0.13386510968208312
    },
    "17": {
      "val_acc": 0.9092,
      "gpu_hours": 0.14163792259163327
    },
    "18": {
      "val_acc": 0.9109,
      "gpu_hours": 0.14941390772660573
    },
    "19": {
      "val_acc": 0.9109,
      "gpu_hours": 0.15719542397393121
    },
    "20": {
      "val_acc": 0.9131,
      "gpu_hours": 0.1649694530169169
    },
    "21": {
      "val_acc": 0.9147,
      "gpu_hours": 0.1727445148759418
    },
    "22": {
      "val_acc": 0.9166,
      "gpu_hours": 0.18052230894565582
    },
    "23": {
      "val_acc": 0.9176,
      "gpu_hours": 0.18830102529790665
    },
    "24": {
      "val_acc": 0.9197,
      "gpu_hours": 0.19607729858822293
    },
    "25": {
      "val_acc": 0.9198,
      "gpu_hours": 0.20384890357653299
    },
    "26": {
      "val_acc": 0.9207,
      "gpu_hours": 0.21162134183777703
    },
    "27": {
      "val_acc": 0.9237,
      "gpu_hours": 0.21940431508753036
    },
    "28": {
      "val_acc": 0.9216,
      "gpu_hours": 0.22717715428935156
    },
    "29": {
      "val_acc": 0.9219,
      "gpu_hours": 0.2349445660909017
    }
  }
}