{
  "trial_number": 19,
  "params": {
    "lr": 0.09269035391921815,
    "weight_decay": 0.00015782612996963698,
    "batch_size": 256,
    "dropout": 0.23640398487774267,
    "optimizer": "Adam",
    "scheduler": "step",
    "model": "resnet18"
  },
  "best_val_acc": 0.4994,
  "total_gpu_hours": 0.03580152769883474,
  "slurm_task": 3,
  "parallel_workers": 40,
  "sampler": "random",
  "dataset": "cifar10",
  "device": "cuda",
  "accuracy_thresholds": {},
  "accuracy_curve": {
    "0": {
      "val_acc": 0.1975,
      "gpu_hours": 0.0017364382743835448
    },
    "1": {
      "val_acc": 0.1601,
      "gpu_hours": 0.0029012003872129653
    },
    "2": {
      "val_acc": 0.2461,
      "gpu_hours": 0.004083222614394294
    },
    "3": {
      "val_acc": 0.2116,
      "gpu_hours": 0.00525155610508389
    },
    "4": {
      "val_acc": 0.1608,
      "gpu_hours": 0.006419181227684021
    },
    "5": {
      "val_acc": 0.2349,
      "gpu_hours": 0.007593766649564107
    },
    "6": {
      "val_acc": 0.3797,
      "gpu_hours": 0.008764150208897061
    },
    "7": {
      "val_acc": 0.199,
      "gpu_hours": 0.010001871983210247
    },
    "8": {
      "val_acc": 0.3118,
      "gpu_hours": 0.011183795332908631
    },
    "9": {
      "val_acc": 0.4224,
      "gpu_hours": 0.01235591517554389
    },
    "10": {
      "val_acc": 0.4532,
      "gpu_hours": 0.013534869816568164
    },
    "11": {
      "val_acc": 0.4086,
      "gpu_hours": 0.014705624381701152
    },
    "12": {
      "val_acc": 0.2589,
      "gpu_hours": 0.015876044167412652
    },
    "13": {
      "val_acc": 0.3406,
      "gpu_hours": 0.0170406836271286
    },
    "14": {
      "val_acc": 0.2299,
      "gpu_hours": 0.018214129143291048
    },
    "15": {
      "val_acc": 0.2641,
      "gpu_hours": 0.01938195526599884
    },
    "16": {
      "val_acc": 0.3406,
      "gpu_hours": 0.02055803570482466
    },
    "17": {
      "val_acc": 0.3651,
      "gpu_hours": 0.021725194520420498
    },
    "18": {
      "val_acc": 0.0938,
      "gpu_hours": 0.02289298865530226
    },
    "19": {
      "val_acc": 0.1205,
      "gpu_hours": 0.024079772101508246
    },
    "20": {
      "val_acc": 0.4359,
      "gpu_hours": 0.02525014062722524
    },
    "21": {
      "val_acc": 0.4644,
      "gpu_hours": 0.026413853499624464
    },
    "22": {
      "val_acc": 0.3906,
      "gpu_hours": 0.027591742012235854
    },
    "23": {
      "val_acc": 0.4069,
      "gpu_hours": 0.028764581945207385
    },
    "24": {
      "val_acc": 0.3996,
      "gpu_hours": 0.029936165147357516
    },
    "25": {
      "val_acc": 0.472,
      "gpu_hours": 0.031106499367290073
    },
    "26": {
      "val_acc": 0.2828,
      "gpu_hours": 0.03229143129454719
    },
    "27": {
      "val_acc": 0.4133,
      "gpu_hours": 0.03345430321163601
    },
    "28": {
      "val_acc": 0.4893,
      "gpu_hours": 0.03462296267350515
    },
    "29": {
      "val_acc": 0.4994,
      "gpu_hours": 0.035793209936883716
    }
  }
}