{
  "trial_number": 4,
  "params": {
    "lr": 0.0006693865925157984,
    "weight_decay": 0.0003605147547140157,
    "batch_size": 128,
    "dropout": 0.47956694274440353,
    "optimizer": "SGD",
    "scheduler": "step",
    "model": "resnet34",
    "momentum": 0.9274738349567399
  },
  "best_val_acc": 0.4581,
  "total_gpu_hours": 0.04890931288401286,
  "slurm_task": 40,
  "parallel_workers": 40,
  "sampler": "random",
  "dataset": "cifar10",
  "device": "cuda",
  "accuracy_thresholds": {},
  "accuracy_curve": {
    "0": {
      "val_acc": 0.1694,
      "gpu_hours": 0.0021697401338153415
    },
    "1": {
      "val_acc": 0.2197,
      "gpu_hours": 0.0038193849060270523
    },
    "2": {
      "val_acc": 0.2664,
      "gpu_hours": 0.0054510764280955
    },
    "3": {
      "val_acc": 0.2841,
      "gpu_hours": 0.007089079022407531
    },
    "4": {
      "val_acc": 0.3046,
      "gpu_hours": 0.008691682484414842
    },
    "5": {
      "val_acc": 0.3205,
      "gpu_hours": 0.010297700431611803
    },
    "6": {
      "val_acc": 0.3383,
      "gpu_hours": 0.011906813846694099
    },
    "7": {
      "val_acc": 0.3574,
      "gpu_hours": 0.013509305980470445
    },
    "8": {
      "val_acc": 0.3697,
      "gpu_hours": 0.015115096569061279
    },
    "9": {
      "val_acc": 0.3842,
      "gpu_hours": 0.016727059218618605
    },
    "10": {
      "val_acc": 0.3921,
      "gpu_hours": 0.018336262438032363
    },
    "11": {
      "val_acc": 0.3977,
      "gpu_hours": 0.019944385025236343
    },
    "12": {
      "val_acc": 0.4055,
      "gpu_hours": 0.021554707090059917
    },
    "13": {
      "val_acc": 0.4112,
      "gpu_hours": 0.023155800567732917
    },
    "14": {
      "val_acc": 0.4149,
      "gpu_hours": 0.024762480391396415
    },
    "15": {
      "val_acc": 0.4203,
      "gpu_hours": 0.02637324982219272
    },
    "16": {
      "val_acc": 0.4238,
      "gpu_hours": 0.027979618310928343
    },
    "17": {
      "val_acc": 0.4276,
      "gpu_hours": 0.02958062344127231
    },
    "18": {
      "val_acc": 0.4328,
      "gpu_hours": 0.031191360221968757
    },
    "19": {
      "val_acc": 0.4386,
      "gpu_hours": 0.03279847403367361
    },
    "20": {
      "val_acc": 0.4389,
      "gpu_hours": 0.03440272238519457
    },
    "21": {
      "val_acc": 0.4397,
      "gpu_hours": 0.036006064613660176
    },
    "22": {
      "val_acc": 0.4418,
      "gpu_hours": 0.03760990725623237
    },
    "23": {
      "val_acc": 0.447,
      "gpu_hours": 0.039211982621086966
    },
    "24": {
      "val_acc": 0.4463,
      "gpu_hours": 0.04081693530082703
    },
    "25": {
      "val_acc": 0.4508,
      "gpu_hours": 0.04245620217588213
    },
    "26": {
      "val_acc": 0.4535,
      "gpu_hours": 0.0440619436899821
    },
    "27": {
      "val_acc": 0.4576,
      "gpu_hours": 0.04566659351189931
    },
    "28": {
      "val_acc": 0.4549,
      "gpu_hours": 0.04729474186897278
    },
    "29": {
      "val_acc": 0.4581,
      "gpu_hours": 0.048902078337139554
    }
  }
}