{
  "trial_number": 104,
  "params": {
    "lr": 0.0354178036264835,
    "weight_decay": 1.1515141337743508e-05,
    "batch_size": 128,
    "dropout": 0.35632001870083535,
    "optimizer": "AdamW",
    "scheduler": "step",
    "model": "resnet18"
  },
  "best_val_acc": 0.8946,
  "total_gpu_hours": 0.12480565561188592,
  "slurm_task": 14,
  "parallel_workers": 40,
  "sampler": "random",
  "dataset": "cifar10",
  "device": "cuda",
  "accuracy_thresholds": {
    "gpu_h_to_80pct": 0.03783857173389859,
    "gpu_h_to_85pct": 0.046140941712591386
  },
  "accuracy_curve": {
    "0": {
      "val_acc": 0.3657,
      "gpu_hours": 0.004621098107761807
    },
    "1": {
      "val_acc": 0.4098,
      "gpu_hours": 0.008776546451780531
    },
    "2": {
      "val_acc": 0.5605,
      "gpu_hours": 0.012935683131217957
    },
    "3": {
      "val_acc": 0.613,
      "gpu_hours": 0.01708626925945282
    },
    "4": {
      "val_acc": 0.6706,
      "gpu_hours": 0.021239335536956786
    },
    "5": {
      "val_acc": 0.6913,
      "gpu_hours": 0.025382795333862306
    },
    "6": {
      "val_acc": 0.7555,
      "gpu_hours": 0.029532053271929423
    },
    "7": {
      "val_acc": 0.7832,
      "gpu_hours": 0.033679887652397156
    },
    "8": {
      "val_acc": 0.8019,
      "gpu_hours": 0.03783857173389859
    },
    "9": {
      "val_acc": 0.7923,
      "gpu_hours": 0.041994140280617605
    },
    "10": {
      "val_acc": 0.8509,
      "gpu_hours": 0.046140941712591386
    },
    "11": {
      "val_acc": 0.8407,
      "gpu_hours": 0.05028235322899289
    },
    "12": {
      "val_acc": 0.8597,
      "gpu_hours": 0.054423063132498
    },
    "13": {
      "val_acc": 0.8609,
      "gpu_hours": 0.058552811410692004
    },
    "14": {
      "val_acc": 0.8563,
      "gpu_hours": 0.06269723170333438
    },
    "15": {
      "val_acc": 0.8579,
      "gpu_hours": 0.06683551490306855
    },
    "16": {
      "val_acc": 0.8727,
      "gpu_hours": 0.07098085814052157
    },
    "17": {
      "val_acc": 0.8653,
      "gpu_hours": 0.07512319386005402
    },
    "18": {
      "val_acc": 0.876,
      "gpu_hours": 0.07927570773495568
    },
    "19": {
      "val_acc": 0.8751,
      "gpu_hours": 0.08342015041245354
    },
    "20": {
      "val_acc": 0.8887,
      "gpu_hours": 0.0875657946533627
    },
    "21": {
      "val_acc": 0.8898,
      "gpu_hours": 0.09170665926403469
    },
    "22": {
      "val_acc": 0.8918,
      "gpu_hours": 0.09583787017398411
    },
    "23": {
      "val_acc": 0.8879,
      "gpu_hours": 0.09997644550270504
    },
    "24": {
      "val_acc": 0.8885,
      "gpu_hours": 0.10412450585100386
    },
    "25": {
      "val_acc": 0.8946,
      "gpu_hours": 0.10826373835404714
    },
    "26": {
      "val_acc": 0.8927,
      "gpu_hours": 0.11240188267495897
    },
    "27": {
      "val_acc": 0.8933,
      "gpu_hours": 0.11653307676315308
    },
    "28": {
      "val_acc": 0.8928,
      "gpu_hours": 0.12066895816061232
    },
    "29": {
      "val_acc": 0.8855,
      "gpu_hours": 0.12479922533035279
    }
  }
}