{
  "trial_number": 16,
  "params": {
    "lr": 0.0001394901953554011,
    "weight_decay": 0.0005294830421905366,
    "batch_size": 256,
    "dropout": 0.22200991210964466,
    "optimizer": "SGD",
    "scheduler": "plateau",
    "model": "resnet18",
    "momentum": 0.855631679635897
  },
  "best_val_acc": 0.2054,
  "total_gpu_hours": 0.036006085673968,
  "slurm_task": 36,
  "parallel_workers": 40,
  "sampler": "random",
  "dataset": "cifar10",
  "device": "cuda",
  "accuracy_thresholds": {},
  "accuracy_curve": {
    "0": {
      "val_acc": 0.1279,
      "gpu_hours": 0.001729548970858256
    },
    "1": {
      "val_acc": 0.1728,
      "gpu_hours": 0.0029126645459069144
    },
    "2": {
      "val_acc": 0.1853,
      "gpu_hours": 0.004090139269828796
    },
    "3": {
      "val_acc": 0.1927,
      "gpu_hours": 0.005270486738946703
    },
    "4": {
      "val_acc": 0.2001,
      "gpu_hours": 0.006464892294671801
    },
    "5": {
      "val_acc": 0.1994,
      "gpu_hours": 0.007652024825414022
    },
    "6": {
      "val_acc": 0.2006,
      "gpu_hours": 0.008827724920378791
    },
    "7": {
      "val_acc": 0.203,
      "gpu_hours": 0.010044587718115913
    },
    "8": {
      "val_acc": 0.2015,
      "gpu_hours": 0.011226135426097445
    },
    "9": {
      "val_acc": 0.203,
      "gpu_hours": 0.012401943471696642
    },
    "10": {
      "val_acc": 0.2029,
      "gpu_hours": 0.013587421973546347
    },
    "11": {
      "val_acc": 0.2029,
      "gpu_hours": 0.014763982958263821
    },
    "12": {
      "val_acc": 0.2054,
      "gpu_hours": 0.01595592028564877
    },
    "13": {
      "val_acc": 0.2039,
      "gpu_hours": 0.017139809330304463
    },
    "14": {
      "val_acc": 0.2036,
      "gpu_hours": 0.018322310712602402
    },
    "15": {
      "val_acc": 0.2038,
      "gpu_hours": 0.0194993699921502
    },
    "16": {
      "val_acc": 0.2043,
      "gpu_hours": 0.020678259796566432
    },
    "17": {
      "val_acc": 0.203,
      "gpu_hours": 0.02185906238026089
    },
    "18": {
      "val_acc": 0.2038,
      "gpu_hours": 0.02303153614203135
    },
    "19": {
      "val_acc": 0.2043,
      "gpu_hours": 0.024217696984608968
    },
    "20": {
      "val_acc": 0.2043,
      "gpu_hours": 0.02539267963833279
    },
    "21": {
      "val_acc": 0.2026,
      "gpu_hours": 0.026565660172038607
    },
    "22": {
      "val_acc": 0.2024,
      "gpu_hours": 0.02774202843507131
    },
    "23": {
      "val_acc": 0.2036,
      "gpu_hours": 0.028915226923094856
    },
    "24": {
      "val_acc": 0.2045,
      "gpu_hours": 0.03010045025083754
    },
    "25": {
      "val_acc": 0.2031,
      "gpu_hours": 0.0312861305475235
    },
    "26": {
      "val_acc": 0.2023,
      "gpu_hours": 0.032462579939100476
    },
    "27": {
      "val_acc": 0.2043,
      "gpu_hours": 0.0336461642715666
    },
    "28": {
      "val_acc": 0.203,
      "gpu_hours": 0.03481784191396501
    },
    "29": {
      "val_acc": 0.2036,
      "gpu_hours": 0.03599851773844825
    }
  }
}