{
  "trial_number": 90,
  "params": {
    "lr": 0.003091966410397739,
    "weight_decay": 2.5661125642846994e-05,
    "batch_size": 64,
    "dropout": 0.010226656582795701,
    "optimizer": "SGD",
    "scheduler": "plateau",
    "model": "efficientnet_b0",
    "momentum": 0.803735384856985
  },
  "best_val_acc": 0.2131,
  "total_gpu_hours": 0.1658299603727129,
  "slurm_task": 13,
  "parallel_workers": 40,
  "sampler": "random",
  "dataset": "cifar10",
  "device": "cuda",
  "accuracy_thresholds": {},
  "accuracy_curve": {
    "0": {
      "val_acc": 0.1205,
      "gpu_hours": 0.0059200339184867015
    },
    "1": {
      "val_acc": 0.1202,
      "gpu_hours": 0.01145343350039588
    },
    "2": {
      "val_acc": 0.1389,
      "gpu_hours": 0.01696894930468665
    },
    "3": {
      "val_acc": 0.1407,
      "gpu_hours": 0.02250629762808482
    },
    "4": {
      "val_acc": 0.1682,
      "gpu_hours": 0.028034019735124375
    },
    "5": {
      "val_acc": 0.1937,
      "gpu_hours": 0.0335302127732171
    },
    "6": {
      "val_acc": 0.2,
      "gpu_hours": 0.039069176581170824
    },
    "7": {
      "val_acc": 0.1936,
      "gpu_hours": 0.04463806026511722
    },
    "8": {
      "val_acc": 0.1994,
      "gpu_hours": 0.05020044757260217
    },
    "9": {
      "val_acc": 0.2072,
      "gpu_hours": 0.055787090063095096
    },
    "10": {
      "val_acc": 0.2044,
      "gpu_hours": 0.06136550055609809
    },
    "11": {
      "val_acc": 0.2054,
      "gpu_hours": 0.06697240014870962
    },
    "12": {
      "val_acc": 0.2131,
      "gpu_hours": 0.07256814777851105
    },
    "13": {
      "val_acc": 0.2021,
      "gpu_hours": 0.0781304097837872
    },
    "14": {
      "val_acc": 0.202,
      "gpu_hours": 0.08369045860237545
    },
    "15": {
      "val_acc": 0.2032,
      "gpu_hours": 0.08926641523838043
    },
    "16": {
      "val_acc": 0.2086,
      "gpu_hours": 0.09485812928941514
    },
    "17": {
      "val_acc": 0.2037,
      "gpu_hours": 0.10042345709270901
    },
    "18": {
      "val_acc": 0.2041,
      "gpu_hours": 0.10601425780190361
    },
    "19": {
      "val_acc": 0.2072,
      "gpu_hours": 0.11159042490853203
    },
    "20": {
      "val_acc": 0.1997,
      "gpu_hours": 0.11715219047334459
    },
    "21": {
      "val_acc": 0.205,
      "gpu_hours": 0.12258849779764812
    },
    "22": {
      "val_acc": 0.2092,
      "gpu_hours": 0.1280166376961602
    },
    "23": {
      "val_acc": 0.2125,
      "gpu_hours": 0.1334353632397122
    },
    "24": {
      "val_acc": 0.2049,
      "gpu_hours": 0.13883552094300589
    },
    "25": {
      "val_acc": 0.2091,
      "gpu_hours": 0.1442285809914271
    },
    "26": {
      "val_acc": 0.2048,
      "gpu_hours": 0.14965510321988
    },
    "27": {
      "val_acc": 0.2056,
      "gpu_hours": 0.15504553344514635
    },
    "28": {
      "val_acc": 0.209,
      "gpu_hours": 0.1604637677139706
    },
    "29": {
      "val_acc": 0.2025,
      "gpu_hours": 0.16582391526963974
    }
  }
}