{
  "trial_number": 24,
  "params": {
    "lr": 0.0023082532859770035,
    "weight_decay": 5.604167295034012e-06,
    "batch_size": 64,
    "dropout": 0.04099391537555552,
    "optimizer": "AdamW",
    "scheduler": "cosine",
    "model": "efficientnet_b0"
  },
  "best_val_acc": 0.8093,
  "total_gpu_hours": 0.09994121962123446,
  "slurm_task": 6,
  "parallel_workers": 40,
  "sampler": "random",
  "dataset": "cifar10",
  "device": "cuda",
  "accuracy_thresholds": {
    "gpu_h_to_80pct": 0.07721664044592115
  },
  "accuracy_curve": {
    "0": {
      "val_acc": 0.2637,
      "gpu_hours": 0.0037465738587909273
    },
    "1": {
      "val_acc": 0.3441,
      "gpu_hours": 0.007108916176689996
    },
    "2": {
      "val_acc": 0.5001,
      "gpu_hours": 0.010485845605532328
    },
    "3": {
      "val_acc": 0.5314,
      "gpu_hours": 0.013840060234069824
    },
    "4": {
      "val_acc": 0.6068,
      "gpu_hours": 0.017204729583528307
    },
    "5": {
      "val_acc": 0.6334,
      "gpu_hours": 0.02057479156388177
    },
    "6": {
      "val_acc": 0.6487,
      "gpu_hours": 0.023943396011988322
    },
    "7": {
      "val_acc": 0.6748,
      "gpu_hours": 0.02730964051352607
    },
    "8": {
      "val_acc": 0.7036,
      "gpu_hours": 0.03067863550451067
    },
    "9": {
      "val_acc": 0.7185,
      "gpu_hours": 0.034047451880243086
    },
    "10": {
      "val_acc": 0.7332,
      "gpu_hours": 0.037416153219011095
    },
    "11": {
      "val_acc": 0.7427,
      "gpu_hours": 0.040789169205559625
    },
    "12": {
      "val_acc": 0.7553,
      "gpu_hours": 0.04415427698029412
    },
    "13": {
      "val_acc": 0.7506,
      "gpu_hours": 0.04751736495229933
    },
    "14": {
      "val_acc": 0.766,
      "gpu_hours": 0.050888387759526574
    },
    "15": {
      "val_acc": 0.7704,
      "gpu_hours": 0.0542577471335729
    },
    "16": {
      "val_acc": 0.7798,
      "gpu_hours": 0.057623622483677334
    },
    "17": {
      "val_acc": 0.7771,
      "gpu_hours": 0.06099942419264052
    },
    "18": {
      "val_acc": 0.7822,
      "gpu_hours": 0.06426169686847263
    },
    "19": {
      "val_acc": 0.7884,
      "gpu_hours": 0.06750064412752788
    },
    "20": {
      "val_acc": 0.7919,
      "gpu_hours": 0.07073797550466325
    },
    "21": {
      "val_acc": 0.7941,
      "gpu_hours": 0.07397969749238756
    },
    "22": {
      "val_acc": 0.8012,
      "gpu_hours": 0.07721664044592115
    },
    "23": {
      "val_acc": 0.8037,
      "gpu_hours": 0.08046056151390076
    },
    "24": {
      "val_acc": 0.8065,
      "gpu_hours": 0.08370563487211863
    },
    "25": {
      "val_acc": 0.8053,
      "gpu_hours": 0.08695271061526405
    },
    "26": {
      "val_acc": 0.8081,
      "gpu_hours": 0.09019771152072482
    },
    "27": {
      "val_acc": 0.8093,
      "gpu_hours": 0.09344065414534675
    },
    "28": {
      "val_acc": 0.8093,
      "gpu_hours": 0.0966885209745831
    },
    "29": {
      "val_acc": 0.8084,
      "gpu_hours": 0.0999351328611374
    }
  }
}