{
  "trial_number": 86,
  "params": {
    "lr": 0.06761641816415334,
    "weight_decay": 0.003367418741319775,
    "batch_size": 64,
    "dropout": 0.06957312599245175,
    "optimizer": "Adam",
    "scheduler": "step",
    "model": "resnet18"
  },
  "best_val_acc": 0.2316,
  "total_gpu_hours": 0.13387952420446608,
  "slurm_task": 2,
  "parallel_workers": 40,
  "sampler": "random",
  "dataset": "cifar10",
  "device": "cuda",
  "accuracy_thresholds": {},
  "accuracy_curve": {
    "0": {
      "val_acc": 0.1,
      "gpu_hours": 0.004980637431144714
    },
    "1": {
      "val_acc": 0.1,
      "gpu_hours": 0.009452587101194593
    },
    "2": {
      "val_acc": 0.1698,
      "gpu_hours": 0.013920843932363721
    },
    "3": {
      "val_acc": 0.0997,
      "gpu_hours": 0.018395917812983196
    },
    "4": {
      "val_acc": 0.0886,
      "gpu_hours": 0.022868420547909208
    },
    "5": {
      "val_acc": 0.1,
      "gpu_hours": 0.027325752046373157
    },
    "6": {
      "val_acc": 0.1,
      "gpu_hours": 0.03177314062913259
    },
    "7": {
      "val_acc": 0.1,
      "gpu_hours": 0.036224713193045724
    },
    "8": {
      "val_acc": 0.1701,
      "gpu_hours": 0.04070890711413489
    },
    "9": {
      "val_acc": 0.1,
      "gpu_hours": 0.0451722385485967
    },
    "10": {
      "val_acc": 0.1,
      "gpu_hours": 0.0496420290072759
    },
    "11": {
      "val_acc": 0.1698,
      "gpu_hours": 0.054111343953344555
    },
    "12": {
      "val_acc": 0.1033,
      "gpu_hours": 0.058578461209932965
    },
    "13": {
      "val_acc": 0.1,
      "gpu_hours": 0.06301071855756972
    },
    "14": {
      "val_acc": 0.1179,
      "gpu_hours": 0.06744737717840407
    },
    "15": {
      "val_acc": 0.1,
      "gpu_hours": 0.07185894045564864
    },
    "16": {
      "val_acc": 0.1368,
      "gpu_hours": 0.07629802571402655
    },
    "17": {
      "val_acc": 0.1109,
      "gpu_hours": 0.08073309693071577
    },
    "18": {
      "val_acc": 0.1387,
      "gpu_hours": 0.08515347235732608
    },
    "19": {
      "val_acc": 0.1,
      "gpu_hours": 0.08958300179905361
    },
    "20": {
      "val_acc": 0.1019,
      "gpu_hours": 0.09400205711523692
    },
    "21": {
      "val_acc": 0.1953,
      "gpu_hours": 0.09844036897023518
    },
    "22": {
      "val_acc": 0.1782,
      "gpu_hours": 0.1028824288977517
    },
    "23": {
      "val_acc": 0.1163,
      "gpu_hours": 0.10731927348507775
    },
    "24": {
      "val_acc": 0.1006,
      "gpu_hours": 0.11175536341137356
    },
    "25": {
      "val_acc": 0.1219,
      "gpu_hours": 0.11618239449130165
    },
    "26": {
      "val_acc": 0.1994,
      "gpu_hours": 0.12060380280017853
    },
    "27": {
      "val_acc": 0.174,
      "gpu_hours": 0.12502362953291998
    },
    "28": {
      "val_acc": 0.1227,
      "gpu_hours": 0.1294450870487425
    },
    "29": {
      "val_acc": 0.2316,
      "gpu_hours": 0.13387359340985616
    }
  }
}