{
  "trial_number": 38,
  "params": {
    "lr": 0.0002213929051433517,
    "weight_decay": 0.00027306507478234055,
    "batch_size": 256,
    "dropout": 0.42956874547429885,
    "optimizer": "SGD",
    "scheduler": "plateau",
    "model": "efficientnet_b0",
    "momentum": 0.8769479951289794
  },
  "best_val_acc": 0.095,
  "total_gpu_hours": 0.07622913082440694,
  "slurm_task": 1,
  "parallel_workers": 40,
  "sampler": "random",
  "dataset": "cifar10",
  "device": "cuda",
  "accuracy_thresholds": {},
  "accuracy_curve": {
    "0": {
      "val_acc": 0.0921,
      "gpu_hours": 0.003197963237762451
    },
    "1": {
      "val_acc": 0.0897,
      "gpu_hours": 0.0057197964191436764
    },
    "2": {
      "val_acc": 0.0933,
      "gpu_hours": 0.008234192066722447
    },
    "3": {
      "val_acc": 0.0908,
      "gpu_hours": 0.010765112439791362
    },
    "4": {
      "val_acc": 0.091,
      "gpu_hours": 0.013273837831285265
    },
    "5": {
      "val_acc": 0.0907,
      "gpu_hours": 0.0157895702123642
    },
    "6": {
      "val_acc": 0.0913,
      "gpu_hours": 0.018308115667766994
    },
    "7": {
      "val_acc": 0.0909,
      "gpu_hours": 0.02083367625872294
    },
    "8": {
      "val_acc": 0.0924,
      "gpu_hours": 0.023365070621172587
    },
    "9": {
      "val_acc": 0.0906,
      "gpu_hours": 0.025877695679664612
    },
    "10": {
      "val_acc": 0.0909,
      "gpu_hours": 0.028377940058708192
    },
    "11": {
      "val_acc": 0.0913,
      "gpu_hours": 0.03088979740937551
    },
    "12": {
      "val_acc": 0.0929,
      "gpu_hours": 0.03340231266286638
    },
    "13": {
      "val_acc": 0.0926,
      "gpu_hours": 0.03593204200267792
    },
    "14": {
      "val_acc": 0.0921,
      "gpu_hours": 0.03844068533844418
    },
    "15": {
      "val_acc": 0.095,
      "gpu_hours": 0.04096209473080105
    },
    "16": {
      "val_acc": 0.0932,
      "gpu_hours": 0.04346941206190321
    },
    "17": {
      "val_acc": 0.0904,
      "gpu_hours": 0.04599240038130018
    },
    "18": {
      "val_acc": 0.0907,
      "gpu_hours": 0.04850076344278124
    },
    "19": {
      "val_acc": 0.0923,
      "gpu_hours": 0.05102187759346432
    },
    "20": {
      "val_acc": 0.0906,
      "gpu_hours": 0.05353943440649245
    },
    "21": {
      "val_acc": 0.0913,
      "gpu_hours": 0.056054808894793196
    },
    "22": {
      "val_acc": 0.0899,
      "gpu_hours": 0.05858379430241055
    },
    "23": {
      "val_acc": 0.0915,
      "gpu_hours": 0.06110854605833689
    },
    "24": {
      "val_acc": 0.0934,
      "gpu_hours": 0.06362590293089548
    },
    "25": {
      "val_acc": 0.0934,
      "gpu_hours": 0.06614431010352241
    },
    "26": {
      "val_acc": 0.0934,
      "gpu_hours": 0.06866507457362281
    },
    "27": {
      "val_acc": 0.0933,
      "gpu_hours": 0.07119596752855513
    },
    "28": {
      "val_acc": 0.0914,
      "gpu_hours": 0.07370025376478831
    },
    "29": {
      "val_acc": 0.0919,
      "gpu_hours": 0.07622395118077596
    }
  }
}