{
  "trial_number": 88,
  "params": {
    "lr": 0.00031771495738117854,
    "weight_decay": 4.2542761723246944e-05,
    "batch_size": 64,
    "dropout": 0.26217754980232383,
    "optimizer": "SGD",
    "scheduler": "plateau",
    "model": "efficientnet_b0",
    "momentum": 0.9843007830191328
  },
  "best_val_acc": 0.2453,
  "total_gpu_hours": 0.1645636151234309,
  "slurm_task": 11,
  "parallel_workers": 40,
  "sampler": "random",
  "dataset": "cifar10",
  "device": "cuda",
  "accuracy_thresholds": {},
  "accuracy_curve": {
    "0": {
      "val_acc": 0.1082,
      "gpu_hours": 0.005924092067612542
    },
    "1": {
      "val_acc": 0.1071,
      "gpu_hours": 0.011416693329811095
    },
    "2": {
      "val_acc": 0.1237,
      "gpu_hours": 0.016890433894263375
    },
    "3": {
      "val_acc": 0.1637,
      "gpu_hours": 0.022378706932067872
    },
    "4": {
      "val_acc": 0.1896,
      "gpu_hours": 0.027875681519508363
    },
    "5": {
      "val_acc": 0.2246,
      "gpu_hours": 0.03334396660327912
    },
    "6": {
      "val_acc": 0.2342,
      "gpu_hours": 0.038822722434997556
    },
    "7": {
      "val_acc": 0.228,
      "gpu_hours": 0.044338537123468184
    },
    "8": {
      "val_acc": 0.2316,
      "gpu_hours": 0.04985169768333435
    },
    "9": {
      "val_acc": 0.2359,
      "gpu_hours": 0.055384465720918444
    },
    "10": {
      "val_acc": 0.2383,
      "gpu_hours": 0.060927956766552396
    },
    "11": {
      "val_acc": 0.2359,
      "gpu_hours": 0.06645509554280175
    },
    "12": {
      "val_acc": 0.2385,
      "gpu_hours": 0.07199632777108086
    },
    "13": {
      "val_acc": 0.2392,
      "gpu_hours": 0.07754077037175497
    },
    "14": {
      "val_acc": 0.2383,
      "gpu_hours": 0.08308848142623901
    },
    "15": {
      "val_acc": 0.2423,
      "gpu_hours": 0.0886179949177636
    },
    "16": {
      "val_acc": 0.2372,
      "gpu_hours": 0.09415006511741214
    },
    "17": {
      "val_acc": 0.2348,
      "gpu_hours": 0.09967851062615712
    },
    "18": {
      "val_acc": 0.2436,
      "gpu_hours": 0.10521478626463149
    },
    "19": {
      "val_acc": 0.2377,
      "gpu_hours": 0.11074474228752984
    },
    "20": {
      "val_acc": 0.2427,
      "gpu_hours": 0.1162634774711397
    },
    "21": {
      "val_acc": 0.2375,
      "gpu_hours": 0.12167342179351383
    },
    "22": {
      "val_acc": 0.2437,
      "gpu_hours": 0.12704415440559388
    },
    "23": {
      "val_acc": 0.2453,
      "gpu_hours": 0.13240188194645774
    },
    "24": {
      "val_acc": 0.2443,
      "gpu_hours": 0.13776970982551576
    },
    "25": {
      "val_acc": 0.238,
      "gpu_hours": 0.14312187671661378
    },
    "26": {
      "val_acc": 0.2413,
      "gpu_hours": 0.1484886038965649
    },
    "27": {
      "val_acc": 0.2417,
      "gpu_hours": 0.15384351332982382
    },
    "28": {
      "val_acc": 0.2399,
      "gpu_hours": 0.1591926281981998
    },
    "29": {
      "val_acc": 0.2415,
      "gpu_hours": 0.16455675919850668
    }
  }
}