{
  "trial_number": 67,
  "params": {
    "lr": 0.0036791470772989396,
    "weight_decay": 0.0006275169600020168,
    "batch_size": 256,
    "dropout": 0.34257510207970365,
    "optimizer": "Adam",
    "scheduler": "step",
    "model": "efficientnet_b0"
  },
  "best_val_acc": 0.7009,
  "total_gpu_hours": 0.07608372383647495,
  "slurm_task": 38,
  "parallel_workers": 40,
  "sampler": "random",
  "dataset": "cifar10",
  "device": "cuda",
  "accuracy_thresholds": {},
  "accuracy_curve": {
    "0": {
      "val_acc": 0.1621,
      "gpu_hours": 0.0031299250655704076
    },
    "1": {
      "val_acc": 0.2111,
      "gpu_hours": 0.005639308293660481
    },
    "2": {
      "val_acc": 0.1862,
      "gpu_hours": 0.008161857393052844
    },
    "3": {
      "val_acc": 0.2399,
      "gpu_hours": 0.010663644406530592
    },
    "4": {
      "val_acc": 0.3422,
      "gpu_hours": 0.01317006872759925
    },
    "5": {
      "val_acc": 0.3888,
      "gpu_hours": 0.0156778265370263
    },
    "6": {
      "val_acc": 0.3933,
      "gpu_hours": 0.01820474068323771
    },
    "7": {
      "val_acc": 0.4652,
      "gpu_hours": 0.02073069413503011
    },
    "8": {
      "val_acc": 0.4277,
      "gpu_hours": 0.02324038783709208
    },
    "9": {
      "val_acc": 0.5153,
      "gpu_hours": 0.025744887987772625
    },
    "10": {
      "val_acc": 0.5502,
      "gpu_hours": 0.02827205220858256
    },
    "11": {
      "val_acc": 0.5601,
      "gpu_hours": 0.03078617897298601
    },
    "12": {
      "val_acc": 0.5597,
      "gpu_hours": 0.033303186429871456
    },
    "13": {
      "val_acc": 0.5725,
      "gpu_hours": 0.03580820639928182
    },
    "14": {
      "val_acc": 0.5744,
      "gpu_hours": 0.03831909305519528
    },
    "15": {
      "val_acc": 0.5844,
      "gpu_hours": 0.040827664931615194
    },
    "16": {
      "val_acc": 0.5982,
      "gpu_hours": 0.04334261000156402
    },
    "17": {
      "val_acc": 0.6069,
      "gpu_hours": 0.045866623057259456
    },
    "18": {
      "val_acc": 0.6094,
      "gpu_hours": 0.048381058308813306
    },
    "19": {
      "val_acc": 0.6368,
      "gpu_hours": 0.05090769191582998
    },
    "20": {
      "val_acc": 0.6399,
      "gpu_hours": 0.05342768218782213
    },
    "21": {
      "val_acc": 0.6611,
      "gpu_hours": 0.05594401902622647
    },
    "22": {
      "val_acc": 0.6594,
      "gpu_hours": 0.0584661336739858
    },
    "23": {
      "val_acc": 0.6698,
      "gpu_hours": 0.060989683667818706
    },
    "24": {
      "val_acc": 0.6682,
      "gpu_hours": 0.06349714318911234
    },
    "25": {
      "val_acc": 0.6838,
      "gpu_hours": 0.06601034349865384
    },
    "26": {
      "val_acc": 0.6868,
      "gpu_hours": 0.0685163684686025
    },
    "27": {
      "val_acc": 0.6947,
      "gpu_hours": 0.07103160010443793
    },
    "28": {
      "val_acc": 0.6957,
      "gpu_hours": 0.0735665492216746
    },
    "29": {
      "val_acc": 0.7009,
      "gpu_hours": 0.0760757264163759
    }
  }
}