{
  "trial_number": 74,
  "params": {
    "lr": 0.034672664846602176,
    "weight_decay": 0.00017565566518203723,
    "batch_size": 256,
    "dropout": 0.2678748721365379,
    "optimizer": "SGD",
    "scheduler": "cosine",
    "model": "efficientnet_b1",
    "momentum": 0.970523965329855
  },
  "best_val_acc": 0.8223,
  "total_gpu_hours": 0.08404091629717085,
  "slurm_task": 11,
  "parallel_workers": 40,
  "sampler": "random",
  "dataset": "cifar10",
  "device": "cuda",
  "accuracy_thresholds": {
    "gpu_h_to_80pct": 0.061839139991336396
  },
  "accuracy_curve": {
    "0": {
      "val_acc": 0.1112,
      "gpu_hours": 0.003515090478791131
    },
    "1": {
      "val_acc": 0.2166,
      "gpu_hours": 0.006273581584294637
    },
    "2": {
      "val_acc": 0.3373,
      "gpu_hours": 0.00904772851202223
    },
    "3": {
      "val_acc": 0.3919,
      "gpu_hours": 0.011807804240120783
    },
    "4": {
      "val_acc": 0.4538,
      "gpu_hours": 0.014585949513647292
    },
    "5": {
      "val_acc": 0.5281,
      "gpu_hours": 0.017354514333936904
    },
    "6": {
      "val_acc": 0.5882,
      "gpu_hours": 0.02012167109383477
    },
    "7": {
      "val_acc": 0.5819,
      "gpu_hours": 0.02290470818678538
    },
    "8": {
      "val_acc": 0.6191,
      "gpu_hours": 0.025683414936065675
    },
    "9": {
      "val_acc": 0.6528,
      "gpu_hours": 0.028498690923055015
    },
    "10": {
      "val_acc": 0.6789,
      "gpu_hours": 0.03129511283503639
    },
    "11": {
      "val_acc": 0.7081,
      "gpu_hours": 0.034058855772018434
    },
    "12": {
      "val_acc": 0.7186,
      "gpu_hours": 0.03683459209071265
    },
    "13": {
      "val_acc": 0.7371,
      "gpu_hours": 0.03960076875156827
    },
    "14": {
      "val_acc": 0.7504,
      "gpu_hours": 0.04236548059516483
    },
    "15": {
      "val_acc": 0.756,
      "gpu_hours": 0.045128511720233494
    },
    "16": {
      "val_acc": 0.7619,
      "gpu_hours": 0.04792685760392083
    },
    "17": {
      "val_acc": 0.7755,
      "gpu_hours": 0.05073747164673276
    },
    "18": {
      "val_acc": 0.7767,
      "gpu_hours": 0.05350518047809601
    },
    "19": {
      "val_acc": 0.7969,
      "gpu_hours": 0.05628164655632443
    },
    "20": {
      "val_acc": 0.7931,
      "gpu_hours": 0.05907512538962894
    },
    "21": {
      "val_acc": 0.8026,
      "gpu_hours": 0.061839139991336396
    },
    "22": {
      "val_acc": 0.8082,
      "gpu_hours": 0.06462118830945757
    },
    "23": {
      "val_acc": 0.8093,
      "gpu_hours": 0.06739833805296157
    },
    "24": {
      "val_acc": 0.8159,
      "gpu_hours": 0.07016536361641354
    },
    "25": {
      "val_acc": 0.8124,
      "gpu_hours": 0.07294648117489284
    },
    "26": {
      "val_acc": 0.8194,
      "gpu_hours": 0.07571113500330183
    },
    "27": {
      "val_acc": 0.8217,
      "gpu_hours": 0.07847712152534062
    },
    "28": {
      "val_acc": 0.8216,
      "gpu_hours": 0.08125431630346511
    },
    "29": {
      "val_acc": 0.8223,
      "gpu_hours": 0.08403403739134471
    }
  }
}