{
  "trial_number": 107,
  "params": {
    "lr": 0.004115476988019712,
    "weight_decay": 1.8968595252326444e-06,
    "batch_size": 128,
    "dropout": 0.038282756830497755,
    "optimizer": "Adam",
    "scheduler": "plateau",
    "model": "efficientnet_b1"
  },
  "best_val_acc": 0.6526,
  "total_gpu_hours": 0.1271009349160724,
  "slurm_task": 40,
  "parallel_workers": 40,
  "sampler": "random",
  "dataset": "cifar10",
  "device": "cuda",
  "accuracy_thresholds": {},
  "accuracy_curve": {
    "0": {
      "val_acc": 0.2176,
      "gpu_hours": 0.004721632467375861
    },
    "1": {
      "val_acc": 0.3424,
      "gpu_hours": 0.008948272797796461
    },
    "2": {
      "val_acc": 0.3801,
      "gpu_hours": 0.013183872567282783
    },
    "3": {
      "val_acc": 0.4761,
      "gpu_hours": 0.01741420805454254
    },
    "4": {
      "val_acc": 0.5705,
      "gpu_hours": 0.021652813023991056
    },
    "5": {
      "val_acc": 0.6231,
      "gpu_hours": 0.025887863172425165
    },
    "6": {
      "val_acc": 0.6376,
      "gpu_hours": 0.03011579692363739
    },
    "7": {
      "val_acc": 0.6413,
      "gpu_hours": 0.03433816664748722
    },
    "8": {
      "val_acc": 0.6444,
      "gpu_hours": 0.03858805384900835
    },
    "9": {
      "val_acc": 0.6498,
      "gpu_hours": 0.04283278306325277
    },
    "10": {
      "val_acc": 0.6519,
      "gpu_hours": 0.04706997301843431
    },
    "11": {
      "val_acc": 0.6522,
      "gpu_hours": 0.0512983199622896
    },
    "12": {
      "val_acc": 0.6497,
      "gpu_hours": 0.055507373015085855
    },
    "13": {
      "val_acc": 0.6497,
      "gpu_hours": 0.05974132286177741
    },
    "14": {
      "val_acc": 0.6505,
      "gpu_hours": 0.06395184245374468
    },
    "15": {
      "val_acc": 0.6492,
      "gpu_hours": 0.06818490849600897
    },
    "16": {
      "val_acc": 0.6475,
      "gpu_hours": 0.07241288105646769
    },
    "17": {
      "val_acc": 0.652,
      "gpu_hours": 0.07664054466618432
    },
    "18": {
      "val_acc": 0.6514,
      "gpu_hours": 0.08090007113085852
    },
    "19": {
      "val_acc": 0.6485,
      "gpu_hours": 0.0851306962966919
    },
    "20": {
      "val_acc": 0.6478,
      "gpu_hours": 0.08934578763114082
    },
    "21": {
      "val_acc": 0.6479,
      "gpu_hours": 0.09360416087839339
    },
    "22": {
      "val_acc": 0.6509,
      "gpu_hours": 0.09783585257000393
    },
    "23": {
      "val_acc": 0.6478,
      "gpu_hours": 0.10204066905710432
    },
    "24": {
      "val_acc": 0.6494,
      "gpu_hours": 0.10622609635194143
    },
    "25": {
      "val_acc": 0.6526,
      "gpu_hours": 0.11038838187853495
    },
    "26": {
      "val_acc": 0.65,
      "gpu_hours": 0.11456244607766469
    },
    "27": {
      "val_acc": 0.6473,
      "gpu_hours": 0.11874537388483683
    },
    "28": {
      "val_acc": 0.6481,
      "gpu_hours": 0.12291472329033745
    },
    "29": {
      "val_acc": 0.6452,
      "gpu_hours": 0.1270941827032301
    }
  }
}