{
  "trial_number": 71,
  "params": {
    "lr": 0.0018220022184198068,
    "weight_decay": 2.8376445112903882e-05,
    "batch_size": 128,
    "dropout": 0.4844681033597431,
    "optimizer": "SGD",
    "scheduler": "plateau",
    "model": "efficientnet_b1",
    "momentum": 0.861773566479374
  },
  "best_val_acc": 0.1093,
  "total_gpu_hours": 0.1250951200723648,
  "slurm_task": 12,
  "parallel_workers": 40,
  "sampler": "random",
  "dataset": "cifar10",
  "device": "cuda",
  "accuracy_thresholds": {},
  "accuracy_curve": {
    "0": {
      "val_acc": 0.0975,
      "gpu_hours": 0.005101237297058105
    },
    "1": {
      "val_acc": 0.1049,
      "gpu_hours": 0.009247609641816881
    },
    "2": {
      "val_acc": 0.1093,
      "gpu_hours": 0.01341105083624522
    },
    "3": {
      "val_acc": 0.1088,
      "gpu_hours": 0.01758820566866133
    },
    "4": {
      "val_acc": 0.1004,
      "gpu_hours": 0.021752395298745897
    },
    "5": {
      "val_acc": 0.1052,
      "gpu_hours": 0.025893026325437756
    },
    "6": {
      "val_acc": 0.1074,
      "gpu_hours": 0.03008784790833791
    },
    "7": {
      "val_acc": 0.1073,
      "gpu_hours": 0.03422857542832693
    },
    "8": {
      "val_acc": 0.108,
      "gpu_hours": 0.03838105724917518
    },
    "9": {
      "val_acc": 0.1048,
      "gpu_hours": 0.042522573206159806
    },
    "10": {
      "val_acc": 0.1066,
      "gpu_hours": 0.04668232440948486
    },
    "11": {
      "val_acc": 0.1072,
      "gpu_hours": 0.05083168354299333
    },
    "12": {
      "val_acc": 0.106,
      "gpu_hours": 0.05497114618619283
    },
    "13": {
      "val_acc": 0.1075,
      "gpu_hours": 0.05913037571642134
    },
    "14": {
      "val_acc": 0.1052,
      "gpu_hours": 0.0632636457681656
    },
    "15": {
      "val_acc": 0.1049,
      "gpu_hours": 0.06743304365211063
    },
    "16": {
      "val_acc": 0.1067,
      "gpu_hours": 0.07158520930343204
    },
    "17": {
      "val_acc": 0.1057,
      "gpu_hours": 0.07574899309211307
    },
    "18": {
      "val_acc": 0.107,
      "gpu_hours": 0.0799083944161733
    },
    "19": {
      "val_acc": 0.1016,
      "gpu_hours": 0.08404856820901235
    },
    "20": {
      "val_acc": 0.1045,
      "gpu_hours": 0.0881558820274141
    },
    "21": {
      "val_acc": 0.1089,
      "gpu_hours": 0.09224412500858307
    },
    "22": {
      "val_acc": 0.107,
      "gpu_hours": 0.09635880562994215
    },
    "23": {
      "val_acc": 0.1066,
      "gpu_hours": 0.10045049753453997
    },
    "24": {
      "val_acc": 0.1021,
      "gpu_hours": 0.10459276775519054
    },
    "25": {
      "val_acc": 0.1043,
      "gpu_hours": 0.10869578513834212
    },
    "26": {
      "val_acc": 0.0981,
      "gpu_hours": 0.11278819441795349
    },
    "27": {
      "val_acc": 0.1036,
      "gpu_hours": 0.11689820932017432
    },
    "28": {
      "val_acc": 0.1068,
      "gpu_hours": 0.12098935882250468
    },
    "29": {
      "val_acc": 0.1057,
      "gpu_hours": 0.12508774254057142
    }
  }
}