{
  "trial_number": 39,
  "params": {
    "lr": 0.000112842009834812,
    "weight_decay": 0.0036837747667933336,
    "batch_size": 256,
    "dropout": 0.1622352987391144,
    "optimizer": "SGD",
    "scheduler": "cosine",
    "model": "resnet34",
    "momentum": 0.8639756329115255
  },
  "best_val_acc": 0.1708,
  "total_gpu_hours": 0.20339086989561717,
  "slurm_task": 6,
  "parallel_workers": 40,
  "sampler": "random",
  "dataset": "cifar10",
  "device": "cuda",
  "accuracy_thresholds": {},
  "accuracy_curve": {
    "0": {
      "val_acc": 0.1006,
      "gpu_hours": 0.007477146983146668
    },
    "1": {
      "val_acc": 0.1179,
      "gpu_hours": 0.01422222375869751
    },
    "2": {
      "val_acc": 0.1313,
      "gpu_hours": 0.020976674291822647
    },
    "3": {
      "val_acc": 0.1356,
      "gpu_hours": 0.027728061146206327
    },
    "4": {
      "val_acc": 0.138,
      "gpu_hours": 0.03448619219991896
    },
    "5": {
      "val_acc": 0.1407,
      "gpu_hours": 0.0412326842546463
    },
    "6": {
      "val_acc": 0.1384,
      "gpu_hours": 0.04798682789007823
    },
    "7": {
      "val_acc": 0.1422,
      "gpu_hours": 0.05473545286390517
    },
    "8": {
      "val_acc": 0.1457,
      "gpu_hours": 0.06148920555909475
    },
    "9": {
      "val_acc": 0.1479,
      "gpu_hours": 0.06823665857315063
    },
    "10": {
      "val_acc": 0.1481,
      "gpu_hours": 0.07498669763406118
    },
    "11": {
      "val_acc": 0.1497,
      "gpu_hours": 0.08174043443467882
    },
    "12": {
      "val_acc": 0.1543,
      "gpu_hours": 0.08850439694192674
    },
    "13": {
      "val_acc": 0.1544,
      "gpu_hours": 0.09525427553388807
    },
    "14": {
      "val_acc": 0.1567,
      "gpu_hours": 0.1020113268163469
    },
    "15": {
      "val_acc": 0.1548,
      "gpu_hours": 0.108769564959738
    },
    "16": {
      "val_acc": 0.161,
      "gpu_hours": 0.11553388191594018
    },
    "17": {
      "val_acc": 0.1622,
      "gpu_hours": 0.12228061079978943
    },
    "18": {
      "val_acc": 0.1618,
      "gpu_hours": 0.1290350310007731
    },
    "19": {
      "val_acc": 0.1664,
      "gpu_hours": 0.13579401108953687
    },
    "20": {
      "val_acc": 0.1648,
      "gpu_hours": 0.14255640712049272
    },
    "21": {
      "val_acc": 0.1658,
      "gpu_hours": 0.14930452929602728
    },
    "22": {
      "val_acc": 0.1663,
      "gpu_hours": 0.15606503374046748
    },
    "23": {
      "val_acc": 0.1689,
      "gpu_hours": 0.16282407773865593
    },
    "24": {
      "val_acc": 0.1667,
      "gpu_hours": 0.16959108491738636
    },
    "25": {
      "val_acc": 0.1708,
      "gpu_hours": 0.17634773241149054
    },
    "26": {
      "val_acc": 0.1689,
      "gpu_hours": 0.1831090047624376
    },
    "27": {
      "val_acc": 0.1677,
      "gpu_hours": 0.189867409269015
    },
    "28": {
      "val_acc": 0.1698,
      "gpu_hours": 0.19663389192687142
    },
    "29": {
      "val_acc": 0.168,
      "gpu_hours": 0.203383377260632
    }
  }
}