{
  "trial_number": 56,
  "params": {
    "lr": 0.0007740116277617474,
    "weight_decay": 0.0017229428125126022,
    "batch_size": 128,
    "dropout": 0.12679447711006658,
    "optimizer": "AdamW",
    "scheduler": "plateau",
    "model": "efficientnet_b0"
  },
  "best_val_acc": 0.6933,
  "total_gpu_hours": 0.09416252646181318,
  "slurm_task": 27,
  "parallel_workers": 40,
  "sampler": "random",
  "dataset": "cifar10",
  "device": "cuda",
  "accuracy_thresholds": {},
  "accuracy_curve": {
    "0": {
      "val_acc": 0.4121,
      "gpu_hours": 0.0037847764624489677
    },
    "1": {
      "val_acc": 0.4919,
      "gpu_hours": 0.006882313556141323
    },
    "2": {
      "val_acc": 0.5485,
      "gpu_hours": 0.010013145009676615
    },
    "3": {
      "val_acc": 0.599,
      "gpu_hours": 0.01309718390305837
    },
    "4": {
      "val_acc": 0.6269,
      "gpu_hours": 0.016203517383999295
    },
    "5": {
      "val_acc": 0.6655,
      "gpu_hours": 0.019304200344615514
    },
    "6": {
      "val_acc": 0.6755,
      "gpu_hours": 0.022428836226463317
    },
    "7": {
      "val_acc": 0.6825,
      "gpu_hours": 0.025584408309724596
    },
    "8": {
      "val_acc": 0.6858,
      "gpu_hours": 0.02871952407889896
    },
    "9": {
      "val_acc": 0.6905,
      "gpu_hours": 0.031813388533062405
    },
    "10": {
      "val_acc": 0.6897,
      "gpu_hours": 0.03491020719210307
    },
    "11": {
      "val_acc": 0.6897,
      "gpu_hours": 0.03804130673408508
    },
    "12": {
      "val_acc": 0.6914,
      "gpu_hours": 0.041162350442674425
    },
    "13": {
      "val_acc": 0.6914,
      "gpu_hours": 0.04426469180319045
    },
    "14": {
      "val_acc": 0.6897,
      "gpu_hours": 0.04740036772357093
    },
    "15": {
      "val_acc": 0.6911,
      "gpu_hours": 0.05052822172641754
    },
    "16": {
      "val_acc": 0.6904,
      "gpu_hours": 0.05366471946239471
    },
    "17": {
      "val_acc": 0.6908,
      "gpu_hours": 0.05678355872631073
    },
    "18": {
      "val_acc": 0.6929,
      "gpu_hours": 0.05991346312893762
    },
    "19": {
      "val_acc": 0.6901,
      "gpu_hours": 0.0630085621939765
    },
    "20": {
      "val_acc": 0.6913,
      "gpu_hours": 0.06610471347967783
    },
    "21": {
      "val_acc": 0.6898,
      "gpu_hours": 0.069230175614357
    },
    "22": {
      "val_acc": 0.6887,
      "gpu_hours": 0.07233657856782277
    },
    "23": {
      "val_acc": 0.6874,
      "gpu_hours": 0.0754535718758901
    },
    "24": {
      "val_acc": 0.6933,
      "gpu_hours": 0.07856978449556562
    },
    "25": {
      "val_acc": 0.6918,
      "gpu_hours": 0.08166296495331658
    },
    "26": {
      "val_acc": 0.691,
      "gpu_hours": 0.0847689261039098
    },
    "27": {
      "val_acc": 0.6915,
      "gpu_hours": 0.08789787464671665
    },
    "28": {
      "val_acc": 0.6907,
      "gpu_hours": 0.09103167169623905
    },
    "29": {
      "val_acc": 0.6901,
      "gpu_hours": 0.09415513647927179
    }
  }
}