{
  "trial_number": 26,
  "params": {
    "lr": 0.076967536641328,
    "weight_decay": 7.904676701777381e-06,
    "batch_size": 256,
    "dropout": 0.4813909497145371,
    "optimizer": "Adam",
    "scheduler": "step",
    "model": "efficientnet_b1"
  },
  "best_val_acc": 0.1069,
  "total_gpu_hours": 0.04315898034307692,
  "slurm_task": 20,
  "parallel_workers": 40,
  "sampler": "random",
  "dataset": "cifar10",
  "device": "cuda",
  "accuracy_thresholds": {},
  "accuracy_curve": {
    "0": {
      "val_acc": 0.1069,
      "gpu_hours": 0.001820726990699768
    },
    "1": {
      "val_acc": 0.0977,
      "gpu_hours": 0.0032391807768079968
    },
    "2": {
      "val_acc": 0.0901,
      "gpu_hours": 0.004648800293604533
    },
    "3": {
      "val_acc": 0.0999,
      "gpu_hours": 0.006055259770817227
    },
    "4": {
      "val_acc": 0.1,
      "gpu_hours": 0.007457909120453729
    },
    "5": {
      "val_acc": 0.1,
      "gpu_hours": 0.008900341325336033
    },
    "6": {
      "val_acc": 0.1,
      "gpu_hours": 0.010301935142940945
    },
    "7": {
      "val_acc": 0.1,
      "gpu_hours": 0.011767382754219903
    },
    "8": {
      "val_acc": 0.1,
      "gpu_hours": 0.013186875912878248
    },
    "9": {
      "val_acc": 0.1,
      "gpu_hours": 0.014622570077578226
    },
    "10": {
      "val_acc": 0.1,
      "gpu_hours": 0.016086129943529766
    },
    "11": {
      "val_acc": 0.1,
      "gpu_hours": 0.017489320702022977
    },
    "12": {
      "val_acc": 0.1,
      "gpu_hours": 0.01893006424109141
    },
    "13": {
      "val_acc": 0.1,
      "gpu_hours": 0.020361516144540574
    },
    "14": {
      "val_acc": 0.1,
      "gpu_hours": 0.021762079530292088
    },
    "15": {
      "val_acc": 0.1,
      "gpu_hours": 0.023184919489754572
    },
    "16": {
      "val_acc": 0.1,
      "gpu_hours": 0.024625705546802944
    },
    "17": {
      "val_acc": 0.1,
      "gpu_hours": 0.026025639706187778
    },
    "18": {
      "val_acc": 0.1,
      "gpu_hours": 0.027441292934947542
    },
    "19": {
      "val_acc": 0.1,
      "gpu_hours": 0.028885515398449368
    },
    "20": {
      "val_acc": 0.1,
      "gpu_hours": 0.030356514188978407
    },
    "21": {
      "val_acc": 0.1,
      "gpu_hours": 0.031785516805118985
    },
    "22": {
      "val_acc": 0.1,
      "gpu_hours": 0.033195941779348585
    },
    "23": {
      "val_acc": 0.1,
      "gpu_hours": 0.03462402198049757
    },
    "24": {
      "val_acc": 0.1,
      "gpu_hours": 0.036078473329544065
    },
    "25": {
      "val_acc": 0.1002,
      "gpu_hours": 0.037488218082322014
    },
    "26": {
      "val_acc": 0.1,
      "gpu_hours": 0.03890733771853977
    },
    "27": {
      "val_acc": 0.1,
      "gpu_hours": 0.04031723399957021
    },
    "28": {
      "val_acc": 0.1001,
      "gpu_hours": 0.04175701598326365
    },
    "29": {
      "val_acc": 0.1,
      "gpu_hours": 0.04315179897679223
    }
  }
}