{
  "trial_number": 6,
  "params": {
    "lr": 0.00012625951922367383,
    "weight_decay": 9.045446969815956e-05,
    "batch_size": 64,
    "dropout": 0.145471618633067,
    "optimizer": "SGD",
    "scheduler": "cosine",
    "model": "resnet18",
    "momentum": 0.8387182366395032
  },
  "best_val_acc": 0.317,
  "total_gpu_hours": 0.045462134745385914,
  "slurm_task": 20,
  "parallel_workers": 40,
  "sampler": "random",
  "dataset": "cifar10",
  "device": "cuda",
  "accuracy_thresholds": {},
  "accuracy_curve": {
    "0": {
      "val_acc": 0.1534,
      "gpu_hours": 0.002034609119097392
    },
    "1": {
      "val_acc": 0.1812,
      "gpu_hours": 0.0035702745782004463
    },
    "2": {
      "val_acc": 0.1999,
      "gpu_hours": 0.005081300603018867
    },
    "3": {
      "val_acc": 0.2128,
      "gpu_hours": 0.00658846464422014
    },
    "4": {
      "val_acc": 0.2277,
      "gpu_hours": 0.008102330499225192
    },
    "5": {
      "val_acc": 0.2372,
      "gpu_hours": 0.009603494869338142
    },
    "6": {
      "val_acc": 0.2478,
      "gpu_hours": 0.011115619738896687
    },
    "7": {
      "val_acc": 0.2467,
      "gpu_hours": 0.012617125974761115
    },
    "8": {
      "val_acc": 0.2637,
      "gpu_hours": 0.014111998677253722
    },
    "9": {
      "val_acc": 0.2717,
      "gpu_hours": 0.01561475012037489
    },
    "10": {
      "val_acc": 0.2741,
      "gpu_hours": 0.017103163997332256
    },
    "11": {
      "val_acc": 0.2853,
      "gpu_hours": 0.018591674036449856
    },
    "12": {
      "val_acc": 0.2861,
      "gpu_hours": 0.020101634462674458
    },
    "13": {
      "val_acc": 0.2868,
      "gpu_hours": 0.021611681845453052
    },
    "14": {
      "val_acc": 0.2925,
      "gpu_hours": 0.023101120326254103
    },
    "15": {
      "val_acc": 0.299,
      "gpu_hours": 0.02458840913242764
    },
    "16": {
      "val_acc": 0.3006,
      "gpu_hours": 0.02609948025809394
    },
    "17": {
      "val_acc": 0.3055,
      "gpu_hours": 0.027578366465038723
    },
    "18": {
      "val_acc": 0.3044,
      "gpu_hours": 0.029058836764759486
    },
    "19": {
      "val_acc": 0.3031,
      "gpu_hours": 0.03051372382375929
    },
    "20": {
      "val_acc": 0.3102,
      "gpu_hours": 0.032021628949377275
    },
    "21": {
      "val_acc": 0.3115,
      "gpu_hours": 0.03350947505897946
    },
    "22": {
      "val_acc": 0.3106,
      "gpu_hours": 0.035024235314793054
    },
    "23": {
      "val_acc": 0.316,
      "gpu_hours": 0.03652083787653181
    },
    "24": {
      "val_acc": 0.314,
      "gpu_hours": 0.03801028079456753
    },
    "25": {
      "val_acc": 0.315,
      "gpu_hours": 0.03950109879175822
    },
    "26": {
      "val_acc": 0.3115,
      "gpu_hours": 0.040980683962504066
    },
    "27": {
      "val_acc": 0.3167,
      "gpu_hours": 0.04247288876109653
    },
    "28": {
      "val_acc": 0.3129,
      "gpu_hours": 0.04396894031100803
    },
    "29": {
      "val_acc": 0.317,
      "gpu_hours": 0.045455411076545715
    }
  }
}