{
  "trial_number": 7,
  "params": {
    "lr": 0.008473634891351767,
    "weight_decay": 0.00014271963418955493,
    "batch_size": 128,
    "dropout": 0.10723099889571758,
    "optimizer": "AdamW",
    "scheduler": "plateau",
    "model": "resnet34"
  },
  "best_val_acc": 0.8412,
  "total_gpu_hours": 0.050149159365230137,
  "slurm_task": 31,
  "parallel_workers": 40,
  "sampler": "random",
  "dataset": "cifar10",
  "device": "cuda",
  "accuracy_thresholds": {
    "gpu_h_to_80pct": 0.01227083126703898
  },
  "accuracy_curve": {
    "0": {
      "val_acc": 0.412,
      "gpu_hours": 0.0022775657309426203
    },
    "1": {
      "val_acc": 0.5246,
      "gpu_hours": 0.003941770394643148
    },
    "2": {
      "val_acc": 0.6376,
      "gpu_hours": 0.005605065160327488
    },
    "3": {
      "val_acc": 0.6782,
      "gpu_hours": 0.007267575528886583
    },
    "4": {
      "val_acc": 0.7606,
      "gpu_hours": 0.008934258355034723
    },
    "5": {
      "val_acc": 0.7998,
      "gpu_hours": 0.010606474611494277
    },
    "6": {
      "val_acc": 0.8126,
      "gpu_hours": 0.01227083126703898
    },
    "7": {
      "val_acc": 0.8286,
      "gpu_hours": 0.013930592868063184
    },
    "8": {
      "val_acc": 0.8279,
      "gpu_hours": 0.015613473388883803
    },
    "9": {
      "val_acc": 0.836,
      "gpu_hours": 0.01728999767038557
    },
    "10": {
      "val_acc": 0.838,
      "gpu_hours": 0.018956348167525398
    },
    "11": {
      "val_acc": 0.8387,
      "gpu_hours": 0.02062058210372925
    },
    "12": {
      "val_acc": 0.8391,
      "gpu_hours": 0.022252668274773492
    },
    "13": {
      "val_acc": 0.8396,
      "gpu_hours": 0.02389505406220754
    },
    "14": {
      "val_acc": 0.8397,
      "gpu_hours": 0.025531111756960552
    },
    "15": {
      "val_acc": 0.8393,
      "gpu_hours": 0.027177170912424723
    },
    "16": {
      "val_acc": 0.8405,
      "gpu_hours": 0.02881311701403724
    },
    "17": {
      "val_acc": 0.8405,
      "gpu_hours": 0.030451081461376615
    },
    "18": {
      "val_acc": 0.841,
      "gpu_hours": 0.0320868675576316
    },
    "19": {
      "val_acc": 0.8396,
      "gpu_hours": 0.03372577587763469
    },
    "20": {
      "val_acc": 0.8404,
      "gpu_hours": 0.03536116090085771
    },
    "21": {
      "val_acc": 0.84,
      "gpu_hours": 0.03699773887793223
    },
    "22": {
      "val_acc": 0.8403,
      "gpu_hours": 0.03862837473551432
    },
    "23": {
      "val_acc": 0.8396,
      "gpu_hours": 0.04027054031689962
    },
    "24": {
      "val_acc": 0.8403,
      "gpu_hours": 0.04190880901283688
    },
    "25": {
      "val_acc": 0.8403,
      "gpu_hours": 0.04358197238710192
    },
    "26": {
      "val_acc": 0.8412,
      "gpu_hours": 0.04521230022112528
    },
    "27": {
      "val_acc": 0.8401,
      "gpu_hours": 0.04684831645753649
    },
    "28": {
      "val_acc": 0.8395,
      "gpu_hours": 0.04850733002026876
    },
    "29": {
      "val_acc": 0.8394,
      "gpu_hours": 0.05014202276865641
    }
  }
}