{
  "trial_number": 77,
  "params": {
    "lr": 0.001245422619235683,
    "weight_decay": 6.380043849100562e-05,
    "batch_size": 256,
    "dropout": 0.1448170028869793,
    "optimizer": "AdamW",
    "scheduler": "cosine",
    "model": "efficientnet_b0"
  },
  "best_val_acc": 0.8031,
  "total_gpu_hours": 0.07776265111234452,
  "slurm_task": 16,
  "parallel_workers": 40,
  "sampler": "random",
  "dataset": "cifar10",
  "device": "cuda",
  "accuracy_thresholds": {
    "gpu_h_to_80pct": 0.06754488037692176
  },
  "accuracy_curve": {
    "0": {
      "val_acc": 0.3661,
      "gpu_hours": 0.003457523849275377
    },
    "1": {
      "val_acc": 0.4502,
      "gpu_hours": 0.006034586230913798
    },
    "2": {
      "val_acc": 0.5145,
      "gpu_hours": 0.00858830902311537
    },
    "3": {
      "val_acc": 0.5878,
      "gpu_hours": 0.011138253211975098
    },
    "4": {
      "val_acc": 0.6308,
      "gpu_hours": 0.013705476191308763
    },
    "5": {
      "val_acc": 0.6512,
      "gpu_hours": 0.016265224284595915
    },
    "6": {
      "val_acc": 0.6676,
      "gpu_hours": 0.018818998403019375
    },
    "7": {
      "val_acc": 0.6892,
      "gpu_hours": 0.021380107667711045
    },
    "8": {
      "val_acc": 0.7216,
      "gpu_hours": 0.023958168294694687
    },
    "9": {
      "val_acc": 0.7329,
      "gpu_hours": 0.026529629429181415
    },
    "10": {
      "val_acc": 0.7364,
      "gpu_hours": 0.0290869050555759
    },
    "11": {
      "val_acc": 0.7419,
      "gpu_hours": 0.03163416630691952
    },
    "12": {
      "val_acc": 0.7533,
      "gpu_hours": 0.03418930192788442
    },
    "13": {
      "val_acc": 0.7646,
      "gpu_hours": 0.036762253642082215
    },
    "14": {
      "val_acc": 0.7617,
      "gpu_hours": 0.039323296480708654
    },
    "15": {
      "val_acc": 0.7743,
      "gpu_hours": 0.041894011696179706
    },
    "16": {
      "val_acc": 0.7807,
      "gpu_hours": 0.04444911473327213
    },
    "17": {
      "val_acc": 0.7811,
      "gpu_hours": 0.04701487680276235
    },
    "18": {
      "val_acc": 0.7834,
      "gpu_hours": 0.04959278464317322
    },
    "19": {
      "val_acc": 0.7929,
      "gpu_hours": 0.0521646214193768
    },
    "20": {
      "val_acc": 0.7907,
      "gpu_hours": 0.05472543047534095
    },
    "21": {
      "val_acc": 0.7949,
      "gpu_hours": 0.05729487776756287
    },
    "22": {
      "val_acc": 0.7969,
      "gpu_hours": 0.059855097068680654
    },
    "23": {
      "val_acc": 0.7979,
      "gpu_hours": 0.062424203157424925
    },
    "24": {
      "val_acc": 0.7993,
      "gpu_hours": 0.06499800887372759
    },
    "25": {
      "val_acc": 0.8003,
      "gpu_hours": 0.06754488037692176
    },
    "26": {
      "val_acc": 0.8012,
      "gpu_hours": 0.07010325047704909
    },
    "27": {
      "val_acc": 0.8018,
      "gpu_hours": 0.07264615939723121
    },
    "28": {
      "val_acc": 0.8016,
      "gpu_hours": 0.07520895640055339
    },
    "29": {
      "val_acc": 0.8031,
      "gpu_hours": 0.07775406420230865
    }
  }
}