{
  "trial_number": 82,
  "params": {
    "lr": 0.01644833246986817,
    "weight_decay": 4.576807249709061e-06,
    "batch_size": 128,
    "dropout": 0.05010403575001693,
    "optimizer": "SGD",
    "scheduler": "step",
    "model": "resnet34",
    "momentum": 0.9045514227032239
  },
  "best_val_acc": 0.8606,
  "total_gpu_hours": 0.21535066180759005,
  "slurm_task": 23,
  "parallel_workers": 40,
  "sampler": "random",
  "dataset": "cifar10",
  "device": "cuda",
  "accuracy_thresholds": {
    "gpu_h_to_80pct": 0.079375538693534,
    "gpu_h_to_85pct": 0.1509144006172816
  },
  "accuracy_curve": {
    "0": {
      "val_acc": 0.4326,
      "gpu_hours": 0.007690115041202969
    },
    "1": {
      "val_acc": 0.5153,
      "gpu_hours": 0.01485840764310625
    },
    "2": {
      "val_acc": 0.5889,
      "gpu_hours": 0.022023340463638307
    },
    "3": {
      "val_acc": 0.6468,
      "gpu_hours": 0.029206000831392076
    },
    "4": {
      "val_acc": 0.665,
      "gpu_hours": 0.03637517975436316
    },
    "5": {
      "val_acc": 0.6998,
      "gpu_hours": 0.04354378130700853
    },
    "6": {
      "val_acc": 0.7336,
      "gpu_hours": 0.05071028000778622
    },
    "7": {
      "val_acc": 0.7466,
      "gpu_hours": 0.057873179184065926
    },
    "8": {
      "val_acc": 0.7743,
      "gpu_hours": 0.06503976623217265
    },
    "9": {
      "val_acc": 0.7605,
      "gpu_hours": 0.0722076701455646
    },
    "10": {
      "val_acc": 0.8067,
      "gpu_hours": 0.079375538693534
    },
    "11": {
      "val_acc": 0.8141,
      "gpu_hours": 0.0865450327263938
    },
    "12": {
      "val_acc": 0.8245,
      "gpu_hours": 0.09370046781169043
    },
    "13": {
      "val_acc": 0.8273,
      "gpu_hours": 0.10085472166538238
    },
    "14": {
      "val_acc": 0.8221,
      "gpu_hours": 0.10800201521979438
    },
    "15": {
      "val_acc": 0.8325,
      "gpu_hours": 0.11515778303146362
    },
    "16": {
      "val_acc": 0.8282,
      "gpu_hours": 0.12230759799480438
    },
    "17": {
      "val_acc": 0.8447,
      "gpu_hours": 0.1294623343812095
    },
    "18": {
      "val_acc": 0.8439,
      "gpu_hours": 0.13661216139793397
    },
    "19": {
      "val_acc": 0.8429,
      "gpu_hours": 0.14376391973760394
    },
    "20": {
      "val_acc": 0.8528,
      "gpu_hours": 0.1509144006172816
    },
    "21": {
      "val_acc": 0.8533,
      "gpu_hours": 0.1580723343955146
    },
    "22": {
      "val_acc": 0.8528,
      "gpu_hours": 0.16522979425059425
    },
    "23": {
      "val_acc": 0.8558,
      "gpu_hours": 0.17239259971512688
    },
    "24": {
      "val_acc": 0.8578,
      "gpu_hours": 0.17954514066378274
    },
    "25": {
      "val_acc": 0.8564,
      "gpu_hours": 0.1867107527123557
    },
    "26": {
      "val_acc": 0.8574,
      "gpu_hours": 0.1938650276263555
    },
    "27": {
      "val_acc": 0.8585,
      "gpu_hours": 0.201026620666186
    },
    "28": {
      "val_acc": 0.8602,
      "gpu_hours": 0.2081867782274882
    },
    "29": {
      "val_acc": 0.8606,
      "gpu_hours": 0.21534441861841414
    }
  }
}