{
  "trial_number": 106,
  "params": {
    "lr": 0.000610822040175596,
    "weight_decay": 0.0032015396256399042,
    "batch_size": 256,
    "dropout": 0.021713678729642194,
    "optimizer": "Adam",
    "scheduler": "cosine",
    "model": "resnet18"
  },
  "best_val_acc": 0.9151,
  "total_gpu_hours": 0.11855717572900984,
  "slurm_task": 31,
  "parallel_workers": 40,
  "sampler": "random",
  "dataset": "cifar10",
  "device": "cuda",
  "accuracy_thresholds": {
    "gpu_h_to_80pct": 0.047756109502580434,
    "gpu_h_to_85pct": 0.08318656431304083,
    "gpu_h_to_90pct": 0.10287398543622758
  },
  "accuracy_curve": {
    "0": {
      "val_acc": 0.4127,
      "gpu_hours": 0.004398749007119073
    },
    "1": {
      "val_acc": 0.4781,
      "gpu_hours": 0.008330333431561789
    },
    "2": {
      "val_acc": 0.5421,
      "gpu_hours": 0.012278709610303242
    },
    "3": {
      "val_acc": 0.5164,
      "gpu_hours": 0.01621726950009664
    },
    "4": {
      "val_acc": 0.6176,
      "gpu_hours": 0.02016941633489397
    },
    "5": {
      "val_acc": 0.5962,
      "gpu_hours": 0.024118884735637242
    },
    "6": {
      "val_acc": 0.572,
      "gpu_hours": 0.02805398987399207
    },
    "7": {
      "val_acc": 0.6467,
      "gpu_hours": 0.031983136269781325
    },
    "8": {
      "val_acc": 0.741,
      "gpu_hours": 0.0359267129500707
    },
    "9": {
      "val_acc": 0.7112,
      "gpu_hours": 0.03986589577462938
    },
    "10": {
      "val_acc": 0.7523,
      "gpu_hours": 0.043817758560180664
    },
    "11": {
      "val_acc": 0.8138,
      "gpu_hours": 0.047756109502580434
    },
    "12": {
      "val_acc": 0.735,
      "gpu_hours": 0.05169736749596066
    },
    "13": {
      "val_acc": 0.7595,
      "gpu_hours": 0.05561299112108019
    },
    "14": {
      "val_acc": 0.8197,
      "gpu_hours": 0.059556630982293024
    },
    "15": {
      "val_acc": 0.7781,
      "gpu_hours": 0.06348839362462362
    },
    "16": {
      "val_acc": 0.7921,
      "gpu_hours": 0.06742718617121378
    },
    "17": {
      "val_acc": 0.8387,
      "gpu_hours": 0.07136216455035739
    },
    "18": {
      "val_acc": 0.7883,
      "gpu_hours": 0.07531070424450768
    },
    "19": {
      "val_acc": 0.8473,
      "gpu_hours": 0.07924607965681288
    },
    "20": {
      "val_acc": 0.8689,
      "gpu_hours": 0.08318656431304083
    },
    "21": {
      "val_acc": 0.8793,
      "gpu_hours": 0.08712312400341034
    },
    "22": {
      "val_acc": 0.8778,
      "gpu_hours": 0.09106547978189257
    },
    "23": {
      "val_acc": 0.8868,
      "gpu_hours": 0.09500239842467838
    },
    "24": {
      "val_acc": 0.8982,
      "gpu_hours": 0.09893783854113684
    },
    "25": {
      "val_acc": 0.9057,
      "gpu_hours": 0.10287398543622758
    },
    "26": {
      "val_acc": 0.9098,
      "gpu_hours": 0.10679121871789296
    },
    "27": {
      "val_acc": 0.9138,
      "gpu_hours": 0.11072282983197106
    },
    "28": {
      "val_acc": 0.9146,
      "gpu_hours": 0.11463540885183546
    },
    "29": {
      "val_acc": 0.9151,
      "gpu_hours": 0.11855113261275821
    }
  }
}