{
  "trial_number": 57,
  "params": {
    "lr": 0.004340645213116583,
    "weight_decay": 0.0027253760954919814,
    "batch_size": 64,
    "dropout": 0.19313889052135447,
    "optimizer": "Adam",
    "scheduler": "step",
    "model": "efficientnet_b1"
  },
  "best_val_acc": 0.2423,
  "total_gpu_hours": 0.24599483125739627,
  "slurm_task": 25,
  "parallel_workers": 40,
  "sampler": "random",
  "dataset": "cifar10",
  "device": "cuda",
  "accuracy_thresholds": {},
  "accuracy_curve": {
    "0": {
      "val_acc": 0.1624,
      "gpu_hours": 0.008955686224831476
    },
    "1": {
      "val_acc": 0.1929,
      "gpu_hours": 0.0172265182601081
    },
    "2": {
      "val_acc": 0.1813,
      "gpu_hours": 0.025547104477882384
    },
    "3": {
      "val_acc": 0.2024,
      "gpu_hours": 0.033888485762808056
    },
    "4": {
      "val_acc": 0.1895,
      "gpu_hours": 0.04226474808322059
    },
    "5": {
      "val_acc": 0.1869,
      "gpu_hours": 0.05061633533901638
    },
    "6": {
      "val_acc": 0.2112,
      "gpu_hours": 0.058967285950978596
    },
    "7": {
      "val_acc": 0.1994,
      "gpu_hours": 0.06728351831436158
    },
    "8": {
      "val_acc": 0.1775,
      "gpu_hours": 0.07556708852450053
    },
    "9": {
      "val_acc": 0.1822,
      "gpu_hours": 0.08389552255471547
    },
    "10": {
      "val_acc": 0.232,
      "gpu_hours": 0.0920998752117157
    },
    "11": {
      "val_acc": 0.2308,
      "gpu_hours": 0.10026906814840104
    },
    "12": {
      "val_acc": 0.2138,
      "gpu_hours": 0.10843671249018776
    },
    "13": {
      "val_acc": 0.2153,
      "gpu_hours": 0.11660975793997447
    },
    "14": {
      "val_acc": 0.1832,
      "gpu_hours": 0.12483952780564626
    },
    "15": {
      "val_acc": 0.2031,
      "gpu_hours": 0.13304169919755723
    },
    "16": {
      "val_acc": 0.235,
      "gpu_hours": 0.14128456625673505
    },
    "17": {
      "val_acc": 0.2326,
      "gpu_hours": 0.1494997665617201
    },
    "18": {
      "val_acc": 0.2311,
      "gpu_hours": 0.1576979155010647
    },
    "19": {
      "val_acc": 0.199,
      "gpu_hours": 0.1659332772095998
    },
    "20": {
      "val_acc": 0.2318,
      "gpu_hours": 0.17402847866217294
    },
    "21": {
      "val_acc": 0.2315,
      "gpu_hours": 0.18202138404051463
    },
    "22": {
      "val_acc": 0.2355,
      "gpu_hours": 0.1900175436337789
    },
    "23": {
      "val_acc": 0.2423,
      "gpu_hours": 0.19799755930900573
    },
    "24": {
      "val_acc": 0.2341,
      "gpu_hours": 0.20599028097258673
    },
    "25": {
      "val_acc": 0.2146,
      "gpu_hours": 0.21396192689736684
    },
    "26": {
      "val_acc": 0.2136,
      "gpu_hours": 0.22193986078103384
    },
    "27": {
      "val_acc": 0.2396,
      "gpu_hours": 0.22996050079663594
    },
    "28": {
      "val_acc": 0.2344,
      "gpu_hours": 0.23797027508417765
    },
    "29": {
      "val_acc": 0.2341,
      "gpu_hours": 0.24598749975363413
    }
  }
}