{
  "trial_number": 87,
  "params": {
    "lr": 0.009088848499484348,
    "weight_decay": 1.5346032712264712e-05,
    "batch_size": 128,
    "dropout": 0.13944339730396033,
    "optimizer": "SGD",
    "scheduler": "step",
    "model": "efficientnet_b0",
    "momentum": 0.8960585543298325
  },
  "best_val_acc": 0.5967,
  "total_gpu_hours": 0.1030157638920678,
  "slurm_task": 16,
  "parallel_workers": 40,
  "sampler": "random",
  "dataset": "cifar10",
  "device": "cuda",
  "accuracy_thresholds": {},
  "accuracy_curve": {
    "0": {
      "val_acc": 0.1211,
      "gpu_hours": 0.0037994731797112357
    },
    "1": {
      "val_acc": 0.1648,
      "gpu_hours": 0.007215067545572917
    },
    "2": {
      "val_acc": 0.2393,
      "gpu_hours": 0.010650447342130873
    },
    "3": {
      "val_acc": 0.2773,
      "gpu_hours": 0.014065112736490039
    },
    "4": {
      "val_acc": 0.3147,
      "gpu_hours": 0.01748736580212911
    },
    "5": {
      "val_acc": 0.349,
      "gpu_hours": 0.02088352554374271
    },
    "6": {
      "val_acc": 0.3747,
      "gpu_hours": 0.024299383693271212
    },
    "7": {
      "val_acc": 0.4023,
      "gpu_hours": 0.02768930388821496
    },
    "8": {
      "val_acc": 0.4181,
      "gpu_hours": 0.031132508847448562
    },
    "9": {
      "val_acc": 0.4324,
      "gpu_hours": 0.03455599619282616
    },
    "10": {
      "val_acc": 0.4533,
      "gpu_hours": 0.0379998857445187
    },
    "11": {
      "val_acc": 0.4677,
      "gpu_hours": 0.04142012960380978
    },
    "12": {
      "val_acc": 0.4763,
      "gpu_hours": 0.04481666174199846
    },
    "13": {
      "val_acc": 0.4844,
      "gpu_hours": 0.048217928409576415
    },
    "14": {
      "val_acc": 0.4977,
      "gpu_hours": 0.051636983354886375
    },
    "15": {
      "val_acc": 0.5101,
      "gpu_hours": 0.05506086733606127
    },
    "16": {
      "val_acc": 0.5222,
      "gpu_hours": 0.05845144053300222
    },
    "17": {
      "val_acc": 0.5324,
      "gpu_hours": 0.06183626161681281
    },
    "18": {
      "val_acc": 0.5327,
      "gpu_hours": 0.06524508628580306
    },
    "19": {
      "val_acc": 0.5475,
      "gpu_hours": 0.06872296538617875
    },
    "20": {
      "val_acc": 0.555,
      "gpu_hours": 0.07211735804875692
    },
    "21": {
      "val_acc": 0.5628,
      "gpu_hours": 0.07552973681026035
    },
    "22": {
      "val_acc": 0.5616,
      "gpu_hours": 0.07897064831521776
    },
    "23": {
      "val_acc": 0.5764,
      "gpu_hours": 0.08240948478380838
    },
    "24": {
      "val_acc": 0.5828,
      "gpu_hours": 0.08584612647692362
    },
    "25": {
      "val_acc": 0.5813,
      "gpu_hours": 0.08928031040562524
    },
    "26": {
      "val_acc": 0.585,
      "gpu_hours": 0.09271321243709989
    },
    "27": {
      "val_acc": 0.5893,
      "gpu_hours": 0.09610439068741268
    },
    "28": {
      "val_acc": 0.5888,
      "gpu_hours": 0.09956049124399821
    },
    "29": {
      "val_acc": 0.5967,
      "gpu_hours": 0.10300895459122128
    }
  }
}