{
  "trial_number": 27,
  "params": {
    "lr": 0.00011687626103826751,
    "weight_decay": 0.000345698717803127,
    "batch_size": 256,
    "dropout": 0.0009742487172321179,
    "optimizer": "Adam",
    "scheduler": "step",
    "model": "resnet18"
  },
  "best_val_acc": 0.8638,
  "total_gpu_hours": 0.03631639500459035,
  "slurm_task": 22,
  "parallel_workers": 40,
  "sampler": "random",
  "dataset": "cifar10",
  "device": "cuda",
  "accuracy_thresholds": {
    "gpu_h_to_80pct": 0.013530699478255378,
    "gpu_h_to_85pct": 0.025524323516421848
  },
  "accuracy_curve": {
    "0": {
      "val_acc": 0.5207,
      "gpu_hours": 0.0015408223867416381
    },
    "1": {
      "val_acc": 0.5798,
      "gpu_hours": 0.002741766638225979
    },
    "2": {
      "val_acc": 0.6285,
      "gpu_hours": 0.003952688508563572
    },
    "3": {
      "val_acc": 0.6394,
      "gpu_hours": 0.005152051912413703
    },
    "4": {
      "val_acc": 0.7208,
      "gpu_hours": 0.006352860596444872
    },
    "5": {
      "val_acc": 0.7065,
      "gpu_hours": 0.007546760042508443
    },
    "6": {
      "val_acc": 0.7384,
      "gpu_hours": 0.00874709771739112
    },
    "7": {
      "val_acc": 0.7645,
      "gpu_hours": 0.009943892227278815
    },
    "8": {
      "val_acc": 0.7487,
      "gpu_hours": 0.01113432572947608
    },
    "9": {
      "val_acc": 0.7823,
      "gpu_hours": 0.012332296106550428
    },
    "10": {
      "val_acc": 0.8142,
      "gpu_hours": 0.013530699478255378
    },
    "11": {
      "val_acc": 0.8187,
      "gpu_hours": 0.014745847913953994
    },
    "12": {
      "val_acc": 0.8235,
      "gpu_hours": 0.015943333042992485
    },
    "13": {
      "val_acc": 0.8182,
      "gpu_hours": 0.017132201592127482
    },
    "14": {
      "val_acc": 0.8268,
      "gpu_hours": 0.018325350549485947
    },
    "15": {
      "val_acc": 0.8099,
      "gpu_hours": 0.01952844520409902
    },
    "16": {
      "val_acc": 0.8262,
      "gpu_hours": 0.020729620258013406
    },
    "17": {
      "val_acc": 0.8391,
      "gpu_hours": 0.021934840348031785
    },
    "18": {
      "val_acc": 0.8424,
      "gpu_hours": 0.023140101830164593
    },
    "19": {
      "val_acc": 0.8263,
      "gpu_hours": 0.02433715217643314
    },
    "20": {
      "val_acc": 0.8559,
      "gpu_hours": 0.025524323516421848
    },
    "21": {
      "val_acc": 0.8562,
      "gpu_hours": 0.026734277407328286
    },
    "22": {
      "val_acc": 0.853,
      "gpu_hours": 0.02792791095044878
    },
    "23": {
      "val_acc": 0.8492,
      "gpu_hours": 0.02913062890370687
    },
    "24": {
      "val_acc": 0.8486,
      "gpu_hours": 0.030332815382215713
    },
    "25": {
      "val_acc": 0.8542,
      "gpu_hours": 0.031529859436882864
    },
    "26": {
      "val_acc": 0.8489,
      "gpu_hours": 0.03273633778095245
    },
    "27": {
      "val_acc": 0.8566,
      "gpu_hours": 0.033929162555270724
    },
    "28": {
      "val_acc": 0.8554,
      "gpu_hours": 0.035122357938024734
    },
    "29": {
      "val_acc": 0.8638,
      "gpu_hours": 0.03630839963754018
    }
  }
}