{
  "trial_number": 97,
  "params": {
    "lr": 0.00047312453612585937,
    "weight_decay": 2.1028225301876997e-06,
    "batch_size": 256,
    "dropout": 0.07158505761948986,
    "optimizer": "AdamW",
    "scheduler": "cosine",
    "model": "resnet18"
  },
  "best_val_acc": 0.9126,
  "total_gpu_hours": 0.11792766445212895,
  "slurm_task": 33,
  "parallel_workers": 40,
  "sampler": "random",
  "dataset": "cifar10",
  "device": "cuda",
  "accuracy_thresholds": {
    "gpu_h_to_80pct": 0.03181608610683017,
    "gpu_h_to_85pct": 0.035727440781063505,
    "gpu_h_to_90pct": 0.08269973827732933
  },
  "accuracy_curve": {
    "0": {
      "val_acc": 0.5399,
      "gpu_hours": 0.0043838605615827775
    },
    "1": {
      "val_acc": 0.6057,
      "gpu_hours": 0.008310849070549011
    },
    "2": {
      "val_acc": 0.7106,
      "gpu_hours": 0.012225083510080973
    },
    "3": {
      "val_acc": 0.7456,
      "gpu_hours": 0.016145223445362514
    },
    "4": {
      "val_acc": 0.7712,
      "gpu_hours": 0.020061147345436944
    },
    "5": {
      "val_acc": 0.739,
      "gpu_hours": 0.023977329068713717
    },
    "6": {
      "val_acc": 0.7988,
      "gpu_hours": 0.027901265223821005
    },
    "7": {
      "val_acc": 0.8106,
      "gpu_hours": 0.03181608610683017
    },
    "8": {
      "val_acc": 0.8519,
      "gpu_hours": 0.035727440781063505
    },
    "9": {
      "val_acc": 0.8567,
      "gpu_hours": 0.03962946746084425
    },
    "10": {
      "val_acc": 0.8535,
      "gpu_hours": 0.04355286094877455
    },
    "11": {
      "val_acc": 0.8286,
      "gpu_hours": 0.04745006183783213
    },
    "12": {
      "val_acc": 0.8205,
      "gpu_hours": 0.05137149605486128
    },
    "13": {
      "val_acc": 0.869,
      "gpu_hours": 0.055290775034162735
    },
    "14": {
      "val_acc": 0.8636,
      "gpu_hours": 0.05920690894126892
    },
    "15": {
      "val_acc": 0.887,
      "gpu_hours": 0.06312537948290507
    },
    "16": {
      "val_acc": 0.8836,
      "gpu_hours": 0.06705068780316246
    },
    "17": {
      "val_acc": 0.8957,
      "gpu_hours": 0.07095583213700188
    },
    "18": {
      "val_acc": 0.8707,
      "gpu_hours": 0.07487864295641582
    },
    "19": {
      "val_acc": 0.8971,
      "gpu_hours": 0.07879166656070286
    },
    "20": {
      "val_acc": 0.904,
      "gpu_hours": 0.08269973827732933
    },
    "21": {
      "val_acc": 0.9051,
      "gpu_hours": 0.08661050862736172
    },
    "22": {
      "val_acc": 0.9082,
      "gpu_hours": 0.09052751666969723
    },
    "23": {
      "val_acc": 0.909,
      "gpu_hours": 0.09444457981321547
    },
    "24": {
      "val_acc": 0.9125,
      "gpu_hours": 0.09836408880021837
    },
    "25": {
      "val_acc": 0.9103,
      "gpu_hours": 0.10228679849041833
    },
    "26": {
      "val_acc": 0.9114,
      "gpu_hours": 0.10618193599912855
    },
    "27": {
      "val_acc": 0.9126,
      "gpu_hours": 0.11009058435757955
    },
    "28": {
      "val_acc": 0.9117,
      "gpu_hours": 0.11400930080148909
    },
    "29": {
      "val_acc": 0.9114,
      "gpu_hours": 0.11792120118935903
    }
  }
}