{
  "trial_number": 41,
  "params": {
    "lr": 0.0008877474082252488,
    "weight_decay": 2.026052990673314e-06,
    "batch_size": 256,
    "dropout": 0.19268845719756905,
    "optimizer": "SGD",
    "scheduler": "step",
    "model": "efficientnet_b0",
    "momentum": 0.9209109987385893
  },
  "best_val_acc": 0.1295,
  "total_gpu_hours": 0.07602962235609691,
  "slurm_task": 1,
  "parallel_workers": 40,
  "sampler": "random",
  "dataset": "cifar10",
  "device": "cuda",
  "accuracy_thresholds": {},
  "accuracy_curve": {
    "0": {
      "val_acc": 0.0918,
      "gpu_hours": 0.0029825978146659003
    },
    "1": {
      "val_acc": 0.0875,
      "gpu_hours": 0.005512910485267639
    },
    "2": {
      "val_acc": 0.1003,
      "gpu_hours": 0.008030406700240241
    },
    "3": {
      "val_acc": 0.1031,
      "gpu_hours": 0.010558743741777208
    },
    "4": {
      "val_acc": 0.1168,
      "gpu_hours": 0.013082333869404264
    },
    "5": {
      "val_acc": 0.1217,
      "gpu_hours": 0.01560106078783671
    },
    "6": {
      "val_acc": 0.118,
      "gpu_hours": 0.018116140564282734
    },
    "7": {
      "val_acc": 0.1181,
      "gpu_hours": 0.020631522801187303
    },
    "8": {
      "val_acc": 0.1171,
      "gpu_hours": 0.023160630795690747
    },
    "9": {
      "val_acc": 0.12,
      "gpu_hours": 0.02568740665912628
    },
    "10": {
      "val_acc": 0.1241,
      "gpu_hours": 0.028226466178894044
    },
    "11": {
      "val_acc": 0.121,
      "gpu_hours": 0.0307290432188246
    },
    "12": {
      "val_acc": 0.123,
      "gpu_hours": 0.033242761492729186
    },
    "13": {
      "val_acc": 0.1213,
      "gpu_hours": 0.035762206713358564
    },
    "14": {
      "val_acc": 0.1228,
      "gpu_hours": 0.03828151093588935
    },
    "15": {
      "val_acc": 0.124,
      "gpu_hours": 0.040813246700498795
    },
    "16": {
      "val_acc": 0.1234,
      "gpu_hours": 0.04332754075527191
    },
    "17": {
      "val_acc": 0.1233,
      "gpu_hours": 0.04583981778886583
    },
    "18": {
      "val_acc": 0.1227,
      "gpu_hours": 0.04835847808255089
    },
    "19": {
      "val_acc": 0.1235,
      "gpu_hours": 0.05087297373347812
    },
    "20": {
      "val_acc": 0.123,
      "gpu_hours": 0.053369942572381764
    },
    "21": {
      "val_acc": 0.1257,
      "gpu_hours": 0.055885928206973606
    },
    "22": {
      "val_acc": 0.1227,
      "gpu_hours": 0.05840887420707279
    },
    "23": {
      "val_acc": 0.126,
      "gpu_hours": 0.06094064050250583
    },
    "24": {
      "val_acc": 0.1253,
      "gpu_hours": 0.06344520774152544
    },
    "25": {
      "val_acc": 0.1288,
      "gpu_hours": 0.06597723007202148
    },
    "26": {
      "val_acc": 0.128,
      "gpu_hours": 0.06848365234004127
    },
    "27": {
      "val_acc": 0.1295,
      "gpu_hours": 0.07099556061956618
    },
    "28": {
      "val_acc": 0.1293,
      "gpu_hours": 0.07350099086761475
    },
    "29": {
      "val_acc": 0.1283,
      "gpu_hours": 0.07602119041813744
    }
  }
}