{
  "trial_number": 30,
  "params": {
    "lr": 0.000610822040175596,
    "weight_decay": 0.0032015396256399042,
    "batch_size": 256,
    "dropout": 0.021713678729642194,
    "optimizer": "Adam",
    "scheduler": "cosine",
    "model": "resnet18"
  },
  "best_val_acc": 0.9172,
  "total_gpu_hours": 0.035428840517997745,
  "slurm_task": 31,
  "parallel_workers": 40,
  "sampler": "random",
  "dataset": "cifar10",
  "device": "cuda",
  "accuracy_thresholds": {
    "gpu_h_to_80pct": 0.019051082332928976,
    "gpu_h_to_85pct": 0.022570002807511223,
    "gpu_h_to_90pct": 0.03074645181496938
  },
  "accuracy_curve": {
    "0": {
      "val_acc": 0.487,
      "gpu_hours": 0.0014997694227430556
    },
    "1": {
      "val_acc": 0.5047,
      "gpu_hours": 0.0026716981331507367
    },
    "2": {
      "val_acc": 0.4976,
      "gpu_hours": 0.0038419302966859604
    },
    "3": {
      "val_acc": 0.6068,
      "gpu_hours": 0.005007665223545499
    },
    "4": {
      "val_acc": 0.5749,
      "gpu_hours": 0.006182198325792948
    },
    "5": {
      "val_acc": 0.6525,
      "gpu_hours": 0.007355297737651401
    },
    "6": {
      "val_acc": 0.5849,
      "gpu_hours": 0.00852167977227105
    },
    "7": {
      "val_acc": 0.6655,
      "gpu_hours": 0.009698465135362414
    },
    "8": {
      "val_acc": 0.6489,
      "gpu_hours": 0.010860919819937812
    },
    "9": {
      "val_acc": 0.7031,
      "gpu_hours": 0.01203204823864831
    },
    "10": {
      "val_acc": 0.7249,
      "gpu_hours": 0.013204942279391818
    },
    "11": {
      "val_acc": 0.7604,
      "gpu_hours": 0.01437283178170522
    },
    "12": {
      "val_acc": 0.7237,
      "gpu_hours": 0.015547564427057903
    },
    "13": {
      "val_acc": 0.7785,
      "gpu_hours": 0.01671315716372596
    },
    "14": {
      "val_acc": 0.7911,
      "gpu_hours": 0.017882049745983546
    },
    "15": {
      "val_acc": 0.8391,
      "gpu_hours": 0.019051082332928976
    },
    "16": {
      "val_acc": 0.8411,
      "gpu_hours": 0.020222773220804003
    },
    "17": {
      "val_acc": 0.8291,
      "gpu_hours": 0.021394240458806356
    },
    "18": {
      "val_acc": 0.8527,
      "gpu_hours": 0.022570002807511223
    },
    "19": {
      "val_acc": 0.8578,
      "gpu_hours": 0.02373308499654134
    },
    "20": {
      "val_acc": 0.8497,
      "gpu_hours": 0.024903061853514777
    },
    "21": {
      "val_acc": 0.8579,
      "gpu_hours": 0.0260765012105306
    },
    "22": {
      "val_acc": 0.8881,
      "gpu_hours": 0.027244497206476
    },
    "23": {
      "val_acc": 0.8772,
      "gpu_hours": 0.028409343560536704
    },
    "24": {
      "val_acc": 0.8997,
      "gpu_hours": 0.029581997394561767
    },
    "25": {
      "val_acc": 0.9083,
      "gpu_hours": 0.03074645181496938
    },
    "26": {
      "val_acc": 0.9105,
      "gpu_hours": 0.03191143936581082
    },
    "27": {
      "val_acc": 0.9131,
      "gpu_hours": 0.033080967201126944
    },
    "28": {
      "val_acc": 0.9172,
      "gpu_hours": 0.034256432056427005
    },
    "29": {
      "val_acc": 0.9168,
      "gpu_hours": 0.03542182915740543
    }
  }
}