{
  "trial_number": 59,
  "params": {
    "lr": 0.0004528299575492549,
    "weight_decay": 1.3353984813610555e-06,
    "batch_size": 256,
    "dropout": 0.08147511125354417,
    "optimizer": "Adam",
    "scheduler": "plateau",
    "model": "efficientnet_b1"
  },
  "best_val_acc": 0.5891,
  "total_gpu_hours": 0.08369092663129171,
  "slurm_task": 23,
  "parallel_workers": 40,
  "sampler": "random",
  "dataset": "cifar10",
  "device": "cuda",
  "accuracy_thresholds": {},
  "accuracy_curve": {
    "0": {
      "val_acc": 0.2301,
      "gpu_hours": 0.0033676317665312025
    },
    "1": {
      "val_acc": 0.3679,
      "gpu_hours": 0.006104148626327514
    },
    "2": {
      "val_acc": 0.446,
      "gpu_hours": 0.008871521751085918
    },
    "3": {
      "val_acc": 0.4968,
      "gpu_hours": 0.011617540385988024
    },
    "4": {
      "val_acc": 0.5377,
      "gpu_hours": 0.014377011325624254
    },
    "5": {
      "val_acc": 0.5661,
      "gpu_hours": 0.01715108765496148
    },
    "6": {
      "val_acc": 0.5704,
      "gpu_hours": 0.019937606122758654
    },
    "7": {
      "val_acc": 0.5792,
      "gpu_hours": 0.022696550157335068
    },
    "8": {
      "val_acc": 0.5826,
      "gpu_hours": 0.025475159684816995
    },
    "9": {
      "val_acc": 0.5853,
      "gpu_hours": 0.02824438512325287
    },
    "10": {
      "val_acc": 0.5843,
      "gpu_hours": 0.0310122901863522
    },
    "11": {
      "val_acc": 0.5875,
      "gpu_hours": 0.03380531198448605
    },
    "12": {
      "val_acc": 0.5859,
      "gpu_hours": 0.03659116023116642
    },
    "13": {
      "val_acc": 0.5866,
      "gpu_hours": 0.03934113376670414
    },
    "14": {
      "val_acc": 0.5878,
      "gpu_hours": 0.04209891345765856
    },
    "15": {
      "val_acc": 0.5865,
      "gpu_hours": 0.04487317290571001
    },
    "16": {
      "val_acc": 0.5865,
      "gpu_hours": 0.047652626699871484
    },
    "17": {
      "val_acc": 0.5884,
      "gpu_hours": 0.05041802750693427
    },
    "18": {
      "val_acc": 0.5873,
      "gpu_hours": 0.053189806673261855
    },
    "19": {
      "val_acc": 0.5878,
      "gpu_hours": 0.05596989850203196
    },
    "20": {
      "val_acc": 0.5864,
      "gpu_hours": 0.058773980869187246
    },
    "21": {
      "val_acc": 0.5891,
      "gpu_hours": 0.06154750605424245
    },
    "22": {
      "val_acc": 0.5872,
      "gpu_hours": 0.06431281745433808
    },
    "23": {
      "val_acc": 0.5853,
      "gpu_hours": 0.06707737141185337
    },
    "24": {
      "val_acc": 0.5875,
      "gpu_hours": 0.06984239167637295
    },
    "25": {
      "val_acc": 0.5865,
      "gpu_hours": 0.07261175983481936
    },
    "26": {
      "val_acc": 0.5867,
      "gpu_hours": 0.07537223140398662
    },
    "27": {
      "val_acc": 0.5883,
      "gpu_hours": 0.0781575255923801
    },
    "28": {
      "val_acc": 0.5873,
      "gpu_hours": 0.08092860645718045
    },
    "29": {
      "val_acc": 0.5864,
      "gpu_hours": 0.0836839790476693
    }
  }
}