{
  "trial_number": 111,
  "params": {
    "lr": 0.0005911918463421064,
    "weight_decay": 1.1077875023624054e-06,
    "batch_size": 128,
    "dropout": 0.4775043967143612,
    "optimizer": "Adam",
    "scheduler": "plateau",
    "model": "resnet18"
  },
  "best_val_acc": 0.8799,
  "total_gpu_hours": 0.12559976650608912,
  "slurm_task": 25,
  "parallel_workers": 40,
  "sampler": "random",
  "dataset": "cifar10",
  "device": "cuda",
  "accuracy_thresholds": {
    "gpu_h_to_80pct": 0.02135945929421319,
    "gpu_h_to_85pct": 0.025530182586775887
  },
  "accuracy_curve": {
    "0": {
      "val_acc": 0.6033,
      "gpu_hours": 0.00466282930639055
    },
    "1": {
      "val_acc": 0.671,
      "gpu_hours": 0.008836159904797872
    },
    "2": {
      "val_acc": 0.7536,
      "gpu_hours": 0.013017682698037889
    },
    "3": {
      "val_acc": 0.78,
      "gpu_hours": 0.017190903226534524
    },
    "4": {
      "val_acc": 0.8085,
      "gpu_hours": 0.02135945929421319
    },
    "5": {
      "val_acc": 0.8617,
      "gpu_hours": 0.025530182586775887
    },
    "6": {
      "val_acc": 0.8641,
      "gpu_hours": 0.029707675841119555
    },
    "7": {
      "val_acc": 0.8708,
      "gpu_hours": 0.033881226380666096
    },
    "8": {
      "val_acc": 0.8707,
      "gpu_hours": 0.03805418862236871
    },
    "9": {
      "val_acc": 0.8772,
      "gpu_hours": 0.04222462793191274
    },
    "10": {
      "val_acc": 0.8788,
      "gpu_hours": 0.04639533327685462
    },
    "11": {
      "val_acc": 0.8796,
      "gpu_hours": 0.050573418339093526
    },
    "12": {
      "val_acc": 0.8773,
      "gpu_hours": 0.05474516530831655
    },
    "13": {
      "val_acc": 0.8778,
      "gpu_hours": 0.0589229185713662
    },
    "14": {
      "val_acc": 0.8772,
      "gpu_hours": 0.06310177120897505
    },
    "15": {
      "val_acc": 0.8786,
      "gpu_hours": 0.06727586037582821
    },
    "16": {
      "val_acc": 0.878,
      "gpu_hours": 0.07145536257161035
    },
    "17": {
      "val_acc": 0.8774,
      "gpu_hours": 0.07560724728637272
    },
    "18": {
      "val_acc": 0.8781,
      "gpu_hours": 0.07977546513080597
    },
    "19": {
      "val_acc": 0.8777,
      "gpu_hours": 0.08395788510640462
    },
    "20": {
      "val_acc": 0.8782,
      "gpu_hours": 0.08813131365511152
    },
    "21": {
      "val_acc": 0.8777,
      "gpu_hours": 0.09230228788322872
    },
    "22": {
      "val_acc": 0.8783,
      "gpu_hours": 0.09646681719356114
    },
    "23": {
      "val_acc": 0.8781,
      "gpu_hours": 0.10062565114763047
    },
    "24": {
      "val_acc": 0.8782,
      "gpu_hours": 0.10479183912277222
    },
    "25": {
      "val_acc": 0.8799,
      "gpu_hours": 0.10895941628350152
    },
    "26": {
      "val_acc": 0.8788,
      "gpu_hours": 0.11310523364279006
    },
    "27": {
      "val_acc": 0.8794,
      "gpu_hours": 0.11727448794576857
    },
    "28": {
      "val_acc": 0.8776,
      "gpu_hours": 0.12143589913845063
    },
    "29": {
      "val_acc": 0.8783,
      "gpu_hours": 0.1255932526455985
    }
  }
}