{
  "trial_number": 84,
  "params": {
    "lr": 0.0025729802627275276,
    "weight_decay": 5.3008177273707876e-06,
    "batch_size": 256,
    "dropout": 0.1465152743262424,
    "optimizer": "Adam",
    "scheduler": "cosine",
    "model": "efficientnet_b0"
  },
  "best_val_acc": 0.8163,
  "total_gpu_hours": 0.0760774247513877,
  "slurm_task": 27,
  "parallel_workers": 40,
  "sampler": "random",
  "dataset": "cifar10",
  "device": "cuda",
  "accuracy_thresholds": {
    "gpu_h_to_80pct": 0.050932235320409136
  },
  "accuracy_curve": {
    "0": {
      "val_acc": 0.3062,
      "gpu_hours": 0.002971006168259515
    },
    "1": {
      "val_acc": 0.4287,
      "gpu_hours": 0.005494243833753798
    },
    "2": {
      "val_acc": 0.527,
      "gpu_hours": 0.007996621463033888
    },
    "3": {
      "val_acc": 0.6005,
      "gpu_hours": 0.010519613358709547
    },
    "4": {
      "val_acc": 0.6428,
      "gpu_hours": 0.013046715921825833
    },
    "5": {
      "val_acc": 0.665,
      "gpu_hours": 0.01556381775273217
    },
    "6": {
      "val_acc": 0.6802,
      "gpu_hours": 0.018082166115442912
    },
    "7": {
      "val_acc": 0.7128,
      "gpu_hours": 0.020621016754044427
    },
    "8": {
      "val_acc": 0.724,
      "gpu_hours": 0.023152476814058093
    },
    "9": {
      "val_acc": 0.7176,
      "gpu_hours": 0.025685184597969056
    },
    "10": {
      "val_acc": 0.751,
      "gpu_hours": 0.028207589586575824
    },
    "11": {
      "val_acc": 0.7582,
      "gpu_hours": 0.03072872049278683
    },
    "12": {
      "val_acc": 0.7676,
      "gpu_hours": 0.03324835929605696
    },
    "13": {
      "val_acc": 0.7666,
      "gpu_hours": 0.035777472257614136
    },
    "14": {
      "val_acc": 0.7714,
      "gpu_hours": 0.03830961909559038
    },
    "15": {
      "val_acc": 0.7854,
      "gpu_hours": 0.040826719072129994
    },
    "16": {
      "val_acc": 0.7907,
      "gpu_hours": 0.04335573467943404
    },
    "17": {
      "val_acc": 0.7959,
      "gpu_hours": 0.04588224477238125
    },
    "18": {
      "val_acc": 0.7983,
      "gpu_hours": 0.04841919382413228
    },
    "19": {
      "val_acc": 0.8072,
      "gpu_hours": 0.050932235320409136
    },
    "20": {
      "val_acc": 0.8047,
      "gpu_hours": 0.053452747927771674
    },
    "21": {
      "val_acc": 0.8091,
      "gpu_hours": 0.05596994082132975
    },
    "22": {
      "val_acc": 0.8139,
      "gpu_hours": 0.058494861788219873
    },
    "23": {
      "val_acc": 0.8127,
      "gpu_hours": 0.06100522882408566
    },
    "24": {
      "val_acc": 0.8142,
      "gpu_hours": 0.06350708133644528
    },
    "25": {
      "val_acc": 0.8148,
      "gpu_hours": 0.06602131207784016
    },
    "26": {
      "val_acc": 0.8163,
      "gpu_hours": 0.06853361626466116
    },
    "27": {
      "val_acc": 0.8158,
      "gpu_hours": 0.07104514062404632
    },
    "28": {
      "val_acc": 0.8158,
      "gpu_hours": 0.0735584306054645
    },
    "29": {
      "val_acc": 0.8155,
      "gpu_hours": 0.07607106725374857
    }
  }
}