{
  "trial_number": 79,
  "params": {
    "lr": 0.0008725136690969743,
    "weight_decay": 0.0035710846922779073,
    "batch_size": 64,
    "dropout": 0.262051751332057,
    "optimizer": "SGD",
    "scheduler": "step",
    "model": "efficientnet_b0",
    "momentum": 0.9392106456922382
  },
  "best_val_acc": 0.5602,
  "total_gpu_hours": 0.16367305139700572,
  "slurm_task": 8,
  "parallel_workers": 40,
  "sampler": "random",
  "dataset": "cifar10",
  "device": "cuda",
  "accuracy_thresholds": {},
  "accuracy_curve": {
    "0": {
      "val_acc": 0.1113,
      "gpu_hours": 0.00592330363061693
    },
    "1": {
      "val_acc": 0.1144,
      "gpu_hours": 0.011389813489384122
    },
    "2": {
      "val_acc": 0.1372,
      "gpu_hours": 0.016838486856884428
    },
    "3": {
      "val_acc": 0.1682,
      "gpu_hours": 0.02229755719502767
    },
    "4": {
      "val_acc": 0.1981,
      "gpu_hours": 0.02775153941578335
    },
    "5": {
      "val_acc": 0.2362,
      "gpu_hours": 0.03320350190003713
    },
    "6": {
      "val_acc": 0.2849,
      "gpu_hours": 0.038690411779615616
    },
    "7": {
      "val_acc": 0.3399,
      "gpu_hours": 0.044200411571396724
    },
    "8": {
      "val_acc": 0.3866,
      "gpu_hours": 0.049700287183125816
    },
    "9": {
      "val_acc": 0.424,
      "gpu_hours": 0.0551926412847307
    },
    "10": {
      "val_acc": 0.4337,
      "gpu_hours": 0.06069670425521003
    },
    "11": {
      "val_acc": 0.4518,
      "gpu_hours": 0.06617327683501774
    },
    "12": {
      "val_acc": 0.4641,
      "gpu_hours": 0.0716732319858339
    },
    "13": {
      "val_acc": 0.4713,
      "gpu_hours": 0.07714730925030179
    },
    "14": {
      "val_acc": 0.4803,
      "gpu_hours": 0.08263353513346779
    },
    "15": {
      "val_acc": 0.4864,
      "gpu_hours": 0.08813993738757239
    },
    "16": {
      "val_acc": 0.4964,
      "gpu_hours": 0.09363342007001241
    },
    "17": {
      "val_acc": 0.5073,
      "gpu_hours": 0.09907261722617679
    },
    "18": {
      "val_acc": 0.5189,
      "gpu_hours": 0.1044774133629269
    },
    "19": {
      "val_acc": 0.5252,
      "gpu_hours": 0.10989242454369863
    },
    "20": {
      "val_acc": 0.5306,
      "gpu_hours": 0.11528031534618802
    },
    "21": {
      "val_acc": 0.5385,
      "gpu_hours": 0.12068440278371174
    },
    "22": {
      "val_acc": 0.5417,
      "gpu_hours": 0.12607591920428807
    },
    "23": {
      "val_acc": 0.5441,
      "gpu_hours": 0.13147414538595412
    },
    "24": {
      "val_acc": 0.5452,
      "gpu_hours": 0.13687331047323015
    },
    "25": {
      "val_acc": 0.548,
      "gpu_hours": 0.14227501028113895
    },
    "26": {
      "val_acc": 0.5543,
      "gpu_hours": 0.14767968522177802
    },
    "27": {
      "val_acc": 0.5601,
      "gpu_hours": 0.15308309608035617
    },
    "28": {
      "val_acc": 0.5602,
      "gpu_hours": 0.15840388854344686
    },
    "29": {
      "val_acc": 0.5551,
      "gpu_hours": 0.16366261859734854
    }
  }
}