{
  "trial_number": 108,
  "params": {
    "lr": 0.022197961285320002,
    "weight_decay": 0.0002934139652329253,
    "batch_size": 64,
    "dropout": 0.3726605270001936,
    "optimizer": "Adam",
    "scheduler": "plateau",
    "model": "resnet34"
  },
  "best_val_acc": 0.577,
  "total_gpu_hours": 0.23395096606678434,
  "slurm_task": 30,
  "parallel_workers": 40,
  "sampler": "random",
  "dataset": "cifar10",
  "device": "cuda",
  "accuracy_thresholds": {},
  "accuracy_curve": {
    "0": {
      "val_acc": 0.1662,
      "gpu_hours": 0.008308709396256341
    },
    "1": {
      "val_acc": 0.318,
      "gpu_hours": 0.016090414259168836
    },
    "2": {
      "val_acc": 0.285,
      "gpu_hours": 0.023881125648816427
    },
    "3": {
      "val_acc": 0.2999,
      "gpu_hours": 0.031675857106844583
    },
    "4": {
      "val_acc": 0.3002,
      "gpu_hours": 0.03946826570563846
    },
    "5": {
      "val_acc": 0.4724,
      "gpu_hours": 0.0472557532787323
    },
    "6": {
      "val_acc": 0.485,
      "gpu_hours": 0.05504692143864102
    },
    "7": {
      "val_acc": 0.4669,
      "gpu_hours": 0.06283402933014763
    },
    "8": {
      "val_acc": 0.534,
      "gpu_hours": 0.07061277018653021
    },
    "9": {
      "val_acc": 0.5595,
      "gpu_hours": 0.07839562767081791
    },
    "10": {
      "val_acc": 0.5624,
      "gpu_hours": 0.08617852999104395
    },
    "11": {
      "val_acc": 0.5689,
      "gpu_hours": 0.09396633267402649
    },
    "12": {
      "val_acc": 0.5718,
      "gpu_hours": 0.10175277610619862
    },
    "13": {
      "val_acc": 0.5756,
      "gpu_hours": 0.10953789393107097
    },
    "14": {
      "val_acc": 0.577,
      "gpu_hours": 0.11732202808062235
    },
    "15": {
      "val_acc": 0.5728,
      "gpu_hours": 0.1251044166750378
    },
    "16": {
      "val_acc": 0.5751,
      "gpu_hours": 0.13288766503334046
    },
    "17": {
      "val_acc": 0.5758,
      "gpu_hours": 0.1406724417871899
    },
    "18": {
      "val_acc": 0.5721,
      "gpu_hours": 0.14845014850298563
    },
    "19": {
      "val_acc": 0.5748,
      "gpu_hours": 0.15623163097434573
    },
    "20": {
      "val_acc": 0.5758,
      "gpu_hours": 0.16401572048664093
    },
    "21": {
      "val_acc": 0.5762,
      "gpu_hours": 0.1717730445994271
    },
    "22": {
      "val_acc": 0.5736,
      "gpu_hours": 0.17953148543834685
    },
    "23": {
      "val_acc": 0.5761,
      "gpu_hours": 0.1873053495089213
    },
    "24": {
      "val_acc": 0.5757,
      "gpu_hours": 0.19507920775148604
    },
    "25": {
      "val_acc": 0.5735,
      "gpu_hours": 0.2028580238421758
    },
    "26": {
      "val_acc": 0.5756,
      "gpu_hours": 0.21062651885880365
    },
    "27": {
      "val_acc": 0.577,
      "gpu_hours": 0.21839676234457228
    },
    "28": {
      "val_acc": 0.5768,
      "gpu_hours": 0.2261697569158342
    },
    "29": {
      "val_acc": 0.5733,
      "gpu_hours": 0.23394433359305064
    }
  }
}