{
  "trial_number": 83,
  "params": {
    "lr": 0.02729798893490971,
    "weight_decay": 3.1027527123103826e-05,
    "batch_size": 64,
    "dropout": 0.14526209808023477,
    "optimizer": "AdamW",
    "scheduler": "plateau",
    "model": "efficientnet_b1"
  },
  "best_val_acc": 0.2248,
  "total_gpu_hours": 0.23782740864488813,
  "slurm_task": 38,
  "parallel_workers": 40,
  "sampler": "random",
  "dataset": "cifar10",
  "device": "cuda",
  "accuracy_thresholds": {},
  "accuracy_curve": {
    "0": {
      "val_acc": 0.1,
      "gpu_hours": 0.008389234145482382
    },
    "1": {
      "val_acc": 0.1005,
      "gpu_hours": 0.01631917933622996
    },
    "2": {
      "val_acc": 0.0981,
      "gpu_hours": 0.024236740403705173
    },
    "3": {
      "val_acc": 0.1,
      "gpu_hours": 0.032158264186647204
    },
    "4": {
      "val_acc": 0.1,
      "gpu_hours": 0.04003873692618476
    },
    "5": {
      "val_acc": 0.1,
      "gpu_hours": 0.048013383481237626
    },
    "6": {
      "val_acc": 0.1483,
      "gpu_hours": 0.055985220670700074
    },
    "7": {
      "val_acc": 0.1979,
      "gpu_hours": 0.06397128191259172
    },
    "8": {
      "val_acc": 0.2104,
      "gpu_hours": 0.07197626610596974
    },
    "9": {
      "val_acc": 0.215,
      "gpu_hours": 0.07998618086179098
    },
    "10": {
      "val_acc": 0.2055,
      "gpu_hours": 0.08797188262144724
    },
    "11": {
      "val_acc": 0.2208,
      "gpu_hours": 0.09593442426787482
    },
    "12": {
      "val_acc": 0.2149,
      "gpu_hours": 0.10390965355767144
    },
    "13": {
      "val_acc": 0.2116,
      "gpu_hours": 0.11189399871561262
    },
    "14": {
      "val_acc": 0.2231,
      "gpu_hours": 0.11986212193965912
    },
    "15": {
      "val_acc": 0.2107,
      "gpu_hours": 0.12778055528799692
    },
    "16": {
      "val_acc": 0.2168,
      "gpu_hours": 0.13551178601053027
    },
    "17": {
      "val_acc": 0.2219,
      "gpu_hours": 0.1433172611395518
    },
    "18": {
      "val_acc": 0.2218,
      "gpu_hours": 0.15117004639572568
    },
    "19": {
      "val_acc": 0.2149,
      "gpu_hours": 0.15903297185897827
    },
    "20": {
      "val_acc": 0.1955,
      "gpu_hours": 0.16689656184779272
    },
    "21": {
      "val_acc": 0.2011,
      "gpu_hours": 0.17475465953350067
    },
    "22": {
      "val_acc": 0.213,
      "gpu_hours": 0.18265069643656412
    },
    "23": {
      "val_acc": 0.2248,
      "gpu_hours": 0.1905196346839269
    },
    "24": {
      "val_acc": 0.2109,
      "gpu_hours": 0.1983956085311042
    },
    "25": {
      "val_acc": 0.2149,
      "gpu_hours": 0.20628339330355328
    },
    "26": {
      "val_acc": 0.2205,
      "gpu_hours": 0.21416026380327013
    },
    "27": {
      "val_acc": 0.2156,
      "gpu_hours": 0.22203542841805352
    },
    "28": {
      "val_acc": 0.2052,
      "gpu_hours": 0.22992756538920933
    },
    "29": {
      "val_acc": 0.2129,
      "gpu_hours": 0.23782123982906342
    }
  }
}