{
  "trial_number": 46,
  "params": {
    "lr": 0.00012625951922367383,
    "weight_decay": 9.045446969815956e-05,
    "batch_size": 64,
    "dropout": 0.145471618633067,
    "optimizer": "SGD",
    "scheduler": "cosine",
    "model": "resnet18",
    "momentum": 0.8387182366395032
  },
  "best_val_acc": 0.3257,
  "total_gpu_hours": 0.13182316336366864,
  "slurm_task": 20,
  "parallel_workers": 40,
  "sampler": "random",
  "dataset": "cifar10",
  "device": "cuda",
  "accuracy_thresholds": {},
  "accuracy_curve": {
    "0": {
      "val_acc": 0.1578,
      "gpu_hours": 0.0051017878452936805
    },
    "1": {
      "val_acc": 0.1779,
      "gpu_hours": 0.009483692977163527
    },
    "2": {
      "val_acc": 0.1987,
      "gpu_hours": 0.01385634614361657
    },
    "3": {
      "val_acc": 0.2156,
      "gpu_hours": 0.0182208874490526
    },
    "4": {
      "val_acc": 0.2226,
      "gpu_hours": 0.022588250637054445
    },
    "5": {
      "val_acc": 0.2404,
      "gpu_hours": 0.02696875234444936
    },
    "6": {
      "val_acc": 0.2489,
      "gpu_hours": 0.03134124557177226
    },
    "7": {
      "val_acc": 0.2561,
      "gpu_hours": 0.03571791344218784
    },
    "8": {
      "val_acc": 0.2676,
      "gpu_hours": 0.04006396902932061
    },
    "9": {
      "val_acc": 0.2703,
      "gpu_hours": 0.04442116234037611
    },
    "10": {
      "val_acc": 0.2832,
      "gpu_hours": 0.048793221645885045
    },
    "11": {
      "val_acc": 0.285,
      "gpu_hours": 0.053159426185819834
    },
    "12": {
      "val_acc": 0.2892,
      "gpu_hours": 0.05753070672353109
    },
    "13": {
      "val_acc": 0.2943,
      "gpu_hours": 0.061902857422828673
    },
    "14": {
      "val_acc": 0.3016,
      "gpu_hours": 0.06627692057026757
    },
    "15": {
      "val_acc": 0.3021,
      "gpu_hours": 0.07065205037593841
    },
    "16": {
      "val_acc": 0.3069,
      "gpu_hours": 0.07502314223183526
    },
    "17": {
      "val_acc": 0.3121,
      "gpu_hours": 0.07939518716600207
    },
    "18": {
      "val_acc": 0.3149,
      "gpu_hours": 0.08376170926623874
    },
    "19": {
      "val_acc": 0.3159,
      "gpu_hours": 0.08813456131352318
    },
    "20": {
      "val_acc": 0.3165,
      "gpu_hours": 0.09250323249234094
    },
    "21": {
      "val_acc": 0.3211,
      "gpu_hours": 0.09687546259827085
    },
    "22": {
      "val_acc": 0.3257,
      "gpu_hours": 0.101244411667188
    },
    "23": {
      "val_acc": 0.3236,
      "gpu_hours": 0.10561298204792871
    },
    "24": {
      "val_acc": 0.3221,
      "gpu_hours": 0.10997664398617214
    },
    "25": {
      "val_acc": 0.3248,
      "gpu_hours": 0.11433116250567966
    },
    "26": {
      "val_acc": 0.3249,
      "gpu_hours": 0.11870311088032193
    },
    "27": {
      "val_acc": 0.3222,
      "gpu_hours": 0.123078839580218
    },
    "28": {
      "val_acc": 0.3255,
      "gpu_hours": 0.12744639138380687
    },
    "29": {
      "val_acc": 0.3226,
      "gpu_hours": 0.13181363337569765
    }
  }
}