{
  "trial_number": 63,
  "params": {
    "lr": 0.0006693865925157984,
    "weight_decay": 0.0003605147547140157,
    "batch_size": 128,
    "dropout": 0.47956694274440353,
    "optimizer": "SGD",
    "scheduler": "step",
    "model": "resnet34",
    "momentum": 0.9274738349567399
  },
  "best_val_acc": 0.4634,
  "total_gpu_hours": 0.2158811640077167,
  "slurm_task": 40,
  "parallel_workers": 40,
  "sampler": "random",
  "dataset": "cifar10",
  "device": "cuda",
  "accuracy_thresholds": {},
  "accuracy_curve": {
    "0": {
      "val_acc": 0.1588,
      "gpu_hours": 0.007872701088587442
    },
    "1": {
      "val_acc": 0.208,
      "gpu_hours": 0.015047806104024251
    },
    "2": {
      "val_acc": 0.2508,
      "gpu_hours": 0.022218485607041254
    },
    "3": {
      "val_acc": 0.2764,
      "gpu_hours": 0.029394017656644185
    },
    "4": {
      "val_acc": 0.299,
      "gpu_hours": 0.03656336724758148
    },
    "5": {
      "val_acc": 0.328,
      "gpu_hours": 0.043739670117696125
    },
    "6": {
      "val_acc": 0.3479,
      "gpu_hours": 0.050909279849794174
    },
    "7": {
      "val_acc": 0.3591,
      "gpu_hours": 0.05807842539416419
    },
    "8": {
      "val_acc": 0.3722,
      "gpu_hours": 0.06525688840283288
    },
    "9": {
      "val_acc": 0.3841,
      "gpu_hours": 0.07242911550733779
    },
    "10": {
      "val_acc": 0.3928,
      "gpu_hours": 0.07960512432787153
    },
    "11": {
      "val_acc": 0.3974,
      "gpu_hours": 0.08677971495522394
    },
    "12": {
      "val_acc": 0.4091,
      "gpu_hours": 0.09395290156205495
    },
    "13": {
      "val_acc": 0.4141,
      "gpu_hours": 0.10112573590543535
    },
    "14": {
      "val_acc": 0.4169,
      "gpu_hours": 0.1082957669099172
    },
    "15": {
      "val_acc": 0.42,
      "gpu_hours": 0.11546616746319664
    },
    "16": {
      "val_acc": 0.4229,
      "gpu_hours": 0.12263940638966031
    },
    "17": {
      "val_acc": 0.43,
      "gpu_hours": 0.1298184077607261
    },
    "18": {
      "val_acc": 0.4358,
      "gpu_hours": 0.13698840101559956
    },
    "19": {
      "val_acc": 0.4427,
      "gpu_hours": 0.14416511072052848
    },
    "20": {
      "val_acc": 0.4421,
      "gpu_hours": 0.1513418354590734
    },
    "21": {
      "val_acc": 0.447,
      "gpu_hours": 0.15851385341750251
    },
    "22": {
      "val_acc": 0.4464,
      "gpu_hours": 0.16568335910638174
    },
    "23": {
      "val_acc": 0.4477,
      "gpu_hours": 0.1728582646449407
    },
    "24": {
      "val_acc": 0.4548,
      "gpu_hours": 0.18002955940034654
    },
    "25": {
      "val_acc": 0.4557,
      "gpu_hours": 0.18720306091838412
    },
    "26": {
      "val_acc": 0.4582,
      "gpu_hours": 0.19437302615907456
    },
    "27": {
      "val_acc": 0.4587,
      "gpu_hours": 0.20154358983039855
    },
    "28": {
      "val_acc": 0.4634,
      "gpu_hours": 0.20871247430642445
    },
    "29": {
      "val_acc": 0.4634,
      "gpu_hours": 0.2158744994799296
    }
  }
}