{
  "trial_number": 54,
  "params": {
    "lr": 0.0005999491050740973,
    "weight_decay": 1.4908852038384752e-06,
    "batch_size": 256,
    "dropout": 0.14819397914786353,
    "optimizer": "SGD",
    "scheduler": "cosine",
    "model": "resnet18",
    "momentum": 0.9473823874330455
  },
  "best_val_acc": 0.5221,
  "total_gpu_hours": 0.11729785621166229,
  "slurm_task": 26,
  "parallel_workers": 40,
  "sampler": "random",
  "dataset": "cifar10",
  "device": "cuda",
  "accuracy_thresholds": {},
  "accuracy_curve": {
    "0": {
      "val_acc": 0.2434,
      "gpu_hours": 0.004532724221547445
    },
    "1": {
      "val_acc": 0.3024,
      "gpu_hours": 0.00841185059812334
    },
    "2": {
      "val_acc": 0.3496,
      "gpu_hours": 0.012294299801190694
    },
    "3": {
      "val_acc": 0.3757,
      "gpu_hours": 0.01616912709342109
    },
    "4": {
      "val_acc": 0.399,
      "gpu_hours": 0.020044267177581787
    },
    "5": {
      "val_acc": 0.4226,
      "gpu_hours": 0.023924326168166265
    },
    "6": {
      "val_acc": 0.4342,
      "gpu_hours": 0.02780333764023251
    },
    "7": {
      "val_acc": 0.4481,
      "gpu_hours": 0.03168650527795156
    },
    "8": {
      "val_acc": 0.4547,
      "gpu_hours": 0.03558141854074266
    },
    "9": {
      "val_acc": 0.4686,
      "gpu_hours": 0.0394529953930113
    },
    "10": {
      "val_acc": 0.4712,
      "gpu_hours": 0.043338259061177574
    },
    "11": {
      "val_acc": 0.4868,
      "gpu_hours": 0.047233097553253174
    },
    "12": {
      "val_acc": 0.4915,
      "gpu_hours": 0.05111769133143955
    },
    "13": {
      "val_acc": 0.4944,
      "gpu_hours": 0.05500179065598382
    },
    "14": {
      "val_acc": 0.4954,
      "gpu_hours": 0.05889649622970157
    },
    "15": {
      "val_acc": 0.5001,
      "gpu_hours": 0.06279049873352051
    },
    "16": {
      "val_acc": 0.5032,
      "gpu_hours": 0.06668260839250352
    },
    "17": {
      "val_acc": 0.5038,
      "gpu_hours": 0.07057010855939654
    },
    "18": {
      "val_acc": 0.512,
      "gpu_hours": 0.07446004384093814
    },
    "19": {
      "val_acc": 0.5133,
      "gpu_hours": 0.07836334572898017
    },
    "20": {
      "val_acc": 0.5123,
      "gpu_hours": 0.08225477768315209
    },
    "21": {
      "val_acc": 0.5176,
      "gpu_hours": 0.0861378308137258
    },
    "22": {
      "val_acc": 0.5194,
      "gpu_hours": 0.09003182788689931
    },
    "23": {
      "val_acc": 0.5192,
      "gpu_hours": 0.09391441716088189
    },
    "24": {
      "val_acc": 0.5192,
      "gpu_hours": 0.09780201494693756
    },
    "25": {
      "val_acc": 0.5211,
      "gpu_hours": 0.10169895980093215
    },
    "26": {
      "val_acc": 0.5197,
      "gpu_hours": 0.10558256944020589
    },
    "27": {
      "val_acc": 0.5221,
      "gpu_hours": 0.10948799067073398
    },
    "28": {
      "val_acc": 0.52,
      "gpu_hours": 0.11338570184177822
    },
    "29": {
      "val_acc": 0.5214,
      "gpu_hours": 0.1172849354479048
    }
  }
}