{
  "trial_number": 33,
  "params": {
    "lr": 0.09269035391921815,
    "weight_decay": 0.00015782612996963698,
    "batch_size": 256,
    "dropout": 0.23640398487774267,
    "optimizer": "Adam",
    "scheduler": "step",
    "model": "resnet18"
  },
  "best_val_acc": 0.4736,
  "total_gpu_hours": 0.11817371434635586,
  "slurm_task": 3,
  "parallel_workers": 40,
  "sampler": "random",
  "dataset": "cifar10",
  "device": "cuda",
  "accuracy_thresholds": {},
  "accuracy_curve": {
    "0": {
      "val_acc": 0.2062,
      "gpu_hours": 0.00459691756301456
    },
    "1": {
      "val_acc": 0.1714,
      "gpu_hours": 0.008520977232191298
    },
    "2": {
      "val_acc": 0.2179,
      "gpu_hours": 0.012435338629616632
    },
    "3": {
      "val_acc": 0.2699,
      "gpu_hours": 0.01633877886666192
    },
    "4": {
      "val_acc": 0.1325,
      "gpu_hours": 0.020262440178129407
    },
    "5": {
      "val_acc": 0.2942,
      "gpu_hours": 0.024168912768363953
    },
    "6": {
      "val_acc": 0.2294,
      "gpu_hours": 0.028092639247576396
    },
    "7": {
      "val_acc": 0.1518,
      "gpu_hours": 0.032016800310876635
    },
    "8": {
      "val_acc": 0.1753,
      "gpu_hours": 0.03592756125662062
    },
    "9": {
      "val_acc": 0.3298,
      "gpu_hours": 0.03985214167171054
    },
    "10": {
      "val_acc": 0.1887,
      "gpu_hours": 0.04377477294868893
    },
    "11": {
      "val_acc": 0.1905,
      "gpu_hours": 0.047692147493362425
    },
    "12": {
      "val_acc": 0.4153,
      "gpu_hours": 0.051597308648957146
    },
    "13": {
      "val_acc": 0.3953,
      "gpu_hours": 0.05551332705550724
    },
    "14": {
      "val_acc": 0.23,
      "gpu_hours": 0.05944458391931322
    },
    "15": {
      "val_acc": 0.3935,
      "gpu_hours": 0.06336633721987406
    },
    "16": {
      "val_acc": 0.3217,
      "gpu_hours": 0.06727837118837568
    },
    "17": {
      "val_acc": 0.1002,
      "gpu_hours": 0.07119274901019203
    },
    "18": {
      "val_acc": 0.4454,
      "gpu_hours": 0.0751143095228407
    },
    "19": {
      "val_acc": 0.3198,
      "gpu_hours": 0.07902603758705987
    },
    "20": {
      "val_acc": 0.4422,
      "gpu_hours": 0.08294228567017449
    },
    "21": {
      "val_acc": 0.4096,
      "gpu_hours": 0.08684512866867913
    },
    "22": {
      "val_acc": 0.4714,
      "gpu_hours": 0.09077578120761448
    },
    "23": {
      "val_acc": 0.3939,
      "gpu_hours": 0.0946855698691474
    },
    "24": {
      "val_acc": 0.4375,
      "gpu_hours": 0.09860247545772129
    },
    "25": {
      "val_acc": 0.4218,
      "gpu_hours": 0.10250726991229588
    },
    "26": {
      "val_acc": 0.1106,
      "gpu_hours": 0.10643090056048499
    },
    "27": {
      "val_acc": 0.4356,
      "gpu_hours": 0.11033538977305095
    },
    "28": {
      "val_acc": 0.4477,
      "gpu_hours": 0.11424637549453312
    },
    "29": {
      "val_acc": 0.4736,
      "gpu_hours": 0.11815618144141303
    }
  }
}