{
  "trial_number": 2,
  "params": {
    "lr": 0.022464515291385947,
    "weight_decay": 0.0003462061865130846,
    "batch_size": 128,
    "dropout": 0.46861867874419877,
    "optimizer": "AdamW",
    "scheduler": "step",
    "model": "efficientnet_b0"
  },
  "best_val_acc": 0.4776,
  "total_gpu_hours": 0.056236120065053304,
  "slurm_task": 4,
  "parallel_workers": 40,
  "sampler": "random",
  "dataset": "cifar10",
  "device": "cuda",
  "accuracy_thresholds": {},
  "accuracy_curve": {
    "0": {
      "val_acc": 0.1203,
      "gpu_hours": 0.002383800877465142
    },
    "1": {
      "val_acc": 0.1391,
      "gpu_hours": 0.004242037799623277
    },
    "2": {
      "val_acc": 0.1554,
      "gpu_hours": 0.00612380133734809
    },
    "3": {
      "val_acc": 0.1782,
      "gpu_hours": 0.007999211218621996
    },
    "4": {
      "val_acc": 0.1793,
      "gpu_hours": 0.009855763051244948
    },
    "5": {
      "val_acc": 0.1821,
      "gpu_hours": 0.01171583202150133
    },
    "6": {
      "val_acc": 0.1753,
      "gpu_hours": 0.013556723329755995
    },
    "7": {
      "val_acc": 0.2299,
      "gpu_hours": 0.015425390733612909
    },
    "8": {
      "val_acc": 0.2616,
      "gpu_hours": 0.017287220822440254
    },
    "9": {
      "val_acc": 0.2235,
      "gpu_hours": 0.019141945176654393
    },
    "10": {
      "val_acc": 0.2542,
      "gpu_hours": 0.02100327107641432
    },
    "11": {
      "val_acc": 0.2855,
      "gpu_hours": 0.02287655837006039
    },
    "12": {
      "val_acc": 0.2779,
      "gpu_hours": 0.024736916621526082
    },
    "13": {
      "val_acc": 0.3155,
      "gpu_hours": 0.026588382654719883
    },
    "14": {
      "val_acc": 0.2876,
      "gpu_hours": 0.028458193739255268
    },
    "15": {
      "val_acc": 0.3449,
      "gpu_hours": 0.030338617430792914
    },
    "16": {
      "val_acc": 0.3485,
      "gpu_hours": 0.032204515271716645
    },
    "17": {
      "val_acc": 0.3375,
      "gpu_hours": 0.0340692581070794
    },
    "18": {
      "val_acc": 0.3378,
      "gpu_hours": 0.03593630757596758
    },
    "19": {
      "val_acc": 0.3925,
      "gpu_hours": 0.037783075902197094
    },
    "20": {
      "val_acc": 0.3988,
      "gpu_hours": 0.03963464127646552
    },
    "21": {
      "val_acc": 0.4013,
      "gpu_hours": 0.041484072738223604
    },
    "22": {
      "val_acc": 0.4144,
      "gpu_hours": 0.04334094815784031
    },
    "23": {
      "val_acc": 0.4295,
      "gpu_hours": 0.045206266906526356
    },
    "24": {
      "val_acc": 0.4168,
      "gpu_hours": 0.04703869620958964
    },
    "25": {
      "val_acc": 0.4425,
      "gpu_hours": 0.048875059419208104
    },
    "26": {
      "val_acc": 0.4561,
      "gpu_hours": 0.05071322798728943
    },
    "27": {
      "val_acc": 0.4422,
      "gpu_hours": 0.052552885346942475
    },
    "28": {
      "val_acc": 0.4597,
      "gpu_hours": 0.05439382188849979
    },
    "29": {
      "val_acc": 0.4776,
      "gpu_hours": 0.056230531334877015
    }
  }
}