{
  "trial_number": 70,
  "params": {
    "lr": 0.00019025008523597758,
    "weight_decay": 0.0077023576366303395,
    "batch_size": 256,
    "dropout": 0.1427721177323994,
    "optimizer": "SGD",
    "scheduler": "plateau",
    "model": "efficientnet_b1",
    "momentum": 0.9872662005334826
  },
  "best_val_acc": 0.1043,
  "total_gpu_hours": 0.08439632541603512,
  "slurm_task": 13,
  "parallel_workers": 40,
  "sampler": "random",
  "dataset": "cifar10",
  "device": "cuda",
  "accuracy_thresholds": {},
  "accuracy_curve": {
    "0": {
      "val_acc": 0.0991,
      "gpu_hours": 0.0036242158545388117
    },
    "1": {
      "val_acc": 0.101,
      "gpu_hours": 0.0064155866702397665
    },
    "2": {
      "val_acc": 0.1018,
      "gpu_hours": 0.00917270971669091
    },
    "3": {
      "val_acc": 0.1035,
      "gpu_hours": 0.011967510581016541
    },
    "4": {
      "val_acc": 0.1027,
      "gpu_hours": 0.014783544209268359
    },
    "5": {
      "val_acc": 0.1023,
      "gpu_hours": 0.017566576732529534
    },
    "6": {
      "val_acc": 0.1035,
      "gpu_hours": 0.020345991518762378
    },
    "7": {
      "val_acc": 0.1028,
      "gpu_hours": 0.02313989864455329
    },
    "8": {
      "val_acc": 0.1019,
      "gpu_hours": 0.025920746326446534
    },
    "9": {
      "val_acc": 0.1021,
      "gpu_hours": 0.028694654769367643
    },
    "10": {
      "val_acc": 0.1018,
      "gpu_hours": 0.031444025768174066
    },
    "11": {
      "val_acc": 0.1024,
      "gpu_hours": 0.03423694173494975
    },
    "12": {
      "val_acc": 0.1025,
      "gpu_hours": 0.03702928092744615
    },
    "13": {
      "val_acc": 0.1026,
      "gpu_hours": 0.039809115529060364
    },
    "14": {
      "val_acc": 0.102,
      "gpu_hours": 0.042593181000815494
    },
    "15": {
      "val_acc": 0.1022,
      "gpu_hours": 0.045401452514860365
    },
    "16": {
      "val_acc": 0.1022,
      "gpu_hours": 0.04816375679439969
    },
    "17": {
      "val_acc": 0.102,
      "gpu_hours": 0.050916037691964046
    },
    "18": {
      "val_acc": 0.1027,
      "gpu_hours": 0.05370190527704027
    },
    "19": {
      "val_acc": 0.1022,
      "gpu_hours": 0.056498947805828516
    },
    "20": {
      "val_acc": 0.1026,
      "gpu_hours": 0.05929051121075948
    },
    "21": {
      "val_acc": 0.1015,
      "gpu_hours": 0.06206806030538347
    },
    "22": {
      "val_acc": 0.1019,
      "gpu_hours": 0.06484923283259074
    },
    "23": {
      "val_acc": 0.1022,
      "gpu_hours": 0.06763381686475542
    },
    "24": {
      "val_acc": 0.1014,
      "gpu_hours": 0.07041647017002106
    },
    "25": {
      "val_acc": 0.1031,
      "gpu_hours": 0.0731906995508406
    },
    "26": {
      "val_acc": 0.1022,
      "gpu_hours": 0.07596871786647373
    },
    "27": {
      "val_acc": 0.1043,
      "gpu_hours": 0.07876805908150143
    },
    "28": {
      "val_acc": 0.1039,
      "gpu_hours": 0.08160208139154645
    },
    "29": {
      "val_acc": 0.1021,
      "gpu_hours": 0.08438947723971472
    }
  }
}