{
  "trial_number": 103,
  "params": {
    "lr": 0.00015675816264769027,
    "weight_decay": 4.958872613497764e-05,
    "batch_size": 64,
    "dropout": 0.3936680080357408,
    "optimizer": "SGD",
    "scheduler": "cosine",
    "model": "resnet34",
    "momentum": 0.9333624025361053
  },
  "best_val_acc": 0.3271,
  "total_gpu_hours": 0.22970102515485552,
  "slurm_task": 32,
  "parallel_workers": 40,
  "sampler": "random",
  "dataset": "cifar10",
  "device": "cuda",
  "accuracy_thresholds": {},
  "accuracy_curve": {
    "0": {
      "val_acc": 0.1419,
      "gpu_hours": 0.008156060179074606
    },
    "1": {
      "val_acc": 0.1659,
      "gpu_hours": 0.015799592203564115
    },
    "2": {
      "val_acc": 0.1914,
      "gpu_hours": 0.023447938097847832
    },
    "3": {
      "val_acc": 0.2054,
      "gpu_hours": 0.031104203462600708
    },
    "4": {
      "val_acc": 0.2213,
      "gpu_hours": 0.03875256578127543
    },
    "5": {
      "val_acc": 0.2364,
      "gpu_hours": 0.04638067218992445
    },
    "6": {
      "val_acc": 0.243,
      "gpu_hours": 0.054000281161732146
    },
    "7": {
      "val_acc": 0.2556,
      "gpu_hours": 0.06162777403990428
    },
    "8": {
      "val_acc": 0.2602,
      "gpu_hours": 0.06925714194774628
    },
    "9": {
      "val_acc": 0.2726,
      "gpu_hours": 0.0768978347380956
    },
    "10": {
      "val_acc": 0.2784,
      "gpu_hours": 0.08454039341873593
    },
    "11": {
      "val_acc": 0.2819,
      "gpu_hours": 0.0921887778573566
    },
    "12": {
      "val_acc": 0.2853,
      "gpu_hours": 0.09983197046650781
    },
    "13": {
      "val_acc": 0.2959,
      "gpu_hours": 0.10746882749928369
    },
    "14": {
      "val_acc": 0.296,
      "gpu_hours": 0.11510546637905969
    },
    "15": {
      "val_acc": 0.3085,
      "gpu_hours": 0.12274150994088914
    },
    "16": {
      "val_acc": 0.3045,
      "gpu_hours": 0.13038108110427857
    },
    "17": {
      "val_acc": 0.3164,
      "gpu_hours": 0.13801762223243713
    },
    "18": {
      "val_acc": 0.311,
      "gpu_hours": 0.14565796011024051
    },
    "19": {
      "val_acc": 0.3141,
      "gpu_hours": 0.15330011268456778
    },
    "20": {
      "val_acc": 0.3169,
      "gpu_hours": 0.16094187193446688
    },
    "21": {
      "val_acc": 0.3188,
      "gpu_hours": 0.16857809556855097
    },
    "22": {
      "val_acc": 0.3177,
      "gpu_hours": 0.17621552010377248
    },
    "23": {
      "val_acc": 0.3181,
      "gpu_hours": 0.18385204328431023
    },
    "24": {
      "val_acc": 0.3213,
      "gpu_hours": 0.1914896880255805
    },
    "25": {
      "val_acc": 0.3198,
      "gpu_hours": 0.19912719342443677
    },
    "26": {
      "val_acc": 0.3192,
      "gpu_hours": 0.20676519532998403
    },
    "27": {
      "val_acc": 0.3223,
      "gpu_hours": 0.21440454496277703
    },
    "28": {
      "val_acc": 0.3271,
      "gpu_hours": 0.22205166187551287
    },
    "29": {
      "val_acc": 0.3214,
      "gpu_hours": 0.2296946770615048
    }
  }
}