{
  "trial_number": 110,
  "params": {
    "lr": 0.0025327446879214533,
    "weight_decay": 2.5266706044074715e-06,
    "batch_size": 64,
    "dropout": 0.026080028429129154,
    "optimizer": "SGD",
    "scheduler": "plateau",
    "model": "efficientnet_b1",
    "momentum": 0.8815369244785628
  },
  "best_val_acc": 0.1156,
  "total_gpu_hours": 0.21699688269032372,
  "slurm_task": 15,
  "parallel_workers": 40,
  "sampler": "random",
  "dataset": "cifar10",
  "device": "cuda",
  "accuracy_thresholds": {},
  "accuracy_curve": {
    "0": {
      "val_acc": 0.1072,
      "gpu_hours": 0.008034103976355659
    },
    "1": {
      "val_acc": 0.1039,
      "gpu_hours": 0.015590612755881415
    },
    "2": {
      "val_acc": 0.1031,
      "gpu_hours": 0.023188226686583626
    },
    "3": {
      "val_acc": 0.1022,
      "gpu_hours": 0.030777396361033122
    },
    "4": {
      "val_acc": 0.1014,
      "gpu_hours": 0.038359711037741766
    },
    "5": {
      "val_acc": 0.1042,
      "gpu_hours": 0.04594860507382287
    },
    "6": {
      "val_acc": 0.1114,
      "gpu_hours": 0.05316504180431366
    },
    "7": {
      "val_acc": 0.1079,
      "gpu_hours": 0.060310387280252245
    },
    "8": {
      "val_acc": 0.1108,
      "gpu_hours": 0.06746490001678467
    },
    "9": {
      "val_acc": 0.1101,
      "gpu_hours": 0.07463265498479207
    },
    "10": {
      "val_acc": 0.1098,
      "gpu_hours": 0.08175858424769508
    },
    "11": {
      "val_acc": 0.1103,
      "gpu_hours": 0.08890467080805037
    },
    "12": {
      "val_acc": 0.1138,
      "gpu_hours": 0.09601224535041385
    },
    "13": {
      "val_acc": 0.1121,
      "gpu_hours": 0.10312226805422041
    },
    "14": {
      "val_acc": 0.1123,
      "gpu_hours": 0.11020229909155103
    },
    "15": {
      "val_acc": 0.1096,
      "gpu_hours": 0.11726172977023655
    },
    "16": {
      "val_acc": 0.1129,
      "gpu_hours": 0.12434326357311673
    },
    "17": {
      "val_acc": 0.1115,
      "gpu_hours": 0.13148058692614237
    },
    "18": {
      "val_acc": 0.1138,
      "gpu_hours": 0.13857930640379587
    },
    "19": {
      "val_acc": 0.1098,
      "gpu_hours": 0.14569319897227817
    },
    "20": {
      "val_acc": 0.1121,
      "gpu_hours": 0.15279272966914706
    },
    "21": {
      "val_acc": 0.1148,
      "gpu_hours": 0.15993203772438896
    },
    "22": {
      "val_acc": 0.1138,
      "gpu_hours": 0.16707645926210615
    },
    "23": {
      "val_acc": 0.1142,
      "gpu_hours": 0.17419820580217574
    },
    "24": {
      "val_acc": 0.1129,
      "gpu_hours": 0.18131792267163593
    },
    "25": {
      "val_acc": 0.1117,
      "gpu_hours": 0.18846266667048137
    },
    "26": {
      "val_acc": 0.1147,
      "gpu_hours": 0.19556691646575927
    },
    "27": {
      "val_acc": 0.1156,
      "gpu_hours": 0.20270313289430406
    },
    "28": {
      "val_acc": 0.1113,
      "gpu_hours": 0.20983546131187014
    },
    "29": {
      "val_acc": 0.1142,
      "gpu_hours": 0.2169902769062254
    }
  }
}