{
  "trial_number": 60,
  "params": {
    "lr": 0.00023310182998856628,
    "weight_decay": 5.353999791822631e-06,
    "batch_size": 64,
    "dropout": 0.45834328257057155,
    "optimizer": "AdamW",
    "scheduler": "cosine",
    "model": "efficientnet_b0"
  },
  "best_val_acc": 0.7349,
  "total_gpu_hours": 0.09775764597786797,
  "slurm_task": 32,
  "parallel_workers": 40,
  "sampler": "tpe",
  "dataset": "cifar10",
  "device": "cuda",
  "accuracy_thresholds": {},
  "accuracy_curve": {
    "0": {
      "val_acc": 0.2859,
      "gpu_hours": 0.003619459867477417
    },
    "1": {
      "val_acc": 0.4265,
      "gpu_hours": 0.006879661877950033
    },
    "2": {
      "val_acc": 0.4818,
      "gpu_hours": 0.010118146803643969
    },
    "3": {
      "val_acc": 0.5103,
      "gpu_hours": 0.013370270530382792
    },
    "4": {
      "val_acc": 0.5557,
      "gpu_hours": 0.01662983000278473
    },
    "5": {
      "val_acc": 0.5725,
      "gpu_hours": 0.019886475867695277
    },
    "6": {
      "val_acc": 0.599,
      "gpu_hours": 0.02313732796245151
    },
    "7": {
      "val_acc": 0.62,
      "gpu_hours": 0.026395278837945728
    },
    "8": {
      "val_acc": 0.6323,
      "gpu_hours": 0.029648247096273634
    },
    "9": {
      "val_acc": 0.6431,
      "gpu_hours": 0.032900402744611104
    },
    "10": {
      "val_acc": 0.6659,
      "gpu_hours": 0.03614486078421275
    },
    "11": {
      "val_acc": 0.6645,
      "gpu_hours": 0.039415508442454866
    },
    "12": {
      "val_acc": 0.6819,
      "gpu_hours": 0.04265021436744266
    },
    "13": {
      "val_acc": 0.6891,
      "gpu_hours": 0.04589401251739926
    },
    "14": {
      "val_acc": 0.6972,
      "gpu_hours": 0.04912963502936893
    },
    "15": {
      "val_acc": 0.6969,
      "gpu_hours": 0.05236845427089267
    },
    "16": {
      "val_acc": 0.7113,
      "gpu_hours": 0.05560915556218889
    },
    "17": {
      "val_acc": 0.7128,
      "gpu_hours": 0.058854240443971424
    },
    "18": {
      "val_acc": 0.7123,
      "gpu_hours": 0.0620938566658232
    },
    "19": {
      "val_acc": 0.7175,
      "gpu_hours": 0.06533669385645124
    },
    "20": {
      "val_acc": 0.724,
      "gpu_hours": 0.06857566853364308
    },
    "21": {
      "val_acc": 0.7244,
      "gpu_hours": 0.07181570801470015
    },
    "22": {
      "val_acc": 0.7287,
      "gpu_hours": 0.07505683362483978
    },
    "23": {
      "val_acc": 0.7254,
      "gpu_hours": 0.07829597976472642
    },
    "24": {
      "val_acc": 0.7271,
      "gpu_hours": 0.08153911570707957
    },
    "25": {
      "val_acc": 0.7293,
      "gpu_hours": 0.08478215946091545
    },
    "26": {
      "val_acc": 0.7337,
      "gpu_hours": 0.08801856047577328
    },
    "27": {
      "val_acc": 0.7318,
      "gpu_hours": 0.09125956025388506
    },
    "28": {
      "val_acc": 0.7324,
      "gpu_hours": 0.09449443989329868
    },
    "29": {
      "val_acc": 0.7349,
      "gpu_hours": 0.09773452480634054
    }
  }
}