{
  "trial_number": 141,
  "params": {
    "lr": 0.007451617972708863,
    "weight_decay": 1.0837683354733452e-06,
    "batch_size": 128,
    "dropout": 0.24686645418663627,
    "optimizer": "Adam",
    "scheduler": "step",
    "model": "resnet34"
  },
  "best_val_acc": 0.9082,
  "total_gpu_hours": 0.21922016984886594,
  "slurm_task": 1,
  "parallel_workers": 40,
  "sampler": "tpe",
  "dataset": "cifar10",
  "device": "cuda",
  "accuracy_thresholds": {
    "gpu_h_to_80pct": 0.058870916366577146,
    "gpu_h_to_85pct": 0.08073814498053657,
    "gpu_h_to_90pct": 0.15359221478303273
  },
  "accuracy_curve": {
    "0": {
      "val_acc": 0.3855,
      "gpu_hours": 0.007788708739810519
    },
    "1": {
      "val_acc": 0.5302,
      "gpu_hours": 0.015085809826850892
    },
    "2": {
      "val_acc": 0.5973,
      "gpu_hours": 0.02237945795059204
    },
    "3": {
      "val_acc": 0.6974,
      "gpu_hours": 0.029674015641212463
    },
    "4": {
      "val_acc": 0.7476,
      "gpu_hours": 0.03698595099978977
    },
    "5": {
      "val_acc": 0.7765,
      "gpu_hours": 0.04428485830624898
    },
    "6": {
      "val_acc": 0.7852,
      "gpu_hours": 0.05157862789101071
    },
    "7": {
      "val_acc": 0.8266,
      "gpu_hours": 0.058870916366577146
    },
    "8": {
      "val_acc": 0.786,
      "gpu_hours": 0.06616470879978603
    },
    "9": {
      "val_acc": 0.8358,
      "gpu_hours": 0.07344960881604089
    },
    "10": {
      "val_acc": 0.8584,
      "gpu_hours": 0.08073814498053657
    },
    "11": {
      "val_acc": 0.8711,
      "gpu_hours": 0.0880291055308448
    },
    "12": {
      "val_acc": 0.8707,
      "gpu_hours": 0.09532237059540219
    },
    "13": {
      "val_acc": 0.8776,
      "gpu_hours": 0.10260277794467078
    },
    "14": {
      "val_acc": 0.8867,
      "gpu_hours": 0.10988658097055223
    },
    "15": {
      "val_acc": 0.8865,
      "gpu_hours": 0.11717008140352037
    },
    "16": {
      "val_acc": 0.8834,
      "gpu_hours": 0.12445587244298723
    },
    "17": {
      "val_acc": 0.8828,
      "gpu_hours": 0.1317403072781033
    },
    "18": {
      "val_acc": 0.8805,
      "gpu_hours": 0.13902553896109263
    },
    "19": {
      "val_acc": 0.8836,
      "gpu_hours": 0.14631498012277816
    },
    "20": {
      "val_acc": 0.9048,
      "gpu_hours": 0.15359221478303273
    },
    "21": {
      "val_acc": 0.9072,
      "gpu_hours": 0.16088143514262304
    },
    "22": {
      "val_acc": 0.9063,
      "gpu_hours": 0.1681672877073288
    },
    "23": {
      "val_acc": 0.9044,
      "gpu_hours": 0.17545449945661756
    },
    "24": {
      "val_acc": 0.9082,
      "gpu_hours": 0.18274702820512984
    },
    "25": {
      "val_acc": 0.9079,
      "gpu_hours": 0.19004146767987146
    },
    "26": {
      "val_acc": 0.9069,
      "gpu_hours": 0.19733823981550005
    },
    "27": {
      "val_acc": 0.9065,
      "gpu_hours": 0.20463607417212593
    },
    "28": {
      "val_acc": 0.905,
      "gpu_hours": 0.21191956579685212
    },
    "29": {
      "val_acc": 0.907,
      "gpu_hours": 0.21920501126183403
    }
  }
}