{
  "trial_number": 39,
  "params": {
    "lr": 0.0013292918943162175,
    "weight_decay": 0.006351221010640704,
    "batch_size": 64,
    "dropout": 0.07799726016810132,
    "optimizer": "Adam",
    "scheduler": "plateau",
    "model": "resnet18"
  },
  "best_val_acc": 0.4414,
  "total_gpu_hours": 0.04714223848448859,
  "slurm_task": 14,
  "parallel_workers": 40,
  "sampler": "tpe",
  "dataset": "cifar10",
  "device": "cuda",
  "accuracy_thresholds": {},
  "accuracy_curve": {
    "0": {
      "val_acc": 0.2008,
      "gpu_hours": 0.002081438104311625
    },
    "1": {
      "val_acc": 0.206,
      "gpu_hours": 0.003664803637398614
    },
    "2": {
      "val_acc": 0.3131,
      "gpu_hours": 0.0052455525265799625
    },
    "3": {
      "val_acc": 0.313,
      "gpu_hours": 0.006786635584301419
    },
    "4": {
      "val_acc": 0.2764,
      "gpu_hours": 0.008348972532484266
    },
    "5": {
      "val_acc": 0.431,
      "gpu_hours": 0.009936550988091363
    },
    "6": {
      "val_acc": 0.405,
      "gpu_hours": 0.011498296327061123
    },
    "7": {
      "val_acc": 0.4257,
      "gpu_hours": 0.01303501460287306
    },
    "8": {
      "val_acc": 0.4323,
      "gpu_hours": 0.014606511129273308
    },
    "9": {
      "val_acc": 0.4308,
      "gpu_hours": 0.01614819692240821
    },
    "10": {
      "val_acc": 0.4403,
      "gpu_hours": 0.017680838902791342
    },
    "11": {
      "val_acc": 0.436,
      "gpu_hours": 0.019235710832807753
    },
    "12": {
      "val_acc": 0.4368,
      "gpu_hours": 0.020810446739196777
    },
    "13": {
      "val_acc": 0.4374,
      "gpu_hours": 0.022363406750890942
    },
    "14": {
      "val_acc": 0.4354,
      "gpu_hours": 0.023883902695443895
    },
    "15": {
      "val_acc": 0.4387,
      "gpu_hours": 0.02543384552001953
    },
    "16": {
      "val_acc": 0.4335,
      "gpu_hours": 0.026966332462098862
    },
    "17": {
      "val_acc": 0.4414,
      "gpu_hours": 0.028500462306870356
    },
    "18": {
      "val_acc": 0.4354,
      "gpu_hours": 0.030057461195521884
    },
    "19": {
      "val_acc": 0.4409,
      "gpu_hours": 0.03162282579474979
    },
    "20": {
      "val_acc": 0.4339,
      "gpu_hours": 0.03317469126648373
    },
    "21": {
      "val_acc": 0.4353,
      "gpu_hours": 0.03474359465969933
    },
    "22": {
      "val_acc": 0.4375,
      "gpu_hours": 0.036282044582896765
    },
    "23": {
      "val_acc": 0.4376,
      "gpu_hours": 0.03783339520295461
    },
    "24": {
      "val_acc": 0.4399,
      "gpu_hours": 0.03937125225861867
    },
    "25": {
      "val_acc": 0.4389,
      "gpu_hours": 0.04092121289836036
    },
    "26": {
      "val_acc": 0.4373,
      "gpu_hours": 0.042459566394488016
    },
    "27": {
      "val_acc": 0.4355,
      "gpu_hours": 0.04400507920318179
    },
    "28": {
      "val_acc": 0.4313,
      "gpu_hours": 0.04556906210051642
    },
    "29": {
      "val_acc": 0.4392,
      "gpu_hours": 0.04709820840093824
    }
  }
}