{
  "trial_number": 52,
  "params": {
    "lr": 0.003195269396834808,
    "weight_decay": 0.008093243367259154,
    "batch_size": 64,
    "dropout": 0.1887707465904495,
    "optimizer": "AdamW",
    "scheduler": "step",
    "model": "resnet18"
  },
  "best_val_acc": 0.9165,
  "total_gpu_hours": 0.04537193106280433,
  "slurm_task": 26,
  "parallel_workers": 40,
  "sampler": "tpe",
  "dataset": "cifar10",
  "device": "cuda",
  "accuracy_thresholds": {
    "gpu_h_to_80pct": 0.00925511207845476,
    "gpu_h_to_85pct": 0.013768802483876547,
    "gpu_h_to_90pct": 0.025761789480845135
  },
  "accuracy_curve": {
    "0": {
      "val_acc": 0.5102,
      "gpu_hours": 0.001820503208372328
    },
    "1": {
      "val_acc": 0.6472,
      "gpu_hours": 0.003297523127661811
    },
    "2": {
      "val_acc": 0.6985,
      "gpu_hours": 0.004795164200994704
    },
    "3": {
      "val_acc": 0.6997,
      "gpu_hours": 0.006277657217449612
    },
    "4": {
      "val_acc": 0.7909,
      "gpu_hours": 0.007772632837295532
    },
    "5": {
      "val_acc": 0.822,
      "gpu_hours": 0.00925511207845476
    },
    "6": {
      "val_acc": 0.8386,
      "gpu_hours": 0.010748034914334615
    },
    "7": {
      "val_acc": 0.834,
      "gpu_hours": 0.012272254559728834
    },
    "8": {
      "val_acc": 0.8585,
      "gpu_hours": 0.013768802483876547
    },
    "9": {
      "val_acc": 0.8634,
      "gpu_hours": 0.015277310808499655
    },
    "10": {
      "val_acc": 0.8907,
      "gpu_hours": 0.016787232293023004
    },
    "11": {
      "val_acc": 0.8896,
      "gpu_hours": 0.018249870406256783
    },
    "12": {
      "val_acc": 0.8967,
      "gpu_hours": 0.01973277085357242
    },
    "13": {
      "val_acc": 0.8981,
      "gpu_hours": 0.02124672141340044
    },
    "14": {
      "val_acc": 0.8988,
      "gpu_hours": 0.022734028763241237
    },
    "15": {
      "val_acc": 0.8988,
      "gpu_hours": 0.02424393508169386
    },
    "16": {
      "val_acc": 0.9036,
      "gpu_hours": 0.025761789480845135
    },
    "17": {
      "val_acc": 0.902,
      "gpu_hours": 0.02726468198829227
    },
    "18": {
      "val_acc": 0.8966,
      "gpu_hours": 0.028800072140163845
    },
    "19": {
      "val_acc": 0.8987,
      "gpu_hours": 0.03031920227739546
    },
    "20": {
      "val_acc": 0.909,
      "gpu_hours": 0.0318279105424881
    },
    "21": {
      "val_acc": 0.9133,
      "gpu_hours": 0.033317372997601825
    },
    "22": {
      "val_acc": 0.9138,
      "gpu_hours": 0.034823402033911814
    },
    "23": {
      "val_acc": 0.9123,
      "gpu_hours": 0.03631061944696638
    },
    "24": {
      "val_acc": 0.9127,
      "gpu_hours": 0.03780719558397929
    },
    "25": {
      "val_acc": 0.9114,
      "gpu_hours": 0.03928975449668037
    },
    "26": {
      "val_acc": 0.9161,
      "gpu_hours": 0.040811942948235404
    },
    "27": {
      "val_acc": 0.9165,
      "gpu_hours": 0.042322239875793456
    },
    "28": {
      "val_acc": 0.9075,
      "gpu_hours": 0.04382958948612213
    },
    "29": {
      "val_acc": 0.9131,
      "gpu_hours": 0.045347781711154514
    }
  }
}