{
  "trial_number": 89,
  "params": {
    "lr": 0.0001100329009238065,
    "weight_decay": 1.9303536302117436e-05,
    "batch_size": 64,
    "dropout": 0.012328637007466656,
    "optimizer": "Adam",
    "scheduler": "plateau",
    "model": "resnet18"
  },
  "best_val_acc": 0.8344,
  "total_gpu_hours": 0.0467254282368554,
  "slurm_task": 26,
  "parallel_workers": 40,
  "sampler": "tpe",
  "dataset": "cifar10",
  "device": "cuda",
  "accuracy_thresholds": {
    "gpu_h_to_80pct": 0.00979641298453013
  },
  "accuracy_curve": {
    "0": {
      "val_acc": 0.5239,
      "gpu_hours": 0.0021188208791944716
    },
    "1": {
      "val_acc": 0.6457,
      "gpu_hours": 0.0036472825871573552
    },
    "2": {
      "val_acc": 0.7246,
      "gpu_hours": 0.005168518291579352
    },
    "3": {
      "val_acc": 0.7479,
      "gpu_hours": 0.006715425252914429
    },
    "4": {
      "val_acc": 0.7708,
      "gpu_hours": 0.008247211244371203
    },
    "5": {
      "val_acc": 0.8174,
      "gpu_hours": 0.00979641298453013
    },
    "6": {
      "val_acc": 0.8249,
      "gpu_hours": 0.011346362696753608
    },
    "7": {
      "val_acc": 0.826,
      "gpu_hours": 0.01288380550013648
    },
    "8": {
      "val_acc": 0.8296,
      "gpu_hours": 0.014418862263361613
    },
    "9": {
      "val_acc": 0.8327,
      "gpu_hours": 0.015954708788130018
    },
    "10": {
      "val_acc": 0.8306,
      "gpu_hours": 0.0174933479891883
    },
    "11": {
      "val_acc": 0.8323,
      "gpu_hours": 0.019027037819226583
    },
    "12": {
      "val_acc": 0.8313,
      "gpu_hours": 0.020556877321667142
    },
    "13": {
      "val_acc": 0.8333,
      "gpu_hours": 0.022099798719088237
    },
    "14": {
      "val_acc": 0.8328,
      "gpu_hours": 0.023618006507555644
    },
    "15": {
      "val_acc": 0.8308,
      "gpu_hours": 0.025169033408164978
    },
    "16": {
      "val_acc": 0.8342,
      "gpu_hours": 0.026700103084246318
    },
    "17": {
      "val_acc": 0.833,
      "gpu_hours": 0.028243451979425217
    },
    "18": {
      "val_acc": 0.8341,
      "gpu_hours": 0.029794295960002475
    },
    "19": {
      "val_acc": 0.8333,
      "gpu_hours": 0.03133689079019759
    },
    "20": {
      "val_acc": 0.8334,
      "gpu_hours": 0.032856866518656415
    },
    "21": {
      "val_acc": 0.8334,
      "gpu_hours": 0.03438363234202067
    },
    "22": {
      "val_acc": 0.8331,
      "gpu_hours": 0.035943718883726335
    },
    "23": {
      "val_acc": 0.8334,
      "gpu_hours": 0.03747882412539588
    },
    "24": {
      "val_acc": 0.8326,
      "gpu_hours": 0.03902688072787391
    },
    "25": {
      "val_acc": 0.8336,
      "gpu_hours": 0.04056146012412177
    },
    "26": {
      "val_acc": 0.8331,
      "gpu_hours": 0.04209109557999505
    },
    "27": {
      "val_acc": 0.8339,
      "gpu_hours": 0.043625536958376565
    },
    "28": {
      "val_acc": 0.8328,
      "gpu_hours": 0.04514194342825148
    },
    "29": {
      "val_acc": 0.8344,
      "gpu_hours": 0.04666854812039269
    }
  }
}