{
  "trial_number": 54,
  "params": {
    "lr": 0.0002345506270901827,
    "weight_decay": 0.0009705030062412697,
    "batch_size": 64,
    "dropout": 0.004578770350351452,
    "optimizer": "Adam",
    "scheduler": "plateau",
    "model": "resnet18"
  },
  "best_val_acc": 0.884,
  "total_gpu_hours": 0.13491093105740018,
  "slurm_task": 25,
  "parallel_workers": 40,
  "sampler": "tpe",
  "dataset": "cifar10",
  "device": "cuda",
  "accuracy_thresholds": {
    "gpu_h_to_80pct": 0.027347435686323376,
    "gpu_h_to_85pct": 0.027347435686323376
  },
  "accuracy_curve": {
    "0": {
      "val_acc": 0.5511,
      "gpu_hours": 0.004928067459000481
    },
    "1": {
      "val_acc": 0.6747,
      "gpu_hours": 0.009414838618702358
    },
    "2": {
      "val_acc": 0.6589,
      "gpu_hours": 0.013905101087358263
    },
    "3": {
      "val_acc": 0.7053,
      "gpu_hours": 0.01839041034380595
    },
    "4": {
      "val_acc": 0.7176,
      "gpu_hours": 0.022869026925828723
    },
    "5": {
      "val_acc": 0.8503,
      "gpu_hours": 0.027347435686323376
    },
    "6": {
      "val_acc": 0.8677,
      "gpu_hours": 0.03182876865069072
    },
    "7": {
      "val_acc": 0.8662,
      "gpu_hours": 0.03629342867268456
    },
    "8": {
      "val_acc": 0.8754,
      "gpu_hours": 0.04077289819717407
    },
    "9": {
      "val_acc": 0.8786,
      "gpu_hours": 0.045257452925046286
    },
    "10": {
      "val_acc": 0.8793,
      "gpu_hours": 0.04974482013119592
    },
    "11": {
      "val_acc": 0.8821,
      "gpu_hours": 0.054214591516388785
    },
    "12": {
      "val_acc": 0.8817,
      "gpu_hours": 0.05869513001706865
    },
    "13": {
      "val_acc": 0.8834,
      "gpu_hours": 0.0631787355740865
    },
    "14": {
      "val_acc": 0.8827,
      "gpu_hours": 0.06766211794482337
    },
    "15": {
      "val_acc": 0.8826,
      "gpu_hours": 0.07214815596739452
    },
    "16": {
      "val_acc": 0.8824,
      "gpu_hours": 0.0766296856270896
    },
    "17": {
      "val_acc": 0.883,
      "gpu_hours": 0.08111996153990428
    },
    "18": {
      "val_acc": 0.8806,
      "gpu_hours": 0.08560368180274963
    },
    "19": {
      "val_acc": 0.8835,
      "gpu_hours": 0.09009253799915314
    },
    "20": {
      "val_acc": 0.8825,
      "gpu_hours": 0.09456904159651862
    },
    "21": {
      "val_acc": 0.883,
      "gpu_hours": 0.09909277478853862
    },
    "22": {
      "val_acc": 0.8806,
      "gpu_hours": 0.10357710308498806
    },
    "23": {
      "val_acc": 0.8832,
      "gpu_hours": 0.10806090937720404
    },
    "24": {
      "val_acc": 0.8823,
      "gpu_hours": 0.11255772961510552
    },
    "25": {
      "val_acc": 0.884,
      "gpu_hours": 0.11703343351682027
    },
    "26": {
      "val_acc": 0.8839,
      "gpu_hours": 0.12149954146809049
    },
    "27": {
      "val_acc": 0.882,
      "gpu_hours": 0.12598781320783828
    },
    "28": {
      "val_acc": 0.8809,
      "gpu_hours": 0.13044858190748426
    },
    "29": {
      "val_acc": 0.8826,
      "gpu_hours": 0.13489345093568167
    }
  }
}