{
  "trial_number": 58,
  "params": {
    "lr": 0.003307211222418516,
    "weight_decay": 0.006843944179486574,
    "batch_size": 128,
    "dropout": 0.2771104088661471,
    "optimizer": "SGD",
    "scheduler": "plateau",
    "model": "resnet18",
    "momentum": 0.8549212593209098
  },
  "best_val_acc": 0.5262,
  "total_gpu_hours": 0.12497991840044657,
  "slurm_task": 27,
  "parallel_workers": 40,
  "sampler": "tpe",
  "dataset": "cifar10",
  "device": "cuda",
  "accuracy_thresholds": {},
  "accuracy_curve": {
    "0": {
      "val_acc": 0.3196,
      "gpu_hours": 0.004641157123777602
    },
    "1": {
      "val_acc": 0.3967,
      "gpu_hours": 0.00879659910996755
    },
    "2": {
      "val_acc": 0.4359,
      "gpu_hours": 0.012949179146024916
    },
    "3": {
      "val_acc": 0.4716,
      "gpu_hours": 0.01710850245422787
    },
    "4": {
      "val_acc": 0.5019,
      "gpu_hours": 0.021262909041510687
    },
    "5": {
      "val_acc": 0.5161,
      "gpu_hours": 0.025425031516287062
    },
    "6": {
      "val_acc": 0.5179,
      "gpu_hours": 0.02957991666264004
    },
    "7": {
      "val_acc": 0.5169,
      "gpu_hours": 0.033720438877741496
    },
    "8": {
      "val_acc": 0.5262,
      "gpu_hours": 0.03786709937784407
    },
    "9": {
      "val_acc": 0.5237,
      "gpu_hours": 0.042003068990177576
    },
    "10": {
      "val_acc": 0.5228,
      "gpu_hours": 0.04614178584681617
    },
    "11": {
      "val_acc": 0.5248,
      "gpu_hours": 0.050274350113338896
    },
    "12": {
      "val_acc": 0.5224,
      "gpu_hours": 0.054406710002157424
    },
    "13": {
      "val_acc": 0.5235,
      "gpu_hours": 0.058554625776078964
    },
    "14": {
      "val_acc": 0.5233,
      "gpu_hours": 0.06267451617452834
    },
    "15": {
      "val_acc": 0.5245,
      "gpu_hours": 0.0668238189485338
    },
    "16": {
      "val_acc": 0.5227,
      "gpu_hours": 0.07097487873501247
    },
    "17": {
      "val_acc": 0.5234,
      "gpu_hours": 0.07516836040549808
    },
    "18": {
      "val_acc": 0.523,
      "gpu_hours": 0.07931397563881344
    },
    "19": {
      "val_acc": 0.5234,
      "gpu_hours": 0.08348146677017212
    },
    "20": {
      "val_acc": 0.5244,
      "gpu_hours": 0.08763801097869874
    },
    "21": {
      "val_acc": 0.5232,
      "gpu_hours": 0.09178826921515995
    },
    "22": {
      "val_acc": 0.5245,
      "gpu_hours": 0.09592116289668613
    },
    "23": {
      "val_acc": 0.5226,
      "gpu_hours": 0.10006482104460399
    },
    "24": {
      "val_acc": 0.5247,
      "gpu_hours": 0.10419382360246446
    },
    "25": {
      "val_acc": 0.5236,
      "gpu_hours": 0.10834237469567193
    },
    "26": {
      "val_acc": 0.5236,
      "gpu_hours": 0.1124870401620865
    },
    "27": {
      "val_acc": 0.5233,
      "gpu_hours": 0.11665103594462077
    },
    "28": {
      "val_acc": 0.522,
      "gpu_hours": 0.12080771538946364
    },
    "29": {
      "val_acc": 0.5241,
      "gpu_hours": 0.12496494584613377
    }
  }
}