{
  "trial_number": 30,
  "params": {
    "lr": 0.0013292918943162175,
    "weight_decay": 0.006351221010640704,
    "batch_size": 64,
    "dropout": 0.07799726016810132,
    "optimizer": "Adam",
    "scheduler": "plateau",
    "model": "resnet18"
  },
  "best_val_acc": 0.4284,
  "total_gpu_hours": 0.04628877705997891,
  "slurm_task": 20,
  "parallel_workers": 40,
  "sampler": "tpe",
  "dataset": "cifar10",
  "device": "cuda",
  "accuracy_thresholds": {},
  "accuracy_curve": {
    "0": {
      "val_acc": 0.1742,
      "gpu_hours": 0.0022365016407436796
    },
    "1": {
      "val_acc": 0.2036,
      "gpu_hours": 0.003732442259788513
    },
    "2": {
      "val_acc": 0.3484,
      "gpu_hours": 0.005258012811342875
    },
    "3": {
      "val_acc": 0.2971,
      "gpu_hours": 0.006778068939844767
    },
    "4": {
      "val_acc": 0.2928,
      "gpu_hours": 0.008306051227781507
    },
    "5": {
      "val_acc": 0.4182,
      "gpu_hours": 0.009831068184640673
    },
    "6": {
      "val_acc": 0.4162,
      "gpu_hours": 0.01135132908821106
    },
    "7": {
      "val_acc": 0.4128,
      "gpu_hours": 0.012884908119837443
    },
    "8": {
      "val_acc": 0.3932,
      "gpu_hours": 0.014415598114331563
    },
    "9": {
      "val_acc": 0.4144,
      "gpu_hours": 0.015927867624494763
    },
    "10": {
      "val_acc": 0.4149,
      "gpu_hours": 0.017463035583496093
    },
    "11": {
      "val_acc": 0.4176,
      "gpu_hours": 0.0189860952562756
    },
    "12": {
      "val_acc": 0.4167,
      "gpu_hours": 0.0205000372727712
    },
    "13": {
      "val_acc": 0.4199,
      "gpu_hours": 0.02199997822443644
    },
    "14": {
      "val_acc": 0.4219,
      "gpu_hours": 0.023537212941381665
    },
    "15": {
      "val_acc": 0.416,
      "gpu_hours": 0.025068564083841113
    },
    "16": {
      "val_acc": 0.4166,
      "gpu_hours": 0.02658774216969808
    },
    "17": {
      "val_acc": 0.4232,
      "gpu_hours": 0.02809400154484643
    },
    "18": {
      "val_acc": 0.4214,
      "gpu_hours": 0.029609329369333054
    },
    "19": {
      "val_acc": 0.4236,
      "gpu_hours": 0.031104019151793585
    },
    "20": {
      "val_acc": 0.4218,
      "gpu_hours": 0.032621368169784545
    },
    "21": {
      "val_acc": 0.4213,
      "gpu_hours": 0.034166176517804465
    },
    "22": {
      "val_acc": 0.4204,
      "gpu_hours": 0.03567073921362559
    },
    "23": {
      "val_acc": 0.4246,
      "gpu_hours": 0.037161982390615675
    },
    "24": {
      "val_acc": 0.4284,
      "gpu_hours": 0.03866885854138268
    },
    "25": {
      "val_acc": 0.4237,
      "gpu_hours": 0.0401709367831548
    },
    "26": {
      "val_acc": 0.4212,
      "gpu_hours": 0.041655077669355604
    },
    "27": {
      "val_acc": 0.4233,
      "gpu_hours": 0.04313834541373783
    },
    "28": {
      "val_acc": 0.4187,
      "gpu_hours": 0.044690630833307904
    },
    "29": {
      "val_acc": 0.4235,
      "gpu_hours": 0.046191702948676215
    }
  }
}