{
  "trial_number": 88,
  "params": {
    "lr": 0.0001100329009238065,
    "weight_decay": 1.9303536302117436e-05,
    "batch_size": 64,
    "dropout": 0.012328637007466656,
    "optimizer": "AdamW",
    "scheduler": "cosine",
    "model": "resnet34"
  },
  "best_val_acc": 0.9002,
  "total_gpu_hours": 0.06944126023186578,
  "slurm_task": 40,
  "parallel_workers": 40,
  "sampler": "tpe",
  "dataset": "cifar10",
  "device": "cuda",
  "accuracy_thresholds": {
    "gpu_h_to_80pct": 0.014332547585169475,
    "gpu_h_to_85pct": 0.02809586657418145,
    "gpu_h_to_90pct": 0.0694113274415334
  },
  "accuracy_curve": {
    "0": {
      "val_acc": 0.567,
      "gpu_hours": 0.0028326119316948784
    },
    "1": {
      "val_acc": 0.6423,
      "gpu_hours": 0.005124293896887037
    },
    "2": {
      "val_acc": 0.7214,
      "gpu_hours": 0.007430063618554009
    },
    "3": {
      "val_acc": 0.7424,
      "gpu_hours": 0.009735956854290432
    },
    "4": {
      "val_acc": 0.7799,
      "gpu_hours": 0.012040756079885695
    },
    "5": {
      "val_acc": 0.8088,
      "gpu_hours": 0.014332547585169475
    },
    "6": {
      "val_acc": 0.797,
      "gpu_hours": 0.016634272933006285
    },
    "7": {
      "val_acc": 0.813,
      "gpu_hours": 0.018927326136165195
    },
    "8": {
      "val_acc": 0.8358,
      "gpu_hours": 0.021217882699436613
    },
    "9": {
      "val_acc": 0.8391,
      "gpu_hours": 0.023509502477116057
    },
    "10": {
      "val_acc": 0.8342,
      "gpu_hours": 0.02580641355779436
    },
    "11": {
      "val_acc": 0.86,
      "gpu_hours": 0.02809586657418145
    },
    "12": {
      "val_acc": 0.8655,
      "gpu_hours": 0.03039085977607303
    },
    "13": {
      "val_acc": 0.8626,
      "gpu_hours": 0.03268455008665721
    },
    "14": {
      "val_acc": 0.8704,
      "gpu_hours": 0.03497515790992313
    },
    "15": {
      "val_acc": 0.882,
      "gpu_hours": 0.03727534347110324
    },
    "16": {
      "val_acc": 0.8756,
      "gpu_hours": 0.039564180771509805
    },
    "17": {
      "val_acc": 0.883,
      "gpu_hours": 0.041855739619996814
    },
    "18": {
      "val_acc": 0.8896,
      "gpu_hours": 0.04415036115381453
    },
    "19": {
      "val_acc": 0.8925,
      "gpu_hours": 0.0464448219537735
    },
    "20": {
      "val_acc": 0.8916,
      "gpu_hours": 0.048747863041030036
    },
    "21": {
      "val_acc": 0.8831,
      "gpu_hours": 0.05103390355904897
    },
    "22": {
      "val_acc": 0.8959,
      "gpu_hours": 0.053354587886068554
    },
    "23": {
      "val_acc": 0.8963,
      "gpu_hours": 0.05564060224427117
    },
    "24": {
      "val_acc": 0.8941,
      "gpu_hours": 0.057960397998491925
    },
    "25": {
      "val_acc": 0.8974,
      "gpu_hours": 0.06025418990188175
    },
    "26": {
      "val_acc": 0.8981,
      "gpu_hours": 0.06254837956693438
    },
    "27": {
      "val_acc": 0.8991,
      "gpu_hours": 0.06484435809983148
    },
    "28": {
      "val_acc": 0.8989,
      "gpu_hours": 0.06713052213191986
    },
    "29": {
      "val_acc": 0.9002,
      "gpu_hours": 0.0694113274415334
    }
  }
}