{
  "trial_number": 23,
  "params": {
    "lr": 0.0013292918943162175,
    "weight_decay": 0.006351221010640704,
    "batch_size": 64,
    "dropout": 0.07799726016810132,
    "optimizer": "Adam",
    "scheduler": "plateau",
    "model": "resnet18"
  },
  "best_val_acc": 0.4086,
  "total_gpu_hours": 0.04678523898124695,
  "slurm_task": 28,
  "parallel_workers": 40,
  "sampler": "tpe",
  "dataset": "cifar10",
  "device": "cuda",
  "accuracy_thresholds": {},
  "accuracy_curve": {
    "0": {
      "val_acc": 0.2744,
      "gpu_hours": 0.0020858736170662772
    },
    "1": {
      "val_acc": 0.276,
      "gpu_hours": 0.003617423176765442
    },
    "2": {
      "val_acc": 0.284,
      "gpu_hours": 0.00516179256969028
    },
    "3": {
      "val_acc": 0.3217,
      "gpu_hours": 0.0067611231406529745
    },
    "4": {
      "val_acc": 0.3224,
      "gpu_hours": 0.008308330906762017
    },
    "5": {
      "val_acc": 0.3978,
      "gpu_hours": 0.009842389557096693
    },
    "6": {
      "val_acc": 0.4058,
      "gpu_hours": 0.011411006251970926
    },
    "7": {
      "val_acc": 0.3955,
      "gpu_hours": 0.01295341538058387
    },
    "8": {
      "val_acc": 0.3984,
      "gpu_hours": 0.014514756401379903
    },
    "9": {
      "val_acc": 0.4054,
      "gpu_hours": 0.016060300999217562
    },
    "10": {
      "val_acc": 0.4009,
      "gpu_hours": 0.01760725484953986
    },
    "11": {
      "val_acc": 0.4079,
      "gpu_hours": 0.01916298853026496
    },
    "12": {
      "val_acc": 0.4074,
      "gpu_hours": 0.020692012243800694
    },
    "13": {
      "val_acc": 0.4066,
      "gpu_hours": 0.022250860465897453
    },
    "14": {
      "val_acc": 0.4074,
      "gpu_hours": 0.023807125952508716
    },
    "15": {
      "val_acc": 0.4052,
      "gpu_hours": 0.025350743664635553
    },
    "16": {
      "val_acc": 0.4075,
      "gpu_hours": 0.02689702808856964
    },
    "17": {
      "val_acc": 0.4074,
      "gpu_hours": 0.028446906010309855
    },
    "18": {
      "val_acc": 0.4078,
      "gpu_hours": 0.029971796406639946
    },
    "19": {
      "val_acc": 0.404,
      "gpu_hours": 0.03150803460015191
    },
    "20": {
      "val_acc": 0.4079,
      "gpu_hours": 0.03305378536383311
    },
    "21": {
      "val_acc": 0.406,
      "gpu_hours": 0.0345994637409846
    },
    "22": {
      "val_acc": 0.4084,
      "gpu_hours": 0.03612160676055484
    },
    "23": {
      "val_acc": 0.4083,
      "gpu_hours": 0.0376411008172565
    },
    "24": {
      "val_acc": 0.4054,
      "gpu_hours": 0.03915259056621127
    },
    "25": {
      "val_acc": 0.4071,
      "gpu_hours": 0.040683145059479606
    },
    "26": {
      "val_acc": 0.4065,
      "gpu_hours": 0.0422275275654263
    },
    "27": {
      "val_acc": 0.4047,
      "gpu_hours": 0.04374161276552412
    },
    "28": {
      "val_acc": 0.4086,
      "gpu_hours": 0.04526092754469978
    },
    "29": {
      "val_acc": 0.4074,
      "gpu_hours": 0.046767639915148415
    }
  }
}