{
  "trial_number": 143,
  "params": {
    "lr": 0.0034185112980555537,
    "weight_decay": 1.0837683354733452e-06,
    "batch_size": 128,
    "dropout": 0.3083991837828279,
    "optimizer": "Adam",
    "scheduler": "step",
    "model": "resnet34"
  },
  "best_val_acc": 0.9146,
  "total_gpu_hours": 0.21996000786622366,
  "slurm_task": 8,
  "parallel_workers": 40,
  "sampler": "tpe",
  "dataset": "cifar10",
  "device": "cuda",
  "accuracy_thresholds": {
    "gpu_h_to_80pct": 0.05910804351170858,
    "gpu_h_to_85pct": 0.07375412589973873,
    "gpu_h_to_90pct": 0.15418029116259682
  },
  "accuracy_curve": {
    "0": {
      "val_acc": 0.435,
      "gpu_hours": 0.007808711859914992
    },
    "1": {
      "val_acc": 0.5878,
      "gpu_hours": 0.015139079491297404
    },
    "2": {
      "val_acc": 0.6398,
      "gpu_hours": 0.022475474145677354
    },
    "3": {
      "val_acc": 0.6869,
      "gpu_hours": 0.0298043864303165
    },
    "4": {
      "val_acc": 0.7163,
      "gpu_hours": 0.03712725692325168
    },
    "5": {
      "val_acc": 0.7813,
      "gpu_hours": 0.04445191158188714
    },
    "6": {
      "val_acc": 0.7712,
      "gpu_hours": 0.05178639908631643
    },
    "7": {
      "val_acc": 0.8036,
      "gpu_hours": 0.05910804351170858
    },
    "8": {
      "val_acc": 0.8278,
      "gpu_hours": 0.06643090830908881
    },
    "9": {
      "val_acc": 0.8533,
      "gpu_hours": 0.07375412589973873
    },
    "10": {
      "val_acc": 0.8727,
      "gpu_hours": 0.08106822801960839
    },
    "11": {
      "val_acc": 0.8854,
      "gpu_hours": 0.0883824113342497
    },
    "12": {
      "val_acc": 0.8834,
      "gpu_hours": 0.09569233947330051
    },
    "13": {
      "val_acc": 0.8908,
      "gpu_hours": 0.10300810542371538
    },
    "14": {
      "val_acc": 0.8831,
      "gpu_hours": 0.1103279322385788
    },
    "15": {
      "val_acc": 0.8841,
      "gpu_hours": 0.11764194501770867
    },
    "16": {
      "val_acc": 0.8931,
      "gpu_hours": 0.12495338188277351
    },
    "17": {
      "val_acc": 0.8918,
      "gpu_hours": 0.13225879404279922
    },
    "18": {
      "val_acc": 0.896,
      "gpu_hours": 0.13956607255670758
    },
    "19": {
      "val_acc": 0.8975,
      "gpu_hours": 0.14686946166886225
    },
    "20": {
      "val_acc": 0.9108,
      "gpu_hours": 0.15418029116259682
    },
    "21": {
      "val_acc": 0.9071,
      "gpu_hours": 0.16148865249421862
    },
    "22": {
      "val_acc": 0.9088,
      "gpu_hours": 0.1688014382786221
    },
    "23": {
      "val_acc": 0.9093,
      "gpu_hours": 0.17610861705409156
    },
    "24": {
      "val_acc": 0.9078,
      "gpu_hours": 0.18341367271211412
    },
    "25": {
      "val_acc": 0.9101,
      "gpu_hours": 0.19071081240971882
    },
    "26": {
      "val_acc": 0.9146,
      "gpu_hours": 0.19801722427209217
    },
    "27": {
      "val_acc": 0.9111,
      "gpu_hours": 0.20532355573442246
    },
    "28": {
      "val_acc": 0.9131,
      "gpu_hours": 0.21262987209690942
    },
    "29": {
      "val_acc": 0.9112,
      "gpu_hours": 0.21993783983919354
    }
  }
}