{
  "trial_number": 26,
  "params": {
    "lr": 0.0013292918943162175,
    "weight_decay": 0.006351221010640704,
    "batch_size": 64,
    "dropout": 0.07799726016810132,
    "optimizer": "Adam",
    "scheduler": "plateau",
    "model": "resnet18"
  },
  "best_val_acc": 0.4291,
  "total_gpu_hours": 0.04728238701820373,
  "slurm_task": 29,
  "parallel_workers": 40,
  "sampler": "tpe",
  "dataset": "cifar10",
  "device": "cuda",
  "accuracy_thresholds": {},
  "accuracy_curve": {
    "0": {
      "val_acc": 0.2672,
      "gpu_hours": 0.0021421953042348226
    },
    "1": {
      "val_acc": 0.1633,
      "gpu_hours": 0.003771279785368178
    },
    "2": {
      "val_acc": 0.3205,
      "gpu_hours": 0.005321992966863844
    },
    "3": {
      "val_acc": 0.3564,
      "gpu_hours": 0.0068629191981421575
    },
    "4": {
      "val_acc": 0.2718,
      "gpu_hours": 0.008415398465262519
    },
    "5": {
      "val_acc": 0.3145,
      "gpu_hours": 0.00997577256626553
    },
    "6": {
      "val_acc": 0.402,
      "gpu_hours": 0.0115301247437795
    },
    "7": {
      "val_acc": 0.4032,
      "gpu_hours": 0.01311981823709276
    },
    "8": {
      "val_acc": 0.4039,
      "gpu_hours": 0.014676666789584689
    },
    "9": {
      "val_acc": 0.4143,
      "gpu_hours": 0.016266932090123493
    },
    "10": {
      "val_acc": 0.4134,
      "gpu_hours": 0.017807013392448424
    },
    "11": {
      "val_acc": 0.4281,
      "gpu_hours": 0.019339982403649224
    },
    "12": {
      "val_acc": 0.4231,
      "gpu_hours": 0.020894475711716546
    },
    "13": {
      "val_acc": 0.4219,
      "gpu_hours": 0.02242903961075677
    },
    "14": {
      "val_acc": 0.416,
      "gpu_hours": 0.02398371027575599
    },
    "15": {
      "val_acc": 0.4258,
      "gpu_hours": 0.0255180733733707
    },
    "16": {
      "val_acc": 0.4271,
      "gpu_hours": 0.027041658692889742
    },
    "17": {
      "val_acc": 0.4263,
      "gpu_hours": 0.028590646518601312
    },
    "18": {
      "val_acc": 0.4291,
      "gpu_hours": 0.03013425906499227
    },
    "19": {
      "val_acc": 0.4262,
      "gpu_hours": 0.03169610937436422
    },
    "20": {
      "val_acc": 0.4276,
      "gpu_hours": 0.033252105712890626
    },
    "21": {
      "val_acc": 0.4272,
      "gpu_hours": 0.03481347680091858
    },
    "22": {
      "val_acc": 0.4266,
      "gpu_hours": 0.03637727684444851
    },
    "23": {
      "val_acc": 0.4263,
      "gpu_hours": 0.03790141993098789
    },
    "24": {
      "val_acc": 0.4267,
      "gpu_hours": 0.039445054001278346
    },
    "25": {
      "val_acc": 0.4219,
      "gpu_hours": 0.04101884828673469
    },
    "26": {
      "val_acc": 0.4245,
      "gpu_hours": 0.04257418096065521
    },
    "27": {
      "val_acc": 0.4271,
      "gpu_hours": 0.04411134958267212
    },
    "28": {
      "val_acc": 0.424,
      "gpu_hours": 0.04564887715710534
    },
    "29": {
      "val_acc": 0.4196,
      "gpu_hours": 0.04719887514909109
    }
  }
}