{
  "trial_number": 111,
  "params": {
    "lr": 0.00030778908702479735,
    "weight_decay": 0.0009520145760425403,
    "batch_size": 64,
    "dropout": 0.49363801105437094,
    "optimizer": "Adam",
    "scheduler": "step",
    "model": "resnet18"
  },
  "best_val_acc": 0.8977,
  "total_gpu_hours": 0.04771921508842045,
  "slurm_task": 31,
  "parallel_workers": 40,
  "sampler": "tpe",
  "dataset": "cifar10",
  "device": "cuda",
  "accuracy_thresholds": {
    "gpu_h_to_80pct": 0.015998399919933744,
    "gpu_h_to_85pct": 0.023877014848921033
  },
  "accuracy_curve": {
    "0": {
      "val_acc": 0.4926,
      "gpu_hours": 0.0018685297833548652
    },
    "1": {
      "val_acc": 0.5987,
      "gpu_hours": 0.0034293680720859105
    },
    "2": {
      "val_acc": 0.637,
      "gpu_hours": 0.004995085795720418
    },
    "3": {
      "val_acc": 0.7095,
      "gpu_hours": 0.006560049057006836
    },
    "4": {
      "val_acc": 0.7044,
      "gpu_hours": 0.008140178985065884
    },
    "5": {
      "val_acc": 0.7558,
      "gpu_hours": 0.00970623599158393
    },
    "6": {
      "val_acc": 0.7475,
      "gpu_hours": 0.011302316122584873
    },
    "7": {
      "val_acc": 0.7779,
      "gpu_hours": 0.012878619564904107
    },
    "8": {
      "val_acc": 0.7834,
      "gpu_hours": 0.014432051512930128
    },
    "9": {
      "val_acc": 0.8283,
      "gpu_hours": 0.015998399919933744
    },
    "10": {
      "val_acc": 0.8401,
      "gpu_hours": 0.017551285955641004
    },
    "11": {
      "val_acc": 0.8413,
      "gpu_hours": 0.019130375120374892
    },
    "12": {
      "val_acc": 0.848,
      "gpu_hours": 0.02072100102901459
    },
    "13": {
      "val_acc": 0.8419,
      "gpu_hours": 0.022294888231489392
    },
    "14": {
      "val_acc": 0.86,
      "gpu_hours": 0.023877014848921033
    },
    "15": {
      "val_acc": 0.8501,
      "gpu_hours": 0.025476651787757872
    },
    "16": {
      "val_acc": 0.8552,
      "gpu_hours": 0.027034089896414017
    },
    "17": {
      "val_acc": 0.8462,
      "gpu_hours": 0.028630546198950873
    },
    "18": {
      "val_acc": 0.8694,
      "gpu_hours": 0.030214771495925056
    },
    "19": {
      "val_acc": 0.8541,
      "gpu_hours": 0.03181123673915863
    },
    "20": {
      "val_acc": 0.8938,
      "gpu_hours": 0.03339986847506629
    },
    "21": {
      "val_acc": 0.8886,
      "gpu_hours": 0.03498570760091146
    },
    "22": {
      "val_acc": 0.8922,
      "gpu_hours": 0.036567016707526316
    },
    "23": {
      "val_acc": 0.8796,
      "gpu_hours": 0.03817340599166023
    },
    "24": {
      "val_acc": 0.8911,
      "gpu_hours": 0.03976656277974447
    },
    "25": {
      "val_acc": 0.8957,
      "gpu_hours": 0.041349066429668
    },
    "26": {
      "val_acc": 0.8887,
      "gpu_hours": 0.04294303125805325
    },
    "27": {
      "val_acc": 0.8935,
      "gpu_hours": 0.044513501193788316
    },
    "28": {
      "val_acc": 0.8925,
      "gpu_hours": 0.04613088687260946
    },
    "29": {
      "val_acc": 0.8977,
      "gpu_hours": 0.04769441286722819
    }
  }
}