{
  "trial_number": 66,
  "params": {
    "lr": 0.002135562430937252,
    "weight_decay": 0.0016384382746798807,
    "batch_size": 256,
    "dropout": 0.04508137580581909,
    "optimizer": "Adam",
    "scheduler": "plateau",
    "model": "resnet18"
  },
  "best_val_acc": 0.8361,
  "total_gpu_hours": 0.11884698258505927,
  "slurm_task": 5,
  "parallel_workers": 40,
  "sampler": "tpe",
  "dataset": "cifar10",
  "device": "cuda",
  "accuracy_thresholds": {
    "gpu_h_to_80pct": 0.03979719817638397
  },
  "accuracy_curve": {
    "0": {
      "val_acc": 0.381,
      "gpu_hours": 0.004415447513262431
    },
    "1": {
      "val_acc": 0.5083,
      "gpu_hours": 0.008369571831491259
    },
    "2": {
      "val_acc": 0.3931,
      "gpu_hours": 0.012282330526245964
    },
    "3": {
      "val_acc": 0.4985,
      "gpu_hours": 0.016218120985560948
    },
    "4": {
      "val_acc": 0.5127,
      "gpu_hours": 0.02015670120716095
    },
    "5": {
      "val_acc": 0.7293,
      "gpu_hours": 0.02409458080927531
    },
    "6": {
      "val_acc": 0.7327,
      "gpu_hours": 0.028032743003633287
    },
    "7": {
      "val_acc": 0.7386,
      "gpu_hours": 0.031966087884373134
    },
    "8": {
      "val_acc": 0.7083,
      "gpu_hours": 0.035890642603238425
    },
    "9": {
      "val_acc": 0.8217,
      "gpu_hours": 0.03979719817638397
    },
    "10": {
      "val_acc": 0.8247,
      "gpu_hours": 0.04373416576120589
    },
    "11": {
      "val_acc": 0.826,
      "gpu_hours": 0.04767004827658335
    },
    "12": {
      "val_acc": 0.8326,
      "gpu_hours": 0.05162553105089399
    },
    "13": {
      "val_acc": 0.8319,
      "gpu_hours": 0.05557013048066033
    },
    "14": {
      "val_acc": 0.8326,
      "gpu_hours": 0.05952279097504086
    },
    "15": {
      "val_acc": 0.8326,
      "gpu_hours": 0.06348706642786661
    },
    "16": {
      "val_acc": 0.8333,
      "gpu_hours": 0.06743020574251811
    },
    "17": {
      "val_acc": 0.8327,
      "gpu_hours": 0.07139314174652099
    },
    "18": {
      "val_acc": 0.8329,
      "gpu_hours": 0.0753390422794554
    },
    "19": {
      "val_acc": 0.8325,
      "gpu_hours": 0.07929396165741814
    },
    "20": {
      "val_acc": 0.8361,
      "gpu_hours": 0.08324014835887485
    },
    "21": {
      "val_acc": 0.8332,
      "gpu_hours": 0.08719345364305708
    },
    "22": {
      "val_acc": 0.8347,
      "gpu_hours": 0.09114053037431505
    },
    "23": {
      "val_acc": 0.8328,
      "gpu_hours": 0.09509280953142378
    },
    "24": {
      "val_acc": 0.8324,
      "gpu_hours": 0.09904402799076505
    },
    "25": {
      "val_acc": 0.8312,
      "gpu_hours": 0.10302632788817088
    },
    "26": {
      "val_acc": 0.8341,
      "gpu_hours": 0.10698449929555257
    },
    "27": {
      "val_acc": 0.8323,
      "gpu_hours": 0.11094564073615604
    },
    "28": {
      "val_acc": 0.8329,
      "gpu_hours": 0.11488754206233555
    },
    "29": {
      "val_acc": 0.834,
      "gpu_hours": 0.11883258846071032
    }
  }
}