{
  "trial_number": 133,
  "params": {
    "lr": 0.00031985485797356487,
    "weight_decay": 3.5528983754806103e-06,
    "batch_size": 128,
    "dropout": 0.27119378395693605,
    "optimizer": "Adam",
    "scheduler": "step",
    "model": "resnet34"
  },
  "best_val_acc": 0.9116,
  "total_gpu_hours": 0.21891477896107567,
  "slurm_task": 13,
  "parallel_workers": 40,
  "sampler": "tpe",
  "dataset": "cifar10",
  "device": "cuda",
  "accuracy_thresholds": {
    "gpu_h_to_80pct": 0.04436986711290147,
    "gpu_h_to_85pct": 0.08072249035040538,
    "gpu_h_to_90pct": 0.1534290803803338
  },
  "accuracy_curve": {
    "0": {
      "val_acc": 0.5575,
      "gpu_hours": 0.007960019641452366
    },
    "1": {
      "val_acc": 0.6642,
      "gpu_hours": 0.015236808194054497
    },
    "2": {
      "val_acc": 0.7459,
      "gpu_hours": 0.02251904202832116
    },
    "3": {
      "val_acc": 0.7806,
      "gpu_hours": 0.029804201126098634
    },
    "4": {
      "val_acc": 0.7632,
      "gpu_hours": 0.03708348168267144
    },
    "5": {
      "val_acc": 0.8111,
      "gpu_hours": 0.04436986711290147
    },
    "6": {
      "val_acc": 0.8191,
      "gpu_hours": 0.051631308065520395
    },
    "7": {
      "val_acc": 0.8255,
      "gpu_hours": 0.05890076140562693
    },
    "8": {
      "val_acc": 0.8336,
      "gpu_hours": 0.06617507404751248
    },
    "9": {
      "val_acc": 0.846,
      "gpu_hours": 0.07344921913411882
    },
    "10": {
      "val_acc": 0.8634,
      "gpu_hours": 0.08072249035040538
    },
    "11": {
      "val_acc": 0.884,
      "gpu_hours": 0.08799754579861958
    },
    "12": {
      "val_acc": 0.8836,
      "gpu_hours": 0.0952758334742652
    },
    "13": {
      "val_acc": 0.8889,
      "gpu_hours": 0.10255023883448706
    },
    "14": {
      "val_acc": 0.883,
      "gpu_hours": 0.10981539501084221
    },
    "15": {
      "val_acc": 0.8902,
      "gpu_hours": 0.11708072688844469
    },
    "16": {
      "val_acc": 0.8909,
      "gpu_hours": 0.12434438983599345
    },
    "17": {
      "val_acc": 0.8891,
      "gpu_hours": 0.13161448140939078
    },
    "18": {
      "val_acc": 0.8933,
      "gpu_hours": 0.13888544407155778
    },
    "19": {
      "val_acc": 0.8876,
      "gpu_hours": 0.14615989996327294
    },
    "20": {
      "val_acc": 0.9063,
      "gpu_hours": 0.1534290803803338
    },
    "21": {
      "val_acc": 0.9042,
      "gpu_hours": 0.16070077114635042
    },
    "22": {
      "val_acc": 0.905,
      "gpu_hours": 0.16797287106513978
    },
    "23": {
      "val_acc": 0.9057,
      "gpu_hours": 0.17523969305886164
    },
    "24": {
      "val_acc": 0.9058,
      "gpu_hours": 0.1825485036108229
    },
    "25": {
      "val_acc": 0.9007,
      "gpu_hours": 0.1898125523991055
    },
    "26": {
      "val_acc": 0.9116,
      "gpu_hours": 0.1970874313513438
    },
    "27": {
      "val_acc": 0.9101,
      "gpu_hours": 0.20435718615849813
    },
    "28": {
      "val_acc": 0.9037,
      "gpu_hours": 0.21162514640225305
    },
    "29": {
      "val_acc": 0.9069,
      "gpu_hours": 0.21889539897441865
    }
  }
}