{
  "trial_number": 35,
  "params": {
    "lr": 0.0013292918943162175,
    "weight_decay": 0.006351221010640704,
    "batch_size": 64,
    "dropout": 0.07799726016810132,
    "optimizer": "Adam",
    "scheduler": "plateau",
    "model": "resnet18"
  },
  "best_val_acc": 0.4303,
  "total_gpu_hours": 0.046872189111179775,
  "slurm_task": 31,
  "parallel_workers": 40,
  "sampler": "tpe",
  "dataset": "cifar10",
  "device": "cuda",
  "accuracy_thresholds": {},
  "accuracy_curve": {
    "0": {
      "val_acc": 0.0961,
      "gpu_hours": 0.002040953967306349
    },
    "1": {
      "val_acc": 0.2045,
      "gpu_hours": 0.003583652045991686
    },
    "2": {
      "val_acc": 0.3361,
      "gpu_hours": 0.005133931106991238
    },
    "3": {
      "val_acc": 0.3465,
      "gpu_hours": 0.006664717925919427
    },
    "4": {
      "val_acc": 0.3476,
      "gpu_hours": 0.008204453984896342
    },
    "5": {
      "val_acc": 0.4212,
      "gpu_hours": 0.00975477589501275
    },
    "6": {
      "val_acc": 0.4026,
      "gpu_hours": 0.011328941583633423
    },
    "7": {
      "val_acc": 0.4218,
      "gpu_hours": 0.012863669064309862
    },
    "8": {
      "val_acc": 0.4179,
      "gpu_hours": 0.014391477174229093
    },
    "9": {
      "val_acc": 0.4303,
      "gpu_hours": 0.015987746914227805
    },
    "10": {
      "val_acc": 0.4259,
      "gpu_hours": 0.0175202077627182
    },
    "11": {
      "val_acc": 0.4283,
      "gpu_hours": 0.019069619907273187
    },
    "12": {
      "val_acc": 0.4238,
      "gpu_hours": 0.020617616640196908
    },
    "13": {
      "val_acc": 0.4242,
      "gpu_hours": 0.022160483598709105
    },
    "14": {
      "val_acc": 0.4245,
      "gpu_hours": 0.023710700141059027
    },
    "15": {
      "val_acc": 0.4269,
      "gpu_hours": 0.025240409241782294
    },
    "16": {
      "val_acc": 0.4289,
      "gpu_hours": 0.026775556206703185
    },
    "17": {
      "val_acc": 0.4269,
      "gpu_hours": 0.028300690717167325
    },
    "18": {
      "val_acc": 0.4282,
      "gpu_hours": 0.029856481287214492
    },
    "19": {
      "val_acc": 0.4296,
      "gpu_hours": 0.03140001793702443
    },
    "20": {
      "val_acc": 0.4245,
      "gpu_hours": 0.03298182527224223
    },
    "21": {
      "val_acc": 0.4286,
      "gpu_hours": 0.03451571583747864
    },
    "22": {
      "val_acc": 0.4258,
      "gpu_hours": 0.03603995435767703
    },
    "23": {
      "val_acc": 0.4302,
      "gpu_hours": 0.03759055164125231
    },
    "24": {
      "val_acc": 0.4255,
      "gpu_hours": 0.03914003524515364
    },
    "25": {
      "val_acc": 0.4263,
      "gpu_hours": 0.04067430112096999
    },
    "26": {
      "val_acc": 0.4302,
      "gpu_hours": 0.04220768670241038
    },
    "27": {
      "val_acc": 0.4273,
      "gpu_hours": 0.043765926361083986
    },
    "28": {
      "val_acc": 0.4244,
      "gpu_hours": 0.045303686923450895
    },
    "29": {
      "val_acc": 0.4274,
      "gpu_hours": 0.04684702866607242
    }
  }
}