{
  "trial_number": 127,
  "params": {
    "lr": 0.004324283417783266,
    "weight_decay": 1.094459982080603e-06,
    "batch_size": 64,
    "dropout": 0.27119378395693605,
    "optimizer": "Adam",
    "scheduler": "step",
    "model": "resnet34"
  },
  "best_val_acc": 0.9127,
  "total_gpu_hours": 0.23561386280589633,
  "slurm_task": 2,
  "parallel_workers": 40,
  "sampler": "tpe",
  "dataset": "cifar10",
  "device": "cuda",
  "accuracy_thresholds": {
    "gpu_h_to_80pct": 0.06341647644837697,
    "gpu_h_to_85pct": 0.08688735299640232,
    "gpu_h_to_90pct": 0.14162585238615671
  },
  "accuracy_curve": {
    "0": {
      "val_acc": 0.4233,
      "gpu_hours": 0.008671426375706991
    },
    "1": {
      "val_acc": 0.5425,
      "gpu_hours": 0.01650334318478902
    },
    "2": {
      "val_acc": 0.6505,
      "gpu_hours": 0.024336624211735196
    },
    "3": {
      "val_acc": 0.6401,
      "gpu_hours": 0.03215551661120521
    },
    "4": {
      "val_acc": 0.7477,
      "gpu_hours": 0.039979946613311765
    },
    "5": {
      "val_acc": 0.7788,
      "gpu_hours": 0.04780764751964145
    },
    "6": {
      "val_acc": 0.788,
      "gpu_hours": 0.055599929690361025
    },
    "7": {
      "val_acc": 0.8149,
      "gpu_hours": 0.06341647644837697
    },
    "8": {
      "val_acc": 0.8174,
      "gpu_hours": 0.07124776846832699
    },
    "9": {
      "val_acc": 0.8361,
      "gpu_hours": 0.07906933082474603
    },
    "10": {
      "val_acc": 0.8706,
      "gpu_hours": 0.08688735299640232
    },
    "11": {
      "val_acc": 0.8769,
      "gpu_hours": 0.09471197326978048
    },
    "12": {
      "val_acc": 0.882,
      "gpu_hours": 0.102527607149548
    },
    "13": {
      "val_acc": 0.8801,
      "gpu_hours": 0.1103421464893553
    },
    "14": {
      "val_acc": 0.8823,
      "gpu_hours": 0.11816429396470388
    },
    "15": {
      "val_acc": 0.8879,
      "gpu_hours": 0.12597651680310568
    },
    "16": {
      "val_acc": 0.8972,
      "gpu_hours": 0.13380018055438994
    },
    "17": {
      "val_acc": 0.9013,
      "gpu_hours": 0.14162585238615671
    },
    "18": {
      "val_acc": 0.8974,
      "gpu_hours": 0.14946078684594896
    },
    "19": {
      "val_acc": 0.8917,
      "gpu_hours": 0.15729338460498385
    },
    "20": {
      "val_acc": 0.9125,
      "gpu_hours": 0.16511438164446088
    },
    "21": {
      "val_acc": 0.9035,
      "gpu_hours": 0.1729456718100442
    },
    "22": {
      "val_acc": 0.9095,
      "gpu_hours": 0.18076157285107505
    },
    "23": {
      "val_acc": 0.9108,
      "gpu_hours": 0.18859153707822163
    },
    "24": {
      "val_acc": 0.9126,
      "gpu_hours": 0.19641966270075903
    },
    "25": {
      "val_acc": 0.907,
      "gpu_hours": 0.20424910333421495
    },
    "26": {
      "val_acc": 0.9117,
      "gpu_hours": 0.21211827536424002
    },
    "27": {
      "val_acc": 0.9127,
      "gpu_hours": 0.21994243158234492
    },
    "28": {
      "val_acc": 0.9103,
      "gpu_hours": 0.22775963491863674
    },
    "29": {
      "val_acc": 0.9048,
      "gpu_hours": 0.2355899664428499
    }
  }
}