{
  "trial_number": 44,
  "params": {
    "lr": 0.0008179499475211679,
    "weight_decay": 0.0001256104370001356,
    "batch_size": 256,
    "dropout": 0.06974693032602092,
    "optimizer": "AdamW",
    "scheduler": "cosine",
    "model": "efficientnet_b0"
  },
  "best_val_acc": 0.7778,
  "total_gpu_hours": 0.03989354113737742,
  "slurm_task": 18,
  "parallel_workers": 40,
  "sampler": "tpe",
  "dataset": "cifar10",
  "device": "cuda",
  "accuracy_thresholds": {},
  "accuracy_curve": {
    "0": {
      "val_acc": 0.3359,
      "gpu_hours": 0.0016898190975189208
    },
    "1": {
      "val_acc": 0.4195,
      "gpu_hours": 0.0030067551798290677
    },
    "2": {
      "val_acc": 0.521,
      "gpu_hours": 0.004302341275744968
    },
    "3": {
      "val_acc": 0.5427,
      "gpu_hours": 0.005602344870567322
    },
    "4": {
      "val_acc": 0.5751,
      "gpu_hours": 0.006925329764684041
    },
    "5": {
      "val_acc": 0.6024,
      "gpu_hours": 0.00823200007279714
    },
    "6": {
      "val_acc": 0.6363,
      "gpu_hours": 0.009544014599588183
    },
    "7": {
      "val_acc": 0.6587,
      "gpu_hours": 0.010840579867362976
    },
    "8": {
      "val_acc": 0.6814,
      "gpu_hours": 0.012148516641722786
    },
    "9": {
      "val_acc": 0.6937,
      "gpu_hours": 0.013461835185686747
    },
    "10": {
      "val_acc": 0.7051,
      "gpu_hours": 0.014790711734029982
    },
    "11": {
      "val_acc": 0.6958,
      "gpu_hours": 0.01609601232740614
    },
    "12": {
      "val_acc": 0.7168,
      "gpu_hours": 0.01741810957590739
    },
    "13": {
      "val_acc": 0.7269,
      "gpu_hours": 0.018719201617770725
    },
    "14": {
      "val_acc": 0.7365,
      "gpu_hours": 0.02004976126882765
    },
    "15": {
      "val_acc": 0.7434,
      "gpu_hours": 0.02141681651274363
    },
    "16": {
      "val_acc": 0.7449,
      "gpu_hours": 0.022724190884166294
    },
    "17": {
      "val_acc": 0.7508,
      "gpu_hours": 0.024035009344418844
    },
    "18": {
      "val_acc": 0.7604,
      "gpu_hours": 0.025337129963768853
    },
    "19": {
      "val_acc": 0.7617,
      "gpu_hours": 0.026652606460783216
    },
    "20": {
      "val_acc": 0.7615,
      "gpu_hours": 0.027964253425598145
    },
    "21": {
      "val_acc": 0.7646,
      "gpu_hours": 0.02929676870505015
    },
    "22": {
      "val_acc": 0.7694,
      "gpu_hours": 0.03061850885550181
    },
    "23": {
      "val_acc": 0.7728,
      "gpu_hours": 0.031912726958592735
    },
    "24": {
      "val_acc": 0.7723,
      "gpu_hours": 0.03321489387088352
    },
    "25": {
      "val_acc": 0.7753,
      "gpu_hours": 0.03455696476830376
    },
    "26": {
      "val_acc": 0.7759,
      "gpu_hours": 0.03586220231321123
    },
    "27": {
      "val_acc": 0.7778,
      "gpu_hours": 0.03723316371440887
    },
    "28": {
      "val_acc": 0.7765,
      "gpu_hours": 0.03854803178045485
    },
    "29": {
      "val_acc": 0.7778,
      "gpu_hours": 0.039854749970965914
    }
  }
}