{
  "trial_number": 79,
  "params": {
    "lr": 0.011550100150766305,
    "weight_decay": 7.3855393669393525e-06,
    "batch_size": 64,
    "dropout": 0.17539179928249418,
    "optimizer": "Adam",
    "scheduler": "step",
    "model": "resnet18"
  },
  "best_val_acc": 0.8707,
  "total_gpu_hours": 0.04681171695391337,
  "slurm_task": 36,
  "parallel_workers": 40,
  "sampler": "tpe",
  "dataset": "cifar10",
  "device": "cuda",
  "accuracy_thresholds": {
    "gpu_h_to_80pct": 0.01742388427257538,
    "gpu_h_to_85pct": 0.03273100078105926
  },
  "accuracy_curve": {
    "0": {
      "val_acc": 0.3158,
      "gpu_hours": 0.0020232800642649333
    },
    "1": {
      "val_acc": 0.5393,
      "gpu_hours": 0.003552850021256341
    },
    "2": {
      "val_acc": 0.6003,
      "gpu_hours": 0.0050900250673294066
    },
    "3": {
      "val_acc": 0.5362,
      "gpu_hours": 0.006623131036758423
    },
    "4": {
      "val_acc": 0.6778,
      "gpu_hours": 0.008170342842737833
    },
    "5": {
      "val_acc": 0.7524,
      "gpu_hours": 0.009705708225568136
    },
    "6": {
      "val_acc": 0.7354,
      "gpu_hours": 0.011264090935389201
    },
    "7": {
      "val_acc": 0.77,
      "gpu_hours": 0.012828808294402229
    },
    "8": {
      "val_acc": 0.7698,
      "gpu_hours": 0.01437246514691247
    },
    "9": {
      "val_acc": 0.7924,
      "gpu_hours": 0.015895174609290227
    },
    "10": {
      "val_acc": 0.828,
      "gpu_hours": 0.01742388427257538
    },
    "11": {
      "val_acc": 0.8094,
      "gpu_hours": 0.018974772559271918
    },
    "12": {
      "val_acc": 0.8276,
      "gpu_hours": 0.020519288976987203
    },
    "13": {
      "val_acc": 0.8308,
      "gpu_hours": 0.02207389626238081
    },
    "14": {
      "val_acc": 0.8248,
      "gpu_hours": 0.02362987650765313
    },
    "15": {
      "val_acc": 0.8203,
      "gpu_hours": 0.025161904758877224
    },
    "16": {
      "val_acc": 0.8255,
      "gpu_hours": 0.026673490073945788
    },
    "17": {
      "val_acc": 0.8269,
      "gpu_hours": 0.028193234271473355
    },
    "18": {
      "val_acc": 0.8269,
      "gpu_hours": 0.02968637380335066
    },
    "19": {
      "val_acc": 0.8398,
      "gpu_hours": 0.03120767672856649
    },
    "20": {
      "val_acc": 0.8657,
      "gpu_hours": 0.03273100078105926
    },
    "21": {
      "val_acc": 0.862,
      "gpu_hours": 0.03425250106387668
    },
    "22": {
      "val_acc": 0.8645,
      "gpu_hours": 0.03580080740981632
    },
    "23": {
      "val_acc": 0.8701,
      "gpu_hours": 0.037335021429591705
    },
    "24": {
      "val_acc": 0.8558,
      "gpu_hours": 0.038930323322614035
    },
    "25": {
      "val_acc": 0.8663,
      "gpu_hours": 0.04048764314916399
    },
    "26": {
      "val_acc": 0.8647,
      "gpu_hours": 0.042057925396495395
    },
    "27": {
      "val_acc": 0.8707,
      "gpu_hours": 0.04361576053831313
    },
    "28": {
      "val_acc": 0.8702,
      "gpu_hours": 0.045225856635305615
    },
    "29": {
      "val_acc": 0.8694,
      "gpu_hours": 0.04678125964270698
    }
  }
}