{
  "trial_number": 85,
  "params": {
    "lr": 0.0002586602108897688,
    "weight_decay": 0.0006302314035822065,
    "batch_size": 64,
    "dropout": 0.4661451709558936,
    "optimizer": "Adam",
    "scheduler": "step",
    "model": "resnet34"
  },
  "best_val_acc": 0.9018,
  "total_gpu_hours": 0.07071142229768965,
  "slurm_task": 24,
  "parallel_workers": 40,
  "sampler": "tpe",
  "dataset": "cifar10",
  "device": "cuda",
  "accuracy_thresholds": {
    "gpu_h_to_80pct": 0.021460057298342387,
    "gpu_h_to_85pct": 0.026126362946298387,
    "gpu_h_to_90pct": 0.06832835780249702
  },
  "accuracy_curve": {
    "0": {
      "val_acc": 0.4013,
      "gpu_hours": 0.0028526002168655397
    },
    "1": {
      "val_acc": 0.6264,
      "gpu_hours": 0.0051781486140357125
    },
    "2": {
      "val_acc": 0.6876,
      "gpu_hours": 0.007498781945970323
    },
    "3": {
      "val_acc": 0.7296,
      "gpu_hours": 0.00982582966486613
    },
    "4": {
      "val_acc": 0.715,
      "gpu_hours": 0.01214741547902425
    },
    "5": {
      "val_acc": 0.7659,
      "gpu_hours": 0.014476228555043538
    },
    "6": {
      "val_acc": 0.7544,
      "gpu_hours": 0.01681393437915378
    },
    "7": {
      "val_acc": 0.7583,
      "gpu_hours": 0.019138557579782275
    },
    "8": {
      "val_acc": 0.8041,
      "gpu_hours": 0.021460057298342387
    },
    "9": {
      "val_acc": 0.8203,
      "gpu_hours": 0.023789503508143954
    },
    "10": {
      "val_acc": 0.8662,
      "gpu_hours": 0.026126362946298387
    },
    "11": {
      "val_acc": 0.8509,
      "gpu_hours": 0.028466996418105232
    },
    "12": {
      "val_acc": 0.8664,
      "gpu_hours": 0.03081270972887675
    },
    "13": {
      "val_acc": 0.8475,
      "gpu_hours": 0.03314570201767816
    },
    "14": {
      "val_acc": 0.8384,
      "gpu_hours": 0.035485807922151356
    },
    "15": {
      "val_acc": 0.8699,
      "gpu_hours": 0.03782251026895311
    },
    "16": {
      "val_acc": 0.8722,
      "gpu_hours": 0.040156636436780295
    },
    "17": {
      "val_acc": 0.8707,
      "gpu_hours": 0.04249671240647634
    },
    "18": {
      "val_acc": 0.874,
      "gpu_hours": 0.044840122858683266
    },
    "19": {
      "val_acc": 0.8774,
      "gpu_hours": 0.04718846122423808
    },
    "20": {
      "val_acc": 0.893,
      "gpu_hours": 0.0495450892051061
    },
    "21": {
      "val_acc": 0.8986,
      "gpu_hours": 0.05189007421334584
    },
    "22": {
      "val_acc": 0.8873,
      "gpu_hours": 0.05424988170464833
    },
    "23": {
      "val_acc": 0.8953,
      "gpu_hours": 0.05658963183561961
    },
    "24": {
      "val_acc": 0.8898,
      "gpu_hours": 0.05897100998295678
    },
    "25": {
      "val_acc": 0.8977,
      "gpu_hours": 0.061305302381515506
    },
    "26": {
      "val_acc": 0.8885,
      "gpu_hours": 0.06365827606783973
    },
    "27": {
      "val_acc": 0.888,
      "gpu_hours": 0.06599868741300371
    },
    "28": {
      "val_acc": 0.9018,
      "gpu_hours": 0.06832835780249702
    },
    "29": {
      "val_acc": 0.8887,
      "gpu_hours": 0.07067152394188775
    }
  }
}