{
  "trial_number": 121,
  "params": {
    "lr": 0.004324283417783266,
    "weight_decay": 1.094459982080603e-06,
    "batch_size": 128,
    "dropout": 0.340793912768625,
    "optimizer": "Adam",
    "scheduler": "step",
    "model": "resnet34"
  },
  "best_val_acc": 0.9096,
  "total_gpu_hours": 0.22017562329769136,
  "slurm_task": 6,
  "parallel_workers": 40,
  "sampler": "tpe",
  "dataset": "cifar10",
  "device": "cuda",
  "accuracy_thresholds": {
    "gpu_h_to_80pct": 0.05942678497897254,
    "gpu_h_to_85pct": 0.08132500231266021,
    "gpu_h_to_90pct": 0.1543616959783766
  },
  "accuracy_curve": {
    "0": {
      "val_acc": 0.3845,
      "gpu_hours": 0.008270988994174533
    },
    "1": {
      "val_acc": 0.5534,
      "gpu_hours": 0.015651419030295478
    },
    "2": {
      "val_acc": 0.6244,
      "gpu_hours": 0.022950429055425856
    },
    "3": {
      "val_acc": 0.6637,
      "gpu_hours": 0.030251277817620173
    },
    "4": {
      "val_acc": 0.739,
      "gpu_hours": 0.0375497833887736
    },
    "5": {
      "val_acc": 0.7481,
      "gpu_hours": 0.04484432386027442
    },
    "6": {
      "val_acc": 0.7941,
      "gpu_hours": 0.05213745706611209
    },
    "7": {
      "val_acc": 0.8028,
      "gpu_hours": 0.05942678497897254
    },
    "8": {
      "val_acc": 0.8332,
      "gpu_hours": 0.06672301934825049
    },
    "9": {
      "val_acc": 0.8392,
      "gpu_hours": 0.0740282529592514
    },
    "10": {
      "val_acc": 0.8656,
      "gpu_hours": 0.08132500231266021
    },
    "11": {
      "val_acc": 0.8634,
      "gpu_hours": 0.08863573359118568
    },
    "12": {
      "val_acc": 0.8813,
      "gpu_hours": 0.09594248473644257
    },
    "13": {
      "val_acc": 0.8806,
      "gpu_hours": 0.10324694044060177
    },
    "14": {
      "val_acc": 0.8813,
      "gpu_hours": 0.11056787762376998
    },
    "15": {
      "val_acc": 0.8776,
      "gpu_hours": 0.11786878082487318
    },
    "16": {
      "val_acc": 0.884,
      "gpu_hours": 0.12516845398479037
    },
    "17": {
      "val_acc": 0.8782,
      "gpu_hours": 0.1324724859661526
    },
    "18": {
      "val_acc": 0.8842,
      "gpu_hours": 0.1397659409708447
    },
    "19": {
      "val_acc": 0.8936,
      "gpu_hours": 0.14706587407324048
    },
    "20": {
      "val_acc": 0.9062,
      "gpu_hours": 0.1543616959783766
    },
    "21": {
      "val_acc": 0.9095,
      "gpu_hours": 0.16166329754723444
    },
    "22": {
      "val_acc": 0.9096,
      "gpu_hours": 0.16896163708633846
    },
    "23": {
      "val_acc": 0.9094,
      "gpu_hours": 0.17626698593298595
    },
    "24": {
      "val_acc": 0.9058,
      "gpu_hours": 0.18356540064016977
    },
    "25": {
      "val_acc": 0.9095,
      "gpu_hours": 0.1908682770199246
    },
    "26": {
      "val_acc": 0.9074,
      "gpu_hours": 0.19818050874604118
    },
    "27": {
      "val_acc": 0.9064,
      "gpu_hours": 0.20548843840758005
    },
    "28": {
      "val_acc": 0.9078,
      "gpu_hours": 0.21279960778024462
    },
    "29": {
      "val_acc": 0.907,
      "gpu_hours": 0.22015254722701177
    }
  }
}