{
  "trial_number": 67,
  "params": {
    "lr": 0.0008266602986189584,
    "weight_decay": 0.00012295373392125385,
    "batch_size": 256,
    "dropout": 0.06788089632219313,
    "optimizer": "AdamW",
    "scheduler": "cosine",
    "model": "efficientnet_b0"
  },
  "best_val_acc": 0.7755,
  "total_gpu_hours": 0.0768427758746677,
  "slurm_task": 23,
  "parallel_workers": 40,
  "sampler": "tpe",
  "dataset": "cifar10",
  "device": "cuda",
  "accuracy_thresholds": {},
  "accuracy_curve": {
    "0": {
      "val_acc": 0.2794,
      "gpu_hours": 0.0030262507332695855
    },
    "1": {
      "val_acc": 0.4241,
      "gpu_hours": 0.005569881465699937
    },
    "2": {
      "val_acc": 0.483,
      "gpu_hours": 0.008123343454466926
    },
    "3": {
      "val_acc": 0.5289,
      "gpu_hours": 0.010664877759085761
    },
    "4": {
      "val_acc": 0.5804,
      "gpu_hours": 0.01321812027030521
    },
    "5": {
      "val_acc": 0.6099,
      "gpu_hours": 0.015783731738726298
    },
    "6": {
      "val_acc": 0.6228,
      "gpu_hours": 0.01835199879275428
    },
    "7": {
      "val_acc": 0.6438,
      "gpu_hours": 0.020908150805367363
    },
    "8": {
      "val_acc": 0.6655,
      "gpu_hours": 0.023476456006368
    },
    "9": {
      "val_acc": 0.6818,
      "gpu_hours": 0.026037465665075515
    },
    "10": {
      "val_acc": 0.6901,
      "gpu_hours": 0.028604134188758002
    },
    "11": {
      "val_acc": 0.7145,
      "gpu_hours": 0.031157014303737216
    },
    "12": {
      "val_acc": 0.7159,
      "gpu_hours": 0.033705241481463116
    },
    "13": {
      "val_acc": 0.7198,
      "gpu_hours": 0.03626210596826342
    },
    "14": {
      "val_acc": 0.7307,
      "gpu_hours": 0.03886708630455865
    },
    "15": {
      "val_acc": 0.7368,
      "gpu_hours": 0.04141865405771467
    },
    "16": {
      "val_acc": 0.7401,
      "gpu_hours": 0.04396653473377228
    },
    "17": {
      "val_acc": 0.7543,
      "gpu_hours": 0.04654386076662276
    },
    "18": {
      "val_acc": 0.7578,
      "gpu_hours": 0.04910641372203827
    },
    "19": {
      "val_acc": 0.7572,
      "gpu_hours": 0.05162561006016202
    },
    "20": {
      "val_acc": 0.7646,
      "gpu_hours": 0.05415176841947768
    },
    "21": {
      "val_acc": 0.7678,
      "gpu_hours": 0.05668366160657671
    },
    "22": {
      "val_acc": 0.7692,
      "gpu_hours": 0.059194942779011196
    },
    "23": {
      "val_acc": 0.77,
      "gpu_hours": 0.06174510147836473
    },
    "24": {
      "val_acc": 0.7702,
      "gpu_hours": 0.064267551501592
    },
    "25": {
      "val_acc": 0.7735,
      "gpu_hours": 0.06679661220974392
    },
    "26": {
      "val_acc": 0.7728,
      "gpu_hours": 0.06931091831790076
    },
    "27": {
      "val_acc": 0.7752,
      "gpu_hours": 0.07181848936610752
    },
    "28": {
      "val_acc": 0.7755,
      "gpu_hours": 0.0743159978919559
    },
    "29": {
      "val_acc": 0.7739,
      "gpu_hours": 0.07681836134857602
    }
  }
}