{
  "trial_number": 31,
  "params": {
    "lr": 0.0013292918943162175,
    "weight_decay": 0.006351221010640704,
    "batch_size": 64,
    "dropout": 0.07799726016810132,
    "optimizer": "Adam",
    "scheduler": "plateau",
    "model": "resnet18"
  },
  "best_val_acc": 0.4299,
  "total_gpu_hours": 0.04672229521804386,
  "slurm_task": 37,
  "parallel_workers": 40,
  "sampler": "tpe",
  "dataset": "cifar10",
  "device": "cuda",
  "accuracy_thresholds": {},
  "accuracy_curve": {
    "0": {
      "val_acc": 0.2292,
      "gpu_hours": 0.002060596744219462
    },
    "1": {
      "val_acc": 0.281,
      "gpu_hours": 0.0035697267452875774
    },
    "2": {
      "val_acc": 0.3105,
      "gpu_hours": 0.005115882886780633
    },
    "3": {
      "val_acc": 0.3359,
      "gpu_hours": 0.006655724445978801
    },
    "4": {
      "val_acc": 0.3584,
      "gpu_hours": 0.008251462777455648
    },
    "5": {
      "val_acc": 0.4115,
      "gpu_hours": 0.009784382979075114
    },
    "6": {
      "val_acc": 0.4005,
      "gpu_hours": 0.011335262325074938
    },
    "7": {
      "val_acc": 0.4299,
      "gpu_hours": 0.012902160750495063
    },
    "8": {
      "val_acc": 0.3806,
      "gpu_hours": 0.01443871902094947
    },
    "9": {
      "val_acc": 0.4215,
      "gpu_hours": 0.015962734354866875
    },
    "10": {
      "val_acc": 0.4198,
      "gpu_hours": 0.017505773372120326
    },
    "11": {
      "val_acc": 0.4196,
      "gpu_hours": 0.019067866603533427
    },
    "12": {
      "val_acc": 0.4186,
      "gpu_hours": 0.02062958406077491
    },
    "13": {
      "val_acc": 0.4243,
      "gpu_hours": 0.022174546519915263
    },
    "14": {
      "val_acc": 0.4261,
      "gpu_hours": 0.023716674115922716
    },
    "15": {
      "val_acc": 0.427,
      "gpu_hours": 0.025287958913379247
    },
    "16": {
      "val_acc": 0.4234,
      "gpu_hours": 0.026812680893474154
    },
    "17": {
      "val_acc": 0.4214,
      "gpu_hours": 0.028344166212611727
    },
    "18": {
      "val_acc": 0.4265,
      "gpu_hours": 0.02986384199725257
    },
    "19": {
      "val_acc": 0.4252,
      "gpu_hours": 0.031411848465601605
    },
    "20": {
      "val_acc": 0.425,
      "gpu_hours": 0.032936966750356886
    },
    "21": {
      "val_acc": 0.4258,
      "gpu_hours": 0.03442652000321282
    },
    "22": {
      "val_acc": 0.4218,
      "gpu_hours": 0.035938965015941196
    },
    "23": {
      "val_acc": 0.4278,
      "gpu_hours": 0.037460204429096644
    },
    "24": {
      "val_acc": 0.4242,
      "gpu_hours": 0.038989483912785845
    },
    "25": {
      "val_acc": 0.428,
      "gpu_hours": 0.04055353283882141
    },
    "26": {
      "val_acc": 0.4255,
      "gpu_hours": 0.04206103848086463
    },
    "27": {
      "val_acc": 0.4268,
      "gpu_hours": 0.04358834584554037
    },
    "28": {
      "val_acc": 0.4257,
      "gpu_hours": 0.04514575534396702
    },
    "29": {
      "val_acc": 0.4265,
      "gpu_hours": 0.046690180235438875
    }
  }
}