{
  "trial_number": 56,
  "params": {
    "lr": 0.003307211222418516,
    "weight_decay": 1.2100861687848863e-05,
    "batch_size": 64,
    "dropout": 0.4352468198873463,
    "optimizer": "Adam",
    "scheduler": "step",
    "model": "resnet34"
  },
  "best_val_acc": 0.9058,
  "total_gpu_hours": 0.23545589500003392,
  "slurm_task": 24,
  "parallel_workers": 40,
  "sampler": "tpe",
  "dataset": "cifar10",
  "device": "cuda",
  "accuracy_thresholds": {
    "gpu_h_to_80pct": 0.07895876049995422,
    "gpu_h_to_85pct": 0.09463799277941386,
    "gpu_h_to_90pct": 0.16518753329912822
  },
  "accuracy_curve": {
    "0": {
      "val_acc": 0.4075,
      "gpu_hours": 0.008363265991210938
    },
    "1": {
      "val_acc": 0.5217,
      "gpu_hours": 0.016203079422314963
    },
    "2": {
      "val_acc": 0.5726,
      "gpu_hours": 0.024042407472928365
    },
    "3": {
      "val_acc": 0.6193,
      "gpu_hours": 0.031885887848006354
    },
    "4": {
      "val_acc": 0.7235,
      "gpu_hours": 0.0397296557823817
    },
    "5": {
      "val_acc": 0.7333,
      "gpu_hours": 0.047571368747287325
    },
    "6": {
      "val_acc": 0.7636,
      "gpu_hours": 0.0554118643866645
    },
    "7": {
      "val_acc": 0.7943,
      "gpu_hours": 0.06326110164324443
    },
    "8": {
      "val_acc": 0.788,
      "gpu_hours": 0.07111197458373175
    },
    "9": {
      "val_acc": 0.8175,
      "gpu_hours": 0.07895876049995422
    },
    "10": {
      "val_acc": 0.8448,
      "gpu_hours": 0.08679715434710185
    },
    "11": {
      "val_acc": 0.8536,
      "gpu_hours": 0.09463799277941386
    },
    "12": {
      "val_acc": 0.8624,
      "gpu_hours": 0.10247245397832659
    },
    "13": {
      "val_acc": 0.873,
      "gpu_hours": 0.11032336976793078
    },
    "14": {
      "val_acc": 0.8598,
      "gpu_hours": 0.11816036469406552
    },
    "15": {
      "val_acc": 0.8639,
      "gpu_hours": 0.12601233773761325
    },
    "16": {
      "val_acc": 0.8772,
      "gpu_hours": 0.1338566548956765
    },
    "17": {
      "val_acc": 0.8747,
      "gpu_hours": 0.1417111048433516
    },
    "18": {
      "val_acc": 0.8828,
      "gpu_hours": 0.149558121893141
    },
    "19": {
      "val_acc": 0.8826,
      "gpu_hours": 0.15737637446986305
    },
    "20": {
      "val_acc": 0.9014,
      "gpu_hours": 0.16518753329912822
    },
    "21": {
      "val_acc": 0.8949,
      "gpu_hours": 0.17298788938257428
    },
    "22": {
      "val_acc": 0.8976,
      "gpu_hours": 0.18079497575759887
    },
    "23": {
      "val_acc": 0.901,
      "gpu_hours": 0.1886031068695916
    },
    "24": {
      "val_acc": 0.9019,
      "gpu_hours": 0.19641211092472077
    },
    "25": {
      "val_acc": 0.9008,
      "gpu_hours": 0.20421365062395733
    },
    "26": {
      "val_acc": 0.9035,
      "gpu_hours": 0.21202221824063194
    },
    "27": {
      "val_acc": 0.9013,
      "gpu_hours": 0.21982921600341798
    },
    "28": {
      "val_acc": 0.9058,
      "gpu_hours": 0.22762722935941485
    },
    "29": {
      "val_acc": 0.9026,
      "gpu_hours": 0.23542647182941437
    }
  }
}