{
  "trial_number": 46,
  "params": {
    "lr": 0.0008179499475211679,
    "weight_decay": 0.0001256104370001356,
    "batch_size": 256,
    "dropout": 0.06974693032602092,
    "optimizer": "AdamW",
    "scheduler": "cosine",
    "model": "efficientnet_b0"
  },
  "best_val_acc": 0.7726,
  "total_gpu_hours": 0.039518021411365935,
  "slurm_task": 27,
  "parallel_workers": 40,
  "sampler": "tpe",
  "dataset": "cifar10",
  "device": "cuda",
  "accuracy_thresholds": {},
  "accuracy_curve": {
    "0": {
      "val_acc": 0.3734,
      "gpu_hours": 0.0016484342681037055
    },
    "1": {
      "val_acc": 0.4683,
      "gpu_hours": 0.00296585480372111
    },
    "2": {
      "val_acc": 0.5236,
      "gpu_hours": 0.004268647366099888
    },
    "3": {
      "val_acc": 0.5697,
      "gpu_hours": 0.005564065178235372
    },
    "4": {
      "val_acc": 0.5881,
      "gpu_hours": 0.0069913748237821795
    },
    "5": {
      "val_acc": 0.6115,
      "gpu_hours": 0.008298263549804688
    },
    "6": {
      "val_acc": 0.6375,
      "gpu_hours": 0.009593158827887641
    },
    "7": {
      "val_acc": 0.6582,
      "gpu_hours": 0.010898549159367879
    },
    "8": {
      "val_acc": 0.6775,
      "gpu_hours": 0.012211017211278279
    },
    "9": {
      "val_acc": 0.6821,
      "gpu_hours": 0.013503840963045756
    },
    "10": {
      "val_acc": 0.6954,
      "gpu_hours": 0.014810787439346313
    },
    "11": {
      "val_acc": 0.71,
      "gpu_hours": 0.016112234393755594
    },
    "12": {
      "val_acc": 0.723,
      "gpu_hours": 0.01741267356607649
    },
    "13": {
      "val_acc": 0.7247,
      "gpu_hours": 0.018712097803751628
    },
    "14": {
      "val_acc": 0.7415,
      "gpu_hours": 0.020005207856496177
    },
    "15": {
      "val_acc": 0.7394,
      "gpu_hours": 0.02129664116435581
    },
    "16": {
      "val_acc": 0.7425,
      "gpu_hours": 0.022614738610055713
    },
    "17": {
      "val_acc": 0.7534,
      "gpu_hours": 0.02391429775291019
    },
    "18": {
      "val_acc": 0.7586,
      "gpu_hours": 0.025210282802581786
    },
    "19": {
      "val_acc": 0.7599,
      "gpu_hours": 0.026505255699157716
    },
    "20": {
      "val_acc": 0.7584,
      "gpu_hours": 0.027806243697802227
    },
    "21": {
      "val_acc": 0.7662,
      "gpu_hours": 0.02912906010945638
    },
    "22": {
      "val_acc": 0.7678,
      "gpu_hours": 0.03041530152161916
    },
    "23": {
      "val_acc": 0.7687,
      "gpu_hours": 0.03170148968696594
    },
    "24": {
      "val_acc": 0.7697,
      "gpu_hours": 0.03299523240990109
    },
    "25": {
      "val_acc": 0.7694,
      "gpu_hours": 0.034278842806816104
    },
    "26": {
      "val_acc": 0.7711,
      "gpu_hours": 0.035574584669537015
    },
    "27": {
      "val_acc": 0.7726,
      "gpu_hours": 0.03687403327888913
    },
    "28": {
      "val_acc": 0.7696,
      "gpu_hours": 0.0381982915269004
    },
    "29": {
      "val_acc": 0.7716,
      "gpu_hours": 0.039490452739927503
    }
  }
}