{
  "trial_number": 64,
  "params": {
    "lr": 0.0005009212547611761,
    "weight_decay": 5.889841796829429e-05,
    "batch_size": 256,
    "dropout": 0.09615410291661868,
    "optimizer": "AdamW",
    "scheduler": "cosine",
    "model": "efficientnet_b0"
  },
  "best_val_acc": 0.7415,
  "total_gpu_hours": 0.07734487069977654,
  "slurm_task": 2,
  "parallel_workers": 40,
  "sampler": "tpe",
  "dataset": "cifar10",
  "device": "cuda",
  "accuracy_thresholds": {},
  "accuracy_curve": {
    "0": {
      "val_acc": 0.2725,
      "gpu_hours": 0.0030009906159506904
    },
    "1": {
      "val_acc": 0.3983,
      "gpu_hours": 0.005558611088328892
    },
    "2": {
      "val_acc": 0.4791,
      "gpu_hours": 0.008121397561497158
    },
    "3": {
      "val_acc": 0.5215,
      "gpu_hours": 0.010677570170826382
    },
    "4": {
      "val_acc": 0.559,
      "gpu_hours": 0.013243626687261794
    },
    "5": {
      "val_acc": 0.5924,
      "gpu_hours": 0.01580273542139265
    },
    "6": {
      "val_acc": 0.6057,
      "gpu_hours": 0.018365538120269774
    },
    "7": {
      "val_acc": 0.6288,
      "gpu_hours": 0.020922753943337334
    },
    "8": {
      "val_acc": 0.6485,
      "gpu_hours": 0.023468289110395644
    },
    "9": {
      "val_acc": 0.6522,
      "gpu_hours": 0.02602072921064165
    },
    "10": {
      "val_acc": 0.6675,
      "gpu_hours": 0.028580907185872396
    },
    "11": {
      "val_acc": 0.6723,
      "gpu_hours": 0.031136969327926634
    },
    "12": {
      "val_acc": 0.6865,
      "gpu_hours": 0.033689113789134556
    },
    "13": {
      "val_acc": 0.6882,
      "gpu_hours": 0.03625159111287859
    },
    "14": {
      "val_acc": 0.6947,
      "gpu_hours": 0.038816830714543664
    },
    "15": {
      "val_acc": 0.7034,
      "gpu_hours": 0.0414088233311971
    },
    "16": {
      "val_acc": 0.7093,
      "gpu_hours": 0.04397439115577274
    },
    "17": {
      "val_acc": 0.7152,
      "gpu_hours": 0.046535611616240605
    },
    "18": {
      "val_acc": 0.722,
      "gpu_hours": 0.049095763365427654
    },
    "19": {
      "val_acc": 0.7275,
      "gpu_hours": 0.0516520920726988
    },
    "20": {
      "val_acc": 0.7294,
      "gpu_hours": 0.05421973592705197
    },
    "21": {
      "val_acc": 0.731,
      "gpu_hours": 0.05677333109908634
    },
    "22": {
      "val_acc": 0.7325,
      "gpu_hours": 0.05938938683933682
    },
    "23": {
      "val_acc": 0.7369,
      "gpu_hours": 0.061957057846917046
    },
    "24": {
      "val_acc": 0.7362,
      "gpu_hours": 0.06451822499434154
    },
    "25": {
      "val_acc": 0.7394,
      "gpu_hours": 0.06707595937781864
    },
    "26": {
      "val_acc": 0.7385,
      "gpu_hours": 0.06964476472801633
    },
    "27": {
      "val_acc": 0.7394,
      "gpu_hours": 0.07219901303450267
    },
    "28": {
      "val_acc": 0.7415,
      "gpu_hours": 0.07475810799333785
    },
    "29": {
      "val_acc": 0.7405,
      "gpu_hours": 0.07731871253914303
    }
  }
}