{
  "trial_number": 62,
  "params": {
    "lr": 0.0005009212547611761,
    "weight_decay": 7.19224412537991e-05,
    "batch_size": 256,
    "dropout": 0.0930912677909104,
    "optimizer": "AdamW",
    "scheduler": "cosine",
    "model": "efficientnet_b0"
  },
  "best_val_acc": 0.7358,
  "total_gpu_hours": 0.0774297571182251,
  "slurm_task": 16,
  "parallel_workers": 40,
  "sampler": "tpe",
  "dataset": "cifar10",
  "device": "cuda",
  "accuracy_thresholds": {},
  "accuracy_curve": {
    "0": {
      "val_acc": 0.2547,
      "gpu_hours": 0.003020048009024726
    },
    "1": {
      "val_acc": 0.3984,
      "gpu_hours": 0.0055764949321746825
    },
    "2": {
      "val_acc": 0.4757,
      "gpu_hours": 0.008125608960787456
    },
    "3": {
      "val_acc": 0.5272,
      "gpu_hours": 0.01068392899301317
    },
    "4": {
      "val_acc": 0.5607,
      "gpu_hours": 0.01324409438504113
    },
    "5": {
      "val_acc": 0.5772,
      "gpu_hours": 0.015831193327903746
    },
    "6": {
      "val_acc": 0.601,
      "gpu_hours": 0.01840261095099979
    },
    "7": {
      "val_acc": 0.6198,
      "gpu_hours": 0.0209781817595164
    },
    "8": {
      "val_acc": 0.6427,
      "gpu_hours": 0.02355284810066223
    },
    "9": {
      "val_acc": 0.6477,
      "gpu_hours": 0.02612484395503998
    },
    "10": {
      "val_acc": 0.6515,
      "gpu_hours": 0.028695237702793544
    },
    "11": {
      "val_acc": 0.6671,
      "gpu_hours": 0.03125783450073666
    },
    "12": {
      "val_acc": 0.6731,
      "gpu_hours": 0.03382151457998488
    },
    "13": {
      "val_acc": 0.69,
      "gpu_hours": 0.03640557196405199
    },
    "14": {
      "val_acc": 0.6948,
      "gpu_hours": 0.03897012154261271
    },
    "15": {
      "val_acc": 0.7009,
      "gpu_hours": 0.041539034379853144
    },
    "16": {
      "val_acc": 0.699,
      "gpu_hours": 0.04411289513111114
    },
    "17": {
      "val_acc": 0.7091,
      "gpu_hours": 0.046679026948081126
    },
    "18": {
      "val_acc": 0.7076,
      "gpu_hours": 0.0492601689365175
    },
    "19": {
      "val_acc": 0.72,
      "gpu_hours": 0.051832572354210744
    },
    "20": {
      "val_acc": 0.7228,
      "gpu_hours": 0.05438654628064897
    },
    "21": {
      "val_acc": 0.7274,
      "gpu_hours": 0.056948372191852996
    },
    "22": {
      "val_acc": 0.7299,
      "gpu_hours": 0.05951818770832486
    },
    "23": {
      "val_acc": 0.7306,
      "gpu_hours": 0.06207824766635895
    },
    "24": {
      "val_acc": 0.7315,
      "gpu_hours": 0.06464244518015119
    },
    "25": {
      "val_acc": 0.7358,
      "gpu_hours": 0.06720007181167603
    },
    "26": {
      "val_acc": 0.7296,
      "gpu_hours": 0.06974219308959113
    },
    "27": {
      "val_acc": 0.7352,
      "gpu_hours": 0.07229535473717584
    },
    "28": {
      "val_acc": 0.7328,
      "gpu_hours": 0.07485324422518412
    },
    "29": {
      "val_acc": 0.7336,
      "gpu_hours": 0.0774128778775533
    }
  }
}