{
  "trial_number": 110,
  "params": {
    "lr": 0.00030778908702479735,
    "weight_decay": 0.0009520145760425403,
    "batch_size": 64,
    "dropout": 0.483768217188109,
    "optimizer": "Adam",
    "scheduler": "plateau",
    "model": "resnet18"
  },
  "best_val_acc": 0.8801,
  "total_gpu_hours": 0.04744843324025472,
  "slurm_task": 30,
  "parallel_workers": 40,
  "sampler": "tpe",
  "dataset": "cifar10",
  "device": "cuda",
  "accuracy_thresholds": {
    "gpu_h_to_80pct": 0.009730098048845927,
    "gpu_h_to_85pct": 0.009730098048845927
  },
  "accuracy_curve": {
    "0": {
      "val_acc": 0.5677,
      "gpu_hours": 0.0018777140643861559
    },
    "1": {
      "val_acc": 0.653,
      "gpu_hours": 0.003460562758975559
    },
    "2": {
      "val_acc": 0.6394,
      "gpu_hours": 0.005007082422574361
    },
    "3": {
      "val_acc": 0.6395,
      "gpu_hours": 0.006567051410675049
    },
    "4": {
      "val_acc": 0.744,
      "gpu_hours": 0.008152343961927625
    },
    "5": {
      "val_acc": 0.8506,
      "gpu_hours": 0.009730098048845927
    },
    "6": {
      "val_acc": 0.8591,
      "gpu_hours": 0.011286618643336827
    },
    "7": {
      "val_acc": 0.8628,
      "gpu_hours": 0.012864179876115586
    },
    "8": {
      "val_acc": 0.865,
      "gpu_hours": 0.014426263040966458
    },
    "9": {
      "val_acc": 0.8755,
      "gpu_hours": 0.01596952610545688
    },
    "10": {
      "val_acc": 0.8782,
      "gpu_hours": 0.017540043791135152
    },
    "11": {
      "val_acc": 0.8777,
      "gpu_hours": 0.019111350973447162
    },
    "12": {
      "val_acc": 0.8775,
      "gpu_hours": 0.020695631172921922
    },
    "13": {
      "val_acc": 0.8775,
      "gpu_hours": 0.02224491947227054
    },
    "14": {
      "val_acc": 0.8782,
      "gpu_hours": 0.02380443784925673
    },
    "15": {
      "val_acc": 0.8799,
      "gpu_hours": 0.02535319056775835
    },
    "16": {
      "val_acc": 0.8775,
      "gpu_hours": 0.02690693199634552
    },
    "17": {
      "val_acc": 0.8786,
      "gpu_hours": 0.028501945800251432
    },
    "18": {
      "val_acc": 0.8773,
      "gpu_hours": 0.0300631629758411
    },
    "19": {
      "val_acc": 0.8791,
      "gpu_hours": 0.03163848088847266
    },
    "20": {
      "val_acc": 0.8801,
      "gpu_hours": 0.03322782046265072
    },
    "21": {
      "val_acc": 0.8785,
      "gpu_hours": 0.034804316229290436
    },
    "22": {
      "val_acc": 0.8779,
      "gpu_hours": 0.03639801058504317
    },
    "23": {
      "val_acc": 0.876,
      "gpu_hours": 0.03797424508465661
    },
    "24": {
      "val_acc": 0.8791,
      "gpu_hours": 0.039564969142278035
    },
    "25": {
      "val_acc": 0.8785,
      "gpu_hours": 0.04116329623593224
    },
    "26": {
      "val_acc": 0.8785,
      "gpu_hours": 0.04272642883989546
    },
    "27": {
      "val_acc": 0.8774,
      "gpu_hours": 0.04430999630027347
    },
    "28": {
      "val_acc": 0.8777,
      "gpu_hours": 0.045871931049558855
    },
    "29": {
      "val_acc": 0.8795,
      "gpu_hours": 0.04741866125000848
    }
  }
}