{
  "trial_number": 44,
  "params": {
    "lr": 0.0008179499475211679,
    "weight_decay": 0.0001256104370001356,
    "batch_size": 256,
    "dropout": 0.06974693032602092,
    "optimizer": "AdamW",
    "scheduler": "cosine",
    "model": "efficientnet_b0"
  },
  "best_val_acc": 0.7814,
  "total_gpu_hours": 0.039540635810958014,
  "slurm_task": 33,
  "parallel_workers": 40,
  "sampler": "tpe",
  "dataset": "cifar10",
  "device": "cuda",
  "accuracy_thresholds": {},
  "accuracy_curve": {
    "0": {
      "val_acc": 0.3595,
      "gpu_hours": 0.0016538992193010117
    },
    "1": {
      "val_acc": 0.4522,
      "gpu_hours": 0.002965220544073317
    },
    "2": {
      "val_acc": 0.5337,
      "gpu_hours": 0.004266998569170634
    },
    "3": {
      "val_acc": 0.5679,
      "gpu_hours": 0.0055686481131447686
    },
    "4": {
      "val_acc": 0.6023,
      "gpu_hours": 0.006864462759759691
    },
    "5": {
      "val_acc": 0.6208,
      "gpu_hours": 0.008170319596926372
    },
    "6": {
      "val_acc": 0.6487,
      "gpu_hours": 0.009478239483303494
    },
    "7": {
      "val_acc": 0.6737,
      "gpu_hours": 0.010782641503545973
    },
    "8": {
      "val_acc": 0.686,
      "gpu_hours": 0.012091390358077155
    },
    "9": {
      "val_acc": 0.6974,
      "gpu_hours": 0.013405632111761306
    },
    "10": {
      "val_acc": 0.6976,
      "gpu_hours": 0.014722728861702812
    },
    "11": {
      "val_acc": 0.7193,
      "gpu_hours": 0.016021871897909375
    },
    "12": {
      "val_acc": 0.7263,
      "gpu_hours": 0.017324944138526917
    },
    "13": {
      "val_acc": 0.7378,
      "gpu_hours": 0.018625841405656603
    },
    "14": {
      "val_acc": 0.7433,
      "gpu_hours": 0.01993996500968933
    },
    "15": {
      "val_acc": 0.7526,
      "gpu_hours": 0.021235247717963323
    },
    "16": {
      "val_acc": 0.7553,
      "gpu_hours": 0.022533323764801026
    },
    "17": {
      "val_acc": 0.7646,
      "gpu_hours": 0.023836654822031657
    },
    "18": {
      "val_acc": 0.7662,
      "gpu_hours": 0.025141673154301113
    },
    "19": {
      "val_acc": 0.7703,
      "gpu_hours": 0.02643624034192827
    },
    "20": {
      "val_acc": 0.7707,
      "gpu_hours": 0.027738499840100607
    },
    "21": {
      "val_acc": 0.7666,
      "gpu_hours": 0.0290563174088796
    },
    "22": {
      "val_acc": 0.7786,
      "gpu_hours": 0.03034994131988949
    },
    "23": {
      "val_acc": 0.7806,
      "gpu_hours": 0.03166384524769253
    },
    "24": {
      "val_acc": 0.7783,
      "gpu_hours": 0.03296898239188724
    },
    "25": {
      "val_acc": 0.7796,
      "gpu_hours": 0.034274610413445365
    },
    "26": {
      "val_acc": 0.7814,
      "gpu_hours": 0.03558607955773672
    },
    "27": {
      "val_acc": 0.7811,
      "gpu_hours": 0.0369300326373842
    },
    "28": {
      "val_acc": 0.781,
      "gpu_hours": 0.03823612358835008
    },
    "29": {
      "val_acc": 0.7806,
      "gpu_hours": 0.03952315661642287
    }
  }
}