{
  "trial_number": 17,
  "params": {
    "lr": 0.0013292918943162175,
    "weight_decay": 0.006351221010640704,
    "batch_size": 64,
    "dropout": 0.07799726016810132,
    "optimizer": "Adam",
    "scheduler": "plateau",
    "model": "resnet18"
  },
  "best_val_acc": 0.4524,
  "total_gpu_hours": 0.04750949064890544,
  "slurm_task": 17,
  "parallel_workers": 40,
  "sampler": "tpe",
  "dataset": "cifar10",
  "device": "cuda",
  "accuracy_thresholds": {},
  "accuracy_curve": {
    "0": {
      "val_acc": 0.2171,
      "gpu_hours": 0.0021748792462878757
    },
    "1": {
      "val_acc": 0.2439,
      "gpu_hours": 0.0037716909249623618
    },
    "2": {
      "val_acc": 0.265,
      "gpu_hours": 0.005317192143864102
    },
    "3": {
      "val_acc": 0.2938,
      "gpu_hours": 0.0068854025999705
    },
    "4": {
      "val_acc": 0.3621,
      "gpu_hours": 0.0084463632106781
    },
    "5": {
      "val_acc": 0.4175,
      "gpu_hours": 0.010019219517707824
    },
    "6": {
      "val_acc": 0.4137,
      "gpu_hours": 0.011590294705496895
    },
    "7": {
      "val_acc": 0.4249,
      "gpu_hours": 0.013141656186845568
    },
    "8": {
      "val_acc": 0.4378,
      "gpu_hours": 0.014701457884576585
    },
    "9": {
      "val_acc": 0.4486,
      "gpu_hours": 0.016233534349335565
    },
    "10": {
      "val_acc": 0.4451,
      "gpu_hours": 0.017804295751783585
    },
    "11": {
      "val_acc": 0.4469,
      "gpu_hours": 0.019351346095403035
    },
    "12": {
      "val_acc": 0.4459,
      "gpu_hours": 0.02090653704272376
    },
    "13": {
      "val_acc": 0.4498,
      "gpu_hours": 0.022459203203519185
    },
    "14": {
      "val_acc": 0.4501,
      "gpu_hours": 0.024021328820122614
    },
    "15": {
      "val_acc": 0.4436,
      "gpu_hours": 0.025582006176312764
    },
    "16": {
      "val_acc": 0.4499,
      "gpu_hours": 0.027133987545967103
    },
    "17": {
      "val_acc": 0.4506,
      "gpu_hours": 0.028708830542034575
    },
    "18": {
      "val_acc": 0.4484,
      "gpu_hours": 0.03026474674542745
    },
    "19": {
      "val_acc": 0.452,
      "gpu_hours": 0.031838034523857965
    },
    "20": {
      "val_acc": 0.45,
      "gpu_hours": 0.03340902745723724
    },
    "21": {
      "val_acc": 0.4474,
      "gpu_hours": 0.03496257225672404
    },
    "22": {
      "val_acc": 0.4504,
      "gpu_hours": 0.03653805739349789
    },
    "23": {
      "val_acc": 0.4485,
      "gpu_hours": 0.03809271944893731
    },
    "24": {
      "val_acc": 0.4492,
      "gpu_hours": 0.039642791946729025
    },
    "25": {
      "val_acc": 0.447,
      "gpu_hours": 0.041192164950900605
    },
    "26": {
      "val_acc": 0.4509,
      "gpu_hours": 0.042746667000982494
    },
    "27": {
      "val_acc": 0.4509,
      "gpu_hours": 0.04430414272679223
    },
    "28": {
      "val_acc": 0.4524,
      "gpu_hours": 0.04588812841309441
    },
    "29": {
      "val_acc": 0.452,
      "gpu_hours": 0.047451798054907054
    }
  }
}