{
  "trial_number": 135,
  "params": {
    "lr": 0.00031985485797356487,
    "weight_decay": 1.094459982080603e-06,
    "batch_size": 64,
    "dropout": 0.0014947655771936717,
    "optimizer": "Adam",
    "scheduler": "step",
    "model": "resnet34"
  },
  "best_val_acc": 0.9158,
  "total_gpu_hours": 0.23589000390635598,
  "slurm_task": 12,
  "parallel_workers": 40,
  "sampler": "tpe",
  "dataset": "cifar10",
  "device": "cuda",
  "accuracy_thresholds": {
    "gpu_h_to_80pct": 0.04782279107305739,
    "gpu_h_to_85pct": 0.07131693568494585,
    "gpu_h_to_90pct": 0.14968382133377922
  },
  "accuracy_curve": {
    "0": {
      "val_acc": 0.4599,
      "gpu_hours": 0.008569232556555006
    },
    "1": {
      "val_acc": 0.6967,
      "gpu_hours": 0.016418329212400648
    },
    "2": {
      "val_acc": 0.7521,
      "gpu_hours": 0.024268666638268366
    },
    "3": {
      "val_acc": 0.7506,
      "gpu_hours": 0.03211669809288449
    },
    "4": {
      "val_acc": 0.7856,
      "gpu_hours": 0.03997980150911543
    },
    "5": {
      "val_acc": 0.8194,
      "gpu_hours": 0.04782279107305739
    },
    "6": {
      "val_acc": 0.8407,
      "gpu_hours": 0.05565985653135511
    },
    "7": {
      "val_acc": 0.849,
      "gpu_hours": 0.06349474602275425
    },
    "8": {
      "val_acc": 0.8502,
      "gpu_hours": 0.07131693568494585
    },
    "9": {
      "val_acc": 0.8717,
      "gpu_hours": 0.0791418930557039
    },
    "10": {
      "val_acc": 0.8877,
      "gpu_hours": 0.08698463042577108
    },
    "11": {
      "val_acc": 0.8792,
      "gpu_hours": 0.09482480400138431
    },
    "12": {
      "val_acc": 0.8905,
      "gpu_hours": 0.10267578648196327
    },
    "13": {
      "val_acc": 0.8965,
      "gpu_hours": 0.1105236013730367
    },
    "14": {
      "val_acc": 0.8939,
      "gpu_hours": 0.11835642198721567
    },
    "15": {
      "val_acc": 0.8938,
      "gpu_hours": 0.12619338618384468
    },
    "16": {
      "val_acc": 0.892,
      "gpu_hours": 0.13402643144130708
    },
    "17": {
      "val_acc": 0.8987,
      "gpu_hours": 0.14185665766398112
    },
    "18": {
      "val_acc": 0.9033,
      "gpu_hours": 0.14968382133377922
    },
    "19": {
      "val_acc": 0.9025,
      "gpu_hours": 0.15751439074675241
    },
    "20": {
      "val_acc": 0.911,
      "gpu_hours": 0.16534259286191727
    },
    "21": {
      "val_acc": 0.9079,
      "gpu_hours": 0.17316022641128964
    },
    "22": {
      "val_acc": 0.9097,
      "gpu_hours": 0.18098339988125695
    },
    "23": {
      "val_acc": 0.9133,
      "gpu_hours": 0.18880209936036005
    },
    "24": {
      "val_acc": 0.9147,
      "gpu_hours": 0.19661946303314634
    },
    "25": {
      "val_acc": 0.9084,
      "gpu_hours": 0.20450264427396986
    },
    "26": {
      "val_acc": 0.9134,
      "gpu_hours": 0.21233567264344957
    },
    "27": {
      "val_acc": 0.9127,
      "gpu_hours": 0.22017741282780964
    },
    "28": {
      "val_acc": 0.9072,
      "gpu_hours": 0.22801709963215722
    },
    "29": {
      "val_acc": 0.9158,
      "gpu_hours": 0.23584618912802802
    }
  }
}