{
  "trial_number": 132,
  "params": {
    "lr": 0.00031985485797356487,
    "weight_decay": 1.094459982080603e-06,
    "batch_size": 64,
    "dropout": 0.340793912768625,
    "optimizer": "Adam",
    "scheduler": "step",
    "model": "resnet34"
  },
  "best_val_acc": 0.9151,
  "total_gpu_hours": 0.2355238535006841,
  "slurm_task": 10,
  "parallel_workers": 40,
  "sampler": "tpe",
  "dataset": "cifar10",
  "device": "cuda",
  "accuracy_thresholds": {
    "gpu_h_to_80pct": 0.039987295269966125,
    "gpu_h_to_85pct": 0.07908836192554898,
    "gpu_h_to_90pct": 0.11035759813255734
  },
  "accuracy_curve": {
    "0": {
      "val_acc": 0.482,
      "gpu_hours": 0.008616752558284336
    },
    "1": {
      "val_acc": 0.6675,
      "gpu_hours": 0.016480565998289322
    },
    "2": {
      "val_acc": 0.768,
      "gpu_hours": 0.024313811659812928
    },
    "3": {
      "val_acc": 0.7934,
      "gpu_hours": 0.03215395304891798
    },
    "4": {
      "val_acc": 0.8019,
      "gpu_hours": 0.039987295269966125
    },
    "5": {
      "val_acc": 0.8275,
      "gpu_hours": 0.04781087259451548
    },
    "6": {
      "val_acc": 0.8332,
      "gpu_hours": 0.05563085330857171
    },
    "7": {
      "val_acc": 0.8356,
      "gpu_hours": 0.06344987604353163
    },
    "8": {
      "val_acc": 0.8498,
      "gpu_hours": 0.07126449114746518
    },
    "9": {
      "val_acc": 0.8632,
      "gpu_hours": 0.07908836192554898
    },
    "10": {
      "val_acc": 0.8892,
      "gpu_hours": 0.086907908850246
    },
    "11": {
      "val_acc": 0.8851,
      "gpu_hours": 0.09471925384468502
    },
    "12": {
      "val_acc": 0.8928,
      "gpu_hours": 0.10254224651389651
    },
    "13": {
      "val_acc": 0.9019,
      "gpu_hours": 0.11035759813255734
    },
    "14": {
      "val_acc": 0.8928,
      "gpu_hours": 0.11818619747956594
    },
    "15": {
      "val_acc": 0.8915,
      "gpu_hours": 0.125997177362442
    },
    "16": {
      "val_acc": 0.8974,
      "gpu_hours": 0.13381542444229125
    },
    "17": {
      "val_acc": 0.8985,
      "gpu_hours": 0.14162625981701746
    },
    "18": {
      "val_acc": 0.9004,
      "gpu_hours": 0.14944316731558907
    },
    "19": {
      "val_acc": 0.9031,
      "gpu_hours": 0.15726917412545946
    },
    "20": {
      "val_acc": 0.9082,
      "gpu_hours": 0.1650995546579361
    },
    "21": {
      "val_acc": 0.9118,
      "gpu_hours": 0.17290621803866493
    },
    "22": {
      "val_acc": 0.9119,
      "gpu_hours": 0.18072653637992012
    },
    "23": {
      "val_acc": 0.911,
      "gpu_hours": 0.18853782561090257
    },
    "24": {
      "val_acc": 0.9151,
      "gpu_hours": 0.19636238263712988
    },
    "25": {
      "val_acc": 0.913,
      "gpu_hours": 0.20422720942232345
    },
    "26": {
      "val_acc": 0.9091,
      "gpu_hours": 0.21204295575618745
    },
    "27": {
      "val_acc": 0.9102,
      "gpu_hours": 0.21986888282828862
    },
    "28": {
      "val_acc": 0.9119,
      "gpu_hours": 0.2276863819360733
    },
    "29": {
      "val_acc": 0.9112,
      "gpu_hours": 0.23550070179833307
    }
  }
}