{
  "trial_number": 0,
  "params": {
    "lr": 0.0013292918943162175,
    "weight_decay": 0.006351221010640704,
    "batch_size": 64,
    "dropout": 0.07799726016810132,
    "optimizer": "Adam",
    "scheduler": "plateau",
    "model": "resnet18"
  },
  "best_val_acc": 0.4526,
  "total_gpu_hours": 0.13450065169069503,
  "slurm_task": 23,
  "parallel_workers": 40,
  "sampler": "tpe",
  "dataset": "cifar10",
  "device": "cuda",
  "accuracy_thresholds": {},
  "accuracy_curve": {
    "0": {
      "val_acc": 0.278,
      "gpu_hours": 0.005111435055732727
    },
    "1": {
      "val_acc": 0.155,
      "gpu_hours": 0.009578678674168057
    },
    "2": {
      "val_acc": 0.3158,
      "gpu_hours": 0.014052378601498074
    },
    "3": {
      "val_acc": 0.3286,
      "gpu_hours": 0.01851850767930349
    },
    "4": {
      "val_acc": 0.2114,
      "gpu_hours": 0.023027997944090103
    },
    "5": {
      "val_acc": 0.3108,
      "gpu_hours": 0.02749158846007453
    },
    "6": {
      "val_acc": 0.4159,
      "gpu_hours": 0.03194053709506989
    },
    "7": {
      "val_acc": 0.4136,
      "gpu_hours": 0.03639546381102668
    },
    "8": {
      "val_acc": 0.4469,
      "gpu_hours": 0.040855744613541495
    },
    "9": {
      "val_acc": 0.4262,
      "gpu_hours": 0.04531974077224731
    },
    "10": {
      "val_acc": 0.4405,
      "gpu_hours": 0.04977234390046861
    },
    "11": {
      "val_acc": 0.4408,
      "gpu_hours": 0.054235772490501405
    },
    "12": {
      "val_acc": 0.4478,
      "gpu_hours": 0.05870471669567956
    },
    "13": {
      "val_acc": 0.445,
      "gpu_hours": 0.06315668013360765
    },
    "14": {
      "val_acc": 0.442,
      "gpu_hours": 0.06761277185546027
    },
    "15": {
      "val_acc": 0.4496,
      "gpu_hours": 0.07207714544402229
    },
    "16": {
      "val_acc": 0.4473,
      "gpu_hours": 0.07653966989782121
    },
    "17": {
      "val_acc": 0.4466,
      "gpu_hours": 0.08100465906990899
    },
    "18": {
      "val_acc": 0.4518,
      "gpu_hours": 0.08547398534086015
    },
    "19": {
      "val_acc": 0.4467,
      "gpu_hours": 0.0899264880683687
    },
    "20": {
      "val_acc": 0.4514,
      "gpu_hours": 0.0943748602602217
    },
    "21": {
      "val_acc": 0.4477,
      "gpu_hours": 0.09882737663057116
    },
    "22": {
      "val_acc": 0.4493,
      "gpu_hours": 0.1032839701573054
    },
    "23": {
      "val_acc": 0.4507,
      "gpu_hours": 0.10773400644461315
    },
    "24": {
      "val_acc": 0.4466,
      "gpu_hours": 0.11218316667609744
    },
    "25": {
      "val_acc": 0.4526,
      "gpu_hours": 0.11665088719791836
    },
    "26": {
      "val_acc": 0.45,
      "gpu_hours": 0.12111175583468543
    },
    "27": {
      "val_acc": 0.4464,
      "gpu_hours": 0.12557556218571134
    },
    "28": {
      "val_acc": 0.4486,
      "gpu_hours": 0.13003139774004618
    },
    "29": {
      "val_acc": 0.4503,
      "gpu_hours": 0.13447796205679577
    }
  }
}