{
  "trial_number": 47,
  "params": {
    "lr": 0.013433346773817377,
    "weight_decay": 0.0011312854437890857,
    "batch_size": 64,
    "dropout": 0.21622561602793028,
    "optimizer": "Adam",
    "scheduler": "plateau",
    "model": "resnet18"
  },
  "best_val_acc": 0.5787,
  "total_gpu_hours": 0.13361875712871552,
  "slurm_task": 5,
  "parallel_workers": 40,
  "sampler": "tpe",
  "dataset": "cifar10",
  "device": "cuda",
  "accuracy_thresholds": {},
  "accuracy_curve": {
    "0": {
      "val_acc": 0.1,
      "gpu_hours": 0.004898769126998053
    },
    "1": {
      "val_acc": 0.2743,
      "gpu_hours": 0.009337299201223585
    },
    "2": {
      "val_acc": 0.2699,
      "gpu_hours": 0.01376212583647834
    },
    "3": {
      "val_acc": 0.3176,
      "gpu_hours": 0.018199709587626987
    },
    "4": {
      "val_acc": 0.239,
      "gpu_hours": 0.02264798680941264
    },
    "5": {
      "val_acc": 0.4346,
      "gpu_hours": 0.027083865933948095
    },
    "6": {
      "val_acc": 0.4878,
      "gpu_hours": 0.03150577200783623
    },
    "7": {
      "val_acc": 0.5082,
      "gpu_hours": 0.035948486990398834
    },
    "8": {
      "val_acc": 0.5296,
      "gpu_hours": 0.04037409272458818
    },
    "9": {
      "val_acc": 0.5538,
      "gpu_hours": 0.04480237066745758
    },
    "10": {
      "val_acc": 0.562,
      "gpu_hours": 0.04924046158790588
    },
    "11": {
      "val_acc": 0.5653,
      "gpu_hours": 0.05366906570063697
    },
    "12": {
      "val_acc": 0.5722,
      "gpu_hours": 0.05809494800037808
    },
    "13": {
      "val_acc": 0.5749,
      "gpu_hours": 0.0625372995932897
    },
    "14": {
      "val_acc": 0.5744,
      "gpu_hours": 0.06696341865592532
    },
    "15": {
      "val_acc": 0.5751,
      "gpu_hours": 0.07141899327437083
    },
    "16": {
      "val_acc": 0.5787,
      "gpu_hours": 0.07586955593691933
    },
    "17": {
      "val_acc": 0.574,
      "gpu_hours": 0.08030045416620042
    },
    "18": {
      "val_acc": 0.5771,
      "gpu_hours": 0.08473373260762956
    },
    "19": {
      "val_acc": 0.5754,
      "gpu_hours": 0.08917275998327467
    },
    "20": {
      "val_acc": 0.577,
      "gpu_hours": 0.09361434366967943
    },
    "21": {
      "val_acc": 0.576,
      "gpu_hours": 0.09805270910263061
    },
    "22": {
      "val_acc": 0.5759,
      "gpu_hours": 0.1024877460135354
    },
    "23": {
      "val_acc": 0.5756,
      "gpu_hours": 0.10696189728048112
    },
    "24": {
      "val_acc": 0.5772,
      "gpu_hours": 0.11140868975056542
    },
    "25": {
      "val_acc": 0.5762,
      "gpu_hours": 0.11585408555136786
    },
    "26": {
      "val_acc": 0.5764,
      "gpu_hours": 0.12027732478247749
    },
    "27": {
      "val_acc": 0.5769,
      "gpu_hours": 0.12471556431717343
    },
    "28": {
      "val_acc": 0.5768,
      "gpu_hours": 0.12916099097993639
    },
    "29": {
      "val_acc": 0.578,
      "gpu_hours": 0.1335980537864897
    }
  }
}