{
  "trial_number": 66,
  "params": {
    "lr": 0.0008938707935445002,
    "weight_decay": 0.00012233636325671756,
    "batch_size": 256,
    "dropout": 0.0930912677909104,
    "optimizer": "AdamW",
    "scheduler": "cosine",
    "model": "efficientnet_b0"
  },
  "best_val_acc": 0.7923,
  "total_gpu_hours": 0.07699870831436581,
  "slurm_task": 10,
  "parallel_workers": 40,
  "sampler": "tpe",
  "dataset": "cifar10",
  "device": "cuda",
  "accuracy_thresholds": {},
  "accuracy_curve": {
    "0": {
      "val_acc": 0.3628,
      "gpu_hours": 0.0030181811253229777
    },
    "1": {
      "val_acc": 0.4626,
      "gpu_hours": 0.005573497149679396
    },
    "2": {
      "val_acc": 0.5215,
      "gpu_hours": 0.008112062149577671
    },
    "3": {
      "val_acc": 0.5819,
      "gpu_hours": 0.010668464369244046
    },
    "4": {
      "val_acc": 0.5948,
      "gpu_hours": 0.013230167759789361
    },
    "5": {
      "val_acc": 0.6243,
      "gpu_hours": 0.015785522196027968
    },
    "6": {
      "val_acc": 0.6645,
      "gpu_hours": 0.01832518955071767
    },
    "7": {
      "val_acc": 0.6835,
      "gpu_hours": 0.020875342157151963
    },
    "8": {
      "val_acc": 0.6945,
      "gpu_hours": 0.02341139919228024
    },
    "9": {
      "val_acc": 0.7046,
      "gpu_hours": 0.0259417102071974
    },
    "10": {
      "val_acc": 0.7204,
      "gpu_hours": 0.028471936649746364
    },
    "11": {
      "val_acc": 0.7197,
      "gpu_hours": 0.03101819588078393
    },
    "12": {
      "val_acc": 0.7338,
      "gpu_hours": 0.03357308109601339
    },
    "13": {
      "val_acc": 0.7481,
      "gpu_hours": 0.03612775895330641
    },
    "14": {
      "val_acc": 0.752,
      "gpu_hours": 0.0386996512942844
    },
    "15": {
      "val_acc": 0.7545,
      "gpu_hours": 0.0412520702679952
    },
    "16": {
      "val_acc": 0.7607,
      "gpu_hours": 0.043806724084748165
    },
    "17": {
      "val_acc": 0.763,
      "gpu_hours": 0.04638159732023875
    },
    "18": {
      "val_acc": 0.7731,
      "gpu_hours": 0.04895208974679311
    },
    "19": {
      "val_acc": 0.7746,
      "gpu_hours": 0.05150631891356574
    },
    "20": {
      "val_acc": 0.7807,
      "gpu_hours": 0.05405363745159573
    },
    "21": {
      "val_acc": 0.7799,
      "gpu_hours": 0.056610011127259996
    },
    "22": {
      "val_acc": 0.7807,
      "gpu_hours": 0.05915823181470235
    },
    "23": {
      "val_acc": 0.7833,
      "gpu_hours": 0.06169836593998803
    },
    "24": {
      "val_acc": 0.7883,
      "gpu_hours": 0.06425424377123515
    },
    "25": {
      "val_acc": 0.7883,
      "gpu_hours": 0.06681050949626499
    },
    "26": {
      "val_acc": 0.7912,
      "gpu_hours": 0.06936022950543298
    },
    "27": {
      "val_acc": 0.7889,
      "gpu_hours": 0.07190634648005167
    },
    "28": {
      "val_acc": 0.7907,
      "gpu_hours": 0.07445076372888353
    },
    "29": {
      "val_acc": 0.7923,
      "gpu_hours": 0.07697876897123125
    }
  }
}