{
  "trial_number": 71,
  "params": {
    "lr": 0.004613869908560445,
    "weight_decay": 0.002342658649714476,
    "batch_size": 256,
    "dropout": 0.11922331959433069,
    "optimizer": "AdamW",
    "scheduler": "step",
    "model": "resnet18"
  },
  "best_val_acc": 0.913,
  "total_gpu_hours": 0.11868982745541466,
  "slurm_task": 6,
  "parallel_workers": 40,
  "sampler": "tpe",
  "dataset": "cifar10",
  "device": "cuda",
  "accuracy_thresholds": {
    "gpu_h_to_80pct": 0.028082119557592603,
    "gpu_h_to_85pct": 0.04385887258582645,
    "gpu_h_to_90pct": 0.08322927488221063
  },
  "accuracy_curve": {
    "0": {
      "val_acc": 0.4861,
      "gpu_hours": 0.004434115555551317
    },
    "1": {
      "val_acc": 0.5358,
      "gpu_hours": 0.008381012015872531
    },
    "2": {
      "val_acc": 0.6521,
      "gpu_hours": 0.012325894435246785
    },
    "3": {
      "val_acc": 0.7256,
      "gpu_hours": 0.016272999975416397
    },
    "4": {
      "val_acc": 0.7479,
      "gpu_hours": 0.020221102833747864
    },
    "5": {
      "val_acc": 0.7738,
      "gpu_hours": 0.024147085812356736
    },
    "6": {
      "val_acc": 0.8104,
      "gpu_hours": 0.028082119557592603
    },
    "7": {
      "val_acc": 0.8075,
      "gpu_hours": 0.03203310092290242
    },
    "8": {
      "val_acc": 0.8423,
      "gpu_hours": 0.035992833177248634
    },
    "9": {
      "val_acc": 0.8214,
      "gpu_hours": 0.03992459025647905
    },
    "10": {
      "val_acc": 0.8691,
      "gpu_hours": 0.04385887258582645
    },
    "11": {
      "val_acc": 0.8816,
      "gpu_hours": 0.04778947552045187
    },
    "12": {
      "val_acc": 0.8815,
      "gpu_hours": 0.05172258423434364
    },
    "13": {
      "val_acc": 0.8899,
      "gpu_hours": 0.055658423105875654
    },
    "14": {
      "val_acc": 0.882,
      "gpu_hours": 0.05961027211613125
    },
    "15": {
      "val_acc": 0.8822,
      "gpu_hours": 0.0635421660873625
    },
    "16": {
      "val_acc": 0.8952,
      "gpu_hours": 0.06748187594943576
    },
    "17": {
      "val_acc": 0.8938,
      "gpu_hours": 0.07142637511094412
    },
    "18": {
      "val_acc": 0.8991,
      "gpu_hours": 0.07535848809613122
    },
    "19": {
      "val_acc": 0.89,
      "gpu_hours": 0.07929146018293169
    },
    "20": {
      "val_acc": 0.909,
      "gpu_hours": 0.08322927488221063
    },
    "21": {
      "val_acc": 0.9051,
      "gpu_hours": 0.08716749038961198
    },
    "22": {
      "val_acc": 0.9106,
      "gpu_hours": 0.09110391431384617
    },
    "23": {
      "val_acc": 0.907,
      "gpu_hours": 0.09504017571608225
    },
    "24": {
      "val_acc": 0.911,
      "gpu_hours": 0.09897936125596364
    },
    "25": {
      "val_acc": 0.9118,
      "gpu_hours": 0.10291626711686452
    },
    "26": {
      "val_acc": 0.9083,
      "gpu_hours": 0.10685580909252167
    },
    "27": {
      "val_acc": 0.911,
      "gpu_hours": 0.11080019222365485
    },
    "28": {
      "val_acc": 0.913,
      "gpu_hours": 0.11473906755447388
    },
    "29": {
      "val_acc": 0.9091,
      "gpu_hours": 0.11867699570126004
    }
  }
}