{
  "trial_number": 35,
  "params": {
    "lr": 0.0013292918943162175,
    "weight_decay": 0.006351221010640704,
    "batch_size": 64,
    "dropout": 0.07799726016810132,
    "optimizer": "Adam",
    "scheduler": "plateau",
    "model": "resnet18"
  },
  "best_val_acc": 0.4275,
  "total_gpu_hours": 0.0478989448149999,
  "slurm_task": 11,
  "parallel_workers": 40,
  "sampler": "tpe",
  "dataset": "cifar10",
  "device": "cuda",
  "accuracy_thresholds": {},
  "accuracy_curve": {
    "0": {
      "val_acc": 0.2822,
      "gpu_hours": 0.002483890520201789
    },
    "1": {
      "val_acc": 0.1924,
      "gpu_hours": 0.004078208141856723
    },
    "2": {
      "val_acc": 0.3206,
      "gpu_hours": 0.005633986526065403
    },
    "3": {
      "val_acc": 0.251,
      "gpu_hours": 0.0071825020180808176
    },
    "4": {
      "val_acc": 0.3005,
      "gpu_hours": 0.00874093254407247
    },
    "5": {
      "val_acc": 0.2681,
      "gpu_hours": 0.01032444761859046
    },
    "6": {
      "val_acc": 0.4008,
      "gpu_hours": 0.011923130949338277
    },
    "7": {
      "val_acc": 0.4026,
      "gpu_hours": 0.013470880058076647
    },
    "8": {
      "val_acc": 0.4224,
      "gpu_hours": 0.015058937403890821
    },
    "9": {
      "val_acc": 0.4159,
      "gpu_hours": 0.016634011334843105
    },
    "10": {
      "val_acc": 0.4148,
      "gpu_hours": 0.018182376424471538
    },
    "11": {
      "val_acc": 0.4197,
      "gpu_hours": 0.019759217434459263
    },
    "12": {
      "val_acc": 0.4267,
      "gpu_hours": 0.02130877905421787
    },
    "13": {
      "val_acc": 0.4259,
      "gpu_hours": 0.022857483161820305
    },
    "14": {
      "val_acc": 0.4263,
      "gpu_hours": 0.02442587282922533
    },
    "15": {
      "val_acc": 0.4216,
      "gpu_hours": 0.025971969034936693
    },
    "16": {
      "val_acc": 0.4238,
      "gpu_hours": 0.027519484361012776
    },
    "17": {
      "val_acc": 0.4231,
      "gpu_hours": 0.029076312316788568
    },
    "18": {
      "val_acc": 0.4216,
      "gpu_hours": 0.030632930861579047
    },
    "19": {
      "val_acc": 0.4252,
      "gpu_hours": 0.032187695238325334
    },
    "20": {
      "val_acc": 0.4259,
      "gpu_hours": 0.033776578969425625
    },
    "21": {
      "val_acc": 0.4259,
      "gpu_hours": 0.035358240140808954
    },
    "22": {
      "val_acc": 0.4254,
      "gpu_hours": 0.03691313445568085
    },
    "23": {
      "val_acc": 0.4254,
      "gpu_hours": 0.038460303544998166
    },
    "24": {
      "val_acc": 0.4266,
      "gpu_hours": 0.0400208134121365
    },
    "25": {
      "val_acc": 0.4267,
      "gpu_hours": 0.04162961218092177
    },
    "26": {
      "val_acc": 0.4261,
      "gpu_hours": 0.043175176911883884
    },
    "27": {
      "val_acc": 0.4254,
      "gpu_hours": 0.04474028905232747
    },
    "28": {
      "val_acc": 0.4275,
      "gpu_hours": 0.046309783326254954
    },
    "29": {
      "val_acc": 0.423,
      "gpu_hours": 0.047858244246906705
    }
  }
}