{
  "trial_number": 59,
  "params": {
    "lr": 0.0002303524101806476,
    "weight_decay": 0.0008346096219316125,
    "batch_size": 64,
    "dropout": 0.2169823201195871,
    "optimizer": "Adam",
    "scheduler": "step",
    "model": "resnet34"
  },
  "best_val_acc": 0.8995,
  "total_gpu_hours": 0.06927877068519592,
  "slurm_task": 25,
  "parallel_workers": 40,
  "sampler": "tpe",
  "dataset": "cifar10",
  "device": "cuda",
  "accuracy_thresholds": {
    "gpu_h_to_80pct": 0.02324401809109582,
    "gpu_h_to_85pct": 0.030170229607158237
  },
  "accuracy_curve": {
    "0": {
      "val_acc": 0.5496,
      "gpu_hours": 0.0026281989283031887
    },
    "1": {
      "val_acc": 0.6173,
      "gpu_hours": 0.004927326838175455
    },
    "2": {
      "val_acc": 0.6746,
      "gpu_hours": 0.007218568325042724
    },
    "3": {
      "val_acc": 0.6661,
      "gpu_hours": 0.009512959056430393
    },
    "4": {
      "val_acc": 0.757,
      "gpu_hours": 0.011810967524846394
    },
    "5": {
      "val_acc": 0.7602,
      "gpu_hours": 0.014098423454496595
    },
    "6": {
      "val_acc": 0.7773,
      "gpu_hours": 0.016378708746698167
    },
    "7": {
      "val_acc": 0.7782,
      "gpu_hours": 0.018662383159001667
    },
    "8": {
      "val_acc": 0.7744,
      "gpu_hours": 0.020955359074804517
    },
    "9": {
      "val_acc": 0.8286,
      "gpu_hours": 0.02324401809109582
    },
    "10": {
      "val_acc": 0.8428,
      "gpu_hours": 0.025536670353677536
    },
    "11": {
      "val_acc": 0.836,
      "gpu_hours": 0.027830733988020155
    },
    "12": {
      "val_acc": 0.8681,
      "gpu_hours": 0.030170229607158237
    },
    "13": {
      "val_acc": 0.845,
      "gpu_hours": 0.03247161991066403
    },
    "14": {
      "val_acc": 0.8701,
      "gpu_hours": 0.034766174885961745
    },
    "15": {
      "val_acc": 0.844,
      "gpu_hours": 0.03706583234998915
    },
    "16": {
      "val_acc": 0.8512,
      "gpu_hours": 0.03936337027284834
    },
    "17": {
      "val_acc": 0.8475,
      "gpu_hours": 0.041659223039944966
    },
    "18": {
      "val_acc": 0.8407,
      "gpu_hours": 0.04396484328640832
    },
    "19": {
      "val_acc": 0.8773,
      "gpu_hours": 0.04626400086614821
    },
    "20": {
      "val_acc": 0.893,
      "gpu_hours": 0.04856079121430715
    },
    "21": {
      "val_acc": 0.8966,
      "gpu_hours": 0.05086559600300259
    },
    "22": {
      "val_acc": 0.8995,
      "gpu_hours": 0.05316781944698758
    },
    "23": {
      "val_acc": 0.8966,
      "gpu_hours": 0.055468176470862496
    },
    "24": {
      "val_acc": 0.8865,
      "gpu_hours": 0.05776389843887753
    },
    "25": {
      "val_acc": 0.8989,
      "gpu_hours": 0.060056436194313896
    },
    "26": {
      "val_acc": 0.8877,
      "gpu_hours": 0.06235878335105048
    },
    "27": {
      "val_acc": 0.8959,
      "gpu_hours": 0.06465348713927799
    },
    "28": {
      "val_acc": 0.8856,
      "gpu_hours": 0.06695351309246488
    },
    "29": {
      "val_acc": 0.8904,
      "gpu_hours": 0.06925556513998243
    }
  }
}