{
  "trial_number": 82,
  "params": {
    "lr": 0.004145520543573878,
    "weight_decay": 1.0148067199699805e-06,
    "batch_size": 64,
    "dropout": 0.38158130327241196,
    "optimizer": "Adam",
    "scheduler": "step",
    "model": "resnet34"
  },
  "best_val_acc": 0.9095,
  "total_gpu_hours": 0.07049332976341248,
  "slurm_task": 20,
  "parallel_workers": 40,
  "sampler": "tpe",
  "dataset": "cifar10",
  "device": "cuda",
  "accuracy_thresholds": {
    "gpu_h_to_80pct": 0.016853755248917475,
    "gpu_h_to_85pct": 0.026154008905092875,
    "gpu_h_to_90pct": 0.054189534915818106
  },
  "accuracy_curve": {
    "0": {
      "val_acc": 0.3821,
      "gpu_hours": 0.0029303004344304402
    },
    "1": {
      "val_acc": 0.5133,
      "gpu_hours": 0.005243864059448242
    },
    "2": {
      "val_acc": 0.5999,
      "gpu_hours": 0.007547524968783061
    },
    "3": {
      "val_acc": 0.6815,
      "gpu_hours": 0.00985447625319163
    },
    "4": {
      "val_acc": 0.7248,
      "gpu_hours": 0.012206077641910977
    },
    "5": {
      "val_acc": 0.7854,
      "gpu_hours": 0.014527854919433593
    },
    "6": {
      "val_acc": 0.8032,
      "gpu_hours": 0.016853755248917475
    },
    "7": {
      "val_acc": 0.7936,
      "gpu_hours": 0.01918269866042667
    },
    "8": {
      "val_acc": 0.8006,
      "gpu_hours": 0.021505441202057732
    },
    "9": {
      "val_acc": 0.8284,
      "gpu_hours": 0.023828551901711358
    },
    "10": {
      "val_acc": 0.8701,
      "gpu_hours": 0.026154008905092875
    },
    "11": {
      "val_acc": 0.8679,
      "gpu_hours": 0.028486759662628175
    },
    "12": {
      "val_acc": 0.8814,
      "gpu_hours": 0.03082528233528137
    },
    "13": {
      "val_acc": 0.878,
      "gpu_hours": 0.03315038926071591
    },
    "14": {
      "val_acc": 0.878,
      "gpu_hours": 0.035477321743965146
    },
    "15": {
      "val_acc": 0.881,
      "gpu_hours": 0.03780976408057743
    },
    "16": {
      "val_acc": 0.8872,
      "gpu_hours": 0.04012888683213128
    },
    "17": {
      "val_acc": 0.8588,
      "gpu_hours": 0.042453684078322514
    },
    "18": {
      "val_acc": 0.8823,
      "gpu_hours": 0.04478328108787537
    },
    "19": {
      "val_acc": 0.892,
      "gpu_hours": 0.04711202561855316
    },
    "20": {
      "val_acc": 0.8999,
      "gpu_hours": 0.049493743181228636
    },
    "21": {
      "val_acc": 0.8995,
      "gpu_hours": 0.05182130151324802
    },
    "22": {
      "val_acc": 0.9052,
      "gpu_hours": 0.054189534915818106
    },
    "23": {
      "val_acc": 0.9057,
      "gpu_hours": 0.05651453567875756
    },
    "24": {
      "val_acc": 0.9064,
      "gpu_hours": 0.05883607162369622
    },
    "25": {
      "val_acc": 0.9044,
      "gpu_hours": 0.06115978797276815
    },
    "26": {
      "val_acc": 0.9032,
      "gpu_hours": 0.06347842693328858
    },
    "27": {
      "val_acc": 0.9028,
      "gpu_hours": 0.06580333292484283
    },
    "28": {
      "val_acc": 0.9059,
      "gpu_hours": 0.06812178432941436
    },
    "29": {
      "val_acc": 0.9095,
      "gpu_hours": 0.07045881105793847
    }
  }
}