{
  "trial_number": 9,
  "params": {
    "lr": 0.0013292918943162175,
    "weight_decay": 0.006351221010640704,
    "batch_size": 64,
    "dropout": 0.07799726016810132,
    "optimizer": "Adam",
    "scheduler": "plateau",
    "model": "resnet18"
  },
  "best_val_acc": 0.4186,
  "total_gpu_hours": 0.04731013298034668,
  "slurm_task": 18,
  "parallel_workers": 40,
  "sampler": "tpe",
  "dataset": "cifar10",
  "device": "cuda",
  "accuracy_thresholds": {},
  "accuracy_curve": {
    "0": {
      "val_acc": 0.1891,
      "gpu_hours": 0.002167969743410746
    },
    "1": {
      "val_acc": 0.3172,
      "gpu_hours": 0.0037400545014275445
    },
    "2": {
      "val_acc": 0.2513,
      "gpu_hours": 0.005358830557929145
    },
    "3": {
      "val_acc": 0.2954,
      "gpu_hours": 0.006905375123023987
    },
    "4": {
      "val_acc": 0.2887,
      "gpu_hours": 0.008451957967546251
    },
    "5": {
      "val_acc": 0.3971,
      "gpu_hours": 0.010027234024471707
    },
    "6": {
      "val_acc": 0.3895,
      "gpu_hours": 0.011564171910285949
    },
    "7": {
      "val_acc": 0.4135,
      "gpu_hours": 0.01308370934592353
    },
    "8": {
      "val_acc": 0.3998,
      "gpu_hours": 0.014623118903901841
    },
    "9": {
      "val_acc": 0.4139,
      "gpu_hours": 0.016160256531503464
    },
    "10": {
      "val_acc": 0.4177,
      "gpu_hours": 0.0177171042892668
    },
    "11": {
      "val_acc": 0.4156,
      "gpu_hours": 0.01927649160226186
    },
    "12": {
      "val_acc": 0.4164,
      "gpu_hours": 0.020847142669889664
    },
    "13": {
      "val_acc": 0.4145,
      "gpu_hours": 0.022394972642262777
    },
    "14": {
      "val_acc": 0.4186,
      "gpu_hours": 0.02393104745282067
    },
    "15": {
      "val_acc": 0.4178,
      "gpu_hours": 0.02548464987013075
    },
    "16": {
      "val_acc": 0.416,
      "gpu_hours": 0.027045045759942796
    },
    "17": {
      "val_acc": 0.4176,
      "gpu_hours": 0.02861875620153215
    },
    "18": {
      "val_acc": 0.4156,
      "gpu_hours": 0.03017548375659519
    },
    "19": {
      "val_acc": 0.4157,
      "gpu_hours": 0.031717835797203914
    },
    "20": {
      "val_acc": 0.4165,
      "gpu_hours": 0.03327600399653117
    },
    "21": {
      "val_acc": 0.4164,
      "gpu_hours": 0.03484503871864743
    },
    "22": {
      "val_acc": 0.4136,
      "gpu_hours": 0.03640286730395423
    },
    "23": {
      "val_acc": 0.4135,
      "gpu_hours": 0.037949110666910806
    },
    "24": {
      "val_acc": 0.4151,
      "gpu_hours": 0.03949528157711029
    },
    "25": {
      "val_acc": 0.4162,
      "gpu_hours": 0.04105461425251431
    },
    "26": {
      "val_acc": 0.4184,
      "gpu_hours": 0.04260754432943132
    },
    "27": {
      "val_acc": 0.4149,
      "gpu_hours": 0.044162170688311256
    },
    "28": {
      "val_acc": 0.4139,
      "gpu_hours": 0.04570253663592869
    },
    "29": {
      "val_acc": 0.4161,
      "gpu_hours": 0.04724461283948687
    }
  }
}