{
  "trial_number": 142,
  "params": {
    "lr": 0.005125614025824345,
    "weight_decay": 1.0837683354733452e-06,
    "batch_size": 128,
    "dropout": 0.2496641590482943,
    "optimizer": "Adam",
    "scheduler": "step",
    "model": "resnet34"
  },
  "best_val_acc": 0.9143,
  "total_gpu_hours": 0.21943859179814657,
  "slurm_task": 6,
  "parallel_workers": 40,
  "sampler": "tpe",
  "dataset": "cifar10",
  "device": "cuda",
  "accuracy_thresholds": {
    "gpu_h_to_80pct": 0.05895308123694526,
    "gpu_h_to_85pct": 0.08086856537395054,
    "gpu_h_to_90pct": 0.15377921150790322
  },
  "accuracy_curve": {
    "0": {
      "val_acc": 0.3897,
      "gpu_hours": 0.007781421078575982
    },
    "1": {
      "val_acc": 0.5689,
      "gpu_hours": 0.0150953432586458
    },
    "2": {
      "val_acc": 0.6415,
      "gpu_hours": 0.022412305408053928
    },
    "3": {
      "val_acc": 0.6708,
      "gpu_hours": 0.0297229974799686
    },
    "4": {
      "val_acc": 0.7113,
      "gpu_hours": 0.037030078768730164
    },
    "5": {
      "val_acc": 0.7748,
      "gpu_hours": 0.04433457248740726
    },
    "6": {
      "val_acc": 0.7977,
      "gpu_hours": 0.0516427257988188
    },
    "7": {
      "val_acc": 0.8147,
      "gpu_hours": 0.05895308123694526
    },
    "8": {
      "val_acc": 0.8327,
      "gpu_hours": 0.06626095447275374
    },
    "9": {
      "val_acc": 0.8446,
      "gpu_hours": 0.07357319037119547
    },
    "10": {
      "val_acc": 0.8683,
      "gpu_hours": 0.08086856537395054
    },
    "11": {
      "val_acc": 0.8767,
      "gpu_hours": 0.08815508590804207
    },
    "12": {
      "val_acc": 0.875,
      "gpu_hours": 0.09545064045323266
    },
    "13": {
      "val_acc": 0.8773,
      "gpu_hours": 0.10274893919626872
    },
    "14": {
      "val_acc": 0.8842,
      "gpu_hours": 0.11004889958434634
    },
    "15": {
      "val_acc": 0.8867,
      "gpu_hours": 0.11734072791205512
    },
    "16": {
      "val_acc": 0.8906,
      "gpu_hours": 0.12462656107213763
    },
    "17": {
      "val_acc": 0.8914,
      "gpu_hours": 0.13191236827108596
    },
    "18": {
      "val_acc": 0.8828,
      "gpu_hours": 0.13919925663206312
    },
    "19": {
      "val_acc": 0.899,
      "gpu_hours": 0.14648666640122732
    },
    "20": {
      "val_acc": 0.9066,
      "gpu_hours": 0.15377921150790322
    },
    "21": {
      "val_acc": 0.9086,
      "gpu_hours": 0.1610702434513304
    },
    "22": {
      "val_acc": 0.9112,
      "gpu_hours": 0.16835686935318842
    },
    "23": {
      "val_acc": 0.9112,
      "gpu_hours": 0.17564769678645664
    },
    "24": {
      "val_acc": 0.909,
      "gpu_hours": 0.1829396973715888
    },
    "25": {
      "val_acc": 0.9143,
      "gpu_hours": 0.19023249308268228
    },
    "26": {
      "val_acc": 0.9108,
      "gpu_hours": 0.19752650168206956
    },
    "27": {
      "val_acc": 0.9107,
      "gpu_hours": 0.20482727540863885
    },
    "28": {
      "val_acc": 0.9117,
      "gpu_hours": 0.2121221214532852
    },
    "29": {
      "val_acc": 0.908,
      "gpu_hours": 0.21942192455132803
    }
  }
}