{
  "trial_number": 58,
  "params": {
    "lr": 0.0038198419727422323,
    "weight_decay": 0.0024935692619607913,
    "batch_size": 64,
    "dropout": 0.24511710747430668,
    "optimizer": "Adam",
    "scheduler": "cosine",
    "model": "resnet18"
  },
  "best_val_acc": 0.6343,
  "total_gpu_hours": 0.04695335447788238,
  "slurm_task": 11,
  "parallel_workers": 40,
  "sampler": "tpe",
  "dataset": "cifar10",
  "device": "cuda",
  "accuracy_thresholds": {},
  "accuracy_curve": {
    "0": {
      "val_acc": 0.2705,
      "gpu_hours": 0.0018222720755471124
    },
    "1": {
      "val_acc": 0.3653,
      "gpu_hours": 0.003321115175882975
    },
    "2": {
      "val_acc": 0.2456,
      "gpu_hours": 0.0048369717597961425
    },
    "3": {
      "val_acc": 0.4156,
      "gpu_hours": 0.006352001561058892
    },
    "4": {
      "val_acc": 0.4373,
      "gpu_hours": 0.007854073246320089
    },
    "5": {
      "val_acc": 0.3346,
      "gpu_hours": 0.009373565978474087
    },
    "6": {
      "val_acc": 0.2882,
      "gpu_hours": 0.010935515430238511
    },
    "7": {
      "val_acc": 0.3197,
      "gpu_hours": 0.012511126332812839
    },
    "8": {
      "val_acc": 0.4552,
      "gpu_hours": 0.014084054893917508
    },
    "9": {
      "val_acc": 0.2111,
      "gpu_hours": 0.015651196903652614
    },
    "10": {
      "val_acc": 0.3562,
      "gpu_hours": 0.017201669149928624
    },
    "11": {
      "val_acc": 0.4492,
      "gpu_hours": 0.018755458262231614
    },
    "12": {
      "val_acc": 0.4087,
      "gpu_hours": 0.020292511185010274
    },
    "13": {
      "val_acc": 0.3547,
      "gpu_hours": 0.02181054108672672
    },
    "14": {
      "val_acc": 0.4157,
      "gpu_hours": 0.02338601469993591
    },
    "15": {
      "val_acc": 0.4799,
      "gpu_hours": 0.024944639205932616
    },
    "16": {
      "val_acc": 0.4655,
      "gpu_hours": 0.026520349383354187
    },
    "17": {
      "val_acc": 0.5455,
      "gpu_hours": 0.02804871943261888
    },
    "18": {
      "val_acc": 0.5096,
      "gpu_hours": 0.029619296524259778
    },
    "19": {
      "val_acc": 0.4637,
      "gpu_hours": 0.031219806604915194
    },
    "20": {
      "val_acc": 0.563,
      "gpu_hours": 0.032779758042759365
    },
    "21": {
      "val_acc": 0.4357,
      "gpu_hours": 0.034354422291119895
    },
    "22": {
      "val_acc": 0.5356,
      "gpu_hours": 0.03593770311938392
    },
    "23": {
      "val_acc": 0.5533,
      "gpu_hours": 0.03750882082515293
    },
    "24": {
      "val_acc": 0.5859,
      "gpu_hours": 0.0390699315071106
    },
    "25": {
      "val_acc": 0.6109,
      "gpu_hours": 0.04063604825072818
    },
    "26": {
      "val_acc": 0.6263,
      "gpu_hours": 0.042221364378929135
    },
    "27": {
      "val_acc": 0.6309,
      "gpu_hours": 0.043789315621058145
    },
    "28": {
      "val_acc": 0.6343,
      "gpu_hours": 0.04535858352979024
    },
    "29": {
      "val_acc": 0.6327,
      "gpu_hours": 0.046933338046073914
    }
  }
}