{
  "trial_number": 25,
  "params": {
    "lr": 0.0013292918943162175,
    "weight_decay": 0.006351221010640704,
    "batch_size": 64,
    "dropout": 0.07799726016810132,
    "optimizer": "Adam",
    "scheduler": "plateau",
    "model": "resnet18"
  },
  "best_val_acc": 0.4655,
  "total_gpu_hours": 0.13464941673808628,
  "slurm_task": 22,
  "parallel_workers": 40,
  "sampler": "tpe",
  "dataset": "cifar10",
  "device": "cuda",
  "accuracy_thresholds": {},
  "accuracy_curve": {
    "0": {
      "val_acc": 0.247,
      "gpu_hours": 0.0051680154270595975
    },
    "1": {
      "val_acc": 0.2178,
      "gpu_hours": 0.00962904691696167
    },
    "2": {
      "val_acc": 0.2787,
      "gpu_hours": 0.014094497097863092
    },
    "3": {
      "val_acc": 0.3309,
      "gpu_hours": 0.018560640149646337
    },
    "4": {
      "val_acc": 0.3301,
      "gpu_hours": 0.023035951455434165
    },
    "5": {
      "val_acc": 0.3694,
      "gpu_hours": 0.027510133120748733
    },
    "6": {
      "val_acc": 0.4165,
      "gpu_hours": 0.03195621954070197
    },
    "7": {
      "val_acc": 0.3962,
      "gpu_hours": 0.03642794052759806
    },
    "8": {
      "val_acc": 0.4341,
      "gpu_hours": 0.04089507248666551
    },
    "9": {
      "val_acc": 0.4166,
      "gpu_hours": 0.04536986370881398
    },
    "10": {
      "val_acc": 0.4519,
      "gpu_hours": 0.049832797315385605
    },
    "11": {
      "val_acc": 0.4519,
      "gpu_hours": 0.0542923989560869
    },
    "12": {
      "val_acc": 0.4546,
      "gpu_hours": 0.05874542713165283
    },
    "13": {
      "val_acc": 0.4628,
      "gpu_hours": 0.06319931209087372
    },
    "14": {
      "val_acc": 0.4634,
      "gpu_hours": 0.06767380800512102
    },
    "15": {
      "val_acc": 0.462,
      "gpu_hours": 0.07211197415987651
    },
    "16": {
      "val_acc": 0.4566,
      "gpu_hours": 0.07657338354322646
    },
    "17": {
      "val_acc": 0.4617,
      "gpu_hours": 0.08104374104075962
    },
    "18": {
      "val_acc": 0.4629,
      "gpu_hours": 0.08551085478729673
    },
    "19": {
      "val_acc": 0.4634,
      "gpu_hours": 0.0899614441394806
    },
    "20": {
      "val_acc": 0.4622,
      "gpu_hours": 0.09442081769307455
    },
    "21": {
      "val_acc": 0.4588,
      "gpu_hours": 0.09888418548636967
    },
    "22": {
      "val_acc": 0.4626,
      "gpu_hours": 0.10334223296907213
    },
    "23": {
      "val_acc": 0.4633,
      "gpu_hours": 0.10779451840453677
    },
    "24": {
      "val_acc": 0.4598,
      "gpu_hours": 0.1122554443942176
    },
    "25": {
      "val_acc": 0.4655,
      "gpu_hours": 0.11671450780497657
    },
    "26": {
      "val_acc": 0.4613,
      "gpu_hours": 0.12118756532669067
    },
    "27": {
      "val_acc": 0.4608,
      "gpu_hours": 0.12564611156781513
    },
    "28": {
      "val_acc": 0.4599,
      "gpu_hours": 0.13010973367426132
    },
    "29": {
      "val_acc": 0.4615,
      "gpu_hours": 0.1345757712258233
    }
  }
}