{
  "trial_number": 49,
  "params": {
    "lr": 0.004095676584000674,
    "weight_decay": 2.907879986529897e-05,
    "batch_size": 64,
    "dropout": 0.1996279439278742,
    "optimizer": "SGD",
    "scheduler": "plateau",
    "model": "resnet18",
    "momentum": 0.9844622757771642
  },
  "best_val_acc": 0.8329,
  "total_gpu_hours": 0.045827426446808706,
  "slurm_task": 28,
  "parallel_workers": 40,
  "sampler": "tpe",
  "dataset": "cifar10",
  "device": "cuda",
  "accuracy_thresholds": {
    "gpu_h_to_80pct": 0.009245731367005242
  },
  "accuracy_curve": {
    "0": {
      "val_acc": 0.5182,
      "gpu_hours": 0.0017742988798353408
    },
    "1": {
      "val_acc": 0.6277,
      "gpu_hours": 0.003231008847554525
    },
    "2": {
      "val_acc": 0.6887,
      "gpu_hours": 0.0047121595674090916
    },
    "3": {
      "val_acc": 0.7368,
      "gpu_hours": 0.006238789823320177
    },
    "4": {
      "val_acc": 0.7668,
      "gpu_hours": 0.007739643388324314
    },
    "5": {
      "val_acc": 0.8143,
      "gpu_hours": 0.009245731367005242
    },
    "6": {
      "val_acc": 0.8178,
      "gpu_hours": 0.01074630578358968
    },
    "7": {
      "val_acc": 0.8182,
      "gpu_hours": 0.0122643381357193
    },
    "8": {
      "val_acc": 0.8244,
      "gpu_hours": 0.013810506463050843
    },
    "9": {
      "val_acc": 0.829,
      "gpu_hours": 0.01533443530400594
    },
    "10": {
      "val_acc": 0.8291,
      "gpu_hours": 0.016837923063172236
    },
    "11": {
      "val_acc": 0.8306,
      "gpu_hours": 0.018361488117112055
    },
    "12": {
      "val_acc": 0.8314,
      "gpu_hours": 0.019873565170500013
    },
    "13": {
      "val_acc": 0.8298,
      "gpu_hours": 0.021383136577076384
    },
    "14": {
      "val_acc": 0.831,
      "gpu_hours": 0.022868803673320347
    },
    "15": {
      "val_acc": 0.8313,
      "gpu_hours": 0.024386723571353488
    },
    "16": {
      "val_acc": 0.8304,
      "gpu_hours": 0.025937914186053807
    },
    "17": {
      "val_acc": 0.8299,
      "gpu_hours": 0.027455256382624308
    },
    "18": {
      "val_acc": 0.8329,
      "gpu_hours": 0.02897677156660292
    },
    "19": {
      "val_acc": 0.8307,
      "gpu_hours": 0.03050120466285282
    },
    "20": {
      "val_acc": 0.8304,
      "gpu_hours": 0.032021125621265835
    },
    "21": {
      "val_acc": 0.832,
      "gpu_hours": 0.03352849066257477
    },
    "22": {
      "val_acc": 0.8304,
      "gpu_hours": 0.03505817857053545
    },
    "23": {
      "val_acc": 0.8326,
      "gpu_hours": 0.0365941278802024
    },
    "24": {
      "val_acc": 0.8293,
      "gpu_hours": 0.03810589320129818
    },
    "25": {
      "val_acc": 0.8306,
      "gpu_hours": 0.03965821286042531
    },
    "26": {
      "val_acc": 0.8306,
      "gpu_hours": 0.04119140856795841
    },
    "27": {
      "val_acc": 0.8319,
      "gpu_hours": 0.04273445261849297
    },
    "28": {
      "val_acc": 0.8315,
      "gpu_hours": 0.044279945029152765
    },
    "29": {
      "val_acc": 0.8321,
      "gpu_hours": 0.045795224242740205
    }
  }
}