{
  "trial_number": 68,
  "params": {
    "lr": 0.0008790234129527087,
    "weight_decay": 0.00012295373392125385,
    "batch_size": 256,
    "dropout": 0.06788089632219313,
    "optimizer": "AdamW",
    "scheduler": "cosine",
    "model": "efficientnet_b0"
  },
  "best_val_acc": 0.7779,
  "total_gpu_hours": 0.07785500758224063,
  "slurm_task": 26,
  "parallel_workers": 40,
  "sampler": "tpe",
  "dataset": "cifar10",
  "device": "cuda",
  "accuracy_thresholds": {},
  "accuracy_curve": {
    "0": {
      "val_acc": 0.3411,
      "gpu_hours": 0.003051171898841858
    },
    "1": {
      "val_acc": 0.4588,
      "gpu_hours": 0.005628289977709452
    },
    "2": {
      "val_acc": 0.5277,
      "gpu_hours": 0.008203428520096673
    },
    "3": {
      "val_acc": 0.564,
      "gpu_hours": 0.01077043248547448
    },
    "4": {
      "val_acc": 0.5966,
      "gpu_hours": 0.01334127684434255
    },
    "5": {
      "val_acc": 0.6192,
      "gpu_hours": 0.015917073554462858
    },
    "6": {
      "val_acc": 0.65,
      "gpu_hours": 0.01850271721680959
    },
    "7": {
      "val_acc": 0.6672,
      "gpu_hours": 0.021084425846735637
    },
    "8": {
      "val_acc": 0.6823,
      "gpu_hours": 0.023672865364286633
    },
    "9": {
      "val_acc": 0.6957,
      "gpu_hours": 0.026258184181319342
    },
    "10": {
      "val_acc": 0.7076,
      "gpu_hours": 0.02885516193177965
    },
    "11": {
      "val_acc": 0.7151,
      "gpu_hours": 0.03143180323971642
    },
    "12": {
      "val_acc": 0.7234,
      "gpu_hours": 0.033992062078581915
    },
    "13": {
      "val_acc": 0.7287,
      "gpu_hours": 0.036574261585871376
    },
    "14": {
      "val_acc": 0.7468,
      "gpu_hours": 0.03913144528865814
    },
    "15": {
      "val_acc": 0.7376,
      "gpu_hours": 0.0417072586218516
    },
    "16": {
      "val_acc": 0.7553,
      "gpu_hours": 0.044320334196090695
    },
    "17": {
      "val_acc": 0.7567,
      "gpu_hours": 0.04691072165966034
    },
    "18": {
      "val_acc": 0.7615,
      "gpu_hours": 0.04948189510239495
    },
    "19": {
      "val_acc": 0.7622,
      "gpu_hours": 0.05205500582853953
    },
    "20": {
      "val_acc": 0.7649,
      "gpu_hours": 0.05464407092995114
    },
    "21": {
      "val_acc": 0.7697,
      "gpu_hours": 0.05723214129606883
    },
    "22": {
      "val_acc": 0.7744,
      "gpu_hours": 0.05981667664315966
    },
    "23": {
      "val_acc": 0.7735,
      "gpu_hours": 0.062398125198152334
    },
    "24": {
      "val_acc": 0.7749,
      "gpu_hours": 0.06497845629851023
    },
    "25": {
      "val_acc": 0.7769,
      "gpu_hours": 0.06756524264812469
    },
    "26": {
      "val_acc": 0.7767,
      "gpu_hours": 0.07014365004168617
    },
    "27": {
      "val_acc": 0.7754,
      "gpu_hours": 0.07271668348047468
    },
    "28": {
      "val_acc": 0.7771,
      "gpu_hours": 0.07526975168122185
    },
    "29": {
      "val_acc": 0.7779,
      "gpu_hours": 0.07783167858918508
    }
  }
}