{
  "trial_number": 104,
  "params": {
    "lr": 0.01465627414968092,
    "weight_decay": 4.8116042695952684e-06,
    "batch_size": 64,
    "dropout": 0.23527581601065004,
    "optimizer": "Adam",
    "scheduler": "step",
    "model": "resnet18"
  },
  "best_val_acc": 0.8706,
  "total_gpu_hours": 0.04599905259079403,
  "slurm_task": 35,
  "parallel_workers": 40,
  "sampler": "tpe",
  "dataset": "cifar10",
  "device": "cuda",
  "accuracy_thresholds": {
    "gpu_h_to_80pct": 0.01709681577152676,
    "gpu_h_to_85pct": 0.032326515979237025
  },
  "accuracy_curve": {
    "0": {
      "val_acc": 0.4459,
      "gpu_hours": 0.0018281442589230007
    },
    "1": {
      "val_acc": 0.515,
      "gpu_hours": 0.0033688617414898343
    },
    "2": {
      "val_acc": 0.6223,
      "gpu_hours": 0.004882287383079529
    },
    "3": {
      "val_acc": 0.631,
      "gpu_hours": 0.0064112291733423865
    },
    "4": {
      "val_acc": 0.6546,
      "gpu_hours": 0.00793764763408237
    },
    "5": {
      "val_acc": 0.7221,
      "gpu_hours": 0.009452764921718173
    },
    "6": {
      "val_acc": 0.7615,
      "gpu_hours": 0.010973488026195102
    },
    "7": {
      "val_acc": 0.7635,
      "gpu_hours": 0.012521858149104647
    },
    "8": {
      "val_acc": 0.7663,
      "gpu_hours": 0.014051845338609483
    },
    "9": {
      "val_acc": 0.7885,
      "gpu_hours": 0.015592227975527445
    },
    "10": {
      "val_acc": 0.8171,
      "gpu_hours": 0.01709681577152676
    },
    "11": {
      "val_acc": 0.814,
      "gpu_hours": 0.018608934349483915
    },
    "12": {
      "val_acc": 0.8368,
      "gpu_hours": 0.020151684019300672
    },
    "13": {
      "val_acc": 0.8328,
      "gpu_hours": 0.021677480538686116
    },
    "14": {
      "val_acc": 0.8368,
      "gpu_hours": 0.023196622927983603
    },
    "15": {
      "val_acc": 0.8263,
      "gpu_hours": 0.024729266630278694
    },
    "16": {
      "val_acc": 0.8182,
      "gpu_hours": 0.026254307362768386
    },
    "17": {
      "val_acc": 0.8381,
      "gpu_hours": 0.027786580125490824
    },
    "18": {
      "val_acc": 0.8226,
      "gpu_hours": 0.029297647608651056
    },
    "19": {
      "val_acc": 0.8279,
      "gpu_hours": 0.030811517635981243
    },
    "20": {
      "val_acc": 0.8609,
      "gpu_hours": 0.032326515979237025
    },
    "21": {
      "val_acc": 0.8599,
      "gpu_hours": 0.03382803029484219
    },
    "22": {
      "val_acc": 0.8552,
      "gpu_hours": 0.035340435836050246
    },
    "23": {
      "val_acc": 0.8645,
      "gpu_hours": 0.036849349074893525
    },
    "24": {
      "val_acc": 0.8624,
      "gpu_hours": 0.03836645543575287
    },
    "25": {
      "val_acc": 0.8644,
      "gpu_hours": 0.039883284899923536
    },
    "26": {
      "val_acc": 0.8644,
      "gpu_hours": 0.04141211496459113
    },
    "27": {
      "val_acc": 0.8612,
      "gpu_hours": 0.042953536576694915
    },
    "28": {
      "val_acc": 0.8633,
      "gpu_hours": 0.044468042254447934
    },
    "29": {
      "val_acc": 0.8706,
      "gpu_hours": 0.04596713622411092
    }
  }
}