{
  "trial_number": 70,
  "params": {
    "lr": 0.002944613704331599,
    "weight_decay": 0.004724729301304747,
    "batch_size": 64,
    "dropout": 0.19915689472324513,
    "optimizer": "AdamW",
    "scheduler": "step",
    "model": "resnet34"
  },
  "best_val_acc": 0.913,
  "total_gpu_hours": 0.23424797124332852,
  "slurm_task": 4,
  "parallel_workers": 40,
  "sampler": "tpe",
  "dataset": "cifar10",
  "device": "cuda",
  "accuracy_thresholds": {
    "gpu_h_to_80pct": 0.055119611620903015,
    "gpu_h_to_85pct": 0.07851907836066352,
    "gpu_h_to_90pct": 0.16421059370040894
  },
  "accuracy_curve": {
    "0": {
      "val_acc": 0.4412,
      "gpu_hours": 0.00831684086057875
    },
    "1": {
      "val_acc": 0.5776,
      "gpu_hours": 0.016114370624224345
    },
    "2": {
      "val_acc": 0.6149,
      "gpu_hours": 0.023918187485800848
    },
    "3": {
      "val_acc": 0.7132,
      "gpu_hours": 0.031725868119133846
    },
    "4": {
      "val_acc": 0.7537,
      "gpu_hours": 0.03952923595905304
    },
    "5": {
      "val_acc": 0.7931,
      "gpu_hours": 0.04732178416517046
    },
    "6": {
      "val_acc": 0.8175,
      "gpu_hours": 0.055119611620903015
    },
    "7": {
      "val_acc": 0.8317,
      "gpu_hours": 0.06292622764905294
    },
    "8": {
      "val_acc": 0.8328,
      "gpu_hours": 0.07073083950413597
    },
    "9": {
      "val_acc": 0.8518,
      "gpu_hours": 0.07851907836066352
    },
    "10": {
      "val_acc": 0.8671,
      "gpu_hours": 0.08631883515252008
    },
    "11": {
      "val_acc": 0.881,
      "gpu_hours": 0.09411697116163042
    },
    "12": {
      "val_acc": 0.8826,
      "gpu_hours": 0.10190664933787452
    },
    "13": {
      "val_acc": 0.8857,
      "gpu_hours": 0.10969728946685792
    },
    "14": {
      "val_acc": 0.8894,
      "gpu_hours": 0.11748319937123193
    },
    "15": {
      "val_acc": 0.8821,
      "gpu_hours": 0.1252923144896825
    },
    "16": {
      "val_acc": 0.8899,
      "gpu_hours": 0.13307424114810096
    },
    "17": {
      "val_acc": 0.8871,
      "gpu_hours": 0.1408526818619834
    },
    "18": {
      "val_acc": 0.8977,
      "gpu_hours": 0.14863288442293804
    },
    "19": {
      "val_acc": 0.8936,
      "gpu_hours": 0.15642572813563876
    },
    "20": {
      "val_acc": 0.902,
      "gpu_hours": 0.16421059370040894
    },
    "21": {
      "val_acc": 0.9107,
      "gpu_hours": 0.17198634948995378
    },
    "22": {
      "val_acc": 0.9081,
      "gpu_hours": 0.17976449310779571
    },
    "23": {
      "val_acc": 0.908,
      "gpu_hours": 0.18755278925100963
    },
    "24": {
      "val_acc": 0.9096,
      "gpu_hours": 0.1953362489408917
    },
    "25": {
      "val_acc": 0.913,
      "gpu_hours": 0.20311651037798986
    },
    "26": {
      "val_acc": 0.9077,
      "gpu_hours": 0.2108979700671302
    },
    "27": {
      "val_acc": 0.9071,
      "gpu_hours": 0.21868413302633496
    },
    "28": {
      "val_acc": 0.9079,
      "gpu_hours": 0.2264622664451599
    },
    "29": {
      "val_acc": 0.9073,
      "gpu_hours": 0.2342362873421775
    }
  }
}