{
  "trial_number": 146,
  "params": {
    "lr": 0.00029065593609311406,
    "weight_decay": 2.49759715783234e-06,
    "batch_size": 128,
    "dropout": 0.24686645418663627,
    "optimizer": "Adam",
    "scheduler": "step",
    "model": "resnet34"
  },
  "best_val_acc": 0.9063,
  "total_gpu_hours": 0.21957159446345434,
  "slurm_task": 3,
  "parallel_workers": 40,
  "sampler": "tpe",
  "dataset": "cifar10",
  "device": "cuda",
  "accuracy_thresholds": {
    "gpu_h_to_80pct": 0.0444140401813719,
    "gpu_h_to_85pct": 0.08093616750505235,
    "gpu_h_to_90pct": 0.16126094063123067
  },
  "accuracy_curve": {
    "0": {
      "val_acc": 0.5474,
      "gpu_hours": 0.007822075022591485
    },
    "1": {
      "val_acc": 0.613,
      "gpu_hours": 0.015155566864543491
    },
    "2": {
      "val_acc": 0.7404,
      "gpu_hours": 0.022466732660929363
    },
    "3": {
      "val_acc": 0.7567,
      "gpu_hours": 0.029783946143256294
    },
    "4": {
      "val_acc": 0.7863,
      "gpu_hours": 0.03710097637441423
    },
    "5": {
      "val_acc": 0.8109,
      "gpu_hours": 0.0444140401813719
    },
    "6": {
      "val_acc": 0.8158,
      "gpu_hours": 0.051720174815919666
    },
    "7": {
      "val_acc": 0.8412,
      "gpu_hours": 0.05902798434098561
    },
    "8": {
      "val_acc": 0.8435,
      "gpu_hours": 0.06633665813340081
    },
    "9": {
      "val_acc": 0.8439,
      "gpu_hours": 0.07364084614647759
    },
    "10": {
      "val_acc": 0.8723,
      "gpu_hours": 0.08093616750505235
    },
    "11": {
      "val_acc": 0.8807,
      "gpu_hours": 0.08823880215485891
    },
    "12": {
      "val_acc": 0.8788,
      "gpu_hours": 0.09554414265685611
    },
    "13": {
      "val_acc": 0.8789,
      "gpu_hours": 0.1028463504711787
    },
    "14": {
      "val_acc": 0.8841,
      "gpu_hours": 0.11015358057287004
    },
    "15": {
      "val_acc": 0.8819,
      "gpu_hours": 0.11745290749602848
    },
    "16": {
      "val_acc": 0.8734,
      "gpu_hours": 0.12475602289040884
    },
    "17": {
      "val_acc": 0.8893,
      "gpu_hours": 0.13206491589546204
    },
    "18": {
      "val_acc": 0.8925,
      "gpu_hours": 0.13936415175596872
    },
    "19": {
      "val_acc": 0.8971,
      "gpu_hours": 0.1466606107023027
    },
    "20": {
      "val_acc": 0.8981,
      "gpu_hours": 0.15396338562170664
    },
    "21": {
      "val_acc": 0.9023,
      "gpu_hours": 0.16126094063123067
    },
    "22": {
      "val_acc": 0.9034,
      "gpu_hours": 0.1685628898276223
    },
    "23": {
      "val_acc": 0.9006,
      "gpu_hours": 0.17585130830605825
    },
    "24": {
      "val_acc": 0.9051,
      "gpu_hours": 0.18315111458301545
    },
    "25": {
      "val_acc": 0.9008,
      "gpu_hours": 0.19044967545403374
    },
    "26": {
      "val_acc": 0.9056,
      "gpu_hours": 0.19775279409355587
    },
    "27": {
      "val_acc": 0.9055,
      "gpu_hours": 0.2050423032707638
    },
    "28": {
      "val_acc": 0.9063,
      "gpu_hours": 0.21229505644904242
    },
    "29": {
      "val_acc": 0.9036,
      "gpu_hours": 0.21954898681905535
    }
  }
}