{
  "trial_number": 42,
  "params": {
    "lr": 0.0008179499475211679,
    "weight_decay": 0.0001256104370001356,
    "batch_size": 256,
    "dropout": 0.06974693032602092,
    "optimizer": "AdamW",
    "scheduler": "cosine",
    "model": "efficientnet_b0"
  },
  "best_val_acc": 0.7806,
  "total_gpu_hours": 0.039088416364457874,
  "slurm_task": 22,
  "parallel_workers": 40,
  "sampler": "tpe",
  "dataset": "cifar10",
  "device": "cuda",
  "accuracy_thresholds": {},
  "accuracy_curve": {
    "0": {
      "val_acc": 0.349,
      "gpu_hours": 0.0016331150796678332
    },
    "1": {
      "val_acc": 0.4676,
      "gpu_hours": 0.0029235843155119155
    },
    "2": {
      "val_acc": 0.5186,
      "gpu_hours": 0.004220601187811958
    },
    "3": {
      "val_acc": 0.5653,
      "gpu_hours": 0.005503331422805786
    },
    "4": {
      "val_acc": 0.6029,
      "gpu_hours": 0.006801933778656854
    },
    "5": {
      "val_acc": 0.6294,
      "gpu_hours": 0.008087242311901516
    },
    "6": {
      "val_acc": 0.6521,
      "gpu_hours": 0.009365959366162618
    },
    "7": {
      "val_acc": 0.6787,
      "gpu_hours": 0.010660039716296726
    },
    "8": {
      "val_acc": 0.6776,
      "gpu_hours": 0.011947315070364211
    },
    "9": {
      "val_acc": 0.7066,
      "gpu_hours": 0.013240233659744263
    },
    "10": {
      "val_acc": 0.7138,
      "gpu_hours": 0.014526806473731994
    },
    "11": {
      "val_acc": 0.7181,
      "gpu_hours": 0.015819296571943496
    },
    "12": {
      "val_acc": 0.7336,
      "gpu_hours": 0.017115312814712524
    },
    "13": {
      "val_acc": 0.7352,
      "gpu_hours": 0.018407126002841525
    },
    "14": {
      "val_acc": 0.7439,
      "gpu_hours": 0.019695698287751938
    },
    "15": {
      "val_acc": 0.7478,
      "gpu_hours": 0.02103012508816189
    },
    "16": {
      "val_acc": 0.7551,
      "gpu_hours": 0.022317055265108743
    },
    "17": {
      "val_acc": 0.7591,
      "gpu_hours": 0.023593007259898716
    },
    "18": {
      "val_acc": 0.7617,
      "gpu_hours": 0.024875824848810832
    },
    "19": {
      "val_acc": 0.7643,
      "gpu_hours": 0.026187121007177565
    },
    "20": {
      "val_acc": 0.7712,
      "gpu_hours": 0.027474086085955304
    },
    "21": {
      "val_acc": 0.7716,
      "gpu_hours": 0.02876912706428104
    },
    "22": {
      "val_acc": 0.7738,
      "gpu_hours": 0.030056538184483846
    },
    "23": {
      "val_acc": 0.775,
      "gpu_hours": 0.03133588247829013
    },
    "24": {
      "val_acc": 0.7772,
      "gpu_hours": 0.032621142400635614
    },
    "25": {
      "val_acc": 0.7772,
      "gpu_hours": 0.03390449139806959
    },
    "26": {
      "val_acc": 0.7794,
      "gpu_hours": 0.035177842643525865
    },
    "27": {
      "val_acc": 0.7785,
      "gpu_hours": 0.03646445512771607
    },
    "28": {
      "val_acc": 0.7806,
      "gpu_hours": 0.03775519417391883
    },
    "29": {
      "val_acc": 0.7793,
      "gpu_hours": 0.03903798957665761
    }
  }
}