{
  "trial_number": 14,
  "params": {
    "lr": 0.0013292918943162175,
    "weight_decay": 0.006351221010640704,
    "batch_size": 64,
    "dropout": 0.07799726016810132,
    "optimizer": "Adam",
    "scheduler": "plateau",
    "model": "resnet18"
  },
  "best_val_acc": 0.4177,
  "total_gpu_hours": 0.0470234117243025,
  "slurm_task": 16,
  "parallel_workers": 40,
  "sampler": "tpe",
  "dataset": "cifar10",
  "device": "cuda",
  "accuracy_thresholds": {},
  "accuracy_curve": {
    "0": {
      "val_acc": 0.2154,
      "gpu_hours": 0.0020957083834542167
    },
    "1": {
      "val_acc": 0.2024,
      "gpu_hours": 0.003643925388654073
    },
    "2": {
      "val_acc": 0.2832,
      "gpu_hours": 0.005244969195789761
    },
    "3": {
      "val_acc": 0.3357,
      "gpu_hours": 0.006815459993150499
    },
    "4": {
      "val_acc": 0.3407,
      "gpu_hours": 0.008341679904195997
    },
    "5": {
      "val_acc": 0.3711,
      "gpu_hours": 0.009917353921466403
    },
    "6": {
      "val_acc": 0.3997,
      "gpu_hours": 0.011460189090834724
    },
    "7": {
      "val_acc": 0.3853,
      "gpu_hours": 0.013007425533400641
    },
    "8": {
      "val_acc": 0.3767,
      "gpu_hours": 0.014554723898569743
    },
    "9": {
      "val_acc": 0.4109,
      "gpu_hours": 0.016096305516031053
    },
    "10": {
      "val_acc": 0.4026,
      "gpu_hours": 0.017646976974275377
    },
    "11": {
      "val_acc": 0.402,
      "gpu_hours": 0.01917793287171258
    },
    "12": {
      "val_acc": 0.4064,
      "gpu_hours": 0.02071427345275879
    },
    "13": {
      "val_acc": 0.3977,
      "gpu_hours": 0.022244357731607226
    },
    "14": {
      "val_acc": 0.4078,
      "gpu_hours": 0.023777596222029792
    },
    "15": {
      "val_acc": 0.4114,
      "gpu_hours": 0.025322470863660178
    },
    "16": {
      "val_acc": 0.4139,
      "gpu_hours": 0.026859582861264546
    },
    "17": {
      "val_acc": 0.4126,
      "gpu_hours": 0.02841242386235131
    },
    "18": {
      "val_acc": 0.4094,
      "gpu_hours": 0.029987011551856995
    },
    "19": {
      "val_acc": 0.4106,
      "gpu_hours": 0.03152677840656704
    },
    "20": {
      "val_acc": 0.4119,
      "gpu_hours": 0.03307148853937785
    },
    "21": {
      "val_acc": 0.4104,
      "gpu_hours": 0.03464861949284871
    },
    "22": {
      "val_acc": 0.4106,
      "gpu_hours": 0.03619911127620273
    },
    "23": {
      "val_acc": 0.4076,
      "gpu_hours": 0.03774644732475281
    },
    "24": {
      "val_acc": 0.4138,
      "gpu_hours": 0.039298728240860836
    },
    "25": {
      "val_acc": 0.4086,
      "gpu_hours": 0.04082620686954922
    },
    "26": {
      "val_acc": 0.4096,
      "gpu_hours": 0.0423566773864958
    },
    "27": {
      "val_acc": 0.4092,
      "gpu_hours": 0.04390288869539897
    },
    "28": {
      "val_acc": 0.4177,
      "gpu_hours": 0.04545755856566959
    },
    "29": {
      "val_acc": 0.4121,
      "gpu_hours": 0.0469694983959198
    }
  }
}