{
  "trial_number": 40,
  "params": {
    "lr": 0.0008179499475211679,
    "weight_decay": 0.0001256104370001356,
    "batch_size": 256,
    "dropout": 0.06974693032602092,
    "optimizer": "AdamW",
    "scheduler": "cosine",
    "model": "efficientnet_b0"
  },
  "best_val_acc": 0.7862,
  "total_gpu_hours": 0.039017954601181876,
  "slurm_task": 9,
  "parallel_workers": 40,
  "sampler": "tpe",
  "dataset": "cifar10",
  "device": "cuda",
  "accuracy_thresholds": {},
  "accuracy_curve": {
    "0": {
      "val_acc": 0.3462,
      "gpu_hours": 0.0016367672549353705
    },
    "1": {
      "val_acc": 0.4882,
      "gpu_hours": 0.0029099692900975546
    },
    "2": {
      "val_acc": 0.5426,
      "gpu_hours": 0.004200477401415507
    },
    "3": {
      "val_acc": 0.5685,
      "gpu_hours": 0.005494801269637214
    },
    "4": {
      "val_acc": 0.5973,
      "gpu_hours": 0.006773538523250156
    },
    "5": {
      "val_acc": 0.6372,
      "gpu_hours": 0.0080592323674096
    },
    "6": {
      "val_acc": 0.6635,
      "gpu_hours": 0.00935345901383294
    },
    "7": {
      "val_acc": 0.6692,
      "gpu_hours": 0.010649337901009453
    },
    "8": {
      "val_acc": 0.6844,
      "gpu_hours": 0.01193783011701372
    },
    "9": {
      "val_acc": 0.7018,
      "gpu_hours": 0.013232320679558648
    },
    "10": {
      "val_acc": 0.7047,
      "gpu_hours": 0.014519375893804762
    },
    "11": {
      "val_acc": 0.7279,
      "gpu_hours": 0.01580857197443644
    },
    "12": {
      "val_acc": 0.7276,
      "gpu_hours": 0.01709312425719367
    },
    "13": {
      "val_acc": 0.7443,
      "gpu_hours": 0.018375333613819544
    },
    "14": {
      "val_acc": 0.7494,
      "gpu_hours": 0.019688805076811047
    },
    "15": {
      "val_acc": 0.7591,
      "gpu_hours": 0.02097392910056644
    },
    "16": {
      "val_acc": 0.7589,
      "gpu_hours": 0.022259655197461446
    },
    "17": {
      "val_acc": 0.7639,
      "gpu_hours": 0.023548286888334487
    },
    "18": {
      "val_acc": 0.7675,
      "gpu_hours": 0.024834761950704786
    },
    "19": {
      "val_acc": 0.7716,
      "gpu_hours": 0.026115492317411636
    },
    "20": {
      "val_acc": 0.7727,
      "gpu_hours": 0.02739656196700202
    },
    "21": {
      "val_acc": 0.781,
      "gpu_hours": 0.028692490524715848
    },
    "22": {
      "val_acc": 0.78,
      "gpu_hours": 0.02997523029645284
    },
    "23": {
      "val_acc": 0.7837,
      "gpu_hours": 0.03126814868715074
    },
    "24": {
      "val_acc": 0.7844,
      "gpu_hours": 0.03256301893128289
    },
    "25": {
      "val_acc": 0.7851,
      "gpu_hours": 0.03384027156564925
    },
    "26": {
      "val_acc": 0.7862,
      "gpu_hours": 0.035123468902375964
    },
    "27": {
      "val_acc": 0.786,
      "gpu_hours": 0.03640002250671387
    },
    "28": {
      "val_acc": 0.7852,
      "gpu_hours": 0.037681509190135534
    },
    "29": {
      "val_acc": 0.7841,
      "gpu_hours": 0.03899231069617801
    }
  }
}