{
  "trial_number": 15,
  "params": {
    "lr": 0.0013292918943162175,
    "weight_decay": 0.006351221010640704,
    "batch_size": 64,
    "dropout": 0.07799726016810132,
    "optimizer": "Adam",
    "scheduler": "plateau",
    "model": "resnet18"
  },
  "best_val_acc": 0.4285,
  "total_gpu_hours": 0.04750295433733198,
  "slurm_task": 23,
  "parallel_workers": 40,
  "sampler": "tpe",
  "dataset": "cifar10",
  "device": "cuda",
  "accuracy_thresholds": {},
  "accuracy_curve": {
    "0": {
      "val_acc": 0.1988,
      "gpu_hours": 0.0020782781309551662
    },
    "1": {
      "val_acc": 0.2524,
      "gpu_hours": 0.003668799466556973
    },
    "2": {
      "val_acc": 0.341,
      "gpu_hours": 0.005242785347832574
    },
    "3": {
      "val_acc": 0.3466,
      "gpu_hours": 0.006776096489694384
    },
    "4": {
      "val_acc": 0.3554,
      "gpu_hours": 0.008318277133835686
    },
    "5": {
      "val_acc": 0.4161,
      "gpu_hours": 0.009896723628044128
    },
    "6": {
      "val_acc": 0.4244,
      "gpu_hours": 0.011451795299847922
    },
    "7": {
      "val_acc": 0.4065,
      "gpu_hours": 0.01302404695087009
    },
    "8": {
      "val_acc": 0.4039,
      "gpu_hours": 0.014607626928223504
    },
    "9": {
      "val_acc": 0.4204,
      "gpu_hours": 0.01616379141807556
    },
    "10": {
      "val_acc": 0.4152,
      "gpu_hours": 0.017726635932922362
    },
    "11": {
      "val_acc": 0.4182,
      "gpu_hours": 0.019316967924435935
    },
    "12": {
      "val_acc": 0.4252,
      "gpu_hours": 0.02088871551884545
    },
    "13": {
      "val_acc": 0.4249,
      "gpu_hours": 0.02243880636162228
    },
    "14": {
      "val_acc": 0.4255,
      "gpu_hours": 0.02399114575650957
    },
    "15": {
      "val_acc": 0.425,
      "gpu_hours": 0.02555198285314772
    },
    "16": {
      "val_acc": 0.4264,
      "gpu_hours": 0.027163231836424932
    },
    "17": {
      "val_acc": 0.4273,
      "gpu_hours": 0.028719078501065573
    },
    "18": {
      "val_acc": 0.4276,
      "gpu_hours": 0.030326775113741558
    },
    "19": {
      "val_acc": 0.4192,
      "gpu_hours": 0.031870366136233015
    },
    "20": {
      "val_acc": 0.4247,
      "gpu_hours": 0.03343314422501458
    },
    "21": {
      "val_acc": 0.4276,
      "gpu_hours": 0.03497426946957906
    },
    "22": {
      "val_acc": 0.422,
      "gpu_hours": 0.03654128962092929
    },
    "23": {
      "val_acc": 0.4232,
      "gpu_hours": 0.038091800345314876
    },
    "24": {
      "val_acc": 0.4285,
      "gpu_hours": 0.03963670015335083
    },
    "25": {
      "val_acc": 0.4256,
      "gpu_hours": 0.041207509107059906
    },
    "26": {
      "val_acc": 0.4234,
      "gpu_hours": 0.04277630567550659
    },
    "27": {
      "val_acc": 0.4203,
      "gpu_hours": 0.044339388608932495
    },
    "28": {
      "val_acc": 0.4218,
      "gpu_hours": 0.0458841739098231
    },
    "29": {
      "val_acc": 0.4248,
      "gpu_hours": 0.04747711340586344
    }
  }
}