{
  "trial_number": 33,
  "params": {
    "lr": 0.0013292918943162175,
    "weight_decay": 0.006351221010640704,
    "batch_size": 64,
    "dropout": 0.07799726016810132,
    "optimizer": "Adam",
    "scheduler": "plateau",
    "model": "resnet18"
  },
  "best_val_acc": 0.4039,
  "total_gpu_hours": 0.04662959582275814,
  "slurm_task": 36,
  "parallel_workers": 40,
  "sampler": "tpe",
  "dataset": "cifar10",
  "device": "cuda",
  "accuracy_thresholds": {},
  "accuracy_curve": {
    "0": {
      "val_acc": 0.2247,
      "gpu_hours": 0.0020467282003826565
    },
    "1": {
      "val_acc": 0.287,
      "gpu_hours": 0.0035934783352745904
    },
    "2": {
      "val_acc": 0.3046,
      "gpu_hours": 0.005152139862378439
    },
    "3": {
      "val_acc": 0.2803,
      "gpu_hours": 0.006675135427051121
    },
    "4": {
      "val_acc": 0.2948,
      "gpu_hours": 0.00822850121392144
    },
    "5": {
      "val_acc": 0.3804,
      "gpu_hours": 0.00975120981534322
    },
    "6": {
      "val_acc": 0.3961,
      "gpu_hours": 0.011280989580684238
    },
    "7": {
      "val_acc": 0.3991,
      "gpu_hours": 0.012828996578852336
    },
    "8": {
      "val_acc": 0.3842,
      "gpu_hours": 0.01434421976407369
    },
    "9": {
      "val_acc": 0.395,
      "gpu_hours": 0.015909921526908875
    },
    "10": {
      "val_acc": 0.3963,
      "gpu_hours": 0.017438222964604694
    },
    "11": {
      "val_acc": 0.3998,
      "gpu_hours": 0.01897548814614614
    },
    "12": {
      "val_acc": 0.3943,
      "gpu_hours": 0.020493923624356588
    },
    "13": {
      "val_acc": 0.4003,
      "gpu_hours": 0.021999039252599082
    },
    "14": {
      "val_acc": 0.3996,
      "gpu_hours": 0.023505161338382298
    },
    "15": {
      "val_acc": 0.3992,
      "gpu_hours": 0.02504159417417314
    },
    "16": {
      "val_acc": 0.4039,
      "gpu_hours": 0.026580641468365987
    },
    "17": {
      "val_acc": 0.4028,
      "gpu_hours": 0.028086270557509528
    },
    "18": {
      "val_acc": 0.4012,
      "gpu_hours": 0.029643001953760784
    },
    "19": {
      "val_acc": 0.4031,
      "gpu_hours": 0.031208858291308084
    },
    "20": {
      "val_acc": 0.4013,
      "gpu_hours": 0.03277015169461568
    },
    "21": {
      "val_acc": 0.4016,
      "gpu_hours": 0.034312069084909226
    },
    "22": {
      "val_acc": 0.4038,
      "gpu_hours": 0.035841838585005864
    },
    "23": {
      "val_acc": 0.4026,
      "gpu_hours": 0.03737283567587535
    },
    "24": {
      "val_acc": 0.4018,
      "gpu_hours": 0.03890724155637953
    },
    "25": {
      "val_acc": 0.4033,
      "gpu_hours": 0.04044151617421044
    },
    "26": {
      "val_acc": 0.4027,
      "gpu_hours": 0.04198578211996291
    },
    "27": {
      "val_acc": 0.4024,
      "gpu_hours": 0.043521876335144045
    },
    "28": {
      "val_acc": 0.4021,
      "gpu_hours": 0.045059772531191505
    },
    "29": {
      "val_acc": 0.4018,
      "gpu_hours": 0.046605378058221604
    }
  }
}