{
  "trial_number": 30,
  "params": {
    "lr": 0.0013292918943162175,
    "weight_decay": 0.006351221010640704,
    "batch_size": 64,
    "dropout": 0.07799726016810132,
    "optimizer": "Adam",
    "scheduler": "plateau",
    "model": "resnet18"
  },
  "best_val_acc": 0.4322,
  "total_gpu_hours": 0.04605690214369032,
  "slurm_task": 32,
  "parallel_workers": 40,
  "sampler": "tpe",
  "dataset": "cifar10",
  "device": "cuda",
  "accuracy_thresholds": {},
  "accuracy_curve": {
    "0": {
      "val_acc": 0.273,
      "gpu_hours": 0.0022102936771180894
    },
    "1": {
      "val_acc": 0.28,
      "gpu_hours": 0.003714433709780375
    },
    "2": {
      "val_acc": 0.3542,
      "gpu_hours": 0.005222881767484877
    },
    "3": {
      "val_acc": 0.283,
      "gpu_hours": 0.006748778952492608
    },
    "4": {
      "val_acc": 0.349,
      "gpu_hours": 0.00824723243713379
    },
    "5": {
      "val_acc": 0.3999,
      "gpu_hours": 0.009746142559581332
    },
    "6": {
      "val_acc": 0.4223,
      "gpu_hours": 0.011231777403089735
    },
    "7": {
      "val_acc": 0.4082,
      "gpu_hours": 0.01273612141609192
    },
    "8": {
      "val_acc": 0.416,
      "gpu_hours": 0.014232286016146341
    },
    "9": {
      "val_acc": 0.4265,
      "gpu_hours": 0.01575012591150072
    },
    "10": {
      "val_acc": 0.4309,
      "gpu_hours": 0.01725929015212589
    },
    "11": {
      "val_acc": 0.4274,
      "gpu_hours": 0.01876282870769501
    },
    "12": {
      "val_acc": 0.4258,
      "gpu_hours": 0.02026769757270813
    },
    "13": {
      "val_acc": 0.4287,
      "gpu_hours": 0.021772162053320145
    },
    "14": {
      "val_acc": 0.4289,
      "gpu_hours": 0.02328726006878747
    },
    "15": {
      "val_acc": 0.4271,
      "gpu_hours": 0.024804916779200235
    },
    "16": {
      "val_acc": 0.4268,
      "gpu_hours": 0.026315079265170627
    },
    "17": {
      "val_acc": 0.4282,
      "gpu_hours": 0.027815869847933453
    },
    "18": {
      "val_acc": 0.4322,
      "gpu_hours": 0.029322280089060467
    },
    "19": {
      "val_acc": 0.4274,
      "gpu_hours": 0.030844674838913812
    },
    "20": {
      "val_acc": 0.4286,
      "gpu_hours": 0.03236794167094761
    },
    "21": {
      "val_acc": 0.4271,
      "gpu_hours": 0.033887732360098094
    },
    "22": {
      "val_acc": 0.4289,
      "gpu_hours": 0.03539630273977915
    },
    "23": {
      "val_acc": 0.4288,
      "gpu_hours": 0.036909319427278306
    },
    "24": {
      "val_acc": 0.4244,
      "gpu_hours": 0.03842311415407393
    },
    "25": {
      "val_acc": 0.4262,
      "gpu_hours": 0.039940235681003994
    },
    "26": {
      "val_acc": 0.4289,
      "gpu_hours": 0.04144948879877726
    },
    "27": {
      "val_acc": 0.4298,
      "gpu_hours": 0.04298305299546983
    },
    "28": {
      "val_acc": 0.4286,
      "gpu_hours": 0.044508264859517414
    },
    "29": {
      "val_acc": 0.4249,
      "gpu_hours": 0.04603587680392795
    }
  }
}