{
  "trial_number": 81,
  "params": {
    "lr": 0.004145520543573878,
    "weight_decay": 7.3855393669393525e-06,
    "batch_size": 64,
    "dropout": 0.12646037610061572,
    "optimizer": "Adam",
    "scheduler": "step",
    "model": "resnet18"
  },
  "best_val_acc": 0.9074,
  "total_gpu_hours": 0.04785455412334866,
  "slurm_task": 33,
  "parallel_workers": 40,
  "sampler": "tpe",
  "dataset": "cifar10",
  "device": "cuda",
  "accuracy_thresholds": {
    "gpu_h_to_80pct": 0.011543781492445204,
    "gpu_h_to_85pct": 0.0176937688059277,
    "gpu_h_to_90pct": 0.033491390082571244
  },
  "accuracy_curve": {
    "0": {
      "val_acc": 0.4562,
      "gpu_hours": 0.0021149826049804686
    },
    "1": {
      "val_acc": 0.574,
      "gpu_hours": 0.0037056049373414782
    },
    "2": {
      "val_acc": 0.6747,
      "gpu_hours": 0.005286782185236613
    },
    "3": {
      "val_acc": 0.7395,
      "gpu_hours": 0.006852469576729668
    },
    "4": {
      "val_acc": 0.7199,
      "gpu_hours": 0.008439499007331
    },
    "5": {
      "val_acc": 0.7436,
      "gpu_hours": 0.01000289135509067
    },
    "6": {
      "val_acc": 0.8176,
      "gpu_hours": 0.011543781492445204
    },
    "7": {
      "val_acc": 0.8005,
      "gpu_hours": 0.013057140509287517
    },
    "8": {
      "val_acc": 0.8188,
      "gpu_hours": 0.014596790671348572
    },
    "9": {
      "val_acc": 0.8291,
      "gpu_hours": 0.016152052813106114
    },
    "10": {
      "val_acc": 0.8652,
      "gpu_hours": 0.0176937688059277
    },
    "11": {
      "val_acc": 0.8677,
      "gpu_hours": 0.01923938406838311
    },
    "12": {
      "val_acc": 0.8737,
      "gpu_hours": 0.020786801510386997
    },
    "13": {
      "val_acc": 0.8774,
      "gpu_hours": 0.02235682831870185
    },
    "14": {
      "val_acc": 0.8801,
      "gpu_hours": 0.02394330276383294
    },
    "15": {
      "val_acc": 0.8788,
      "gpu_hours": 0.02553870028919644
    },
    "16": {
      "val_acc": 0.8836,
      "gpu_hours": 0.02715607656372918
    },
    "17": {
      "val_acc": 0.8745,
      "gpu_hours": 0.028741910325156318
    },
    "18": {
      "val_acc": 0.8869,
      "gpu_hours": 0.03031851609547933
    },
    "19": {
      "val_acc": 0.8848,
      "gpu_hours": 0.03191289186477661
    },
    "20": {
      "val_acc": 0.902,
      "gpu_hours": 0.033491390082571244
    },
    "21": {
      "val_acc": 0.8994,
      "gpu_hours": 0.03509079423215654
    },
    "22": {
      "val_acc": 0.9046,
      "gpu_hours": 0.03668722371260325
    },
    "23": {
      "val_acc": 0.9051,
      "gpu_hours": 0.03827232248253293
    },
    "24": {
      "val_acc": 0.9018,
      "gpu_hours": 0.03984822207027011
    },
    "25": {
      "val_acc": 0.9011,
      "gpu_hours": 0.041436518828074136
    },
    "26": {
      "val_acc": 0.8998,
      "gpu_hours": 0.04302291552225749
    },
    "27": {
      "val_acc": 0.9074,
      "gpu_hours": 0.04460090438524882
    },
    "28": {
      "val_acc": 0.9023,
      "gpu_hours": 0.04622923334439596
    },
    "29": {
      "val_acc": 0.906,
      "gpu_hours": 0.04780792501237657
    }
  }
}