{
  "trial_number": 137,
  "params": {
    "lr": 0.007451617972708863,
    "weight_decay": 4.4381061611953035e-06,
    "batch_size": 64,
    "dropout": 0.4172592880976009,
    "optimizer": "Adam",
    "scheduler": "step",
    "model": "resnet34"
  },
  "best_val_acc": 0.8946,
  "total_gpu_hours": 0.2359151538213094,
  "slurm_task": 4,
  "parallel_workers": 40,
  "sampler": "tpe",
  "dataset": "cifar10",
  "device": "cuda",
  "accuracy_thresholds": {
    "gpu_h_to_80pct": 0.07891147401597765,
    "gpu_h_to_85pct": 0.10243205110232036
  },
  "accuracy_curve": {
    "0": {
      "val_acc": 0.3565,
      "gpu_hours": 0.008312939802805583
    },
    "1": {
      "val_acc": 0.3878,
      "gpu_hours": 0.016148647401067945
    },
    "2": {
      "val_acc": 0.599,
      "gpu_hours": 0.02399375153912438
    },
    "3": {
      "val_acc": 0.6376,
      "gpu_hours": 0.031840398377842374
    },
    "4": {
      "val_acc": 0.6744,
      "gpu_hours": 0.03968088308970134
    },
    "5": {
      "val_acc": 0.7722,
      "gpu_hours": 0.04753002378675673
    },
    "6": {
      "val_acc": 0.787,
      "gpu_hours": 0.05537645644611783
    },
    "7": {
      "val_acc": 0.7695,
      "gpu_hours": 0.06321971979406145
    },
    "8": {
      "val_acc": 0.7876,
      "gpu_hours": 0.07106508804692162
    },
    "9": {
      "val_acc": 0.806,
      "gpu_hours": 0.07891147401597765
    },
    "10": {
      "val_acc": 0.8394,
      "gpu_hours": 0.08676034178998736
    },
    "11": {
      "val_acc": 0.8334,
      "gpu_hours": 0.09460002819697062
    },
    "12": {
      "val_acc": 0.8528,
      "gpu_hours": 0.10243205110232036
    },
    "13": {
      "val_acc": 0.8453,
      "gpu_hours": 0.11027407924334208
    },
    "14": {
      "val_acc": 0.8551,
      "gpu_hours": 0.118119328684277
    },
    "15": {
      "val_acc": 0.8655,
      "gpu_hours": 0.12596382233831618
    },
    "16": {
      "val_acc": 0.8699,
      "gpu_hours": 0.13380179862181346
    },
    "17": {
      "val_acc": 0.864,
      "gpu_hours": 0.14164153304364946
    },
    "18": {
      "val_acc": 0.869,
      "gpu_hours": 0.1494874131017261
    },
    "19": {
      "val_acc": 0.8639,
      "gpu_hours": 0.1573225105471081
    },
    "20": {
      "val_acc": 0.8859,
      "gpu_hours": 0.1651671791738934
    },
    "21": {
      "val_acc": 0.8847,
      "gpu_hours": 0.17299984746509128
    },
    "22": {
      "val_acc": 0.8935,
      "gpu_hours": 0.1808522599273258
    },
    "23": {
      "val_acc": 0.892,
      "gpu_hours": 0.18871782647238838
    },
    "24": {
      "val_acc": 0.889,
      "gpu_hours": 0.19658625741799673
    },
    "25": {
      "val_acc": 0.8923,
      "gpu_hours": 0.20444053451220195
    },
    "26": {
      "val_acc": 0.8946,
      "gpu_hours": 0.2122960733042823
    },
    "27": {
      "val_acc": 0.8922,
      "gpu_hours": 0.22015538507037694
    },
    "28": {
      "val_acc": 0.8867,
      "gpu_hours": 0.22802047418223487
    },
    "29": {
      "val_acc": 0.8942,
      "gpu_hours": 0.2358913344807095
    }
  }
}