{
  "trial_number": 113,
  "params": {
    "lr": 0.00030778908702479735,
    "weight_decay": 0.0009520145760425403,
    "batch_size": 128,
    "dropout": 0.0024892686348029196,
    "optimizer": "Adam",
    "scheduler": "step",
    "model": "resnet34"
  },
  "best_val_acc": 0.8964,
  "total_gpu_hours": 0.05067992077933418,
  "slurm_task": 25,
  "parallel_workers": 40,
  "sampler": "tpe",
  "dataset": "cifar10",
  "device": "cuda",
  "accuracy_thresholds": {
    "gpu_h_to_80pct": 0.017258803447087606,
    "gpu_h_to_85pct": 0.018924827641910977
  },
  "accuracy_curve": {
    "0": {
      "val_acc": 0.4822,
      "gpu_hours": 0.0020452526542875504
    },
    "1": {
      "val_acc": 0.6269,
      "gpu_hours": 0.003741133279270596
    },
    "2": {
      "val_acc": 0.6458,
      "gpu_hours": 0.005446374482578701
    },
    "3": {
      "val_acc": 0.6332,
      "gpu_hours": 0.007147702972094218
    },
    "4": {
      "val_acc": 0.71,
      "gpu_hours": 0.00883533815542857
    },
    "5": {
      "val_acc": 0.7452,
      "gpu_hours": 0.010529197520679897
    },
    "6": {
      "val_acc": 0.7537,
      "gpu_hours": 0.012227134969499375
    },
    "7": {
      "val_acc": 0.7953,
      "gpu_hours": 0.013929493029912313
    },
    "8": {
      "val_acc": 0.7377,
      "gpu_hours": 0.01559529999891917
    },
    "9": {
      "val_acc": 0.8112,
      "gpu_hours": 0.017258803447087606
    },
    "10": {
      "val_acc": 0.8536,
      "gpu_hours": 0.018924827641910977
    },
    "11": {
      "val_acc": 0.8713,
      "gpu_hours": 0.020607859426074557
    },
    "12": {
      "val_acc": 0.837,
      "gpu_hours": 0.022270493242475722
    },
    "13": {
      "val_acc": 0.8583,
      "gpu_hours": 0.023938541544808283
    },
    "14": {
      "val_acc": 0.8227,
      "gpu_hours": 0.025601082907782662
    },
    "15": {
      "val_acc": 0.8213,
      "gpu_hours": 0.02726124127705892
    },
    "16": {
      "val_acc": 0.8497,
      "gpu_hours": 0.028938070999251473
    },
    "17": {
      "val_acc": 0.8229,
      "gpu_hours": 0.03061130510436164
    },
    "18": {
      "val_acc": 0.8603,
      "gpu_hours": 0.032279702292548285
    },
    "19": {
      "val_acc": 0.859,
      "gpu_hours": 0.03395158973005083
    },
    "20": {
      "val_acc": 0.8951,
      "gpu_hours": 0.0356197714805603
    },
    "21": {
      "val_acc": 0.8939,
      "gpu_hours": 0.03729085524876912
    },
    "22": {
      "val_acc": 0.8964,
      "gpu_hours": 0.03898949808544583
    },
    "23": {
      "val_acc": 0.8888,
      "gpu_hours": 0.0406601756811142
    },
    "24": {
      "val_acc": 0.8924,
      "gpu_hours": 0.04232650763458676
    },
    "25": {
      "val_acc": 0.894,
      "gpu_hours": 0.0440002742740843
    },
    "26": {
      "val_acc": 0.8934,
      "gpu_hours": 0.04566706743505266
    },
    "27": {
      "val_acc": 0.8935,
      "gpu_hours": 0.047329769863022696
    },
    "28": {
      "val_acc": 0.8942,
      "gpu_hours": 0.04899736907747057
    },
    "29": {
      "val_acc": 0.8886,
      "gpu_hours": 0.050654104749361675
    }
  }
}