{
  "trial_number": 138,
  "params": {
    "lr": 0.0060345884093975875,
    "weight_decay": 3.047662381466689e-06,
    "batch_size": 64,
    "dropout": 0.0025894625435799005,
    "optimizer": "Adam",
    "scheduler": "step",
    "model": "resnet34"
  },
  "best_val_acc": 0.9089,
  "total_gpu_hours": 0.23545774466461605,
  "slurm_task": 9,
  "parallel_workers": 40,
  "sampler": "tpe",
  "dataset": "cifar10",
  "device": "cuda",
  "accuracy_thresholds": {
    "gpu_h_to_80pct": 0.0553422800037596,
    "gpu_h_to_85pct": 0.08669962849881914,
    "gpu_h_to_90pct": 0.16499544600645702
  },
  "accuracy_curve": {
    "0": {
      "val_acc": 0.4099,
      "gpu_hours": 0.008337617648972406
    },
    "1": {
      "val_acc": 0.5443,
      "gpu_hours": 0.016175523863898384
    },
    "2": {
      "val_acc": 0.6138,
      "gpu_hours": 0.024003881216049194
    },
    "3": {
      "val_acc": 0.7204,
      "gpu_hours": 0.03184230923652649
    },
    "4": {
      "val_acc": 0.7347,
      "gpu_hours": 0.03967355211575826
    },
    "5": {
      "val_acc": 0.7693,
      "gpu_hours": 0.04750907169448005
    },
    "6": {
      "val_acc": 0.8087,
      "gpu_hours": 0.0553422800037596
    },
    "7": {
      "val_acc": 0.8106,
      "gpu_hours": 0.06318031158712176
    },
    "8": {
      "val_acc": 0.8278,
      "gpu_hours": 0.0710214614868164
    },
    "9": {
      "val_acc": 0.8411,
      "gpu_hours": 0.07886411733097501
    },
    "10": {
      "val_acc": 0.8658,
      "gpu_hours": 0.08669962849881914
    },
    "11": {
      "val_acc": 0.8591,
      "gpu_hours": 0.09453589823510912
    },
    "12": {
      "val_acc": 0.8622,
      "gpu_hours": 0.10237216386530135
    },
    "13": {
      "val_acc": 0.8663,
      "gpu_hours": 0.11020847505993313
    },
    "14": {
      "val_acc": 0.8681,
      "gpu_hours": 0.11803734759489695
    },
    "15": {
      "val_acc": 0.8797,
      "gpu_hours": 0.1258702113231023
    },
    "16": {
      "val_acc": 0.8815,
      "gpu_hours": 0.13369291616810694
    },
    "17": {
      "val_acc": 0.8775,
      "gpu_hours": 0.14152245468563504
    },
    "18": {
      "val_acc": 0.8846,
      "gpu_hours": 0.14934600445959303
    },
    "19": {
      "val_acc": 0.8882,
      "gpu_hours": 0.1571693402528763
    },
    "20": {
      "val_acc": 0.9032,
      "gpu_hours": 0.16499544600645702
    },
    "21": {
      "val_acc": 0.9027,
      "gpu_hours": 0.17282321015993754
    },
    "22": {
      "val_acc": 0.9019,
      "gpu_hours": 0.1806531133916643
    },
    "23": {
      "val_acc": 0.8999,
      "gpu_hours": 0.1884773663017485
    },
    "24": {
      "val_acc": 0.9044,
      "gpu_hours": 0.19630763212839764
    },
    "25": {
      "val_acc": 0.9062,
      "gpu_hours": 0.20413915150695378
    },
    "26": {
      "val_acc": 0.9053,
      "gpu_hours": 0.21196699420611065
    },
    "27": {
      "val_acc": 0.9038,
      "gpu_hours": 0.21979713744587367
    },
    "28": {
      "val_acc": 0.9089,
      "gpu_hours": 0.22761720405684577
    },
    "29": {
      "val_acc": 0.9041,
      "gpu_hours": 0.2354396429989073
    }
  }
}