{
  "trial_number": 51,
  "params": {
    "lr": 0.009071659038603897,
    "weight_decay": 0.0035332134760896403,
    "batch_size": 64,
    "dropout": 0.0234266753470872,
    "optimizer": "SGD",
    "scheduler": "cosine",
    "model": "efficientnet_b1",
    "momentum": 0.9189794660709213
  },
  "best_val_acc": 0.6799,
  "total_gpu_hours": 0.1327227544122272,
  "slurm_task": 29,
  "parallel_workers": 40,
  "sampler": "tpe",
  "dataset": "cifar10",
  "device": "cuda",
  "accuracy_thresholds": {},
  "accuracy_curve": {
    "0": {
      "val_acc": 0.1112,
      "gpu_hours": 0.0048944793807135685
    },
    "1": {
      "val_acc": 0.3413,
      "gpu_hours": 0.009433548582924736
    },
    "2": {
      "val_acc": 0.455,
      "gpu_hours": 0.013985185689396329
    },
    "3": {
      "val_acc": 0.5219,
      "gpu_hours": 0.018536641730202568
    },
    "4": {
      "val_acc": 0.5534,
      "gpu_hours": 0.023082604938083225
    },
    "5": {
      "val_acc": 0.5744,
      "gpu_hours": 0.02762161162164476
    },
    "6": {
      "val_acc": 0.5477,
      "gpu_hours": 0.03217194351885054
    },
    "7": {
      "val_acc": 0.5849,
      "gpu_hours": 0.036760145492023895
    },
    "8": {
      "val_acc": 0.5911,
      "gpu_hours": 0.041242134306165905
    },
    "9": {
      "val_acc": 0.5633,
      "gpu_hours": 0.0456128912501865
    },
    "10": {
      "val_acc": 0.5676,
      "gpu_hours": 0.049964251385794745
    },
    "11": {
      "val_acc": 0.5795,
      "gpu_hours": 0.05431903885470496
    },
    "12": {
      "val_acc": 0.596,
      "gpu_hours": 0.058667310873667396
    },
    "13": {
      "val_acc": 0.5954,
      "gpu_hours": 0.06302161355813345
    },
    "14": {
      "val_acc": 0.5908,
      "gpu_hours": 0.06736974848641289
    },
    "15": {
      "val_acc": 0.6026,
      "gpu_hours": 0.07173337207900153
    },
    "16": {
      "val_acc": 0.5875,
      "gpu_hours": 0.07608646578258939
    },
    "17": {
      "val_acc": 0.6155,
      "gpu_hours": 0.08045085198349423
    },
    "18": {
      "val_acc": 0.6232,
      "gpu_hours": 0.08481024199061923
    },
    "19": {
      "val_acc": 0.6121,
      "gpu_hours": 0.08915847334596846
    },
    "20": {
      "val_acc": 0.6302,
      "gpu_hours": 0.09351155824131435
    },
    "21": {
      "val_acc": 0.6448,
      "gpu_hours": 0.09786858571900262
    },
    "22": {
      "val_acc": 0.6491,
      "gpu_hours": 0.10222014877531263
    },
    "23": {
      "val_acc": 0.644,
      "gpu_hours": 0.1065765099392997
    },
    "24": {
      "val_acc": 0.6654,
      "gpu_hours": 0.11092585424582163
    },
    "25": {
      "val_acc": 0.6634,
      "gpu_hours": 0.11528404315312703
    },
    "26": {
      "val_acc": 0.6689,
      "gpu_hours": 0.1196443357070287
    },
    "27": {
      "val_acc": 0.6765,
      "gpu_hours": 0.12399857434961531
    },
    "28": {
      "val_acc": 0.6739,
      "gpu_hours": 0.12836427642239465
    },
    "29": {
      "val_acc": 0.6799,
      "gpu_hours": 0.13270431326495277
    }
  }
}