{
  "trial_number": 1,
  "params": {
    "lr": 0.0013292918943162175,
    "weight_decay": 0.006351221010640704,
    "batch_size": 64,
    "dropout": 0.07799726016810132,
    "optimizer": "Adam",
    "scheduler": "plateau",
    "model": "resnet18"
  },
  "best_val_acc": 0.4737,
  "total_gpu_hours": 0.1346068192852868,
  "slurm_task": 26,
  "parallel_workers": 40,
  "sampler": "tpe",
  "dataset": "cifar10",
  "device": "cuda",
  "accuracy_thresholds": {},
  "accuracy_curve": {
    "0": {
      "val_acc": 0.1964,
      "gpu_hours": 0.005092374285062154
    },
    "1": {
      "val_acc": 0.2721,
      "gpu_hours": 0.009558436142073736
    },
    "2": {
      "val_acc": 0.3442,
      "gpu_hours": 0.014021872480710348
    },
    "3": {
      "val_acc": 0.2819,
      "gpu_hours": 0.018533463411860997
    },
    "4": {
      "val_acc": 0.3108,
      "gpu_hours": 0.022990451322661507
    },
    "5": {
      "val_acc": 0.4377,
      "gpu_hours": 0.027462264431847468
    },
    "6": {
      "val_acc": 0.4392,
      "gpu_hours": 0.031925939785109624
    },
    "7": {
      "val_acc": 0.4544,
      "gpu_hours": 0.03637414521641202
    },
    "8": {
      "val_acc": 0.4499,
      "gpu_hours": 0.04084665172629886
    },
    "9": {
      "val_acc": 0.4714,
      "gpu_hours": 0.0453095285097758
    },
    "10": {
      "val_acc": 0.4664,
      "gpu_hours": 0.049788432584868536
    },
    "11": {
      "val_acc": 0.4652,
      "gpu_hours": 0.05423570023642646
    },
    "12": {
      "val_acc": 0.4696,
      "gpu_hours": 0.058684876097573176
    },
    "13": {
      "val_acc": 0.4692,
      "gpu_hours": 0.0631208176083035
    },
    "14": {
      "val_acc": 0.4653,
      "gpu_hours": 0.06759148246712154
    },
    "15": {
      "val_acc": 0.4673,
      "gpu_hours": 0.07204916026857164
    },
    "16": {
      "val_acc": 0.4694,
      "gpu_hours": 0.07650720516840617
    },
    "17": {
      "val_acc": 0.4684,
      "gpu_hours": 0.08096858143806457
    },
    "18": {
      "val_acc": 0.4674,
      "gpu_hours": 0.08543176035086314
    },
    "19": {
      "val_acc": 0.4677,
      "gpu_hours": 0.0899041176504559
    },
    "20": {
      "val_acc": 0.4652,
      "gpu_hours": 0.09437399407227834
    },
    "21": {
      "val_acc": 0.4683,
      "gpu_hours": 0.0988505721092224
    },
    "22": {
      "val_acc": 0.4698,
      "gpu_hours": 0.10332170022858514
    },
    "23": {
      "val_acc": 0.4703,
      "gpu_hours": 0.10778492702378167
    },
    "24": {
      "val_acc": 0.4681,
      "gpu_hours": 0.11225390374660492
    },
    "25": {
      "val_acc": 0.4737,
      "gpu_hours": 0.11672660655445523
    },
    "26": {
      "val_acc": 0.4712,
      "gpu_hours": 0.12119548983044094
    },
    "27": {
      "val_acc": 0.4705,
      "gpu_hours": 0.12565812130769094
    },
    "28": {
      "val_acc": 0.471,
      "gpu_hours": 0.1301174309518602
    },
    "29": {
      "val_acc": 0.4672,
      "gpu_hours": 0.13456868747870127
    }
  }
}