{
  "trial_number": 38,
  "params": {
    "lr": 0.0013292918943162175,
    "weight_decay": 0.006351221010640704,
    "batch_size": 64,
    "dropout": 0.07799726016810132,
    "optimizer": "Adam",
    "scheduler": "plateau",
    "model": "resnet18"
  },
  "best_val_acc": 0.437,
  "total_gpu_hours": 0.046944750679863825,
  "slurm_task": 30,
  "parallel_workers": 40,
  "sampler": "tpe",
  "dataset": "cifar10",
  "device": "cuda",
  "accuracy_thresholds": {},
  "accuracy_curve": {
    "0": {
      "val_acc": 0.22,
      "gpu_hours": 0.002105843358569675
    },
    "1": {
      "val_acc": 0.2839,
      "gpu_hours": 0.00363340159257253
    },
    "2": {
      "val_acc": 0.2799,
      "gpu_hours": 0.005179948939217462
    },
    "3": {
      "val_acc": 0.3182,
      "gpu_hours": 0.006724073754416571
    },
    "4": {
      "val_acc": 0.2871,
      "gpu_hours": 0.008262885610262553
    },
    "5": {
      "val_acc": 0.4143,
      "gpu_hours": 0.009838123785124884
    },
    "6": {
      "val_acc": 0.4219,
      "gpu_hours": 0.011382711397276984
    },
    "7": {
      "val_acc": 0.4229,
      "gpu_hours": 0.012953336967362297
    },
    "8": {
      "val_acc": 0.4226,
      "gpu_hours": 0.014514273206392925
    },
    "9": {
      "val_acc": 0.4309,
      "gpu_hours": 0.016073668466673956
    },
    "10": {
      "val_acc": 0.4347,
      "gpu_hours": 0.01760649343331655
    },
    "11": {
      "val_acc": 0.4345,
      "gpu_hours": 0.019129388398594325
    },
    "12": {
      "val_acc": 0.4303,
      "gpu_hours": 0.020664185219340853
    },
    "13": {
      "val_acc": 0.4351,
      "gpu_hours": 0.02220952484342787
    },
    "14": {
      "val_acc": 0.4339,
      "gpu_hours": 0.023720984326468575
    },
    "15": {
      "val_acc": 0.4338,
      "gpu_hours": 0.02525934126642015
    },
    "16": {
      "val_acc": 0.4325,
      "gpu_hours": 0.026796712146864996
    },
    "17": {
      "val_acc": 0.4334,
      "gpu_hours": 0.028352989355723064
    },
    "18": {
      "val_acc": 0.4319,
      "gpu_hours": 0.029899284640947977
    },
    "19": {
      "val_acc": 0.4317,
      "gpu_hours": 0.031453889740837945
    },
    "20": {
      "val_acc": 0.4347,
      "gpu_hours": 0.0329944904645284
    },
    "21": {
      "val_acc": 0.4354,
      "gpu_hours": 0.03454275078243679
    },
    "22": {
      "val_acc": 0.4313,
      "gpu_hours": 0.03608102712366316
    },
    "23": {
      "val_acc": 0.4281,
      "gpu_hours": 0.037638451192114085
    },
    "24": {
      "val_acc": 0.437,
      "gpu_hours": 0.03919083482689328
    },
    "25": {
      "val_acc": 0.4345,
      "gpu_hours": 0.040724139081107245
    },
    "26": {
      "val_acc": 0.4358,
      "gpu_hours": 0.042276439203156366
    },
    "27": {
      "val_acc": 0.4348,
      "gpu_hours": 0.043815924790170456
    },
    "28": {
      "val_acc": 0.4366,
      "gpu_hours": 0.04536429776085748
    },
    "29": {
      "val_acc": 0.4349,
      "gpu_hours": 0.04691884729597304
    }
  }
}