{
  "trial_number": 61,
  "params": {
    "lr": 0.0005009212547611761,
    "weight_decay": 6.259966998766333e-05,
    "batch_size": 256,
    "dropout": 0.0930912677909104,
    "optimizer": "AdamW",
    "scheduler": "cosine",
    "model": "efficientnet_b0"
  },
  "best_val_acc": 0.7442,
  "total_gpu_hours": 0.08037855605284373,
  "slurm_task": 21,
  "parallel_workers": 40,
  "sampler": "tpe",
  "dataset": "cifar10",
  "device": "cuda",
  "accuracy_thresholds": {},
  "accuracy_curve": {
    "0": {
      "val_acc": 0.3242,
      "gpu_hours": 0.0031311496761110094
    },
    "1": {
      "val_acc": 0.43,
      "gpu_hours": 0.0057929088672002155
    },
    "2": {
      "val_acc": 0.5022,
      "gpu_hours": 0.008448720508151585
    },
    "3": {
      "val_acc": 0.5379,
      "gpu_hours": 0.011109519865777757
    },
    "4": {
      "val_acc": 0.566,
      "gpu_hours": 0.013749399251408048
    },
    "5": {
      "val_acc": 0.5992,
      "gpu_hours": 0.016422707902060615
    },
    "6": {
      "val_acc": 0.6183,
      "gpu_hours": 0.019082242515352038
    },
    "7": {
      "val_acc": 0.6268,
      "gpu_hours": 0.02176796323723263
    },
    "8": {
      "val_acc": 0.6368,
      "gpu_hours": 0.024434707760810852
    },
    "9": {
      "val_acc": 0.6532,
      "gpu_hours": 0.027091463671790227
    },
    "10": {
      "val_acc": 0.6605,
      "gpu_hours": 0.029736899733543397
    },
    "11": {
      "val_acc": 0.6757,
      "gpu_hours": 0.03239531517028808
    },
    "12": {
      "val_acc": 0.6837,
      "gpu_hours": 0.0350685938861635
    },
    "13": {
      "val_acc": 0.6861,
      "gpu_hours": 0.03774077792962392
    },
    "14": {
      "val_acc": 0.6947,
      "gpu_hours": 0.04038873387707604
    },
    "15": {
      "val_acc": 0.7097,
      "gpu_hours": 0.04303764005502065
    },
    "16": {
      "val_acc": 0.71,
      "gpu_hours": 0.04567161977291107
    },
    "17": {
      "val_acc": 0.7106,
      "gpu_hours": 0.048331095973650616
    },
    "18": {
      "val_acc": 0.7196,
      "gpu_hours": 0.050990836752785575
    },
    "19": {
      "val_acc": 0.7276,
      "gpu_hours": 0.05368980182541741
    },
    "20": {
      "val_acc": 0.7277,
      "gpu_hours": 0.056362919476297166
    },
    "21": {
      "val_acc": 0.735,
      "gpu_hours": 0.05901769498984019
    },
    "22": {
      "val_acc": 0.7353,
      "gpu_hours": 0.06167600784036848
    },
    "23": {
      "val_acc": 0.7365,
      "gpu_hours": 0.06435090356402927
    },
    "24": {
      "val_acc": 0.7381,
      "gpu_hours": 0.0670120996899075
    },
    "25": {
      "val_acc": 0.7418,
      "gpu_hours": 0.06966395530435775
    },
    "26": {
      "val_acc": 0.7415,
      "gpu_hours": 0.07232467571894328
    },
    "27": {
      "val_acc": 0.7416,
      "gpu_hours": 0.07502034770117866
    },
    "28": {
      "val_acc": 0.7442,
      "gpu_hours": 0.07768162886301676
    },
    "29": {
      "val_acc": 0.7416,
      "gpu_hours": 0.08035321215788524
    }
  }
}