{
  "trial_number": 65,
  "params": {
    "lr": 0.0007268654328676087,
    "weight_decay": 0.00017195055939855968,
    "batch_size": 256,
    "dropout": 0.0930912677909104,
    "optimizer": "AdamW",
    "scheduler": "cosine",
    "model": "efficientnet_b0"
  },
  "best_val_acc": 0.7756,
  "total_gpu_hours": 0.07650986817147996,
  "slurm_task": 14,
  "parallel_workers": 40,
  "sampler": "tpe",
  "dataset": "cifar10",
  "device": "cuda",
  "accuracy_thresholds": {},
  "accuracy_curve": {
    "0": {
      "val_acc": 0.3527,
      "gpu_hours": 0.0029984819889068604
    },
    "1": {
      "val_acc": 0.4523,
      "gpu_hours": 0.005521330038706461
    },
    "2": {
      "val_acc": 0.5087,
      "gpu_hours": 0.008068953421380785
    },
    "3": {
      "val_acc": 0.5618,
      "gpu_hours": 0.01060964498254988
    },
    "4": {
      "val_acc": 0.5995,
      "gpu_hours": 0.01314775460296207
    },
    "5": {
      "val_acc": 0.6238,
      "gpu_hours": 0.015679713487625122
    },
    "6": {
      "val_acc": 0.6311,
      "gpu_hours": 0.01821045418580373
    },
    "7": {
      "val_acc": 0.6717,
      "gpu_hours": 0.02074139634768168
    },
    "8": {
      "val_acc": 0.6776,
      "gpu_hours": 0.023282557659678987
    },
    "9": {
      "val_acc": 0.6897,
      "gpu_hours": 0.02582033250066969
    },
    "10": {
      "val_acc": 0.7068,
      "gpu_hours": 0.028353111147880555
    },
    "11": {
      "val_acc": 0.7129,
      "gpu_hours": 0.030891027914153206
    },
    "12": {
      "val_acc": 0.7222,
      "gpu_hours": 0.03342015226682027
    },
    "13": {
      "val_acc": 0.7301,
      "gpu_hours": 0.035963584846920436
    },
    "14": {
      "val_acc": 0.7382,
      "gpu_hours": 0.038521138959460785
    },
    "15": {
      "val_acc": 0.7408,
      "gpu_hours": 0.041049418714311385
    },
    "16": {
      "val_acc": 0.7549,
      "gpu_hours": 0.043572188682026336
    },
    "17": {
      "val_acc": 0.76,
      "gpu_hours": 0.04610305216577318
    },
    "18": {
      "val_acc": 0.7561,
      "gpu_hours": 0.04867151551776462
    },
    "19": {
      "val_acc": 0.763,
      "gpu_hours": 0.05120784521102905
    },
    "20": {
      "val_acc": 0.7689,
      "gpu_hours": 0.053738278018103706
    },
    "21": {
      "val_acc": 0.769,
      "gpu_hours": 0.05626607894897461
    },
    "22": {
      "val_acc": 0.7695,
      "gpu_hours": 0.058802388575341966
    },
    "23": {
      "val_acc": 0.7715,
      "gpu_hours": 0.061342612836096023
    },
    "24": {
      "val_acc": 0.7731,
      "gpu_hours": 0.06386820495128631
    },
    "25": {
      "val_acc": 0.7756,
      "gpu_hours": 0.06638841119077471
    },
    "26": {
      "val_acc": 0.7748,
      "gpu_hours": 0.068915270169576
    },
    "27": {
      "val_acc": 0.7754,
      "gpu_hours": 0.07144337872664133
    },
    "28": {
      "val_acc": 0.7744,
      "gpu_hours": 0.07396858851114908
    },
    "29": {
      "val_acc": 0.7748,
      "gpu_hours": 0.07648466971185472
    }
  }
}