{
  "trial_number": 117,
  "params": {
    "lr": 0.00011228546442787231,
    "weight_decay": 1.659561391424313e-05,
    "batch_size": 64,
    "dropout": 0.002445821254807941,
    "optimizer": "Adam",
    "scheduler": "step",
    "model": "resnet34"
  },
  "best_val_acc": 0.9001,
  "total_gpu_hours": 0.06951401578055488,
  "slurm_task": 40,
  "parallel_workers": 40,
  "sampler": "tpe",
  "dataset": "cifar10",
  "device": "cuda",
  "accuracy_thresholds": {
    "gpu_h_to_80pct": 0.014174803429179721,
    "gpu_h_to_85pct": 0.02570169574684567,
    "gpu_h_to_90pct": 0.05102692716651493
  },
  "accuracy_curve": {
    "0": {
      "val_acc": 0.5433,
      "gpu_hours": 0.0026484400033950804
    },
    "1": {
      "val_acc": 0.6294,
      "gpu_hours": 0.004955790042877197
    },
    "2": {
      "val_acc": 0.6882,
      "gpu_hours": 0.00726266536447737
    },
    "3": {
      "val_acc": 0.748,
      "gpu_hours": 0.00956612527370453
    },
    "4": {
      "val_acc": 0.7889,
      "gpu_hours": 0.01186686999268002
    },
    "5": {
      "val_acc": 0.803,
      "gpu_hours": 0.014174803429179721
    },
    "6": {
      "val_acc": 0.782,
      "gpu_hours": 0.01648044639163547
    },
    "7": {
      "val_acc": 0.8214,
      "gpu_hours": 0.018780186043845282
    },
    "8": {
      "val_acc": 0.8453,
      "gpu_hours": 0.021088657048013475
    },
    "9": {
      "val_acc": 0.827,
      "gpu_hours": 0.023389776746431987
    },
    "10": {
      "val_acc": 0.8613,
      "gpu_hours": 0.02570169574684567
    },
    "11": {
      "val_acc": 0.8651,
      "gpu_hours": 0.028003779782189264
    },
    "12": {
      "val_acc": 0.8664,
      "gpu_hours": 0.03030965162648095
    },
    "13": {
      "val_acc": 0.8791,
      "gpu_hours": 0.03261790725919935
    },
    "14": {
      "val_acc": 0.8716,
      "gpu_hours": 0.03492215938038296
    },
    "15": {
      "val_acc": 0.8786,
      "gpu_hours": 0.037219941682285734
    },
    "16": {
      "val_acc": 0.8822,
      "gpu_hours": 0.03951644341150919
    },
    "17": {
      "val_acc": 0.8802,
      "gpu_hours": 0.041813356810145905
    },
    "18": {
      "val_acc": 0.8865,
      "gpu_hours": 0.044118178288141886
    },
    "19": {
      "val_acc": 0.8856,
      "gpu_hours": 0.04642127182748582
    },
    "20": {
      "val_acc": 0.8965,
      "gpu_hours": 0.04872278610865275
    },
    "21": {
      "val_acc": 0.9001,
      "gpu_hours": 0.05102692716651493
    },
    "22": {
      "val_acc": 0.8985,
      "gpu_hours": 0.05333696166674296
    },
    "23": {
      "val_acc": 0.8943,
      "gpu_hours": 0.05564798308743371
    },
    "24": {
      "val_acc": 0.8897,
      "gpu_hours": 0.05795038084189097
    },
    "25": {
      "val_acc": 0.895,
      "gpu_hours": 0.06025885350174374
    },
    "26": {
      "val_acc": 0.8965,
      "gpu_hours": 0.0625644106997384
    },
    "27": {
      "val_acc": 0.8948,
      "gpu_hours": 0.06487416982650757
    },
    "28": {
      "val_acc": 0.8936,
      "gpu_hours": 0.06718189636866252
    },
    "29": {
      "val_acc": 0.893,
      "gpu_hours": 0.06948651711146037
    }
  }
}