{
  "trial_number": 12,
  "params": {
    "lr": 0.0013292918943162175,
    "weight_decay": 0.006351221010640704,
    "batch_size": 64,
    "dropout": 0.07799726016810132,
    "optimizer": "Adam",
    "scheduler": "plateau",
    "model": "resnet18"
  },
  "best_val_acc": 0.4058,
  "total_gpu_hours": 0.046781702438990276,
  "slurm_task": 15,
  "parallel_workers": 40,
  "sampler": "tpe",
  "dataset": "cifar10",
  "device": "cuda",
  "accuracy_thresholds": {},
  "accuracy_curve": {
    "0": {
      "val_acc": 0.1713,
      "gpu_hours": 0.0020530829826990765
    },
    "1": {
      "val_acc": 0.2695,
      "gpu_hours": 0.003586496909459432
    },
    "2": {
      "val_acc": 0.2703,
      "gpu_hours": 0.005150516165627374
    },
    "3": {
      "val_acc": 0.3152,
      "gpu_hours": 0.0066764671272701685
    },
    "4": {
      "val_acc": 0.3448,
      "gpu_hours": 0.008186425699128044
    },
    "5": {
      "val_acc": 0.4057,
      "gpu_hours": 0.00973234686586592
    },
    "6": {
      "val_acc": 0.4019,
      "gpu_hours": 0.011256731020079718
    },
    "7": {
      "val_acc": 0.3874,
      "gpu_hours": 0.012817952632904053
    },
    "8": {
      "val_acc": 0.3837,
      "gpu_hours": 0.014356684486071268
    },
    "9": {
      "val_acc": 0.3991,
      "gpu_hours": 0.01589445067776574
    },
    "10": {
      "val_acc": 0.4018,
      "gpu_hours": 0.01742529405487908
    },
    "11": {
      "val_acc": 0.4028,
      "gpu_hours": 0.018984339899486967
    },
    "12": {
      "val_acc": 0.3999,
      "gpu_hours": 0.0205249461862776
    },
    "13": {
      "val_acc": 0.4058,
      "gpu_hours": 0.022071925004323322
    },
    "14": {
      "val_acc": 0.4021,
      "gpu_hours": 0.023617165088653566
    },
    "15": {
      "val_acc": 0.403,
      "gpu_hours": 0.02514727420277066
    },
    "16": {
      "val_acc": 0.4035,
      "gpu_hours": 0.02670377731323242
    },
    "17": {
      "val_acc": 0.4038,
      "gpu_hours": 0.028242245448960198
    },
    "18": {
      "val_acc": 0.402,
      "gpu_hours": 0.029796101186010573
    },
    "19": {
      "val_acc": 0.4022,
      "gpu_hours": 0.031342778205871585
    },
    "20": {
      "val_acc": 0.4024,
      "gpu_hours": 0.032900046639972265
    },
    "21": {
      "val_acc": 0.4006,
      "gpu_hours": 0.03441755678918627
    },
    "22": {
      "val_acc": 0.4055,
      "gpu_hours": 0.03598491059409248
    },
    "23": {
      "val_acc": 0.4027,
      "gpu_hours": 0.0375140706035826
    },
    "24": {
      "val_acc": 0.4039,
      "gpu_hours": 0.03906852145989736
    },
    "25": {
      "val_acc": 0.4029,
      "gpu_hours": 0.04060127139091492
    },
    "26": {
      "val_acc": 0.4037,
      "gpu_hours": 0.04213782535658942
    },
    "27": {
      "val_acc": 0.4025,
      "gpu_hours": 0.043668864634301925
    },
    "28": {
      "val_acc": 0.4029,
      "gpu_hours": 0.045205860800213285
    },
    "29": {
      "val_acc": 0.4047,
      "gpu_hours": 0.0467548327975803
    }
  }
}