{
  "trial_number": 83,
  "params": {
    "lr": 0.004145520543573878,
    "weight_decay": 1.0148067199699805e-06,
    "batch_size": 64,
    "dropout": 0.2318491305287269,
    "optimizer": "Adam",
    "scheduler": "step",
    "model": "resnet34"
  },
  "best_val_acc": 0.9148,
  "total_gpu_hours": 0.07036512348386977,
  "slurm_task": 18,
  "parallel_workers": 40,
  "sampler": "tpe",
  "dataset": "cifar10",
  "device": "cuda",
  "accuracy_thresholds": {
    "gpu_h_to_80pct": 0.01683326310581631,
    "gpu_h_to_85pct": 0.026119153300921124,
    "gpu_h_to_90pct": 0.04704810546504127
  },
  "accuracy_curve": {
    "0": {
      "val_acc": 0.3833,
      "gpu_hours": 0.0029123681783676148
    },
    "1": {
      "val_acc": 0.5104,
      "gpu_hours": 0.005230814417203267
    },
    "2": {
      "val_acc": 0.6117,
      "gpu_hours": 0.0075497702757517495
    },
    "3": {
      "val_acc": 0.699,
      "gpu_hours": 0.009862276514371236
    },
    "4": {
      "val_acc": 0.7723,
      "gpu_hours": 0.012184361153178745
    },
    "5": {
      "val_acc": 0.7983,
      "gpu_hours": 0.014513797230190702
    },
    "6": {
      "val_acc": 0.8158,
      "gpu_hours": 0.01683326310581631
    },
    "7": {
      "val_acc": 0.8172,
      "gpu_hours": 0.019154081013467578
    },
    "8": {
      "val_acc": 0.8277,
      "gpu_hours": 0.02147444380654229
    },
    "9": {
      "val_acc": 0.8422,
      "gpu_hours": 0.023798440628581576
    },
    "10": {
      "val_acc": 0.8722,
      "gpu_hours": 0.026119153300921124
    },
    "11": {
      "val_acc": 0.8851,
      "gpu_hours": 0.02845209942923652
    },
    "12": {
      "val_acc": 0.8718,
      "gpu_hours": 0.03077831910716163
    },
    "13": {
      "val_acc": 0.8863,
      "gpu_hours": 0.033107221722602845
    },
    "14": {
      "val_acc": 0.8836,
      "gpu_hours": 0.03542844295501709
    },
    "15": {
      "val_acc": 0.8921,
      "gpu_hours": 0.037755280401971604
    },
    "16": {
      "val_acc": 0.8932,
      "gpu_hours": 0.04007107476393382
    },
    "17": {
      "val_acc": 0.8811,
      "gpu_hours": 0.04240270488791996
    },
    "18": {
      "val_acc": 0.8948,
      "gpu_hours": 0.04472832381725311
    },
    "19": {
      "val_acc": 0.9008,
      "gpu_hours": 0.04704810546504127
    },
    "20": {
      "val_acc": 0.9103,
      "gpu_hours": 0.04938848806752099
    },
    "21": {
      "val_acc": 0.9127,
      "gpu_hours": 0.05170914034048716
    },
    "22": {
      "val_acc": 0.9125,
      "gpu_hours": 0.05403154783778721
    },
    "23": {
      "val_acc": 0.9136,
      "gpu_hours": 0.056347705854309926
    },
    "24": {
      "val_acc": 0.9072,
      "gpu_hours": 0.05870539923508962
    },
    "25": {
      "val_acc": 0.9135,
      "gpu_hours": 0.06103544559743669
    },
    "26": {
      "val_acc": 0.9096,
      "gpu_hours": 0.06335784216721853
    },
    "27": {
      "val_acc": 0.9094,
      "gpu_hours": 0.06568549381362067
    },
    "28": {
      "val_acc": 0.9148,
      "gpu_hours": 0.06801174773110284
    },
    "29": {
      "val_acc": 0.9137,
      "gpu_hours": 0.07033732069863213
    }
  }
}