{
  "trial_number": 55,
  "params": {
    "lr": 0.0029907718995232863,
    "weight_decay": 0.002847975478285763,
    "batch_size": 256,
    "dropout": 0.17962426355499173,
    "optimizer": "AdamW",
    "scheduler": "plateau",
    "model": "efficientnet_b0"
  },
  "best_val_acc": 0.7028,
  "total_gpu_hours": 0.039990344511138066,
  "slurm_task": 17,
  "parallel_workers": 40,
  "sampler": "tpe",
  "dataset": "cifar10",
  "device": "cuda",
  "accuracy_thresholds": {},
  "accuracy_curve": {
    "0": {
      "val_acc": 0.2726,
      "gpu_hours": 0.0016762959294848972
    },
    "1": {
      "val_acc": 0.4145,
      "gpu_hours": 0.003003250029351976
    },
    "2": {
      "val_acc": 0.5011,
      "gpu_hours": 0.004332208103603787
    },
    "3": {
      "val_acc": 0.571,
      "gpu_hours": 0.0056461909744474625
    },
    "4": {
      "val_acc": 0.6327,
      "gpu_hours": 0.0069651725557115345
    },
    "5": {
      "val_acc": 0.6707,
      "gpu_hours": 0.008293883734279209
    },
    "6": {
      "val_acc": 0.682,
      "gpu_hours": 0.009619395269287958
    },
    "7": {
      "val_acc": 0.6926,
      "gpu_hours": 0.010952489111158583
    },
    "8": {
      "val_acc": 0.6971,
      "gpu_hours": 0.012309933635923597
    },
    "9": {
      "val_acc": 0.6988,
      "gpu_hours": 0.013637002838982476
    },
    "10": {
      "val_acc": 0.7,
      "gpu_hours": 0.014952557881673177
    },
    "11": {
      "val_acc": 0.6986,
      "gpu_hours": 0.016263664894633822
    },
    "12": {
      "val_acc": 0.7008,
      "gpu_hours": 0.017577250202496845
    },
    "13": {
      "val_acc": 0.7025,
      "gpu_hours": 0.018890810608863832
    },
    "14": {
      "val_acc": 0.701,
      "gpu_hours": 0.02020498706234826
    },
    "15": {
      "val_acc": 0.7007,
      "gpu_hours": 0.02151791493097941
    },
    "16": {
      "val_acc": 0.7008,
      "gpu_hours": 0.022846719357702466
    },
    "17": {
      "val_acc": 0.7019,
      "gpu_hours": 0.02417671283086141
    },
    "18": {
      "val_acc": 0.7013,
      "gpu_hours": 0.025491136577394272
    },
    "19": {
      "val_acc": 0.7016,
      "gpu_hours": 0.026847682926389907
    },
    "20": {
      "val_acc": 0.7008,
      "gpu_hours": 0.028160524831877816
    },
    "21": {
      "val_acc": 0.7,
      "gpu_hours": 0.029480502472983467
    },
    "22": {
      "val_acc": 0.7021,
      "gpu_hours": 0.030794749193721348
    },
    "23": {
      "val_acc": 0.702,
      "gpu_hours": 0.032102042105462816
    },
    "24": {
      "val_acc": 0.6999,
      "gpu_hours": 0.03341298070218828
    },
    "25": {
      "val_acc": 0.7018,
      "gpu_hours": 0.03474117232693566
    },
    "26": {
      "val_acc": 0.7018,
      "gpu_hours": 0.036063353021939595
    },
    "27": {
      "val_acc": 0.6983,
      "gpu_hours": 0.03737745794985029
    },
    "28": {
      "val_acc": 0.7006,
      "gpu_hours": 0.03867609216107262
    },
    "29": {
      "val_acc": 0.7028,
      "gpu_hours": 0.03996260364850362
    }
  }
}