{
  "trial_number": 42,
  "params": {
    "lr": 0.0008179499475211679,
    "weight_decay": 0.0001256104370001356,
    "batch_size": 256,
    "dropout": 0.06974693032602092,
    "optimizer": "AdamW",
    "scheduler": "cosine",
    "model": "efficientnet_b0"
  },
  "best_val_acc": 0.7661,
  "total_gpu_hours": 0.03940359466605716,
  "slurm_task": 37,
  "parallel_workers": 40,
  "sampler": "tpe",
  "dataset": "cifar10",
  "device": "cuda",
  "accuracy_thresholds": {},
  "accuracy_curve": {
    "0": {
      "val_acc": 0.3603,
      "gpu_hours": 0.001648018823729621
    },
    "1": {
      "val_acc": 0.4648,
      "gpu_hours": 0.0029462382528516982
    },
    "2": {
      "val_acc": 0.5058,
      "gpu_hours": 0.004254065685802036
    },
    "3": {
      "val_acc": 0.5668,
      "gpu_hours": 0.005549829138649835
    },
    "4": {
      "val_acc": 0.5953,
      "gpu_hours": 0.006845559146669176
    },
    "5": {
      "val_acc": 0.6198,
      "gpu_hours": 0.008138095604048835
    },
    "6": {
      "val_acc": 0.644,
      "gpu_hours": 0.009443358977635702
    },
    "7": {
      "val_acc": 0.6576,
      "gpu_hours": 0.010740260812971327
    },
    "8": {
      "val_acc": 0.6665,
      "gpu_hours": 0.01203425493505266
    },
    "9": {
      "val_acc": 0.6814,
      "gpu_hours": 0.01333929889731937
    },
    "10": {
      "val_acc": 0.6934,
      "gpu_hours": 0.014639719327290853
    },
    "11": {
      "val_acc": 0.7013,
      "gpu_hours": 0.015922501484553018
    },
    "12": {
      "val_acc": 0.7047,
      "gpu_hours": 0.01723019083340963
    },
    "13": {
      "val_acc": 0.7198,
      "gpu_hours": 0.018535518844922383
    },
    "14": {
      "val_acc": 0.7243,
      "gpu_hours": 0.01982839498254988
    },
    "15": {
      "val_acc": 0.7271,
      "gpu_hours": 0.021123609013027615
    },
    "16": {
      "val_acc": 0.7356,
      "gpu_hours": 0.022426887220806546
    },
    "17": {
      "val_acc": 0.741,
      "gpu_hours": 0.02374941991435157
    },
    "18": {
      "val_acc": 0.7477,
      "gpu_hours": 0.02505591246816847
    },
    "19": {
      "val_acc": 0.751,
      "gpu_hours": 0.026367748114797803
    },
    "20": {
      "val_acc": 0.7557,
      "gpu_hours": 0.02766550388601091
    },
    "21": {
      "val_acc": 0.7543,
      "gpu_hours": 0.028957248595025804
    },
    "22": {
      "val_acc": 0.7593,
      "gpu_hours": 0.03025800777806176
    },
    "23": {
      "val_acc": 0.7584,
      "gpu_hours": 0.03156001057889726
    },
    "24": {
      "val_acc": 0.7611,
      "gpu_hours": 0.03289383312066396
    },
    "25": {
      "val_acc": 0.763,
      "gpu_hours": 0.03419147047731611
    },
    "26": {
      "val_acc": 0.7648,
      "gpu_hours": 0.03547389136420356
    },
    "27": {
      "val_acc": 0.7641,
      "gpu_hours": 0.036788275374306574
    },
    "28": {
      "val_acc": 0.7661,
      "gpu_hours": 0.0380876706706153
    },
    "29": {
      "val_acc": 0.7652,
      "gpu_hours": 0.03937625706195831
    }
  }
}