{
  "trial_number": 152,
  "params": {
    "lr": 0.00028857798456163793,
    "weight_decay": 2.7772669137687766e-06,
    "batch_size": 64,
    "dropout": 0.3623765519042361,
    "optimizer": "Adam",
    "scheduler": "step",
    "model": "resnet34"
  },
  "best_val_acc": 0.914,
  "total_gpu_hours": 0.23626098149352603,
  "slurm_task": 12,
  "parallel_workers": 40,
  "sampler": "tpe",
  "dataset": "cifar10",
  "device": "cuda",
  "accuracy_thresholds": {
    "gpu_h_to_80pct": 0.03979849126603868,
    "gpu_h_to_85pct": 0.0791020413239797,
    "gpu_h_to_90pct": 0.1577139237854216
  },
  "accuracy_curve": {
    "0": {
      "val_acc": 0.5636,
      "gpu_hours": 0.008352288603782653
    },
    "1": {
      "val_acc": 0.6934,
      "gpu_hours": 0.01621884240044488
    },
    "2": {
      "val_acc": 0.6926,
      "gpu_hours": 0.024081981447007923
    },
    "3": {
      "val_acc": 0.7564,
      "gpu_hours": 0.03194750388463338
    },
    "4": {
      "val_acc": 0.815,
      "gpu_hours": 0.03979849126603868
    },
    "5": {
      "val_acc": 0.8287,
      "gpu_hours": 0.04765581548213959
    },
    "6": {
      "val_acc": 0.8373,
      "gpu_hours": 0.055512176619635686
    },
    "7": {
      "val_acc": 0.843,
      "gpu_hours": 0.06337309115462833
    },
    "8": {
      "val_acc": 0.8438,
      "gpu_hours": 0.0712360186709298
    },
    "9": {
      "val_acc": 0.8579,
      "gpu_hours": 0.0791020413239797
    },
    "10": {
      "val_acc": 0.8904,
      "gpu_hours": 0.0869689886437522
    },
    "11": {
      "val_acc": 0.8896,
      "gpu_hours": 0.09483902507358127
    },
    "12": {
      "val_acc": 0.8879,
      "gpu_hours": 0.10270741078588698
    },
    "13": {
      "val_acc": 0.8954,
      "gpu_hours": 0.11056271698739793
    },
    "14": {
      "val_acc": 0.8945,
      "gpu_hours": 0.11841794166300032
    },
    "15": {
      "val_acc": 0.8924,
      "gpu_hours": 0.12627676824728648
    },
    "16": {
      "val_acc": 0.8933,
      "gpu_hours": 0.13413684633043077
    },
    "17": {
      "val_acc": 0.8987,
      "gpu_hours": 0.14199643426471287
    },
    "18": {
      "val_acc": 0.8996,
      "gpu_hours": 0.14985085725784303
    },
    "19": {
      "val_acc": 0.9014,
      "gpu_hours": 0.1577139237854216
    },
    "20": {
      "val_acc": 0.9125,
      "gpu_hours": 0.16558045870727964
    },
    "21": {
      "val_acc": 0.909,
      "gpu_hours": 0.1734441414144304
    },
    "22": {
      "val_acc": 0.9099,
      "gpu_hours": 0.18130469772550795
    },
    "23": {
      "val_acc": 0.9118,
      "gpu_hours": 0.18916818724738227
    },
    "24": {
      "val_acc": 0.9126,
      "gpu_hours": 0.1970358602868186
    },
    "25": {
      "val_acc": 0.9082,
      "gpu_hours": 0.20490089178085327
    },
    "26": {
      "val_acc": 0.9078,
      "gpu_hours": 0.21276680138376025
    },
    "27": {
      "val_acc": 0.9112,
      "gpu_hours": 0.22063024553987715
    },
    "28": {
      "val_acc": 0.9136,
      "gpu_hours": 0.2284393940369288
    },
    "29": {
      "val_acc": 0.914,
      "gpu_hours": 0.23624598966704474
    }
  }
}