{
  "trial_number": 49,
  "params": {
    "lr": 0.013433346773817377,
    "weight_decay": 1.2100861687848863e-05,
    "batch_size": 64,
    "dropout": 0.21622561602793028,
    "optimizer": "Adam",
    "scheduler": "plateau",
    "model": "resnet18"
  },
  "best_val_acc": 0.8002,
  "total_gpu_hours": 0.1339856519964006,
  "slurm_task": 7,
  "parallel_workers": 40,
  "sampler": "tpe",
  "dataset": "cifar10",
  "device": "cuda",
  "accuracy_thresholds": {
    "gpu_h_to_80pct": 0.11615528517299228
  },
  "accuracy_curve": {
    "0": {
      "val_acc": 0.4159,
      "gpu_hours": 0.00489834381474389
    },
    "1": {
      "val_acc": 0.5558,
      "gpu_hours": 0.009345735510190328
    },
    "2": {
      "val_acc": 0.5675,
      "gpu_hours": 0.013792254461182488
    },
    "3": {
      "val_acc": 0.6246,
      "gpu_hours": 0.01824872182475196
    },
    "4": {
      "val_acc": 0.6521,
      "gpu_hours": 0.022700956596268546
    },
    "5": {
      "val_acc": 0.758,
      "gpu_hours": 0.027144050863054065
    },
    "6": {
      "val_acc": 0.7653,
      "gpu_hours": 0.031595172815852696
    },
    "7": {
      "val_acc": 0.7815,
      "gpu_hours": 0.03603417701191372
    },
    "8": {
      "val_acc": 0.7827,
      "gpu_hours": 0.04048248794343737
    },
    "9": {
      "val_acc": 0.7911,
      "gpu_hours": 0.0449232918686337
    },
    "10": {
      "val_acc": 0.7934,
      "gpu_hours": 0.04937564644548628
    },
    "11": {
      "val_acc": 0.7949,
      "gpu_hours": 0.05380648487144046
    },
    "12": {
      "val_acc": 0.7967,
      "gpu_hours": 0.05825731595357259
    },
    "13": {
      "val_acc": 0.7982,
      "gpu_hours": 0.062712059352133
    },
    "14": {
      "val_acc": 0.7977,
      "gpu_hours": 0.06715938991970487
    },
    "15": {
      "val_acc": 0.7966,
      "gpu_hours": 0.07160593695110745
    },
    "16": {
      "val_acc": 0.7968,
      "gpu_hours": 0.07604151169459025
    },
    "17": {
      "val_acc": 0.7969,
      "gpu_hours": 0.08049487630526225
    },
    "18": {
      "val_acc": 0.7963,
      "gpu_hours": 0.084937940703498
    },
    "19": {
      "val_acc": 0.7975,
      "gpu_hours": 0.08938182645373874
    },
    "20": {
      "val_acc": 0.7956,
      "gpu_hours": 0.09383601109186808
    },
    "21": {
      "val_acc": 0.7967,
      "gpu_hours": 0.09830412970648872
    },
    "22": {
      "val_acc": 0.7983,
      "gpu_hours": 0.10278843230671353
    },
    "23": {
      "val_acc": 0.7981,
      "gpu_hours": 0.10724771155251397
    },
    "24": {
      "val_acc": 0.7981,
      "gpu_hours": 0.11168447037537893
    },
    "25": {
      "val_acc": 0.8002,
      "gpu_hours": 0.11615528517299228
    },
    "26": {
      "val_acc": 0.7964,
      "gpu_hours": 0.12061145146687825
    },
    "27": {
      "val_acc": 0.7953,
      "gpu_hours": 0.12508186399936677
    },
    "28": {
      "val_acc": 0.7986,
      "gpu_hours": 0.1295189607805676
    },
    "29": {
      "val_acc": 0.7981,
      "gpu_hours": 0.13396188305483925
    }
  }
}