{
  "trial_number": 73,
  "params": {
    "lr": 0.00013147125347588205,
    "weight_decay": 7.2468998801468954e-06,
    "batch_size": 64,
    "dropout": 0.4661451709558936,
    "optimizer": "Adam",
    "scheduler": "step",
    "model": "resnet34"
  },
  "best_val_acc": 0.9019,
  "total_gpu_hours": 0.06981415026717716,
  "slurm_task": 17,
  "parallel_workers": 40,
  "sampler": "tpe",
  "dataset": "cifar10",
  "device": "cuda",
  "accuracy_thresholds": {
    "gpu_h_to_80pct": 0.016670667462878756,
    "gpu_h_to_85pct": 0.025883478456073337,
    "gpu_h_to_90pct": 0.06051111068990495
  },
  "accuracy_curve": {
    "0": {
      "val_acc": 0.5295,
      "gpu_hours": 0.002838944329155816
    },
    "1": {
      "val_acc": 0.62,
      "gpu_hours": 0.005140955315695869
    },
    "2": {
      "val_acc": 0.6962,
      "gpu_hours": 0.007441732088724772
    },
    "3": {
      "val_acc": 0.7562,
      "gpu_hours": 0.009744432237413194
    },
    "4": {
      "val_acc": 0.7855,
      "gpu_hours": 0.012050598329967922
    },
    "5": {
      "val_acc": 0.7676,
      "gpu_hours": 0.014361352258258396
    },
    "6": {
      "val_acc": 0.8054,
      "gpu_hours": 0.016670667462878756
    },
    "7": {
      "val_acc": 0.8172,
      "gpu_hours": 0.018973691132333544
    },
    "8": {
      "val_acc": 0.8304,
      "gpu_hours": 0.021275476084815132
    },
    "9": {
      "val_acc": 0.8365,
      "gpu_hours": 0.023579463958740235
    },
    "10": {
      "val_acc": 0.8661,
      "gpu_hours": 0.025883478456073337
    },
    "11": {
      "val_acc": 0.8655,
      "gpu_hours": 0.028189890848265755
    },
    "12": {
      "val_acc": 0.8689,
      "gpu_hours": 0.030497892763879562
    },
    "13": {
      "val_acc": 0.8717,
      "gpu_hours": 0.032804727620548674
    },
    "14": {
      "val_acc": 0.873,
      "gpu_hours": 0.03511399931377835
    },
    "15": {
      "val_acc": 0.8837,
      "gpu_hours": 0.03742232832643721
    },
    "16": {
      "val_acc": 0.8821,
      "gpu_hours": 0.039727761811680265
    },
    "17": {
      "val_acc": 0.8559,
      "gpu_hours": 0.04203036758634779
    },
    "18": {
      "val_acc": 0.8923,
      "gpu_hours": 0.044335817694664
    },
    "19": {
      "val_acc": 0.8891,
      "gpu_hours": 0.046636695067087806
    },
    "20": {
      "val_acc": 0.898,
      "gpu_hours": 0.04894013795587752
    },
    "21": {
      "val_acc": 0.8965,
      "gpu_hours": 0.05126916196611193
    },
    "22": {
      "val_acc": 0.896,
      "gpu_hours": 0.0535902386241489
    },
    "23": {
      "val_acc": 0.8963,
      "gpu_hours": 0.05589108182324304
    },
    "24": {
      "val_acc": 0.8964,
      "gpu_hours": 0.05820178654458788
    },
    "25": {
      "val_acc": 0.9019,
      "gpu_hours": 0.06051111068990495
    },
    "26": {
      "val_acc": 0.8986,
      "gpu_hours": 0.06282219999366337
    },
    "27": {
      "val_acc": 0.9013,
      "gpu_hours": 0.0651641653643714
    },
    "28": {
      "val_acc": 0.9,
      "gpu_hours": 0.06747070107195112
    },
    "29": {
      "val_acc": 0.8933,
      "gpu_hours": 0.06978253689077166
    }
  }
}