{
  "trial_number": 60,
  "params": {
    "lr": 0.0003426606683665344,
    "weight_decay": 2.0708485661206462e-06,
    "batch_size": 64,
    "dropout": 0.16242445698245594,
    "optimizer": "Adam",
    "scheduler": "step",
    "model": "resnet34"
  },
  "best_val_acc": 0.9159,
  "total_gpu_hours": 0.23447091486718918,
  "slurm_task": 17,
  "parallel_workers": 40,
  "sampler": "tpe",
  "dataset": "cifar10",
  "device": "cuda",
  "accuracy_thresholds": {
    "gpu_h_to_80pct": 0.03954953485065037,
    "gpu_h_to_85pct": 0.0629469452963935,
    "gpu_h_to_90pct": 0.13321582078933716
  },
  "accuracy_curve": {
    "0": {
      "val_acc": 0.6054,
      "gpu_hours": 0.008310865693622166
    },
    "1": {
      "val_acc": 0.6767,
      "gpu_hours": 0.016139320068889195
    },
    "2": {
      "val_acc": 0.748,
      "gpu_hours": 0.023959926764170327
    },
    "3": {
      "val_acc": 0.7729,
      "gpu_hours": 0.03174558043479919
    },
    "4": {
      "val_acc": 0.8042,
      "gpu_hours": 0.03954953485065037
    },
    "5": {
      "val_acc": 0.8271,
      "gpu_hours": 0.047354759838845996
    },
    "6": {
      "val_acc": 0.8329,
      "gpu_hours": 0.055155036515659756
    },
    "7": {
      "val_acc": 0.8501,
      "gpu_hours": 0.0629469452963935
    },
    "8": {
      "val_acc": 0.8632,
      "gpu_hours": 0.0707525622844696
    },
    "9": {
      "val_acc": 0.8566,
      "gpu_hours": 0.07856124778588613
    },
    "10": {
      "val_acc": 0.8862,
      "gpu_hours": 0.08636688854959276
    },
    "11": {
      "val_acc": 0.8831,
      "gpu_hours": 0.09417592704296113
    },
    "12": {
      "val_acc": 0.8949,
      "gpu_hours": 0.10197601205772824
    },
    "13": {
      "val_acc": 0.8963,
      "gpu_hours": 0.10979034986760881
    },
    "14": {
      "val_acc": 0.8996,
      "gpu_hours": 0.11763041999604967
    },
    "15": {
      "val_acc": 0.8935,
      "gpu_hours": 0.1254237346516715
    },
    "16": {
      "val_acc": 0.9046,
      "gpu_hours": 0.13321582078933716
    },
    "17": {
      "val_acc": 0.905,
      "gpu_hours": 0.14101627482308282
    },
    "18": {
      "val_acc": 0.9036,
      "gpu_hours": 0.14880203829871283
    },
    "19": {
      "val_acc": 0.8985,
      "gpu_hours": 0.15658635795116424
    },
    "20": {
      "val_acc": 0.9137,
      "gpu_hours": 0.1643731584151586
    },
    "21": {
      "val_acc": 0.9138,
      "gpu_hours": 0.17216048002243042
    },
    "22": {
      "val_acc": 0.9147,
      "gpu_hours": 0.17994601368904115
    },
    "23": {
      "val_acc": 0.909,
      "gpu_hours": 0.18774378445413378
    },
    "24": {
      "val_acc": 0.9129,
      "gpu_hours": 0.19553300864166684
    },
    "25": {
      "val_acc": 0.9137,
      "gpu_hours": 0.20331664668189156
    },
    "26": {
      "val_acc": 0.907,
      "gpu_hours": 0.21110191795561048
    },
    "27": {
      "val_acc": 0.912,
      "gpu_hours": 0.21888803508546617
    },
    "28": {
      "val_acc": 0.9159,
      "gpu_hours": 0.22667154332002004
    },
    "29": {
      "val_acc": 0.9139,
      "gpu_hours": 0.2344562264945772
    }
  }
}