{
  "trial_number": 93,
  "params": {
    "lr": 0.00043016599918582196,
    "weight_decay": 1.9303536302117436e-05,
    "batch_size": 128,
    "dropout": 0.012328637007466656,
    "optimizer": "AdamW",
    "scheduler": "cosine",
    "model": "resnet34"
  },
  "best_val_acc": 0.9217,
  "total_gpu_hours": 0.051151190333896215,
  "slurm_task": 25,
  "parallel_workers": 40,
  "sampler": "tpe",
  "dataset": "cifar10",
  "device": "cuda",
  "accuracy_thresholds": {
    "gpu_h_to_80pct": 0.01058751470512814,
    "gpu_h_to_85pct": 0.0189767728249232,
    "gpu_h_to_90pct": 0.030734265247980754
  },
  "accuracy_curve": {
    "0": {
      "val_acc": 0.5442,
      "gpu_hours": 0.0022013059589597915
    },
    "1": {
      "val_acc": 0.6808,
      "gpu_hours": 0.0038764562871721055
    },
    "2": {
      "val_acc": 0.7405,
      "gpu_hours": 0.005547928677664862
    },
    "3": {
      "val_acc": 0.7367,
      "gpu_hours": 0.007223406169149611
    },
    "4": {
      "val_acc": 0.7596,
      "gpu_hours": 0.008902083171738519
    },
    "5": {
      "val_acc": 0.8349,
      "gpu_hours": 0.01058751470512814
    },
    "6": {
      "val_acc": 0.8222,
      "gpu_hours": 0.012279974950684442
    },
    "7": {
      "val_acc": 0.8449,
      "gpu_hours": 0.01396009604136149
    },
    "8": {
      "val_acc": 0.8493,
      "gpu_hours": 0.01563243508338928
    },
    "9": {
      "val_acc": 0.838,
      "gpu_hours": 0.01730147255791558
    },
    "10": {
      "val_acc": 0.8698,
      "gpu_hours": 0.0189767728249232
    },
    "11": {
      "val_acc": 0.8698,
      "gpu_hours": 0.020648524694972567
    },
    "12": {
      "val_acc": 0.8821,
      "gpu_hours": 0.02231155302789476
    },
    "13": {
      "val_acc": 0.8803,
      "gpu_hours": 0.023982920315530565
    },
    "14": {
      "val_acc": 0.8885,
      "gpu_hours": 0.02565248575475481
    },
    "15": {
      "val_acc": 0.8921,
      "gpu_hours": 0.027347665892706978
    },
    "16": {
      "val_acc": 0.899,
      "gpu_hours": 0.029044345617294312
    },
    "17": {
      "val_acc": 0.9016,
      "gpu_hours": 0.030734265247980754
    },
    "18": {
      "val_acc": 0.9063,
      "gpu_hours": 0.032443443536758425
    },
    "19": {
      "val_acc": 0.9068,
      "gpu_hours": 0.03415040055910746
    },
    "20": {
      "val_acc": 0.9104,
      "gpu_hours": 0.03584636370340983
    },
    "21": {
      "val_acc": 0.915,
      "gpu_hours": 0.037528567247920565
    },
    "22": {
      "val_acc": 0.916,
      "gpu_hours": 0.03920987811353471
    },
    "23": {
      "val_acc": 0.9193,
      "gpu_hours": 0.04089316659503513
    },
    "24": {
      "val_acc": 0.9189,
      "gpu_hours": 0.042587697837087844
    },
    "25": {
      "val_acc": 0.9195,
      "gpu_hours": 0.044319657815827265
    },
    "26": {
      "val_acc": 0.9182,
      "gpu_hours": 0.0460132485628128
    },
    "27": {
      "val_acc": 0.9203,
      "gpu_hours": 0.047706288827790155
    },
    "28": {
      "val_acc": 0.9217,
      "gpu_hours": 0.049404702716403535
    },
    "29": {
      "val_acc": 0.9202,
      "gpu_hours": 0.05110479984018538
    }
  }
}