{
  "trial_number": 109,
  "params": {
    "lr": 0.00010533624171183728,
    "weight_decay": 0.002103533955061856,
    "batch_size": 64,
    "dropout": 0.17060913134072317,
    "optimizer": "Adam",
    "scheduler": "plateau",
    "model": "resnet18"
  },
  "best_val_acc": 0.8629,
  "total_gpu_hours": 0.04688364452785916,
  "slurm_task": 28,
  "parallel_workers": 40,
  "sampler": "tpe",
  "dataset": "cifar10",
  "device": "cuda",
  "accuracy_thresholds": {
    "gpu_h_to_80pct": 0.009632371928956773,
    "gpu_h_to_85pct": 0.01427911791536543
  },
  "accuracy_curve": {
    "0": {
      "val_acc": 0.5486,
      "gpu_hours": 0.0018629940350850423
    },
    "1": {
      "val_acc": 0.6075,
      "gpu_hours": 0.0034214835034476385
    },
    "2": {
      "val_acc": 0.6489,
      "gpu_hours": 0.004996377362145318
    },
    "3": {
      "val_acc": 0.7086,
      "gpu_hours": 0.006540386146969265
    },
    "4": {
      "val_acc": 0.7137,
      "gpu_hours": 0.008082393474049038
    },
    "5": {
      "val_acc": 0.8332,
      "gpu_hours": 0.009632371928956773
    },
    "6": {
      "val_acc": 0.8397,
      "gpu_hours": 0.011170805825127497
    },
    "7": {
      "val_acc": 0.8453,
      "gpu_hours": 0.012721461455027262
    },
    "8": {
      "val_acc": 0.8502,
      "gpu_hours": 0.01427911791536543
    },
    "9": {
      "val_acc": 0.8569,
      "gpu_hours": 0.015828002625041537
    },
    "10": {
      "val_acc": 0.8603,
      "gpu_hours": 0.01736593657069736
    },
    "11": {
      "val_acc": 0.8597,
      "gpu_hours": 0.01890647232532501
    },
    "12": {
      "val_acc": 0.8617,
      "gpu_hours": 0.020459722744094
    },
    "13": {
      "val_acc": 0.8605,
      "gpu_hours": 0.022001756098535327
    },
    "14": {
      "val_acc": 0.8611,
      "gpu_hours": 0.023545976546075608
    },
    "15": {
      "val_acc": 0.8596,
      "gpu_hours": 0.025083951751391092
    },
    "16": {
      "val_acc": 0.8629,
      "gpu_hours": 0.02662911593914032
    },
    "17": {
      "val_acc": 0.8614,
      "gpu_hours": 0.028175739381048413
    },
    "18": {
      "val_acc": 0.8612,
      "gpu_hours": 0.029743731220563254
    },
    "19": {
      "val_acc": 0.8602,
      "gpu_hours": 0.03131161014238993
    },
    "20": {
      "val_acc": 0.86,
      "gpu_hours": 0.032865924835205076
    },
    "21": {
      "val_acc": 0.8608,
      "gpu_hours": 0.03442655550109015
    },
    "22": {
      "val_acc": 0.8626,
      "gpu_hours": 0.035977302259869046
    },
    "23": {
      "val_acc": 0.8622,
      "gpu_hours": 0.03753820214006636
    },
    "24": {
      "val_acc": 0.8597,
      "gpu_hours": 0.039086262318823076
    },
    "25": {
      "val_acc": 0.8599,
      "gpu_hours": 0.04063839819696215
    },
    "26": {
      "val_acc": 0.8622,
      "gpu_hours": 0.04217940820588006
    },
    "27": {
      "val_acc": 0.8622,
      "gpu_hours": 0.04372290366225772
    },
    "28": {
      "val_acc": 0.8602,
      "gpu_hours": 0.045294533967971805
    },
    "29": {
      "val_acc": 0.861,
      "gpu_hours": 0.04685265050994025
    }
  }
}