{
  "trial_number": 21,
  "params": {
    "lr": 0.0013292918943162175,
    "weight_decay": 0.006351221010640704,
    "batch_size": 64,
    "dropout": 0.07799726016810132,
    "optimizer": "Adam",
    "scheduler": "plateau",
    "model": "resnet18"
  },
  "best_val_acc": 0.4318,
  "total_gpu_hours": 0.047304404377937315,
  "slurm_task": 21,
  "parallel_workers": 40,
  "sampler": "tpe",
  "dataset": "cifar10",
  "device": "cuda",
  "accuracy_thresholds": {},
  "accuracy_curve": {
    "0": {
      "val_acc": 0.2454,
      "gpu_hours": 0.0020397068394554987
    },
    "1": {
      "val_acc": 0.2099,
      "gpu_hours": 0.003635454111629062
    },
    "2": {
      "val_acc": 0.3242,
      "gpu_hours": 0.0051667684978908964
    },
    "3": {
      "val_acc": 0.3266,
      "gpu_hours": 0.00668652441766527
    },
    "4": {
      "val_acc": 0.347,
      "gpu_hours": 0.008233767946561178
    },
    "5": {
      "val_acc": 0.3636,
      "gpu_hours": 0.009779812230004205
    },
    "6": {
      "val_acc": 0.406,
      "gpu_hours": 0.011302405065960355
    },
    "7": {
      "val_acc": 0.3889,
      "gpu_hours": 0.012863519390424093
    },
    "8": {
      "val_acc": 0.4065,
      "gpu_hours": 0.014411773019366794
    },
    "9": {
      "val_acc": 0.4318,
      "gpu_hours": 0.01599387937121921
    },
    "10": {
      "val_acc": 0.4211,
      "gpu_hours": 0.017553287545839947
    },
    "11": {
      "val_acc": 0.423,
      "gpu_hours": 0.01909162316057417
    },
    "12": {
      "val_acc": 0.425,
      "gpu_hours": 0.020663314395480685
    },
    "13": {
      "val_acc": 0.4193,
      "gpu_hours": 0.0222087785270479
    },
    "14": {
      "val_acc": 0.4174,
      "gpu_hours": 0.02382511463430193
    },
    "15": {
      "val_acc": 0.42,
      "gpu_hours": 0.02537305666340722
    },
    "16": {
      "val_acc": 0.4195,
      "gpu_hours": 0.026925781236754525
    },
    "17": {
      "val_acc": 0.4245,
      "gpu_hours": 0.028469550410906475
    },
    "18": {
      "val_acc": 0.4232,
      "gpu_hours": 0.030059279799461366
    },
    "19": {
      "val_acc": 0.4174,
      "gpu_hours": 0.03160906751950582
    },
    "20": {
      "val_acc": 0.4201,
      "gpu_hours": 0.03315858840942383
    },
    "21": {
      "val_acc": 0.4209,
      "gpu_hours": 0.03472466270128886
    },
    "22": {
      "val_acc": 0.4202,
      "gpu_hours": 0.03629059003459083
    },
    "23": {
      "val_acc": 0.4211,
      "gpu_hours": 0.037834956381056044
    },
    "24": {
      "val_acc": 0.418,
      "gpu_hours": 0.03938825753000048
    },
    "25": {
      "val_acc": 0.4206,
      "gpu_hours": 0.0409394281440311
    },
    "26": {
      "val_acc": 0.4141,
      "gpu_hours": 0.04248516983456082
    },
    "27": {
      "val_acc": 0.4212,
      "gpu_hours": 0.04405817223919763
    },
    "28": {
      "val_acc": 0.4212,
      "gpu_hours": 0.04560559537675646
    },
    "29": {
      "val_acc": 0.4215,
      "gpu_hours": 0.047263427906566194
    }
  }
}