{
  "trial_number": 69,
  "params": {
    "lr": 0.026468676199864923,
    "weight_decay": 0.00022357251329373565,
    "batch_size": 256,
    "dropout": 0.09637023271546552,
    "optimizer": "AdamW",
    "scheduler": "cosine",
    "model": "resnet34"
  },
  "best_val_acc": 0.9141,
  "total_gpu_hours": 0.20356235265731812,
  "slurm_task": 7,
  "parallel_workers": 40,
  "sampler": "tpe",
  "dataset": "cifar10",
  "device": "cuda",
  "accuracy_thresholds": {
    "gpu_h_to_80pct": 0.06854857948091295,
    "gpu_h_to_85pct": 0.08883594493071238,
    "gpu_h_to_90pct": 0.1428286670313941
  },
  "accuracy_curve": {
    "0": {
      "val_acc": 0.3119,
      "gpu_hours": 0.0073063021898269655
    },
    "1": {
      "val_acc": 0.4055,
      "gpu_hours": 0.014114618566301133
    },
    "2": {
      "val_acc": 0.485,
      "gpu_hours": 0.020916022459665933
    },
    "3": {
      "val_acc": 0.5299,
      "gpu_hours": 0.0277170068025589
    },
    "4": {
      "val_acc": 0.6411,
      "gpu_hours": 0.03452377604113685
    },
    "5": {
      "val_acc": 0.7016,
      "gpu_hours": 0.041326397591167026
    },
    "6": {
      "val_acc": 0.7344,
      "gpu_hours": 0.048134706020355224
    },
    "7": {
      "val_acc": 0.753,
      "gpu_hours": 0.05494195255968306
    },
    "8": {
      "val_acc": 0.7985,
      "gpu_hours": 0.061751414537429807
    },
    "9": {
      "val_acc": 0.8054,
      "gpu_hours": 0.06854857948091295
    },
    "10": {
      "val_acc": 0.8317,
      "gpu_hours": 0.0753475370672014
    },
    "11": {
      "val_acc": 0.8364,
      "gpu_hours": 0.08209160387516022
    },
    "12": {
      "val_acc": 0.8548,
      "gpu_hours": 0.08883594493071238
    },
    "13": {
      "val_acc": 0.8607,
      "gpu_hours": 0.09558695177237193
    },
    "14": {
      "val_acc": 0.8544,
      "gpu_hours": 0.10233355429437425
    },
    "15": {
      "val_acc": 0.881,
      "gpu_hours": 0.1090821635723114
    },
    "16": {
      "val_acc": 0.8736,
      "gpu_hours": 0.11582835078239441
    },
    "17": {
      "val_acc": 0.8868,
      "gpu_hours": 0.12258300357394748
    },
    "18": {
      "val_acc": 0.8879,
      "gpu_hours": 0.12933391398853725
    },
    "19": {
      "val_acc": 0.8877,
      "gpu_hours": 0.13608211073610518
    },
    "20": {
      "val_acc": 0.9013,
      "gpu_hours": 0.1428286670313941
    },
    "21": {
      "val_acc": 0.9003,
      "gpu_hours": 0.14957487993770174
    },
    "22": {
      "val_acc": 0.9054,
      "gpu_hours": 0.15631980366177028
    },
    "23": {
      "val_acc": 0.9082,
      "gpu_hours": 0.16306611504819657
    },
    "24": {
      "val_acc": 0.9109,
      "gpu_hours": 0.16981509890821245
    },
    "25": {
      "val_acc": 0.9104,
      "gpu_hours": 0.1765638719002406
    },
    "26": {
      "val_acc": 0.9135,
      "gpu_hours": 0.1833107731077406
    },
    "27": {
      "val_acc": 0.9114,
      "gpu_hours": 0.19005670209725697
    },
    "28": {
      "val_acc": 0.9141,
      "gpu_hours": 0.1968037623167038
    },
    "29": {
      "val_acc": 0.9138,
      "gpu_hours": 0.20354921658833822
    }
  }
}