{
  "trial_number": 55,
  "params": {
    "lr": 0.013433346773817377,
    "weight_decay": 0.006843944179486574,
    "batch_size": 128,
    "dropout": 0.17342544570331087,
    "optimizer": "SGD",
    "scheduler": "plateau",
    "model": "efficientnet_b1",
    "momentum": 0.9185758701627494
  },
  "best_val_acc": 0.6366,
  "total_gpu_hours": 0.12402868065569136,
  "slurm_task": 9,
  "parallel_workers": 40,
  "sampler": "tpe",
  "dataset": "cifar10",
  "device": "cuda",
  "accuracy_thresholds": {},
  "accuracy_curve": {
    "0": {
      "val_acc": 0.1006,
      "gpu_hours": 0.004597825209299723
    },
    "1": {
      "val_acc": 0.3864,
      "gpu_hours": 0.008717054724693299
    },
    "2": {
      "val_acc": 0.4368,
      "gpu_hours": 0.012832079662217034
    },
    "3": {
      "val_acc": 0.5023,
      "gpu_hours": 0.016960087484783597
    },
    "4": {
      "val_acc": 0.4818,
      "gpu_hours": 0.021075941854053072
    },
    "5": {
      "val_acc": 0.6017,
      "gpu_hours": 0.025200853943824767
    },
    "6": {
      "val_acc": 0.5937,
      "gpu_hours": 0.0293053353495068
    },
    "7": {
      "val_acc": 0.6116,
      "gpu_hours": 0.03342426452371809
    },
    "8": {
      "val_acc": 0.6058,
      "gpu_hours": 0.03754134747717116
    },
    "9": {
      "val_acc": 0.6272,
      "gpu_hours": 0.04164747562673357
    },
    "10": {
      "val_acc": 0.6298,
      "gpu_hours": 0.045754550364282394
    },
    "11": {
      "val_acc": 0.6325,
      "gpu_hours": 0.049867196083068846
    },
    "12": {
      "val_acc": 0.6343,
      "gpu_hours": 0.053978175189759996
    },
    "13": {
      "val_acc": 0.6366,
      "gpu_hours": 0.0580852872133255
    },
    "14": {
      "val_acc": 0.6353,
      "gpu_hours": 0.06223922398355272
    },
    "15": {
      "val_acc": 0.6338,
      "gpu_hours": 0.06635341876082951
    },
    "16": {
      "val_acc": 0.6326,
      "gpu_hours": 0.07045757121509975
    },
    "17": {
      "val_acc": 0.6346,
      "gpu_hours": 0.07456380320919885
    },
    "18": {
      "val_acc": 0.6343,
      "gpu_hours": 0.07867210023932987
    },
    "19": {
      "val_acc": 0.6355,
      "gpu_hours": 0.08280328333377839
    },
    "20": {
      "val_acc": 0.6362,
      "gpu_hours": 0.08691167195638021
    },
    "21": {
      "val_acc": 0.6338,
      "gpu_hours": 0.0910372746653027
    },
    "22": {
      "val_acc": 0.6301,
      "gpu_hours": 0.0951441744963328
    },
    "23": {
      "val_acc": 0.6326,
      "gpu_hours": 0.09926870637469822
    },
    "24": {
      "val_acc": 0.634,
      "gpu_hours": 0.10338589655028449
    },
    "25": {
      "val_acc": 0.6356,
      "gpu_hours": 0.1074963845147027
    },
    "26": {
      "val_acc": 0.6346,
      "gpu_hours": 0.11161905142996047
    },
    "27": {
      "val_acc": 0.633,
      "gpu_hours": 0.11573847307099236
    },
    "28": {
      "val_acc": 0.6331,
      "gpu_hours": 0.11988932788372039
    },
    "29": {
      "val_acc": 0.6336,
      "gpu_hours": 0.12400174611144596
    }
  }
}