{
  "trial_number": 120,
  "params": {
    "lr": 0.0037830213327177467,
    "weight_decay": 1.1554266221014114e-06,
    "batch_size": 64,
    "dropout": 0.29416590184970587,
    "optimizer": "Adam",
    "scheduler": "step",
    "model": "resnet34"
  },
  "best_val_acc": 0.912,
  "total_gpu_hours": 0.07045035044352213,
  "slurm_task": 24,
  "parallel_workers": 40,
  "sampler": "tpe",
  "dataset": "cifar10",
  "device": "cuda",
  "accuracy_thresholds": {
    "gpu_h_to_80pct": 0.019099306729104783,
    "gpu_h_to_85pct": 0.026151470078362358,
    "gpu_h_to_90pct": 0.049645357926686604
  },
  "accuracy_curve": {
    "0": {
      "val_acc": 0.4062,
      "gpu_hours": 0.0026987804306877984
    },
    "1": {
      "val_acc": 0.5565,
      "gpu_hours": 0.005040996074676514
    },
    "2": {
      "val_acc": 0.608,
      "gpu_hours": 0.007375706632932027
    },
    "3": {
      "val_acc": 0.7198,
      "gpu_hours": 0.00971805989742279
    },
    "4": {
      "val_acc": 0.7526,
      "gpu_hours": 0.012061204844050937
    },
    "5": {
      "val_acc": 0.7635,
      "gpu_hours": 0.01440061887105306
    },
    "6": {
      "val_acc": 0.7055,
      "gpu_hours": 0.016743479702207777
    },
    "7": {
      "val_acc": 0.8123,
      "gpu_hours": 0.019099306729104783
    },
    "8": {
      "val_acc": 0.8288,
      "gpu_hours": 0.021440196567111547
    },
    "9": {
      "val_acc": 0.8358,
      "gpu_hours": 0.023794972366756862
    },
    "10": {
      "val_acc": 0.8768,
      "gpu_hours": 0.026151470078362358
    },
    "11": {
      "val_acc": 0.8759,
      "gpu_hours": 0.028499811953968474
    },
    "12": {
      "val_acc": 0.8803,
      "gpu_hours": 0.03085616343551212
    },
    "13": {
      "val_acc": 0.8858,
      "gpu_hours": 0.03320386224322849
    },
    "14": {
      "val_acc": 0.8843,
      "gpu_hours": 0.03554150786664751
    },
    "15": {
      "val_acc": 0.8894,
      "gpu_hours": 0.03789712561501397
    },
    "16": {
      "val_acc": 0.8827,
      "gpu_hours": 0.040255804657936094
    },
    "17": {
      "val_acc": 0.8916,
      "gpu_hours": 0.04260925379064348
    },
    "18": {
      "val_acc": 0.8885,
      "gpu_hours": 0.044959801700380116
    },
    "19": {
      "val_acc": 0.8952,
      "gpu_hours": 0.04730860895580716
    },
    "20": {
      "val_acc": 0.905,
      "gpu_hours": 0.049645357926686604
    },
    "21": {
      "val_acc": 0.9025,
      "gpu_hours": 0.051963279909557764
    },
    "22": {
      "val_acc": 0.9078,
      "gpu_hours": 0.054270010656780665
    },
    "23": {
      "val_acc": 0.9086,
      "gpu_hours": 0.05657577964994642
    },
    "24": {
      "val_acc": 0.9117,
      "gpu_hours": 0.0588838576608234
    },
    "25": {
      "val_acc": 0.9044,
      "gpu_hours": 0.06119473516941071
    },
    "26": {
      "val_acc": 0.9094,
      "gpu_hours": 0.0635031172964308
    },
    "27": {
      "val_acc": 0.912,
      "gpu_hours": 0.065810317463345
    },
    "28": {
      "val_acc": 0.9119,
      "gpu_hours": 0.06811898609002431
    },
    "29": {
      "val_acc": 0.9105,
      "gpu_hours": 0.07043041249116262
    }
  }
}