{
  "trial_number": 130,
  "params": {
    "lr": 0.00031985485797356487,
    "weight_decay": 3.5528983754806103e-06,
    "batch_size": 64,
    "dropout": 0.3798101671008573,
    "optimizer": "Adam",
    "scheduler": "step",
    "model": "resnet34"
  },
  "best_val_acc": 0.9183,
  "total_gpu_hours": 0.23595275163650511,
  "slurm_task": 11,
  "parallel_workers": 40,
  "sampler": "tpe",
  "dataset": "cifar10",
  "device": "cuda",
  "accuracy_thresholds": {
    "gpu_h_to_80pct": 0.04028859754403432,
    "gpu_h_to_85pct": 0.06376253147919973,
    "gpu_h_to_90pct": 0.11854229503207736
  },
  "accuracy_curve": {
    "0": {
      "val_acc": 0.5413,
      "gpu_hours": 0.008874842921892803
    },
    "1": {
      "val_acc": 0.6368,
      "gpu_hours": 0.016733592881096732
    },
    "2": {
      "val_acc": 0.776,
      "gpu_hours": 0.024589510096444025
    },
    "3": {
      "val_acc": 0.7632,
      "gpu_hours": 0.03243386275238461
    },
    "4": {
      "val_acc": 0.8093,
      "gpu_hours": 0.04028859754403432
    },
    "5": {
      "val_acc": 0.8189,
      "gpu_hours": 0.04812700476911333
    },
    "6": {
      "val_acc": 0.8178,
      "gpu_hours": 0.05594123277399275
    },
    "7": {
      "val_acc": 0.8551,
      "gpu_hours": 0.06376253147919973
    },
    "8": {
      "val_acc": 0.8217,
      "gpu_hours": 0.07159314652283987
    },
    "9": {
      "val_acc": 0.8656,
      "gpu_hours": 0.07942068543699053
    },
    "10": {
      "val_acc": 0.894,
      "gpu_hours": 0.08725901206334431
    },
    "11": {
      "val_acc": 0.8799,
      "gpu_hours": 0.09508349425262876
    },
    "12": {
      "val_acc": 0.8981,
      "gpu_hours": 0.10290426161554124
    },
    "13": {
      "val_acc": 0.8946,
      "gpu_hours": 0.11071960250536601
    },
    "14": {
      "val_acc": 0.9028,
      "gpu_hours": 0.11854229503207736
    },
    "15": {
      "val_acc": 0.9003,
      "gpu_hours": 0.1263731567064921
    },
    "16": {
      "val_acc": 0.9054,
      "gpu_hours": 0.1342048273483912
    },
    "17": {
      "val_acc": 0.9059,
      "gpu_hours": 0.14202124370468988
    },
    "18": {
      "val_acc": 0.8933,
      "gpu_hours": 0.1498375055525038
    },
    "19": {
      "val_acc": 0.8976,
      "gpu_hours": 0.15765655113591087
    },
    "20": {
      "val_acc": 0.9153,
      "gpu_hours": 0.16547583911154004
    },
    "21": {
      "val_acc": 0.9119,
      "gpu_hours": 0.17329280614852904
    },
    "22": {
      "val_acc": 0.9154,
      "gpu_hours": 0.18111430512534246
    },
    "23": {
      "val_acc": 0.915,
      "gpu_hours": 0.1889281255669064
    },
    "24": {
      "val_acc": 0.9121,
      "gpu_hours": 0.19674620032310486
    },
    "25": {
      "val_acc": 0.9135,
      "gpu_hours": 0.20461412734455534
    },
    "26": {
      "val_acc": 0.9124,
      "gpu_hours": 0.21243879735469817
    },
    "27": {
      "val_acc": 0.9183,
      "gpu_hours": 0.22026847024758656
    },
    "28": {
      "val_acc": 0.913,
      "gpu_hours": 0.22809959961308374
    },
    "29": {
      "val_acc": 0.9116,
      "gpu_hours": 0.23592513283093772
    }
  }
}