{
  "trial_number": 63,
  "params": {
    "lr": 0.026468676199864923,
    "weight_decay": 0.00022357251329373565,
    "batch_size": 256,
    "dropout": 0.09637023271546552,
    "optimizer": "AdamW",
    "scheduler": "cosine",
    "model": "resnet34"
  },
  "best_val_acc": 0.9066,
  "total_gpu_hours": 0.04505437400605943,
  "slurm_task": 30,
  "parallel_workers": 40,
  "sampler": "tpe",
  "dataset": "cifar10",
  "device": "cuda",
  "accuracy_thresholds": {
    "gpu_h_to_80pct": 0.016728916631804574,
    "gpu_h_to_85pct": 0.021229070623715717,
    "gpu_h_to_90pct": 0.03614864296383328
  },
  "accuracy_curve": {
    "0": {
      "val_acc": 0.2952,
      "gpu_hours": 0.0018371554215749104
    },
    "1": {
      "val_acc": 0.3932,
      "gpu_hours": 0.003330159584681193
    },
    "2": {
      "val_acc": 0.4823,
      "gpu_hours": 0.004814343916045295
    },
    "3": {
      "val_acc": 0.5396,
      "gpu_hours": 0.0063071062829759385
    },
    "4": {
      "val_acc": 0.6237,
      "gpu_hours": 0.007793804009755452
    },
    "5": {
      "val_acc": 0.686,
      "gpu_hours": 0.009286817047331069
    },
    "6": {
      "val_acc": 0.7368,
      "gpu_hours": 0.010771366821395026
    },
    "7": {
      "val_acc": 0.7592,
      "gpu_hours": 0.012256069382031758
    },
    "8": {
      "val_acc": 0.7751,
      "gpu_hours": 0.013744178613026937
    },
    "9": {
      "val_acc": 0.7884,
      "gpu_hours": 0.015231879419750637
    },
    "10": {
      "val_acc": 0.815,
      "gpu_hours": 0.016728916631804574
    },
    "11": {
      "val_acc": 0.8105,
      "gpu_hours": 0.01825364887714386
    },
    "12": {
      "val_acc": 0.848,
      "gpu_hours": 0.0197438473171658
    },
    "13": {
      "val_acc": 0.8569,
      "gpu_hours": 0.021229070623715717
    },
    "14": {
      "val_acc": 0.8649,
      "gpu_hours": 0.02272262069914076
    },
    "15": {
      "val_acc": 0.8732,
      "gpu_hours": 0.024216492904557123
    },
    "16": {
      "val_acc": 0.8777,
      "gpu_hours": 0.025710190998183356
    },
    "17": {
      "val_acc": 0.8808,
      "gpu_hours": 0.027207693258921306
    },
    "18": {
      "val_acc": 0.8853,
      "gpu_hours": 0.028692307008637324
    },
    "19": {
      "val_acc": 0.893,
      "gpu_hours": 0.030177653034528098
    },
    "20": {
      "val_acc": 0.8906,
      "gpu_hours": 0.031660620040363734
    },
    "21": {
      "val_acc": 0.898,
      "gpu_hours": 0.03316127790345086
    },
    "22": {
      "val_acc": 0.8981,
      "gpu_hours": 0.03466051048702664
    },
    "23": {
      "val_acc": 0.9038,
      "gpu_hours": 0.03614864296383328
    },
    "24": {
      "val_acc": 0.9031,
      "gpu_hours": 0.03763275497489505
    },
    "25": {
      "val_acc": 0.9038,
      "gpu_hours": 0.039102564917670356
    },
    "26": {
      "val_acc": 0.9061,
      "gpu_hours": 0.04058364146285587
    },
    "27": {
      "val_acc": 0.9066,
      "gpu_hours": 0.04206719895203908
    },
    "28": {
      "val_acc": 0.9066,
      "gpu_hours": 0.043549158440695866
    },
    "29": {
      "val_acc": 0.9064,
      "gpu_hours": 0.045026562346352474
    }
  }
}