{
  "trial_number": 68,
  "params": {
    "lr": 0.00010085374675290091,
    "weight_decay": 4.589471375579107e-06,
    "batch_size": 64,
    "dropout": 0.14787368925023672,
    "optimizer": "Adam",
    "scheduler": "step",
    "model": "resnet18"
  },
  "best_val_acc": 0.8835,
  "total_gpu_hours": 0.1345799320273929,
  "slurm_task": 8,
  "parallel_workers": 40,
  "sampler": "tpe",
  "dataset": "cifar10",
  "device": "cuda",
  "accuracy_thresholds": {
    "gpu_h_to_80pct": 0.03171036614312066,
    "gpu_h_to_85pct": 0.054076147741741604
  },
  "accuracy_curve": {
    "0": {
      "val_acc": 0.555,
      "gpu_hours": 0.004924866490893894
    },
    "1": {
      "val_acc": 0.6444,
      "gpu_hours": 0.009374772508939108
    },
    "2": {
      "val_acc": 0.6814,
      "gpu_hours": 0.013811165160602993
    },
    "3": {
      "val_acc": 0.7179,
      "gpu_hours": 0.018298664225472345
    },
    "4": {
      "val_acc": 0.7494,
      "gpu_hours": 0.022760506603452895
    },
    "5": {
      "val_acc": 0.7711,
      "gpu_hours": 0.0272397913535436
    },
    "6": {
      "val_acc": 0.8064,
      "gpu_hours": 0.03171036614312066
    },
    "7": {
      "val_acc": 0.8164,
      "gpu_hours": 0.03619031263722314
    },
    "8": {
      "val_acc": 0.8149,
      "gpu_hours": 0.0406719841559728
    },
    "9": {
      "val_acc": 0.8365,
      "gpu_hours": 0.04513890504837036
    },
    "10": {
      "val_acc": 0.8426,
      "gpu_hours": 0.04960773130257924
    },
    "11": {
      "val_acc": 0.8567,
      "gpu_hours": 0.054076147741741604
    },
    "12": {
      "val_acc": 0.8562,
      "gpu_hours": 0.058561941650178695
    },
    "13": {
      "val_acc": 0.8602,
      "gpu_hours": 0.063040811419487
    },
    "14": {
      "val_acc": 0.8612,
      "gpu_hours": 0.06751364707946778
    },
    "15": {
      "val_acc": 0.8627,
      "gpu_hours": 0.07198754608631135
    },
    "16": {
      "val_acc": 0.8685,
      "gpu_hours": 0.0764627695745892
    },
    "17": {
      "val_acc": 0.867,
      "gpu_hours": 0.08094637572765351
    },
    "18": {
      "val_acc": 0.8713,
      "gpu_hours": 0.08541170709662967
    },
    "19": {
      "val_acc": 0.8741,
      "gpu_hours": 0.08988541887866126
    },
    "20": {
      "val_acc": 0.8762,
      "gpu_hours": 0.09435009943114386
    },
    "21": {
      "val_acc": 0.8835,
      "gpu_hours": 0.09881421618991428
    },
    "22": {
      "val_acc": 0.8801,
      "gpu_hours": 0.10328722026613024
    },
    "23": {
      "val_acc": 0.8797,
      "gpu_hours": 0.10776409294870165
    },
    "24": {
      "val_acc": 0.8823,
      "gpu_hours": 0.11223533127042983
    },
    "25": {
      "val_acc": 0.8823,
      "gpu_hours": 0.11670538743336996
    },
    "26": {
      "val_acc": 0.8775,
      "gpu_hours": 0.12117422706551022
    },
    "27": {
      "val_acc": 0.8832,
      "gpu_hours": 0.12564552585283914
    },
    "28": {
      "val_acc": 0.8812,
      "gpu_hours": 0.1301163023047977
    },
    "29": {
      "val_acc": 0.8827,
      "gpu_hours": 0.13456819229655795
    }
  }
}