{
  "trial_number": 69,
  "params": {
    "lr": 0.0010533662437278337,
    "weight_decay": 0.00017195055939855968,
    "batch_size": 256,
    "dropout": 0.06788089632219313,
    "optimizer": "AdamW",
    "scheduler": "cosine",
    "model": "efficientnet_b0"
  },
  "best_val_acc": 0.7935,
  "total_gpu_hours": 0.07607034325599671,
  "slurm_task": 12,
  "parallel_workers": 40,
  "sampler": "tpe",
  "dataset": "cifar10",
  "device": "cuda",
  "accuracy_thresholds": {},
  "accuracy_curve": {
    "0": {
      "val_acc": 0.3764,
      "gpu_hours": 0.0029919146166907415
    },
    "1": {
      "val_acc": 0.468,
      "gpu_hours": 0.0055366436640421545
    },
    "2": {
      "val_acc": 0.5305,
      "gpu_hours": 0.0080638630522622
    },
    "3": {
      "val_acc": 0.5663,
      "gpu_hours": 0.010588227974043952
    },
    "4": {
      "val_acc": 0.6114,
      "gpu_hours": 0.013100236389372084
    },
    "5": {
      "val_acc": 0.6399,
      "gpu_hours": 0.015623760090933905
    },
    "6": {
      "val_acc": 0.6755,
      "gpu_hours": 0.01815332167678409
    },
    "7": {
      "val_acc": 0.6863,
      "gpu_hours": 0.020689251356654698
    },
    "8": {
      "val_acc": 0.7107,
      "gpu_hours": 0.023227539459864298
    },
    "9": {
      "val_acc": 0.721,
      "gpu_hours": 0.025762482749091254
    },
    "10": {
      "val_acc": 0.7226,
      "gpu_hours": 0.028283737036916945
    },
    "11": {
      "val_acc": 0.7179,
      "gpu_hours": 0.030816680391629537
    },
    "12": {
      "val_acc": 0.7472,
      "gpu_hours": 0.03333174453841315
    },
    "13": {
      "val_acc": 0.7528,
      "gpu_hours": 0.03586005820168389
    },
    "14": {
      "val_acc": 0.7585,
      "gpu_hours": 0.03839311844772763
    },
    "15": {
      "val_acc": 0.7657,
      "gpu_hours": 0.04092601835727692
    },
    "16": {
      "val_acc": 0.7699,
      "gpu_hours": 0.043491913345124984
    },
    "17": {
      "val_acc": 0.7712,
      "gpu_hours": 0.04601381533675723
    },
    "18": {
      "val_acc": 0.7745,
      "gpu_hours": 0.04852323684427473
    },
    "19": {
      "val_acc": 0.7767,
      "gpu_hours": 0.051050311790572275
    },
    "20": {
      "val_acc": 0.7824,
      "gpu_hours": 0.053560373981793724
    },
    "21": {
      "val_acc": 0.787,
      "gpu_hours": 0.056081856422954136
    },
    "22": {
      "val_acc": 0.7879,
      "gpu_hours": 0.05857484797636668
    },
    "23": {
      "val_acc": 0.7912,
      "gpu_hours": 0.06108314361837175
    },
    "24": {
      "val_acc": 0.7901,
      "gpu_hours": 0.06357275426387787
    },
    "25": {
      "val_acc": 0.7907,
      "gpu_hours": 0.06606093605359395
    },
    "26": {
      "val_acc": 0.7913,
      "gpu_hours": 0.06856107380655077
    },
    "27": {
      "val_acc": 0.793,
      "gpu_hours": 0.07104700201087528
    },
    "28": {
      "val_acc": 0.793,
      "gpu_hours": 0.0735527296198739
    },
    "29": {
      "val_acc": 0.7935,
      "gpu_hours": 0.07604630437162187
    }
  }
}