{
  "trial_number": 77,
  "params": {
    "lr": 0.0002261556019921097,
    "weight_decay": 7.2468998801468954e-06,
    "batch_size": 64,
    "dropout": 0.19415962591347707,
    "optimizer": "Adam",
    "scheduler": "step",
    "model": "resnet34"
  },
  "best_val_acc": 0.9167,
  "total_gpu_hours": 0.07032888505193922,
  "slurm_task": 19,
  "parallel_workers": 40,
  "sampler": "tpe",
  "dataset": "cifar10",
  "device": "cuda",
  "accuracy_thresholds": {
    "gpu_h_to_80pct": 0.014440607097413806,
    "gpu_h_to_85pct": 0.023620596925417583,
    "gpu_h_to_90pct": 0.04224796685907576
  },
  "accuracy_curve": {
    "0": {
      "val_acc": 0.5906,
      "gpu_hours": 0.002872584859530131
    },
    "1": {
      "val_acc": 0.7114,
      "gpu_hours": 0.00518242081006368
    },
    "2": {
      "val_acc": 0.7461,
      "gpu_hours": 0.007503004339006212
    },
    "3": {
      "val_acc": 0.7892,
      "gpu_hours": 0.009814584056536357
    },
    "4": {
      "val_acc": 0.7985,
      "gpu_hours": 0.012125728262795342
    },
    "5": {
      "val_acc": 0.8035,
      "gpu_hours": 0.014440607097413806
    },
    "6": {
      "val_acc": 0.8381,
      "gpu_hours": 0.01674714889791277
    },
    "7": {
      "val_acc": 0.8426,
      "gpu_hours": 0.01903322550985548
    },
    "8": {
      "val_acc": 0.8306,
      "gpu_hours": 0.021330381565623814
    },
    "9": {
      "val_acc": 0.8521,
      "gpu_hours": 0.023620596925417583
    },
    "10": {
      "val_acc": 0.8808,
      "gpu_hours": 0.0259189643462499
    },
    "11": {
      "val_acc": 0.8902,
      "gpu_hours": 0.028234967125786676
    },
    "12": {
      "val_acc": 0.8914,
      "gpu_hours": 0.030574431750509473
    },
    "13": {
      "val_acc": 0.8905,
      "gpu_hours": 0.0329135404030482
    },
    "14": {
      "val_acc": 0.8915,
      "gpu_hours": 0.03524530933962928
    },
    "15": {
      "val_acc": 0.8957,
      "gpu_hours": 0.037578265534506904
    },
    "16": {
      "val_acc": 0.8971,
      "gpu_hours": 0.039914401769638064
    },
    "17": {
      "val_acc": 0.9033,
      "gpu_hours": 0.04224796685907576
    },
    "18": {
      "val_acc": 0.9027,
      "gpu_hours": 0.04459466543462541
    },
    "19": {
      "val_acc": 0.8925,
      "gpu_hours": 0.04693293021784888
    },
    "20": {
      "val_acc": 0.9129,
      "gpu_hours": 0.04927780939473046
    },
    "21": {
      "val_acc": 0.9078,
      "gpu_hours": 0.05163432935873667
    },
    "22": {
      "val_acc": 0.9121,
      "gpu_hours": 0.053973541988266836
    },
    "23": {
      "val_acc": 0.9077,
      "gpu_hours": 0.056314562227990896
    },
    "24": {
      "val_acc": 0.9103,
      "gpu_hours": 0.05868804785940382
    },
    "25": {
      "val_acc": 0.9077,
      "gpu_hours": 0.061014279656940035
    },
    "26": {
      "val_acc": 0.9167,
      "gpu_hours": 0.06335275067223443
    },
    "27": {
      "val_acc": 0.9123,
      "gpu_hours": 0.06568722916973961
    },
    "28": {
      "val_acc": 0.9129,
      "gpu_hours": 0.06799516962634193
    },
    "29": {
      "val_acc": 0.9103,
      "gpu_hours": 0.07029709345764584
    }
  }
}