{
  "trial_number": 64,
  "params": {
    "lr": 0.0017212628106144394,
    "weight_decay": 0.0009004925911506241,
    "batch_size": 64,
    "dropout": 0.30962942330783705,
    "optimizer": "Adam",
    "scheduler": "plateau",
    "model": "resnet18"
  },
  "best_val_acc": 0.7844,
  "total_gpu_hours": 0.04720892674393124,
  "slurm_task": 13,
  "parallel_workers": 40,
  "sampler": "tpe",
  "dataset": "cifar10",
  "device": "cuda",
  "accuracy_thresholds": {},
  "accuracy_curve": {
    "0": {
      "val_acc": 0.3434,
      "gpu_hours": 0.0018983518415027194
    },
    "1": {
      "val_acc": 0.4394,
      "gpu_hours": 0.0034540879726409914
    },
    "2": {
      "val_acc": 0.5628,
      "gpu_hours": 0.005001641644371881
    },
    "3": {
      "val_acc": 0.6166,
      "gpu_hours": 0.006551919844415453
    },
    "4": {
      "val_acc": 0.6033,
      "gpu_hours": 0.008114101555612352
    },
    "5": {
      "val_acc": 0.7268,
      "gpu_hours": 0.00966536819934845
    },
    "6": {
      "val_acc": 0.7401,
      "gpu_hours": 0.011239070428742302
    },
    "7": {
      "val_acc": 0.7522,
      "gpu_hours": 0.012819469836023119
    },
    "8": {
      "val_acc": 0.7638,
      "gpu_hours": 0.014376185867521499
    },
    "9": {
      "val_acc": 0.7749,
      "gpu_hours": 0.015966375933753118
    },
    "10": {
      "val_acc": 0.7773,
      "gpu_hours": 0.017524629367722405
    },
    "11": {
      "val_acc": 0.7771,
      "gpu_hours": 0.019086020323965284
    },
    "12": {
      "val_acc": 0.7797,
      "gpu_hours": 0.020637795792685616
    },
    "13": {
      "val_acc": 0.7823,
      "gpu_hours": 0.022248022556304932
    },
    "14": {
      "val_acc": 0.7783,
      "gpu_hours": 0.023806575271818373
    },
    "15": {
      "val_acc": 0.7806,
      "gpu_hours": 0.025386040872997707
    },
    "16": {
      "val_acc": 0.7836,
      "gpu_hours": 0.026950674189461604
    },
    "17": {
      "val_acc": 0.7813,
      "gpu_hours": 0.02853664153152042
    },
    "18": {
      "val_acc": 0.7844,
      "gpu_hours": 0.030107720428042942
    },
    "19": {
      "val_acc": 0.7811,
      "gpu_hours": 0.03167203346888224
    },
    "20": {
      "val_acc": 0.7817,
      "gpu_hours": 0.03322931753264533
    },
    "21": {
      "val_acc": 0.7818,
      "gpu_hours": 0.03479209356837802
    },
    "22": {
      "val_acc": 0.7835,
      "gpu_hours": 0.03634898033407
    },
    "23": {
      "val_acc": 0.7844,
      "gpu_hours": 0.03791451507144504
    },
    "24": {
      "val_acc": 0.784,
      "gpu_hours": 0.039451052877638074
    },
    "25": {
      "val_acc": 0.7827,
      "gpu_hours": 0.04097207009792328
    },
    "26": {
      "val_acc": 0.7843,
      "gpu_hours": 0.042510729829470316
    },
    "27": {
      "val_acc": 0.7834,
      "gpu_hours": 0.04406965838538276
    },
    "28": {
      "val_acc": 0.7803,
      "gpu_hours": 0.04560825162463718
    },
    "29": {
      "val_acc": 0.7824,
      "gpu_hours": 0.047184955146577626
    }
  }
}