{
  "trial_number": 128,
  "params": {
    "lr": 0.004324283417783266,
    "weight_decay": 1.094459982080603e-06,
    "batch_size": 64,
    "dropout": 0.3798101671008573,
    "optimizer": "Adam",
    "scheduler": "step",
    "model": "resnet34"
  },
  "best_val_acc": 0.9116,
  "total_gpu_hours": 0.237038701110416,
  "slurm_task": 5,
  "parallel_workers": 40,
  "sampler": "tpe",
  "dataset": "cifar10",
  "device": "cuda",
  "accuracy_thresholds": {
    "gpu_h_to_80pct": 0.05596631281905704,
    "gpu_h_to_85pct": 0.08740528715981377,
    "gpu_h_to_90pct": 0.16614879376358457
  },
  "accuracy_curve": {
    "0": {
      "val_acc": 0.4428,
      "gpu_hours": 0.00874832444720798
    },
    "1": {
      "val_acc": 0.5733,
      "gpu_hours": 0.016620216766993205
    },
    "2": {
      "val_acc": 0.6433,
      "gpu_hours": 0.024498761428727044
    },
    "3": {
      "val_acc": 0.7307,
      "gpu_hours": 0.03236971841918097
    },
    "4": {
      "val_acc": 0.7545,
      "gpu_hours": 0.04024523430400424
    },
    "5": {
      "val_acc": 0.7645,
      "gpu_hours": 0.04810714410410987
    },
    "6": {
      "val_acc": 0.8174,
      "gpu_hours": 0.05596631281905704
    },
    "7": {
      "val_acc": 0.8266,
      "gpu_hours": 0.06382868594593472
    },
    "8": {
      "val_acc": 0.8437,
      "gpu_hours": 0.07168459965123071
    },
    "9": {
      "val_acc": 0.8378,
      "gpu_hours": 0.07954433818658192
    },
    "10": {
      "val_acc": 0.871,
      "gpu_hours": 0.08740528715981377
    },
    "11": {
      "val_acc": 0.8772,
      "gpu_hours": 0.09527641110950046
    },
    "12": {
      "val_acc": 0.8793,
      "gpu_hours": 0.10315132988823784
    },
    "13": {
      "val_acc": 0.883,
      "gpu_hours": 0.1110367140505049
    },
    "14": {
      "val_acc": 0.8855,
      "gpu_hours": 0.1189096177286572
    },
    "15": {
      "val_acc": 0.8811,
      "gpu_hours": 0.12678281724452972
    },
    "16": {
      "val_acc": 0.8912,
      "gpu_hours": 0.1346641360388862
    },
    "17": {
      "val_acc": 0.8927,
      "gpu_hours": 0.14253998226589626
    },
    "18": {
      "val_acc": 0.8924,
      "gpu_hours": 0.15041453785366482
    },
    "19": {
      "val_acc": 0.8968,
      "gpu_hours": 0.15827833453814188
    },
    "20": {
      "val_acc": 0.9031,
      "gpu_hours": 0.16614879376358457
    },
    "21": {
      "val_acc": 0.9101,
      "gpu_hours": 0.17402036507924398
    },
    "22": {
      "val_acc": 0.9077,
      "gpu_hours": 0.1818844830327564
    },
    "23": {
      "val_acc": 0.9081,
      "gpu_hours": 0.18975272291236453
    },
    "24": {
      "val_acc": 0.9063,
      "gpu_hours": 0.19762188918060727
    },
    "25": {
      "val_acc": 0.9095,
      "gpu_hours": 0.20548640145195854
    },
    "26": {
      "val_acc": 0.9097,
      "gpu_hours": 0.21335800720585718
    },
    "27": {
      "val_acc": 0.9063,
      "gpu_hours": 0.22126891407701704
    },
    "28": {
      "val_acc": 0.9116,
      "gpu_hours": 0.22914391484525468
    },
    "29": {
      "val_acc": 0.9054,
      "gpu_hours": 0.23701108031802706
    }
  }
}