{
  "trial_number": 118,
  "params": {
    "lr": 0.00011228546442787231,
    "weight_decay": 1.1554266221014114e-06,
    "batch_size": 64,
    "dropout": 0.3598166073208783,
    "optimizer": "Adam",
    "scheduler": "step",
    "model": "resnet34"
  },
  "best_val_acc": 0.8966,
  "total_gpu_hours": 0.06991597500112322,
  "slurm_task": 18,
  "parallel_workers": 40,
  "sampler": "tpe",
  "dataset": "cifar10",
  "device": "cuda",
  "accuracy_thresholds": {
    "gpu_h_to_80pct": 0.016582655443085563,
    "gpu_h_to_85pct": 0.025864196419715883
  },
  "accuracy_curve": {
    "0": {
      "val_acc": 0.5445,
      "gpu_hours": 0.002656687829229567
    },
    "1": {
      "val_acc": 0.5994,
      "gpu_hours": 0.004974052177535163
    },
    "2": {
      "val_acc": 0.6976,
      "gpu_hours": 0.007296449939409892
    },
    "3": {
      "val_acc": 0.7561,
      "gpu_hours": 0.009620464775297377
    },
    "4": {
      "val_acc": 0.7697,
      "gpu_hours": 0.011943680577807956
    },
    "5": {
      "val_acc": 0.7852,
      "gpu_hours": 0.014260779817899067
    },
    "6": {
      "val_acc": 0.8037,
      "gpu_hours": 0.016582655443085563
    },
    "7": {
      "val_acc": 0.8173,
      "gpu_hours": 0.01890043364630805
    },
    "8": {
      "val_acc": 0.8364,
      "gpu_hours": 0.02121882180372874
    },
    "9": {
      "val_acc": 0.8322,
      "gpu_hours": 0.02353838668929206
    },
    "10": {
      "val_acc": 0.8616,
      "gpu_hours": 0.025864196419715883
    },
    "11": {
      "val_acc": 0.8705,
      "gpu_hours": 0.028184119396739538
    },
    "12": {
      "val_acc": 0.8728,
      "gpu_hours": 0.030489528907669917
    },
    "13": {
      "val_acc": 0.8614,
      "gpu_hours": 0.03279993573824565
    },
    "14": {
      "val_acc": 0.8741,
      "gpu_hours": 0.03511209898524814
    },
    "15": {
      "val_acc": 0.88,
      "gpu_hours": 0.03742365227805244
    },
    "16": {
      "val_acc": 0.879,
      "gpu_hours": 0.03973943385812971
    },
    "17": {
      "val_acc": 0.8805,
      "gpu_hours": 0.04205702443917592
    },
    "18": {
      "val_acc": 0.8795,
      "gpu_hours": 0.04437852475378248
    },
    "19": {
      "val_acc": 0.8828,
      "gpu_hours": 0.04669747630755106
    },
    "20": {
      "val_acc": 0.8892,
      "gpu_hours": 0.049022439122200015
    },
    "21": {
      "val_acc": 0.8914,
      "gpu_hours": 0.05133808473745982
    },
    "22": {
      "val_acc": 0.8909,
      "gpu_hours": 0.053660631974538166
    },
    "23": {
      "val_acc": 0.8928,
      "gpu_hours": 0.055978766083717345
    },
    "24": {
      "val_acc": 0.8966,
      "gpu_hours": 0.058301569289631316
    },
    "25": {
      "val_acc": 0.8911,
      "gpu_hours": 0.060616000559594894
    },
    "26": {
      "val_acc": 0.89,
      "gpu_hours": 0.06293659461869133
    },
    "27": {
      "val_acc": 0.8913,
      "gpu_hours": 0.06525384697649214
    },
    "28": {
      "val_acc": 0.8888,
      "gpu_hours": 0.06757363723384009
    },
    "29": {
      "val_acc": 0.8918,
      "gpu_hours": 0.06988694879743788
    }
  }
}