{
  "trial_number": 107,
  "params": {
    "lr": 0.014657896732848534,
    "weight_decay": 1.974181694231111e-06,
    "batch_size": 64,
    "dropout": 0.35919019107087613,
    "optimizer": "Adam",
    "scheduler": "plateau",
    "model": "resnet18"
  },
  "best_val_acc": 0.8403,
  "total_gpu_hours": 0.04662101169427236,
  "slurm_task": 26,
  "parallel_workers": 40,
  "sampler": "tpe",
  "dataset": "cifar10",
  "device": "cuda",
  "accuracy_thresholds": {
    "gpu_h_to_80pct": 0.00955719490845998
  },
  "accuracy_curve": {
    "0": {
      "val_acc": 0.3917,
      "gpu_hours": 0.0018355939123365615
    },
    "1": {
      "val_acc": 0.5289,
      "gpu_hours": 0.0033945971065097386
    },
    "2": {
      "val_acc": 0.6121,
      "gpu_hours": 0.004928518467479282
    },
    "3": {
      "val_acc": 0.6851,
      "gpu_hours": 0.006491347816255357
    },
    "4": {
      "val_acc": 0.7129,
      "gpu_hours": 0.008016459412044949
    },
    "5": {
      "val_acc": 0.8092,
      "gpu_hours": 0.00955719490845998
    },
    "6": {
      "val_acc": 0.8158,
      "gpu_hours": 0.011105555362171596
    },
    "7": {
      "val_acc": 0.8225,
      "gpu_hours": 0.012628628545337254
    },
    "8": {
      "val_acc": 0.83,
      "gpu_hours": 0.01415681368774838
    },
    "9": {
      "val_acc": 0.833,
      "gpu_hours": 0.01571106493473053
    },
    "10": {
      "val_acc": 0.835,
      "gpu_hours": 0.01724504656261868
    },
    "11": {
      "val_acc": 0.8343,
      "gpu_hours": 0.018784850504663254
    },
    "12": {
      "val_acc": 0.8372,
      "gpu_hours": 0.020323492950863307
    },
    "13": {
      "val_acc": 0.8369,
      "gpu_hours": 0.021845894191000196
    },
    "14": {
      "val_acc": 0.8369,
      "gpu_hours": 0.02339217980702718
    },
    "15": {
      "val_acc": 0.8385,
      "gpu_hours": 0.024951557119687398
    },
    "16": {
      "val_acc": 0.8378,
      "gpu_hours": 0.026507841149965922
    },
    "17": {
      "val_acc": 0.8386,
      "gpu_hours": 0.028036088678571915
    },
    "18": {
      "val_acc": 0.8396,
      "gpu_hours": 0.029588102963235642
    },
    "19": {
      "val_acc": 0.8403,
      "gpu_hours": 0.031107688347498576
    },
    "20": {
      "val_acc": 0.8389,
      "gpu_hours": 0.032633503675460813
    },
    "21": {
      "val_acc": 0.8379,
      "gpu_hours": 0.03420848574903276
    },
    "22": {
      "val_acc": 0.8384,
      "gpu_hours": 0.035763083828820125
    },
    "23": {
      "val_acc": 0.8377,
      "gpu_hours": 0.03729285154077742
    },
    "24": {
      "val_acc": 0.8379,
      "gpu_hours": 0.03883929431438446
    },
    "25": {
      "val_acc": 0.8382,
      "gpu_hours": 0.04038325601153903
    },
    "26": {
      "val_acc": 0.8396,
      "gpu_hours": 0.04194106962945726
    },
    "27": {
      "val_acc": 0.8396,
      "gpu_hours": 0.04348202281528049
    },
    "28": {
      "val_acc": 0.8373,
      "gpu_hours": 0.045031977163420785
    },
    "29": {
      "val_acc": 0.8366,
      "gpu_hours": 0.046591224471728004
    }
  }
}