{
  "trial_number": 71,
  "params": {
    "lr": 0.0010533662437278337,
    "weight_decay": 0.00017195055939855968,
    "batch_size": 256,
    "dropout": 0.08699200953611949,
    "optimizer": "AdamW",
    "scheduler": "cosine",
    "model": "efficientnet_b0"
  },
  "best_val_acc": 0.7872,
  "total_gpu_hours": 0.07703312449985081,
  "slurm_task": 22,
  "parallel_workers": 40,
  "sampler": "tpe",
  "dataset": "cifar10",
  "device": "cuda",
  "accuracy_thresholds": {},
  "accuracy_curve": {
    "0": {
      "val_acc": 0.3538,
      "gpu_hours": 0.0030347624752256603
    },
    "1": {
      "val_acc": 0.4594,
      "gpu_hours": 0.005591420001453824
    },
    "2": {
      "val_acc": 0.5376,
      "gpu_hours": 0.008130579988161723
    },
    "3": {
      "val_acc": 0.5761,
      "gpu_hours": 0.01066845092508528
    },
    "4": {
      "val_acc": 0.6041,
      "gpu_hours": 0.01321558972199758
    },
    "5": {
      "val_acc": 0.631,
      "gpu_hours": 0.015765234033266705
    },
    "6": {
      "val_acc": 0.6527,
      "gpu_hours": 0.01831005228890313
    },
    "7": {
      "val_acc": 0.6736,
      "gpu_hours": 0.02085770540767246
    },
    "8": {
      "val_acc": 0.6908,
      "gpu_hours": 0.02341712064213223
    },
    "9": {
      "val_acc": 0.6959,
      "gpu_hours": 0.025962363680203757
    },
    "10": {
      "val_acc": 0.7126,
      "gpu_hours": 0.02853059106402927
    },
    "11": {
      "val_acc": 0.7337,
      "gpu_hours": 0.031093223094940184
    },
    "12": {
      "val_acc": 0.7253,
      "gpu_hours": 0.033643256492084925
    },
    "13": {
      "val_acc": 0.7417,
      "gpu_hours": 0.036190344757503934
    },
    "14": {
      "val_acc": 0.7472,
      "gpu_hours": 0.03873706638813019
    },
    "15": {
      "val_acc": 0.7567,
      "gpu_hours": 0.041274789505534704
    },
    "16": {
      "val_acc": 0.7566,
      "gpu_hours": 0.043846993578804866
    },
    "17": {
      "val_acc": 0.7639,
      "gpu_hours": 0.04638990349239773
    },
    "18": {
      "val_acc": 0.7728,
      "gpu_hours": 0.04893977317545149
    },
    "19": {
      "val_acc": 0.775,
      "gpu_hours": 0.05154718259970347
    },
    "20": {
      "val_acc": 0.7755,
      "gpu_hours": 0.05409954362445407
    },
    "21": {
      "val_acc": 0.7778,
      "gpu_hours": 0.05666210379865434
    },
    "22": {
      "val_acc": 0.7782,
      "gpu_hours": 0.05922889808813731
    },
    "23": {
      "val_acc": 0.7829,
      "gpu_hours": 0.06176654007699754
    },
    "24": {
      "val_acc": 0.7857,
      "gpu_hours": 0.06431737913025751
    },
    "25": {
      "val_acc": 0.7854,
      "gpu_hours": 0.06685712933540344
    },
    "26": {
      "val_acc": 0.786,
      "gpu_hours": 0.06939393447505103
    },
    "27": {
      "val_acc": 0.7872,
      "gpu_hours": 0.07192746016714308
    },
    "28": {
      "val_acc": 0.786,
      "gpu_hours": 0.07447391536500719
    },
    "29": {
      "val_acc": 0.785,
      "gpu_hours": 0.07701702786816492
    }
  }
}