{
  "trial_number": 97,
  "params": {
    "lr": 0.0012530634676024201,
    "weight_decay": 3.299263281612609e-05,
    "batch_size": 256,
    "dropout": 0.09863454340805343,
    "optimizer": "AdamW",
    "scheduler": "cosine",
    "model": "efficientnet_b0"
  },
  "best_val_acc": 0.7959,
  "total_gpu_hours": 0.039740763439072506,
  "slurm_task": 34,
  "parallel_workers": 40,
  "sampler": "tpe",
  "dataset": "cifar10",
  "device": "cuda",
  "accuracy_thresholds": {},
  "accuracy_curve": {
    "0": {
      "val_acc": 0.3479,
      "gpu_hours": 0.0016083770328097872
    },
    "1": {
      "val_acc": 0.4393,
      "gpu_hours": 0.00292937609884474
    },
    "2": {
      "val_acc": 0.5145,
      "gpu_hours": 0.004252467751502991
    },
    "3": {
      "val_acc": 0.5623,
      "gpu_hours": 0.005570995410283407
    },
    "4": {
      "val_acc": 0.5775,
      "gpu_hours": 0.006869618495305379
    },
    "5": {
      "val_acc": 0.6254,
      "gpu_hours": 0.008183994955486721
    },
    "6": {
      "val_acc": 0.6498,
      "gpu_hours": 0.00949223346180386
    },
    "7": {
      "val_acc": 0.679,
      "gpu_hours": 0.010813014772203233
    },
    "8": {
      "val_acc": 0.6705,
      "gpu_hours": 0.01212904135386149
    },
    "9": {
      "val_acc": 0.6988,
      "gpu_hours": 0.013446878724628025
    },
    "10": {
      "val_acc": 0.7263,
      "gpu_hours": 0.014759923484590319
    },
    "11": {
      "val_acc": 0.7305,
      "gpu_hours": 0.016072237888971965
    },
    "12": {
      "val_acc": 0.7343,
      "gpu_hours": 0.017392804159058466
    },
    "13": {
      "val_acc": 0.7348,
      "gpu_hours": 0.018703147967656455
    },
    "14": {
      "val_acc": 0.7537,
      "gpu_hours": 0.02000770800643497
    },
    "15": {
      "val_acc": 0.7574,
      "gpu_hours": 0.02130753192636702
    },
    "16": {
      "val_acc": 0.7629,
      "gpu_hours": 0.022612293031480577
    },
    "17": {
      "val_acc": 0.7625,
      "gpu_hours": 0.023920380936728585
    },
    "18": {
      "val_acc": 0.7771,
      "gpu_hours": 0.02523852613237169
    },
    "19": {
      "val_acc": 0.7789,
      "gpu_hours": 0.0265818632973565
    },
    "20": {
      "val_acc": 0.783,
      "gpu_hours": 0.02788027571307288
    },
    "21": {
      "val_acc": 0.7797,
      "gpu_hours": 0.029191560082965428
    },
    "22": {
      "val_acc": 0.7873,
      "gpu_hours": 0.030497891306877137
    },
    "23": {
      "val_acc": 0.7904,
      "gpu_hours": 0.03181514183680217
    },
    "24": {
      "val_acc": 0.7924,
      "gpu_hours": 0.033130841056505836
    },
    "25": {
      "val_acc": 0.7915,
      "gpu_hours": 0.03444010635217031
    },
    "26": {
      "val_acc": 0.7939,
      "gpu_hours": 0.03574816432264116
    },
    "27": {
      "val_acc": 0.7941,
      "gpu_hours": 0.03706975340843201
    },
    "28": {
      "val_acc": 0.7959,
      "gpu_hours": 0.03839612265427907
    },
    "29": {
      "val_acc": 0.7947,
      "gpu_hours": 0.039707805845472545
    }
  }
}