{
  "trial_number": 50,
  "params": {
    "lr": 0.004095676584000674,
    "weight_decay": 2.907879986529897e-05,
    "batch_size": 64,
    "dropout": 0.1996279439278742,
    "optimizer": "SGD",
    "scheduler": "plateau",
    "model": "resnet18",
    "momentum": 0.8049926318232632
  },
  "best_val_acc": 0.5504,
  "total_gpu_hours": 0.04674686226579878,
  "slurm_task": 21,
  "parallel_workers": 40,
  "sampler": "tpe",
  "dataset": "cifar10",
  "device": "cuda",
  "accuracy_thresholds": {},
  "accuracy_curve": {
    "0": {
      "val_acc": 0.3725,
      "gpu_hours": 0.0018450788656870524
    },
    "1": {
      "val_acc": 0.4254,
      "gpu_hours": 0.003407832185427348
    },
    "2": {
      "val_acc": 0.4679,
      "gpu_hours": 0.004951286978191799
    },
    "3": {
      "val_acc": 0.4917,
      "gpu_hours": 0.006489279799991184
    },
    "4": {
      "val_acc": 0.5263,
      "gpu_hours": 0.008017394675148858
    },
    "5": {
      "val_acc": 0.5394,
      "gpu_hours": 0.009567774269315932
    },
    "6": {
      "val_acc": 0.5438,
      "gpu_hours": 0.011110850307676527
    },
    "7": {
      "val_acc": 0.5466,
      "gpu_hours": 0.012650135159492492
    },
    "8": {
      "val_acc": 0.5482,
      "gpu_hours": 0.014214127858479818
    },
    "9": {
      "val_acc": 0.5471,
      "gpu_hours": 0.015749865770339967
    },
    "10": {
      "val_acc": 0.5459,
      "gpu_hours": 0.017287469969855414
    },
    "11": {
      "val_acc": 0.5476,
      "gpu_hours": 0.018809114032321505
    },
    "12": {
      "val_acc": 0.5493,
      "gpu_hours": 0.020390278895696005
    },
    "13": {
      "val_acc": 0.5482,
      "gpu_hours": 0.021928051577674017
    },
    "14": {
      "val_acc": 0.546,
      "gpu_hours": 0.02347421129544576
    },
    "15": {
      "val_acc": 0.5473,
      "gpu_hours": 0.02502334588103824
    },
    "16": {
      "val_acc": 0.5498,
      "gpu_hours": 0.026569589310222203
    },
    "17": {
      "val_acc": 0.5493,
      "gpu_hours": 0.028112335867351956
    },
    "18": {
      "val_acc": 0.5467,
      "gpu_hours": 0.029667117794354755
    },
    "19": {
      "val_acc": 0.5482,
      "gpu_hours": 0.031180358661545646
    },
    "20": {
      "val_acc": 0.5492,
      "gpu_hours": 0.03272561662726932
    },
    "21": {
      "val_acc": 0.5466,
      "gpu_hours": 0.03431395471096039
    },
    "22": {
      "val_acc": 0.5496,
      "gpu_hours": 0.03586488988664415
    },
    "23": {
      "val_acc": 0.5504,
      "gpu_hours": 0.03741434269481235
    },
    "24": {
      "val_acc": 0.5487,
      "gpu_hours": 0.03896447082360586
    },
    "25": {
      "val_acc": 0.5487,
      "gpu_hours": 0.04052669028441111
    },
    "26": {
      "val_acc": 0.5487,
      "gpu_hours": 0.04207708968056573
    },
    "27": {
      "val_acc": 0.5472,
      "gpu_hours": 0.04360627969106039
    },
    "28": {
      "val_acc": 0.5498,
      "gpu_hours": 0.045174646576245626
    },
    "29": {
      "val_acc": 0.548,
      "gpu_hours": 0.046722391645113624
    }
  }
}