{
  "trial_number": 101,
  "params": {
    "lr": 0.00143863971610335,
    "weight_decay": 0.00022888186510024725,
    "batch_size": 128,
    "dropout": 0.05505011208235429,
    "optimizer": "AdamW",
    "scheduler": "cosine",
    "model": "efficientnet_b0"
  },
  "best_val_acc": 0.8163,
  "total_gpu_hours": 0.05740608725282881,
  "slurm_task": 38,
  "parallel_workers": 40,
  "sampler": "tpe",
  "dataset": "cifar10",
  "device": "cuda",
  "accuracy_thresholds": {
    "gpu_h_to_80pct": 0.038372010456191166
  },
  "accuracy_curve": {
    "0": {
      "val_acc": 0.3704,
      "gpu_hours": 0.0022566611236996123
    },
    "1": {
      "val_acc": 0.4934,
      "gpu_hours": 0.004152476323975457
    },
    "2": {
      "val_acc": 0.5647,
      "gpu_hours": 0.006045794751909044
    },
    "3": {
      "val_acc": 0.596,
      "gpu_hours": 0.00793191326989068
    },
    "4": {
      "val_acc": 0.6422,
      "gpu_hours": 0.009822700023651123
    },
    "5": {
      "val_acc": 0.6664,
      "gpu_hours": 0.011685780021879408
    },
    "6": {
      "val_acc": 0.6915,
      "gpu_hours": 0.013592079016897414
    },
    "7": {
      "val_acc": 0.7114,
      "gpu_hours": 0.015498735706011454
    },
    "8": {
      "val_acc": 0.7223,
      "gpu_hours": 0.017400642368528577
    },
    "9": {
      "val_acc": 0.7428,
      "gpu_hours": 0.01930121772819095
    },
    "10": {
      "val_acc": 0.7438,
      "gpu_hours": 0.02119986679818895
    },
    "11": {
      "val_acc": 0.7534,
      "gpu_hours": 0.023108209172884624
    },
    "12": {
      "val_acc": 0.7665,
      "gpu_hours": 0.025005986558066472
    },
    "13": {
      "val_acc": 0.7663,
      "gpu_hours": 0.02691302862432268
    },
    "14": {
      "val_acc": 0.777,
      "gpu_hours": 0.028817537426948547
    },
    "15": {
      "val_acc": 0.7826,
      "gpu_hours": 0.03074943158361647
    },
    "16": {
      "val_acc": 0.791,
      "gpu_hours": 0.0326568423377143
    },
    "17": {
      "val_acc": 0.7952,
      "gpu_hours": 0.03456473833984799
    },
    "18": {
      "val_acc": 0.796,
      "gpu_hours": 0.036458785202768115
    },
    "19": {
      "val_acc": 0.8033,
      "gpu_hours": 0.038372010456191166
    },
    "20": {
      "val_acc": 0.8026,
      "gpu_hours": 0.040268527269363405
    },
    "21": {
      "val_acc": 0.8082,
      "gpu_hours": 0.04216381728649139
    },
    "22": {
      "val_acc": 0.8129,
      "gpu_hours": 0.04406157546573215
    },
    "23": {
      "val_acc": 0.8123,
      "gpu_hours": 0.045956521564059785
    },
    "24": {
      "val_acc": 0.8144,
      "gpu_hours": 0.047855481770303514
    },
    "25": {
      "val_acc": 0.8141,
      "gpu_hours": 0.04976071510050032
    },
    "26": {
      "val_acc": 0.8153,
      "gpu_hours": 0.0516577582889133
    },
    "27": {
      "val_acc": 0.8147,
      "gpu_hours": 0.05355885366598765
    },
    "28": {
      "val_acc": 0.8141,
      "gpu_hours": 0.05546758234500885
    },
    "29": {
      "val_acc": 0.8163,
      "gpu_hours": 0.05737912482685513
    }
  }
}