{
  "trial_number": 16,
  "params": {
    "lr": 0.0013292918943162175,
    "weight_decay": 0.006351221010640704,
    "batch_size": 64,
    "dropout": 0.07799726016810132,
    "optimizer": "Adam",
    "scheduler": "plateau",
    "model": "resnet18"
  },
  "best_val_acc": 0.4329,
  "total_gpu_hours": 0.04707313888602786,
  "slurm_task": 27,
  "parallel_workers": 40,
  "sampler": "tpe",
  "dataset": "cifar10",
  "device": "cuda",
  "accuracy_thresholds": {},
  "accuracy_curve": {
    "0": {
      "val_acc": 0.1633,
      "gpu_hours": 0.0020955046680238513
    },
    "1": {
      "val_acc": 0.1981,
      "gpu_hours": 0.003675809833738539
    },
    "2": {
      "val_acc": 0.3025,
      "gpu_hours": 0.005229713122049968
    },
    "3": {
      "val_acc": 0.2684,
      "gpu_hours": 0.006772191656960381
    },
    "4": {
      "val_acc": 0.3802,
      "gpu_hours": 0.008335361878077189
    },
    "5": {
      "val_acc": 0.4187,
      "gpu_hours": 0.009868802891837227
    },
    "6": {
      "val_acc": 0.4004,
      "gpu_hours": 0.011413252883487277
    },
    "7": {
      "val_acc": 0.4134,
      "gpu_hours": 0.01296247680981954
    },
    "8": {
      "val_acc": 0.4257,
      "gpu_hours": 0.014517808026737637
    },
    "9": {
      "val_acc": 0.4315,
      "gpu_hours": 0.016047649052408006
    },
    "10": {
      "val_acc": 0.4301,
      "gpu_hours": 0.01759474409951104
    },
    "11": {
      "val_acc": 0.4222,
      "gpu_hours": 0.019151129060321383
    },
    "12": {
      "val_acc": 0.4307,
      "gpu_hours": 0.02069386045138041
    },
    "13": {
      "val_acc": 0.4278,
      "gpu_hours": 0.0222324933608373
    },
    "14": {
      "val_acc": 0.4215,
      "gpu_hours": 0.02378888315624661
    },
    "15": {
      "val_acc": 0.426,
      "gpu_hours": 0.02533729804886712
    },
    "16": {
      "val_acc": 0.432,
      "gpu_hours": 0.02689330173863305
    },
    "17": {
      "val_acc": 0.4278,
      "gpu_hours": 0.02844457142882877
    },
    "18": {
      "val_acc": 0.4279,
      "gpu_hours": 0.029947535991668703
    },
    "19": {
      "val_acc": 0.4285,
      "gpu_hours": 0.03149723900689019
    },
    "20": {
      "val_acc": 0.4254,
      "gpu_hours": 0.03309550179375542
    },
    "21": {
      "val_acc": 0.4284,
      "gpu_hours": 0.03464105765024821
    },
    "22": {
      "val_acc": 0.4298,
      "gpu_hours": 0.03620161824756198
    },
    "23": {
      "val_acc": 0.4283,
      "gpu_hours": 0.03774992989169227
    },
    "24": {
      "val_acc": 0.4288,
      "gpu_hours": 0.039290535582436455
    },
    "25": {
      "val_acc": 0.4329,
      "gpu_hours": 0.040824796027607385
    },
    "26": {
      "val_acc": 0.4274,
      "gpu_hours": 0.04236067758666145
    },
    "27": {
      "val_acc": 0.4319,
      "gpu_hours": 0.04390251517295837
    },
    "28": {
      "val_acc": 0.4291,
      "gpu_hours": 0.045455988645553586
    },
    "29": {
      "val_acc": 0.4271,
      "gpu_hours": 0.04703517112467024
    }
  }
}