{
  "trial_number": 148,
  "params": {
    "lr": 0.00029065593609311406,
    "weight_decay": 1.0837683354733452e-06,
    "batch_size": 128,
    "dropout": 0.3366362647874357,
    "optimizer": "Adam",
    "scheduler": "step",
    "model": "resnet34"
  },
  "best_val_acc": 0.9083,
  "total_gpu_hours": 0.21939328445328607,
  "slurm_task": 10,
  "parallel_workers": 40,
  "sampler": "tpe",
  "dataset": "cifar10",
  "device": "cuda",
  "accuracy_thresholds": {
    "gpu_h_to_80pct": 0.04429350058237712,
    "gpu_h_to_85pct": 0.08077448911137051,
    "gpu_h_to_90pct": 0.15371620820628273
  },
  "accuracy_curve": {
    "0": {
      "val_acc": 0.6075,
      "gpu_hours": 0.007814119060834249
    },
    "1": {
      "val_acc": 0.6186,
      "gpu_hours": 0.015109036366144817
    },
    "2": {
      "val_acc": 0.7011,
      "gpu_hours": 0.022400153080622355
    },
    "3": {
      "val_acc": 0.7683,
      "gpu_hours": 0.029695734249220954
    },
    "4": {
      "val_acc": 0.7808,
      "gpu_hours": 0.036995098392168684
    },
    "5": {
      "val_acc": 0.8168,
      "gpu_hours": 0.04429350058237712
    },
    "6": {
      "val_acc": 0.8059,
      "gpu_hours": 0.051590619087219236
    },
    "7": {
      "val_acc": 0.8364,
      "gpu_hours": 0.05889760620064206
    },
    "8": {
      "val_acc": 0.8185,
      "gpu_hours": 0.06619471675819821
    },
    "9": {
      "val_acc": 0.8332,
      "gpu_hours": 0.07348659031920964
    },
    "10": {
      "val_acc": 0.8773,
      "gpu_hours": 0.08077448911137051
    },
    "11": {
      "val_acc": 0.8896,
      "gpu_hours": 0.08806413365734948
    },
    "12": {
      "val_acc": 0.8893,
      "gpu_hours": 0.09536743150817023
    },
    "13": {
      "val_acc": 0.8839,
      "gpu_hours": 0.1026664510038164
    },
    "14": {
      "val_acc": 0.8806,
      "gpu_hours": 0.10995279888312022
    },
    "15": {
      "val_acc": 0.8986,
      "gpu_hours": 0.11724536710315281
    },
    "16": {
      "val_acc": 0.8937,
      "gpu_hours": 0.12453867892424265
    },
    "17": {
      "val_acc": 0.8917,
      "gpu_hours": 0.13184041652414533
    },
    "18": {
      "val_acc": 0.892,
      "gpu_hours": 0.1391348428858651
    },
    "19": {
      "val_acc": 0.8858,
      "gpu_hours": 0.1464264209402932
    },
    "20": {
      "val_acc": 0.9054,
      "gpu_hours": 0.15371620820628273
    },
    "21": {
      "val_acc": 0.8964,
      "gpu_hours": 0.16100845363405017
    },
    "22": {
      "val_acc": 0.8962,
      "gpu_hours": 0.16830507583088344
    },
    "23": {
      "val_acc": 0.901,
      "gpu_hours": 0.17559151576624976
    },
    "24": {
      "val_acc": 0.9075,
      "gpu_hours": 0.1828856395350562
    },
    "25": {
      "val_acc": 0.8996,
      "gpu_hours": 0.1901793490515815
    },
    "26": {
      "val_acc": 0.9058,
      "gpu_hours": 0.1974779227707121
    },
    "27": {
      "val_acc": 0.9064,
      "gpu_hours": 0.20478371421496072
    },
    "28": {
      "val_acc": 0.9083,
      "gpu_hours": 0.2120814006196128
    },
    "29": {
      "val_acc": 0.9054,
      "gpu_hours": 0.2193770761622323
    }
  }
}