{
  "trial_number": 125,
  "params": {
    "lr": 0.004324283417783266,
    "weight_decay": 1.094459982080603e-06,
    "batch_size": 64,
    "dropout": 0.27119378395693605,
    "optimizer": "Adam",
    "scheduler": "step",
    "model": "resnet34"
  },
  "best_val_acc": 0.9115,
  "total_gpu_hours": 0.2359202026658588,
  "slurm_task": 3,
  "parallel_workers": 40,
  "sampler": "tpe",
  "dataset": "cifar10",
  "device": "cuda",
  "accuracy_thresholds": {
    "gpu_h_to_80pct": 0.055648095938894485,
    "gpu_h_to_85pct": 0.08696823649936253,
    "gpu_h_to_90pct": 0.16533151255713568
  },
  "accuracy_curve": {
    "0": {
      "val_acc": 0.3674,
      "gpu_hours": 0.008657111724217733
    },
    "1": {
      "val_acc": 0.505,
      "gpu_hours": 0.016497556302282546
    },
    "2": {
      "val_acc": 0.6588,
      "gpu_hours": 0.024336937930848863
    },
    "3": {
      "val_acc": 0.6868,
      "gpu_hours": 0.03216941323545244
    },
    "4": {
      "val_acc": 0.6908,
      "gpu_hours": 0.040005230969852874
    },
    "5": {
      "val_acc": 0.7901,
      "gpu_hours": 0.04782434609201219
    },
    "6": {
      "val_acc": 0.8081,
      "gpu_hours": 0.055648095938894485
    },
    "7": {
      "val_acc": 0.7898,
      "gpu_hours": 0.06347452620665232
    },
    "8": {
      "val_acc": 0.8043,
      "gpu_hours": 0.07130329284403059
    },
    "9": {
      "val_acc": 0.8441,
      "gpu_hours": 0.07913424690564473
    },
    "10": {
      "val_acc": 0.8745,
      "gpu_hours": 0.08696823649936253
    },
    "11": {
      "val_acc": 0.8771,
      "gpu_hours": 0.0947963386774063
    },
    "12": {
      "val_acc": 0.8697,
      "gpu_hours": 0.10262905028131274
    },
    "13": {
      "val_acc": 0.8813,
      "gpu_hours": 0.11045692516697778
    },
    "14": {
      "val_acc": 0.8776,
      "gpu_hours": 0.11829988645182715
    },
    "15": {
      "val_acc": 0.8835,
      "gpu_hours": 0.1261448570092519
    },
    "16": {
      "val_acc": 0.8852,
      "gpu_hours": 0.13399281197124058
    },
    "17": {
      "val_acc": 0.8885,
      "gpu_hours": 0.1418365861972173
    },
    "18": {
      "val_acc": 0.8921,
      "gpu_hours": 0.14966570423709022
    },
    "19": {
      "val_acc": 0.8852,
      "gpu_hours": 0.15750142256418864
    },
    "20": {
      "val_acc": 0.9064,
      "gpu_hours": 0.16533151255713568
    },
    "21": {
      "val_acc": 0.9032,
      "gpu_hours": 0.1731621436940299
    },
    "22": {
      "val_acc": 0.9075,
      "gpu_hours": 0.1809976498948203
    },
    "23": {
      "val_acc": 0.9037,
      "gpu_hours": 0.18882556094063652
    },
    "24": {
      "val_acc": 0.9053,
      "gpu_hours": 0.19670604526996613
    },
    "25": {
      "val_acc": 0.9061,
      "gpu_hours": 0.20453776432408227
    },
    "26": {
      "val_acc": 0.9082,
      "gpu_hours": 0.2123669609758589
    },
    "27": {
      "val_acc": 0.9115,
      "gpu_hours": 0.22020033107863532
    },
    "28": {
      "val_acc": 0.9109,
      "gpu_hours": 0.22804939965407053
    },
    "29": {
      "val_acc": 0.9084,
      "gpu_hours": 0.23589616821871864
    }
  }
}