{
  "trial_number": 149,
  "params": {
    "lr": 0.000747429464818612,
    "weight_decay": 3.982063956065295e-06,
    "batch_size": 64,
    "dropout": 0.3623765519042361,
    "optimizer": "Adam",
    "scheduler": "step",
    "model": "resnet34"
  },
  "best_val_acc": 0.9209,
  "total_gpu_hours": 0.2356330833170149,
  "slurm_task": 16,
  "parallel_workers": 40,
  "sampler": "tpe",
  "dataset": "cifar10",
  "device": "cuda",
  "accuracy_thresholds": {
    "gpu_h_to_80pct": 0.047519786092970105,
    "gpu_h_to_85pct": 0.07886084536711375,
    "gpu_h_to_90pct": 0.1101987248659134
  },
  "accuracy_curve": {
    "0": {
      "val_acc": 0.5299,
      "gpu_hours": 0.008323252929581536
    },
    "1": {
      "val_acc": 0.6628,
      "gpu_hours": 0.016171666118833753
    },
    "2": {
      "val_acc": 0.7551,
      "gpu_hours": 0.024019132653872174
    },
    "3": {
      "val_acc": 0.7491,
      "gpu_hours": 0.03185570557912191
    },
    "4": {
      "val_acc": 0.7863,
      "gpu_hours": 0.03968752589490679
    },
    "5": {
      "val_acc": 0.8274,
      "gpu_hours": 0.047519786092970105
    },
    "6": {
      "val_acc": 0.8252,
      "gpu_hours": 0.05534976469145881
    },
    "7": {
      "val_acc": 0.8437,
      "gpu_hours": 0.06318197694089678
    },
    "8": {
      "val_acc": 0.8391,
      "gpu_hours": 0.07101692226197985
    },
    "9": {
      "val_acc": 0.8605,
      "gpu_hours": 0.07886084536711375
    },
    "10": {
      "val_acc": 0.8925,
      "gpu_hours": 0.08669739021195305
    },
    "11": {
      "val_acc": 0.8903,
      "gpu_hours": 0.09452903462780847
    },
    "12": {
      "val_acc": 0.8953,
      "gpu_hours": 0.10236718840069241
    },
    "13": {
      "val_acc": 0.9017,
      "gpu_hours": 0.1101987248659134
    },
    "14": {
      "val_acc": 0.906,
      "gpu_hours": 0.11803301771481832
    },
    "15": {
      "val_acc": 0.9032,
      "gpu_hours": 0.1258670747280121
    },
    "16": {
      "val_acc": 0.8944,
      "gpu_hours": 0.13369915717177921
    },
    "17": {
      "val_acc": 0.9051,
      "gpu_hours": 0.14153268039226533
    },
    "18": {
      "val_acc": 0.9046,
      "gpu_hours": 0.1493634562359916
    },
    "19": {
      "val_acc": 0.9088,
      "gpu_hours": 0.15720188975334168
    },
    "20": {
      "val_acc": 0.9155,
      "gpu_hours": 0.16503530667887795
    },
    "21": {
      "val_acc": 0.9209,
      "gpu_hours": 0.17287518514527214
    },
    "22": {
      "val_acc": 0.9153,
      "gpu_hours": 0.18073153263992733
    },
    "23": {
      "val_acc": 0.9158,
      "gpu_hours": 0.18857512626383038
    },
    "24": {
      "val_acc": 0.9194,
      "gpu_hours": 0.1964285428656472
    },
    "25": {
      "val_acc": 0.9187,
      "gpu_hours": 0.20426763461695777
    },
    "26": {
      "val_acc": 0.9166,
      "gpu_hours": 0.2120995736784405
    },
    "27": {
      "val_acc": 0.9145,
      "gpu_hours": 0.21996165268950993
    },
    "28": {
      "val_acc": 0.9145,
      "gpu_hours": 0.22778827475176916
    },
    "29": {
      "val_acc": 0.9168,
      "gpu_hours": 0.2356153274907006
    }
  }
}