{
  "trial_number": 54,
  "params": {
    "lr": 0.0029907718995232863,
    "weight_decay": 0.002847975478285763,
    "batch_size": 256,
    "dropout": 0.17962426355499173,
    "optimizer": "AdamW",
    "scheduler": "plateau",
    "model": "efficientnet_b0"
  },
  "best_val_acc": 0.7075,
  "total_gpu_hours": 0.03910440908537971,
  "slurm_task": 19,
  "parallel_workers": 40,
  "sampler": "tpe",
  "dataset": "cifar10",
  "device": "cuda",
  "accuracy_thresholds": {},
  "accuracy_curve": {
    "0": {
      "val_acc": 0.3183,
      "gpu_hours": 0.0016904167334238689
    },
    "1": {
      "val_acc": 0.3732,
      "gpu_hours": 0.002988180584377713
    },
    "2": {
      "val_acc": 0.4921,
      "gpu_hours": 0.004276700483428107
    },
    "3": {
      "val_acc": 0.5936,
      "gpu_hours": 0.005566978520817227
    },
    "4": {
      "val_acc": 0.6185,
      "gpu_hours": 0.006851025091277228
    },
    "5": {
      "val_acc": 0.6697,
      "gpu_hours": 0.008138616813553705
    },
    "6": {
      "val_acc": 0.6833,
      "gpu_hours": 0.009427323208914862
    },
    "7": {
      "val_acc": 0.6896,
      "gpu_hours": 0.010724694000350105
    },
    "8": {
      "val_acc": 0.7003,
      "gpu_hours": 0.012012619972229004
    },
    "9": {
      "val_acc": 0.7022,
      "gpu_hours": 0.013314006858401829
    },
    "10": {
      "val_acc": 0.7032,
      "gpu_hours": 0.014609614213307698
    },
    "11": {
      "val_acc": 0.7037,
      "gpu_hours": 0.015894536839591134
    },
    "12": {
      "val_acc": 0.7056,
      "gpu_hours": 0.017184742821587457
    },
    "13": {
      "val_acc": 0.7045,
      "gpu_hours": 0.01846203366915385
    },
    "14": {
      "val_acc": 0.7052,
      "gpu_hours": 0.019784917169147067
    },
    "15": {
      "val_acc": 0.7061,
      "gpu_hours": 0.02106572455830044
    },
    "16": {
      "val_acc": 0.7075,
      "gpu_hours": 0.022354114452997842
    },
    "17": {
      "val_acc": 0.7052,
      "gpu_hours": 0.0236433654361301
    },
    "18": {
      "val_acc": 0.7065,
      "gpu_hours": 0.02494752671983507
    },
    "19": {
      "val_acc": 0.7053,
      "gpu_hours": 0.026234535177548726
    },
    "20": {
      "val_acc": 0.7063,
      "gpu_hours": 0.027521140972773233
    },
    "21": {
      "val_acc": 0.7072,
      "gpu_hours": 0.02881102403004964
    },
    "22": {
      "val_acc": 0.7053,
      "gpu_hours": 0.030097103185123868
    },
    "23": {
      "val_acc": 0.706,
      "gpu_hours": 0.03137869391176436
    },
    "24": {
      "val_acc": 0.706,
      "gpu_hours": 0.03266729103194343
    },
    "25": {
      "val_acc": 0.7062,
      "gpu_hours": 0.03394870168632931
    },
    "26": {
      "val_acc": 0.7043,
      "gpu_hours": 0.03523952239089542
    },
    "27": {
      "val_acc": 0.7066,
      "gpu_hours": 0.03652652985519833
    },
    "28": {
      "val_acc": 0.7057,
      "gpu_hours": 0.03779233276844025
    },
    "29": {
      "val_acc": 0.7054,
      "gpu_hours": 0.03907709552182092
    }
  }
}