{
  "trial_number": 78,
  "params": {
    "lr": 0.011550100150766305,
    "weight_decay": 7.3855393669393525e-06,
    "batch_size": 64,
    "dropout": 0.17539179928249418,
    "optimizer": "Adam",
    "scheduler": "plateau",
    "model": "resnet18"
  },
  "best_val_acc": 0.816,
  "total_gpu_hours": 0.04638461821609073,
  "slurm_task": 35,
  "parallel_workers": 40,
  "sampler": "tpe",
  "dataset": "cifar10",
  "device": "cuda",
  "accuracy_thresholds": {
    "gpu_h_to_80pct": 0.014191419747140673
  },
  "accuracy_curve": {
    "0": {
      "val_acc": 0.409,
      "gpu_hours": 0.002048156195216709
    },
    "1": {
      "val_acc": 0.5148,
      "gpu_hours": 0.0035646432638168335
    },
    "2": {
      "val_acc": 0.5678,
      "gpu_hours": 0.005065571665763855
    },
    "3": {
      "val_acc": 0.6647,
      "gpu_hours": 0.0065830075078540376
    },
    "4": {
      "val_acc": 0.6737,
      "gpu_hours": 0.008107984595828586
    },
    "5": {
      "val_acc": 0.7722,
      "gpu_hours": 0.009622723791334364
    },
    "6": {
      "val_acc": 0.7865,
      "gpu_hours": 0.011140847735934788
    },
    "7": {
      "val_acc": 0.7963,
      "gpu_hours": 0.012673981189727783
    },
    "8": {
      "val_acc": 0.8056,
      "gpu_hours": 0.014191419747140673
    },
    "9": {
      "val_acc": 0.8083,
      "gpu_hours": 0.01570054080751207
    },
    "10": {
      "val_acc": 0.8123,
      "gpu_hours": 0.017226872775289746
    },
    "11": {
      "val_acc": 0.8114,
      "gpu_hours": 0.018731243941518996
    },
    "12": {
      "val_acc": 0.8113,
      "gpu_hours": 0.0202518136633767
    },
    "13": {
      "val_acc": 0.8133,
      "gpu_hours": 0.021770875983768038
    },
    "14": {
      "val_acc": 0.8154,
      "gpu_hours": 0.0233015372355779
    },
    "15": {
      "val_acc": 0.8127,
      "gpu_hours": 0.024828477899233502
    },
    "16": {
      "val_acc": 0.8134,
      "gpu_hours": 0.026381008360120986
    },
    "17": {
      "val_acc": 0.813,
      "gpu_hours": 0.02791901449362437
    },
    "18": {
      "val_acc": 0.8146,
      "gpu_hours": 0.029448734919230144
    },
    "19": {
      "val_acc": 0.8144,
      "gpu_hours": 0.030971550875239902
    },
    "20": {
      "val_acc": 0.8152,
      "gpu_hours": 0.03250253955523173
    },
    "21": {
      "val_acc": 0.8121,
      "gpu_hours": 0.034050989084773595
    },
    "22": {
      "val_acc": 0.814,
      "gpu_hours": 0.03559404419528114
    },
    "23": {
      "val_acc": 0.8151,
      "gpu_hours": 0.037125243213441635
    },
    "24": {
      "val_acc": 0.8146,
      "gpu_hours": 0.038653298417727154
    },
    "25": {
      "val_acc": 0.8143,
      "gpu_hours": 0.04018656743897332
    },
    "26": {
      "val_acc": 0.8145,
      "gpu_hours": 0.04173503087626563
    },
    "27": {
      "val_acc": 0.8149,
      "gpu_hours": 0.04326624446445041
    },
    "28": {
      "val_acc": 0.816,
      "gpu_hours": 0.04478966017564138
    },
    "29": {
      "val_acc": 0.8141,
      "gpu_hours": 0.04635996964242723
    }
  }
}