{
  "trial_number": 70,
  "params": {
    "lr": 0.0010533662437278337,
    "weight_decay": 2.6107080732499288e-05,
    "batch_size": 256,
    "dropout": 0.06788089632219313,
    "optimizer": "AdamW",
    "scheduler": "cosine",
    "model": "efficientnet_b0"
  },
  "best_val_acc": 0.7898,
  "total_gpu_hours": 0.07767397132184771,
  "slurm_task": 20,
  "parallel_workers": 40,
  "sampler": "tpe",
  "dataset": "cifar10",
  "device": "cuda",
  "accuracy_thresholds": {},
  "accuracy_curve": {
    "0": {
      "val_acc": 0.3214,
      "gpu_hours": 0.0030573858817418416
    },
    "1": {
      "val_acc": 0.462,
      "gpu_hours": 0.005627387364705403
    },
    "2": {
      "val_acc": 0.5175,
      "gpu_hours": 0.008191020157602098
    },
    "3": {
      "val_acc": 0.5745,
      "gpu_hours": 0.01076165947649214
    },
    "4": {
      "val_acc": 0.6076,
      "gpu_hours": 0.01336502128177219
    },
    "5": {
      "val_acc": 0.6348,
      "gpu_hours": 0.015927408867412143
    },
    "6": {
      "val_acc": 0.6425,
      "gpu_hours": 0.01850244853231642
    },
    "7": {
      "val_acc": 0.6674,
      "gpu_hours": 0.02108876195218828
    },
    "8": {
      "val_acc": 0.6863,
      "gpu_hours": 0.023668399982982213
    },
    "9": {
      "val_acc": 0.7074,
      "gpu_hours": 0.026236021518707277
    },
    "10": {
      "val_acc": 0.7138,
      "gpu_hours": 0.02880338470141093
    },
    "11": {
      "val_acc": 0.7195,
      "gpu_hours": 0.031369700365596345
    },
    "12": {
      "val_acc": 0.7349,
      "gpu_hours": 0.03395430306593577
    },
    "13": {
      "val_acc": 0.7459,
      "gpu_hours": 0.036539152065912885
    },
    "14": {
      "val_acc": 0.7456,
      "gpu_hours": 0.03910582052336799
    },
    "15": {
      "val_acc": 0.7499,
      "gpu_hours": 0.04166885256767273
    },
    "16": {
      "val_acc": 0.7568,
      "gpu_hours": 0.04427958693769243
    },
    "17": {
      "val_acc": 0.7633,
      "gpu_hours": 0.046828265455034046
    },
    "18": {
      "val_acc": 0.7687,
      "gpu_hours": 0.04941264013449351
    },
    "19": {
      "val_acc": 0.7744,
      "gpu_hours": 0.051992099152670966
    },
    "20": {
      "val_acc": 0.7774,
      "gpu_hours": 0.05455122689406077
    },
    "21": {
      "val_acc": 0.7807,
      "gpu_hours": 0.05712561726570129
    },
    "22": {
      "val_acc": 0.7815,
      "gpu_hours": 0.059699022836155365
    },
    "23": {
      "val_acc": 0.7831,
      "gpu_hours": 0.06226093848546346
    },
    "24": {
      "val_acc": 0.7874,
      "gpu_hours": 0.0648339828517702
    },
    "25": {
      "val_acc": 0.7866,
      "gpu_hours": 0.06740281701087952
    },
    "26": {
      "val_acc": 0.7888,
      "gpu_hours": 0.06994244847032759
    },
    "27": {
      "val_acc": 0.7888,
      "gpu_hours": 0.07252282248602973
    },
    "28": {
      "val_acc": 0.7888,
      "gpu_hours": 0.07509338657061258
    },
    "29": {
      "val_acc": 0.7898,
      "gpu_hours": 0.07766023417313894
    }
  }
}