{
  "trial_number": 114,
  "params": {
    "lr": 0.00019856301995760945,
    "weight_decay": 1.1662759413262138e-05,
    "batch_size": 128,
    "dropout": 0.4937039506532002,
    "optimizer": "Adam",
    "scheduler": "step",
    "model": "resnet34"
  },
  "best_val_acc": 0.9003,
  "total_gpu_hours": 0.05007615480158064,
  "slurm_task": 17,
  "parallel_workers": 40,
  "sampler": "tpe",
  "dataset": "cifar10",
  "device": "cuda",
  "accuracy_thresholds": {
    "gpu_h_to_80pct": 0.011955532630284628,
    "gpu_h_to_85pct": 0.018583105537626477,
    "gpu_h_to_90pct": 0.03847837951448228
  },
  "accuracy_curve": {
    "0": {
      "val_acc": 0.5296,
      "gpu_hours": 0.0020122068458133273
    },
    "1": {
      "val_acc": 0.6119,
      "gpu_hours": 0.0036758142047458226
    },
    "2": {
      "val_acc": 0.7048,
      "gpu_hours": 0.005340113110012478
    },
    "3": {
      "val_acc": 0.7324,
      "gpu_hours": 0.006993410653538174
    },
    "4": {
      "val_acc": 0.7677,
      "gpu_hours": 0.00864407976468404
    },
    "5": {
      "val_acc": 0.7765,
      "gpu_hours": 0.010298745698399014
    },
    "6": {
      "val_acc": 0.8018,
      "gpu_hours": 0.011955532630284628
    },
    "7": {
      "val_acc": 0.8214,
      "gpu_hours": 0.013614703350596958
    },
    "8": {
      "val_acc": 0.8236,
      "gpu_hours": 0.015270835889710321
    },
    "9": {
      "val_acc": 0.8126,
      "gpu_hours": 0.016929771966404383
    },
    "10": {
      "val_acc": 0.871,
      "gpu_hours": 0.018583105537626477
    },
    "11": {
      "val_acc": 0.8704,
      "gpu_hours": 0.020252376596132913
    },
    "12": {
      "val_acc": 0.8697,
      "gpu_hours": 0.021908912393781874
    },
    "13": {
      "val_acc": 0.8799,
      "gpu_hours": 0.02356604238351186
    },
    "14": {
      "val_acc": 0.8698,
      "gpu_hours": 0.02521967391173045
    },
    "15": {
      "val_acc": 0.8755,
      "gpu_hours": 0.026880741516749063
    },
    "16": {
      "val_acc": 0.8711,
      "gpu_hours": 0.028546097146140204
    },
    "17": {
      "val_acc": 0.8802,
      "gpu_hours": 0.030203135344717236
    },
    "18": {
      "val_acc": 0.8765,
      "gpu_hours": 0.031854787667592366
    },
    "19": {
      "val_acc": 0.8827,
      "gpu_hours": 0.03351137393050724
    },
    "20": {
      "val_acc": 0.8958,
      "gpu_hours": 0.0351762674914466
    },
    "21": {
      "val_acc": 0.8929,
      "gpu_hours": 0.036828596062130396
    },
    "22": {
      "val_acc": 0.9003,
      "gpu_hours": 0.03847837951448228
    },
    "23": {
      "val_acc": 0.8933,
      "gpu_hours": 0.040132044222619796
    },
    "24": {
      "val_acc": 0.8992,
      "gpu_hours": 0.04178349594275157
    },
    "25": {
      "val_acc": 0.8982,
      "gpu_hours": 0.043439789480633206
    },
    "26": {
      "val_acc": 0.8946,
      "gpu_hours": 0.04510104133023156
    },
    "27": {
      "val_acc": 0.8967,
      "gpu_hours": 0.04674855119652218
    },
    "28": {
      "val_acc": 0.8968,
      "gpu_hours": 0.04840305825074514
    },
    "29": {
      "val_acc": 0.8972,
      "gpu_hours": 0.050058751967218186
    }
  }
}