{
  "trial_number": 32,
  "params": {
    "lr": 0.0013292918943162175,
    "weight_decay": 0.006351221010640704,
    "batch_size": 64,
    "dropout": 0.07799726016810132,
    "optimizer": "Adam",
    "scheduler": "plateau",
    "model": "resnet18"
  },
  "best_val_acc": 0.4408,
  "total_gpu_hours": 0.04779040594895681,
  "slurm_task": 10,
  "parallel_workers": 40,
  "sampler": "tpe",
  "dataset": "cifar10",
  "device": "cuda",
  "accuracy_thresholds": {},
  "accuracy_curve": {
    "0": {
      "val_acc": 0.2867,
      "gpu_hours": 0.0024097291628519695
    },
    "1": {
      "val_acc": 0.2128,
      "gpu_hours": 0.003972598380512661
    },
    "2": {
      "val_acc": 0.2873,
      "gpu_hours": 0.005538206961419847
    },
    "3": {
      "val_acc": 0.3399,
      "gpu_hours": 0.007079783148235745
    },
    "4": {
      "val_acc": 0.383,
      "gpu_hours": 0.00864679005410936
    },
    "5": {
      "val_acc": 0.351,
      "gpu_hours": 0.010189600785573323
    },
    "6": {
      "val_acc": 0.4131,
      "gpu_hours": 0.011744102835655213
    },
    "7": {
      "val_acc": 0.4291,
      "gpu_hours": 0.013292630314826965
    },
    "8": {
      "val_acc": 0.4129,
      "gpu_hours": 0.01483745813369751
    },
    "9": {
      "val_acc": 0.4267,
      "gpu_hours": 0.016398581663767498
    },
    "10": {
      "val_acc": 0.4378,
      "gpu_hours": 0.017960309320025975
    },
    "11": {
      "val_acc": 0.4377,
      "gpu_hours": 0.01952772041161855
    },
    "12": {
      "val_acc": 0.4387,
      "gpu_hours": 0.021079455680317348
    },
    "13": {
      "val_acc": 0.4397,
      "gpu_hours": 0.022637539704640705
    },
    "14": {
      "val_acc": 0.4408,
      "gpu_hours": 0.024186724225680033
    },
    "15": {
      "val_acc": 0.4355,
      "gpu_hours": 0.02573451234234704
    },
    "16": {
      "val_acc": 0.4379,
      "gpu_hours": 0.02729689915974935
    },
    "17": {
      "val_acc": 0.4375,
      "gpu_hours": 0.028865350882212322
    },
    "18": {
      "val_acc": 0.4371,
      "gpu_hours": 0.03043143583668603
    },
    "19": {
      "val_acc": 0.4378,
      "gpu_hours": 0.031984564595752295
    },
    "20": {
      "val_acc": 0.4397,
      "gpu_hours": 0.03355448444684347
    },
    "21": {
      "val_acc": 0.4393,
      "gpu_hours": 0.03517064968744914
    },
    "22": {
      "val_acc": 0.4387,
      "gpu_hours": 0.036740314033296376
    },
    "23": {
      "val_acc": 0.4391,
      "gpu_hours": 0.03829889674981435
    },
    "24": {
      "val_acc": 0.4389,
      "gpu_hours": 0.039879080719417995
    },
    "25": {
      "val_acc": 0.4393,
      "gpu_hours": 0.04142888221475813
    },
    "26": {
      "val_acc": 0.4388,
      "gpu_hours": 0.04301162090566423
    },
    "27": {
      "val_acc": 0.4366,
      "gpu_hours": 0.04453243447674645
    },
    "28": {
      "val_acc": 0.4406,
      "gpu_hours": 0.04612974676820967
    },
    "29": {
      "val_acc": 0.4407,
      "gpu_hours": 0.047755353649457294
    }
  }
}