{
  "trial_number": 105,
  "params": {
    "lr": 0.01465627414968092,
    "weight_decay": 4.8116042695952684e-06,
    "batch_size": 64,
    "dropout": 0.19628130302499583,
    "optimizer": "Adam",
    "scheduler": "plateau",
    "model": "resnet18"
  },
  "best_val_acc": 0.8123,
  "total_gpu_hours": 0.04753037691116333,
  "slurm_task": 36,
  "parallel_workers": 40,
  "sampler": "tpe",
  "dataset": "cifar10",
  "device": "cuda",
  "accuracy_thresholds": {
    "gpu_h_to_80pct": 0.016055078705151875
  },
  "accuracy_curve": {
    "0": {
      "val_acc": 0.4059,
      "gpu_hours": 0.0018767854240205554
    },
    "1": {
      "val_acc": 0.5103,
      "gpu_hours": 0.003459560606214735
    },
    "2": {
      "val_acc": 0.5461,
      "gpu_hours": 0.005022599962022569
    },
    "3": {
      "val_acc": 0.6122,
      "gpu_hours": 0.006613239381048414
    },
    "4": {
      "val_acc": 0.7154,
      "gpu_hours": 0.008200261460410224
    },
    "5": {
      "val_acc": 0.7714,
      "gpu_hours": 0.009778987897766961
    },
    "6": {
      "val_acc": 0.7837,
      "gpu_hours": 0.011349699430995517
    },
    "7": {
      "val_acc": 0.7912,
      "gpu_hours": 0.01291966696580251
    },
    "8": {
      "val_acc": 0.7989,
      "gpu_hours": 0.014490804274876912
    },
    "9": {
      "val_acc": 0.8068,
      "gpu_hours": 0.016055078705151875
    },
    "10": {
      "val_acc": 0.8084,
      "gpu_hours": 0.017629477447933622
    },
    "11": {
      "val_acc": 0.8107,
      "gpu_hours": 0.019198038710488214
    },
    "12": {
      "val_acc": 0.8094,
      "gpu_hours": 0.020792225466834173
    },
    "13": {
      "val_acc": 0.8099,
      "gpu_hours": 0.022337405814064872
    },
    "14": {
      "val_acc": 0.81,
      "gpu_hours": 0.023913416730033027
    },
    "15": {
      "val_acc": 0.8123,
      "gpu_hours": 0.025497728784879048
    },
    "16": {
      "val_acc": 0.811,
      "gpu_hours": 0.02708569308121999
    },
    "17": {
      "val_acc": 0.8092,
      "gpu_hours": 0.028672318591011894
    },
    "18": {
      "val_acc": 0.8101,
      "gpu_hours": 0.03025140040450626
    },
    "19": {
      "val_acc": 0.8112,
      "gpu_hours": 0.03183674818939633
    },
    "20": {
      "val_acc": 0.811,
      "gpu_hours": 0.03339004794756571
    },
    "21": {
      "val_acc": 0.8107,
      "gpu_hours": 0.03496798667642805
    },
    "22": {
      "val_acc": 0.8086,
      "gpu_hours": 0.03651764697498745
    },
    "23": {
      "val_acc": 0.8093,
      "gpu_hours": 0.03808440936936273
    },
    "24": {
      "val_acc": 0.8104,
      "gpu_hours": 0.03966035352812873
    },
    "25": {
      "val_acc": 0.8083,
      "gpu_hours": 0.0412371559937795
    },
    "26": {
      "val_acc": 0.8105,
      "gpu_hours": 0.0428117827574412
    },
    "27": {
      "val_acc": 0.8118,
      "gpu_hours": 0.04437439461549123
    },
    "28": {
      "val_acc": 0.81,
      "gpu_hours": 0.04592213882340325
    },
    "29": {
      "val_acc": 0.8115,
      "gpu_hours": 0.04750277101993561
    }
  }
}