{
  "trial_number": 37,
  "params": {
    "lr": 0.0013292918943162175,
    "weight_decay": 0.006351221010640704,
    "batch_size": 64,
    "dropout": 0.07799726016810132,
    "optimizer": "Adam",
    "scheduler": "plateau",
    "model": "resnet18"
  },
  "best_val_acc": 0.4459,
  "total_gpu_hours": 0.0469436471329795,
  "slurm_task": 29,
  "parallel_workers": 40,
  "sampler": "tpe",
  "dataset": "cifar10",
  "device": "cuda",
  "accuracy_thresholds": {},
  "accuracy_curve": {
    "0": {
      "val_acc": 0.2138,
      "gpu_hours": 0.0021528026792738174
    },
    "1": {
      "val_acc": 0.2725,
      "gpu_hours": 0.003706760671403673
    },
    "2": {
      "val_acc": 0.3439,
      "gpu_hours": 0.005252443088425531
    },
    "3": {
      "val_acc": 0.3681,
      "gpu_hours": 0.006779837740792168
    },
    "4": {
      "val_acc": 0.2765,
      "gpu_hours": 0.008334389130274455
    },
    "5": {
      "val_acc": 0.4099,
      "gpu_hours": 0.00988158040576511
    },
    "6": {
      "val_acc": 0.4204,
      "gpu_hours": 0.011427756349245708
    },
    "7": {
      "val_acc": 0.4239,
      "gpu_hours": 0.012949655519591437
    },
    "8": {
      "val_acc": 0.4197,
      "gpu_hours": 0.01454172756936815
    },
    "9": {
      "val_acc": 0.4327,
      "gpu_hours": 0.01612308277024163
    },
    "10": {
      "val_acc": 0.44,
      "gpu_hours": 0.017657511896557277
    },
    "11": {
      "val_acc": 0.4409,
      "gpu_hours": 0.01921434594525231
    },
    "12": {
      "val_acc": 0.4412,
      "gpu_hours": 0.02075726740890079
    },
    "13": {
      "val_acc": 0.434,
      "gpu_hours": 0.02229405403137207
    },
    "14": {
      "val_acc": 0.4399,
      "gpu_hours": 0.023825302984979417
    },
    "15": {
      "val_acc": 0.4376,
      "gpu_hours": 0.025354042450586953
    },
    "16": {
      "val_acc": 0.4427,
      "gpu_hours": 0.026887740625275505
    },
    "17": {
      "val_acc": 0.4339,
      "gpu_hours": 0.028427390588654414
    },
    "18": {
      "val_acc": 0.4422,
      "gpu_hours": 0.02996824516190423
    },
    "19": {
      "val_acc": 0.4431,
      "gpu_hours": 0.03147714489036136
    },
    "20": {
      "val_acc": 0.4401,
      "gpu_hours": 0.032980608807669745
    },
    "21": {
      "val_acc": 0.4383,
      "gpu_hours": 0.0345301745335261
    },
    "22": {
      "val_acc": 0.442,
      "gpu_hours": 0.03606353773011101
    },
    "23": {
      "val_acc": 0.4436,
      "gpu_hours": 0.0376000890466902
    },
    "24": {
      "val_acc": 0.4388,
      "gpu_hours": 0.03914529330200619
    },
    "25": {
      "val_acc": 0.4459,
      "gpu_hours": 0.04070599231455061
    },
    "26": {
      "val_acc": 0.4399,
      "gpu_hours": 0.04225191884570652
    },
    "27": {
      "val_acc": 0.44,
      "gpu_hours": 0.0438123134109709
    },
    "28": {
      "val_acc": 0.4407,
      "gpu_hours": 0.0453650607003106
    },
    "29": {
      "val_acc": 0.4409,
      "gpu_hours": 0.046916000445683795
    }
  }
}