{
  "trial_number": 43,
  "params": {
    "lr": 0.0008179499475211679,
    "weight_decay": 0.0001256104370001356,
    "batch_size": 256,
    "dropout": 0.06974693032602092,
    "optimizer": "AdamW",
    "scheduler": "cosine",
    "model": "efficientnet_b0"
  },
  "best_val_acc": 0.7739,
  "total_gpu_hours": 0.04021045896742079,
  "slurm_task": 15,
  "parallel_workers": 40,
  "sampler": "tpe",
  "dataset": "cifar10",
  "device": "cuda",
  "accuracy_thresholds": {},
  "accuracy_curve": {
    "0": {
      "val_acc": 0.3051,
      "gpu_hours": 0.0016736960411071777
    },
    "1": {
      "val_acc": 0.4332,
      "gpu_hours": 0.00301353481080797
    },
    "2": {
      "val_acc": 0.5191,
      "gpu_hours": 0.004341111779212952
    },
    "3": {
      "val_acc": 0.5445,
      "gpu_hours": 0.0056657198402616715
    },
    "4": {
      "val_acc": 0.5917,
      "gpu_hours": 0.006989333364698622
    },
    "5": {
      "val_acc": 0.6132,
      "gpu_hours": 0.008314987023671469
    },
    "6": {
      "val_acc": 0.6279,
      "gpu_hours": 0.009642917248937819
    },
    "7": {
      "val_acc": 0.6664,
      "gpu_hours": 0.010983720355563694
    },
    "8": {
      "val_acc": 0.6803,
      "gpu_hours": 0.012316709955533345
    },
    "9": {
      "val_acc": 0.6818,
      "gpu_hours": 0.01365290900071462
    },
    "10": {
      "val_acc": 0.6952,
      "gpu_hours": 0.014982096486621433
    },
    "11": {
      "val_acc": 0.7113,
      "gpu_hours": 0.01631429804695977
    },
    "12": {
      "val_acc": 0.718,
      "gpu_hours": 0.01763657205634647
    },
    "13": {
      "val_acc": 0.7266,
      "gpu_hours": 0.018969604969024657
    },
    "14": {
      "val_acc": 0.7333,
      "gpu_hours": 0.020317541360855104
    },
    "15": {
      "val_acc": 0.7373,
      "gpu_hours": 0.021643484830856322
    },
    "16": {
      "val_acc": 0.74,
      "gpu_hours": 0.02296210447947184
    },
    "17": {
      "val_acc": 0.7457,
      "gpu_hours": 0.02428890069325765
    },
    "18": {
      "val_acc": 0.7523,
      "gpu_hours": 0.025599676039483814
    },
    "19": {
      "val_acc": 0.7582,
      "gpu_hours": 0.02692556314998203
    },
    "20": {
      "val_acc": 0.7631,
      "gpu_hours": 0.02825144840611352
    },
    "21": {
      "val_acc": 0.763,
      "gpu_hours": 0.029566675623257956
    },
    "22": {
      "val_acc": 0.7646,
      "gpu_hours": 0.03089548024866316
    },
    "23": {
      "val_acc": 0.7672,
      "gpu_hours": 0.03220937073230743
    },
    "24": {
      "val_acc": 0.7699,
      "gpu_hours": 0.03353015595012241
    },
    "25": {
      "val_acc": 0.77,
      "gpu_hours": 0.03485333091682858
    },
    "26": {
      "val_acc": 0.7721,
      "gpu_hours": 0.03617136445310381
    },
    "27": {
      "val_acc": 0.7722,
      "gpu_hours": 0.037498755918608774
    },
    "28": {
      "val_acc": 0.7733,
      "gpu_hours": 0.038814923564593
    },
    "29": {
      "val_acc": 0.7739,
      "gpu_hours": 0.04015076670381758
    }
  }
}