{
  "trial_number": 116,
  "params": {
    "lr": 0.0002539195893569647,
    "weight_decay": 6.566640278406909e-06,
    "batch_size": 64,
    "dropout": 0.014930449239628045,
    "optimizer": "Adam",
    "scheduler": "step",
    "model": "resnet34"
  },
  "best_val_acc": 0.9152,
  "total_gpu_hours": 0.06923543559180366,
  "slurm_task": 19,
  "parallel_workers": 40,
  "sampler": "tpe",
  "dataset": "cifar10",
  "device": "cuda",
  "accuracy_thresholds": {
    "gpu_h_to_80pct": 0.01643967416551378,
    "gpu_h_to_85pct": 0.021034497088856168,
    "gpu_h_to_90pct": 0.043995969229274325
  },
  "accuracy_curve": {
    "0": {
      "val_acc": 0.5782,
      "gpu_hours": 0.0026321691936916775
    },
    "1": {
      "val_acc": 0.6599,
      "gpu_hours": 0.004936251507865058
    },
    "2": {
      "val_acc": 0.7709,
      "gpu_hours": 0.007233171529240078
    },
    "3": {
      "val_acc": 0.7875,
      "gpu_hours": 0.00953534828291999
    },
    "4": {
      "val_acc": 0.7902,
      "gpu_hours": 0.011840992834832934
    },
    "5": {
      "val_acc": 0.7687,
      "gpu_hours": 0.014142592880460951
    },
    "6": {
      "val_acc": 0.8354,
      "gpu_hours": 0.01643967416551378
    },
    "7": {
      "val_acc": 0.8394,
      "gpu_hours": 0.018726660278108386
    },
    "8": {
      "val_acc": 0.8591,
      "gpu_hours": 0.021034497088856168
    },
    "9": {
      "val_acc": 0.861,
      "gpu_hours": 0.023330197864108615
    },
    "10": {
      "val_acc": 0.8803,
      "gpu_hours": 0.025630302760336135
    },
    "11": {
      "val_acc": 0.8778,
      "gpu_hours": 0.027932650380664403
    },
    "12": {
      "val_acc": 0.8962,
      "gpu_hours": 0.030230342944463095
    },
    "13": {
      "val_acc": 0.8882,
      "gpu_hours": 0.03252649810579088
    },
    "14": {
      "val_acc": 0.8936,
      "gpu_hours": 0.034820209278000724
    },
    "15": {
      "val_acc": 0.899,
      "gpu_hours": 0.03711931222014957
    },
    "16": {
      "val_acc": 0.8993,
      "gpu_hours": 0.03941518982251485
    },
    "17": {
      "val_acc": 0.8975,
      "gpu_hours": 0.041705928047498064
    },
    "18": {
      "val_acc": 0.9019,
      "gpu_hours": 0.043995969229274325
    },
    "19": {
      "val_acc": 0.9004,
      "gpu_hours": 0.0462920782301161
    },
    "20": {
      "val_acc": 0.9096,
      "gpu_hours": 0.04858359237511953
    },
    "21": {
      "val_acc": 0.9125,
      "gpu_hours": 0.05088136043813494
    },
    "22": {
      "val_acc": 0.9082,
      "gpu_hours": 0.05317364182737139
    },
    "23": {
      "val_acc": 0.9113,
      "gpu_hours": 0.0554658219549391
    },
    "24": {
      "val_acc": 0.9099,
      "gpu_hours": 0.05775679118103451
    },
    "25": {
      "val_acc": 0.9103,
      "gpu_hours": 0.060048733883433875
    },
    "26": {
      "val_acc": 0.9104,
      "gpu_hours": 0.062342128091388276
    },
    "27": {
      "val_acc": 0.9034,
      "gpu_hours": 0.06463977807097965
    },
    "28": {
      "val_acc": 0.9152,
      "gpu_hours": 0.06692462543646495
    },
    "29": {
      "val_acc": 0.9131,
      "gpu_hours": 0.069217705461714
    }
  }
}