{
  "trial_number": 9,
  "params": {
    "lr": 0.0013292918943162175,
    "weight_decay": 0.006351221010640704,
    "batch_size": 64,
    "dropout": 0.07799726016810132,
    "optimizer": "Adam",
    "scheduler": "plateau",
    "model": "resnet18"
  },
  "best_val_acc": 0.4456,
  "total_gpu_hours": 0.13393948700692918,
  "slurm_task": 12,
  "parallel_workers": 40,
  "sampler": "tpe",
  "dataset": "cifar10",
  "device": "cuda",
  "accuracy_thresholds": {},
  "accuracy_curve": {
    "0": {
      "val_acc": 0.2515,
      "gpu_hours": 0.005089161925845676
    },
    "1": {
      "val_acc": 0.1916,
      "gpu_hours": 0.00954783346917894
    },
    "2": {
      "val_acc": 0.2844,
      "gpu_hours": 0.014009005890952216
    },
    "3": {
      "val_acc": 0.3759,
      "gpu_hours": 0.018446734613842435
    },
    "4": {
      "val_acc": 0.3905,
      "gpu_hours": 0.022904690437846712
    },
    "5": {
      "val_acc": 0.3624,
      "gpu_hours": 0.027399930556615194
    },
    "6": {
      "val_acc": 0.4201,
      "gpu_hours": 0.03185700847042931
    },
    "7": {
      "val_acc": 0.4232,
      "gpu_hours": 0.03630047188864814
    },
    "8": {
      "val_acc": 0.4186,
      "gpu_hours": 0.04074030703968472
    },
    "9": {
      "val_acc": 0.4403,
      "gpu_hours": 0.04517211940553453
    },
    "10": {
      "val_acc": 0.4373,
      "gpu_hours": 0.049629534085591634
    },
    "11": {
      "val_acc": 0.4415,
      "gpu_hours": 0.054068776037957934
    },
    "12": {
      "val_acc": 0.4389,
      "gpu_hours": 0.058528079589207964
    },
    "13": {
      "val_acc": 0.4364,
      "gpu_hours": 0.06295605149534013
    },
    "14": {
      "val_acc": 0.4403,
      "gpu_hours": 0.06738781929016113
    },
    "15": {
      "val_acc": 0.4293,
      "gpu_hours": 0.07182000696659088
    },
    "16": {
      "val_acc": 0.4406,
      "gpu_hours": 0.07626469711462656
    },
    "17": {
      "val_acc": 0.4386,
      "gpu_hours": 0.08071144885487026
    },
    "18": {
      "val_acc": 0.4386,
      "gpu_hours": 0.0851527574327257
    },
    "19": {
      "val_acc": 0.4412,
      "gpu_hours": 0.08959451794624329
    },
    "20": {
      "val_acc": 0.4385,
      "gpu_hours": 0.09403490424156188
    },
    "21": {
      "val_acc": 0.4446,
      "gpu_hours": 0.09847419460614522
    },
    "22": {
      "val_acc": 0.4403,
      "gpu_hours": 0.10292133582962884
    },
    "23": {
      "val_acc": 0.4402,
      "gpu_hours": 0.10734239459037781
    },
    "24": {
      "val_acc": 0.4397,
      "gpu_hours": 0.11177074220445421
    },
    "25": {
      "val_acc": 0.4456,
      "gpu_hours": 0.11621442039807638
    },
    "26": {
      "val_acc": 0.4386,
      "gpu_hours": 0.12064666754669613
    },
    "27": {
      "val_acc": 0.4454,
      "gpu_hours": 0.12506478283140393
    },
    "28": {
      "val_acc": 0.4443,
      "gpu_hours": 0.1294906855954064
    },
    "29": {
      "val_acc": 0.4395,
      "gpu_hours": 0.13392200575934515
    }
  }
}