{
  "trial_number": 108,
  "params": {
    "lr": 0.007451617972708863,
    "weight_decay": 1.974181694231111e-06,
    "batch_size": 64,
    "dropout": 0.4172592880976009,
    "optimizer": "Adam",
    "scheduler": "plateau",
    "model": "resnet18"
  },
  "best_val_acc": 0.8617,
  "total_gpu_hours": 0.045640148123105365,
  "slurm_task": 39,
  "parallel_workers": 40,
  "sampler": "tpe",
  "dataset": "cifar10",
  "device": "cuda",
  "accuracy_thresholds": {
    "gpu_h_to_80pct": 0.009286658830112881,
    "gpu_h_to_85pct": 0.013820746805932788
  },
  "accuracy_curve": {
    "0": {
      "val_acc": 0.41,
      "gpu_hours": 0.0018016537030537923
    },
    "1": {
      "val_acc": 0.582,
      "gpu_hours": 0.003289609286520216
    },
    "2": {
      "val_acc": 0.6627,
      "gpu_hours": 0.004794561266899109
    },
    "3": {
      "val_acc": 0.7384,
      "gpu_hours": 0.006312456197208828
    },
    "4": {
      "val_acc": 0.7724,
      "gpu_hours": 0.007798544963200887
    },
    "5": {
      "val_acc": 0.8297,
      "gpu_hours": 0.009286658830112881
    },
    "6": {
      "val_acc": 0.8357,
      "gpu_hours": 0.010791775319311353
    },
    "7": {
      "val_acc": 0.8434,
      "gpu_hours": 0.01230694055557251
    },
    "8": {
      "val_acc": 0.8502,
      "gpu_hours": 0.013820746805932788
    },
    "9": {
      "val_acc": 0.8577,
      "gpu_hours": 0.015331980056232876
    },
    "10": {
      "val_acc": 0.8576,
      "gpu_hours": 0.016837707426812915
    },
    "11": {
      "val_acc": 0.8586,
      "gpu_hours": 0.01837450126806895
    },
    "12": {
      "val_acc": 0.856,
      "gpu_hours": 0.01986580881807539
    },
    "13": {
      "val_acc": 0.8591,
      "gpu_hours": 0.02138268616464403
    },
    "14": {
      "val_acc": 0.8609,
      "gpu_hours": 0.022886407441563075
    },
    "15": {
      "val_acc": 0.8599,
      "gpu_hours": 0.024385661284128824
    },
    "16": {
      "val_acc": 0.8593,
      "gpu_hours": 0.025905346208148532
    },
    "17": {
      "val_acc": 0.8596,
      "gpu_hours": 0.027427324718899197
    },
    "18": {
      "val_acc": 0.8596,
      "gpu_hours": 0.028961395621299745
    },
    "19": {
      "val_acc": 0.8585,
      "gpu_hours": 0.030476870404349432
    },
    "20": {
      "val_acc": 0.8591,
      "gpu_hours": 0.0319874589310752
    },
    "21": {
      "val_acc": 0.8582,
      "gpu_hours": 0.03349086191919115
    },
    "22": {
      "val_acc": 0.86,
      "gpu_hours": 0.035006465646955705
    },
    "23": {
      "val_acc": 0.8599,
      "gpu_hours": 0.03651551067829132
    },
    "24": {
      "val_acc": 0.8617,
      "gpu_hours": 0.03804441465271844
    },
    "25": {
      "val_acc": 0.8595,
      "gpu_hours": 0.03956147412459055
    },
    "26": {
      "val_acc": 0.8579,
      "gpu_hours": 0.041064201792081194
    },
    "27": {
      "val_acc": 0.8585,
      "gpu_hours": 0.04257581419414944
    },
    "28": {
      "val_acc": 0.8593,
      "gpu_hours": 0.04409452180067698
    },
    "29": {
      "val_acc": 0.8588,
      "gpu_hours": 0.045609475043084886
    }
  }
}