{
  "trial_number": 80,
  "params": {
    "lr": 0.004145520543573878,
    "weight_decay": 1.0148067199699805e-06,
    "batch_size": 64,
    "dropout": 0.17539179928249418,
    "optimizer": "Adam",
    "scheduler": "plateau",
    "model": "resnet18"
  },
  "best_val_acc": 0.8627,
  "total_gpu_hours": 0.046762790150112574,
  "slurm_task": 39,
  "parallel_workers": 40,
  "sampler": "tpe",
  "dataset": "cifar10",
  "device": "cuda",
  "accuracy_thresholds": {
    "gpu_h_to_80pct": 0.009898644553290472,
    "gpu_h_to_85pct": 0.014555814266204834
  },
  "accuracy_curve": {
    "0": {
      "val_acc": 0.4564,
      "gpu_hours": 0.002075861692428589
    },
    "1": {
      "val_acc": 0.6285,
      "gpu_hours": 0.0036373881498972574
    },
    "2": {
      "val_acc": 0.6678,
      "gpu_hours": 0.005214737587504917
    },
    "3": {
      "val_acc": 0.7511,
      "gpu_hours": 0.006776454183790419
    },
    "4": {
      "val_acc": 0.7948,
      "gpu_hours": 0.008356790145238241
    },
    "5": {
      "val_acc": 0.8314,
      "gpu_hours": 0.009898644553290472
    },
    "6": {
      "val_acc": 0.843,
      "gpu_hours": 0.011456876264678107
    },
    "7": {
      "val_acc": 0.8478,
      "gpu_hours": 0.013003891971376207
    },
    "8": {
      "val_acc": 0.8538,
      "gpu_hours": 0.014555814266204834
    },
    "9": {
      "val_acc": 0.8563,
      "gpu_hours": 0.01610842227935791
    },
    "10": {
      "val_acc": 0.8563,
      "gpu_hours": 0.0176641931798723
    },
    "11": {
      "val_acc": 0.8595,
      "gpu_hours": 0.019218513435787624
    },
    "12": {
      "val_acc": 0.8599,
      "gpu_hours": 0.02077710641754998
    },
    "13": {
      "val_acc": 0.8601,
      "gpu_hours": 0.022330823408232794
    },
    "14": {
      "val_acc": 0.8605,
      "gpu_hours": 0.02382271475262112
    },
    "15": {
      "val_acc": 0.859,
      "gpu_hours": 0.02531491630607181
    },
    "16": {
      "val_acc": 0.8627,
      "gpu_hours": 0.026819228132565816
    },
    "17": {
      "val_acc": 0.861,
      "gpu_hours": 0.028328451580471464
    },
    "18": {
      "val_acc": 0.8604,
      "gpu_hours": 0.029860313203599716
    },
    "19": {
      "val_acc": 0.8601,
      "gpu_hours": 0.03137752883964115
    },
    "20": {
      "val_acc": 0.86,
      "gpu_hours": 0.03289706355995602
    },
    "21": {
      "val_acc": 0.8618,
      "gpu_hours": 0.034423716730541655
    },
    "22": {
      "val_acc": 0.8591,
      "gpu_hours": 0.03596840434604221
    },
    "23": {
      "val_acc": 0.8613,
      "gpu_hours": 0.03750901573234134
    },
    "24": {
      "val_acc": 0.8598,
      "gpu_hours": 0.039090323779318065
    },
    "25": {
      "val_acc": 0.8599,
      "gpu_hours": 0.0406417766544554
    },
    "26": {
      "val_acc": 0.8593,
      "gpu_hours": 0.04219204306602478
    },
    "27": {
      "val_acc": 0.8617,
      "gpu_hours": 0.04369229204124875
    },
    "28": {
      "val_acc": 0.8606,
      "gpu_hours": 0.04524176167117225
    },
    "29": {
      "val_acc": 0.8584,
      "gpu_hours": 0.04673664914237129
    }
  }
}