{
  "trial_number": 103,
  "params": {
    "lr": 0.00143863971610335,
    "weight_decay": 7.025585014411792e-05,
    "batch_size": 256,
    "dropout": 0.009804168533442514,
    "optimizer": "Adam",
    "scheduler": "plateau",
    "model": "resnet18"
  },
  "best_val_acc": 0.8812,
  "total_gpu_hours": 0.03618444303671519,
  "slurm_task": 32,
  "parallel_workers": 40,
  "sampler": "tpe",
  "dataset": "cifar10",
  "device": "cuda",
  "accuracy_thresholds": {
    "gpu_h_to_80pct": 0.007473092277844747,
    "gpu_h_to_85pct": 0.007473092277844747
  },
  "accuracy_curve": {
    "0": {
      "val_acc": 0.5341,
      "gpu_hours": 0.0015187931723064847
    },
    "1": {
      "val_acc": 0.6411,
      "gpu_hours": 0.002708183394538032
    },
    "2": {
      "val_acc": 0.7185,
      "gpu_hours": 0.003905178904533386
    },
    "3": {
      "val_acc": 0.7349,
      "gpu_hours": 0.005097905066278246
    },
    "4": {
      "val_acc": 0.7475,
      "gpu_hours": 0.00629021339946323
    },
    "5": {
      "val_acc": 0.8533,
      "gpu_hours": 0.007473092277844747
    },
    "6": {
      "val_acc": 0.8633,
      "gpu_hours": 0.008675068087048
    },
    "7": {
      "val_acc": 0.8649,
      "gpu_hours": 0.009882109032736884
    },
    "8": {
      "val_acc": 0.8697,
      "gpu_hours": 0.011116727656788295
    },
    "9": {
      "val_acc": 0.8779,
      "gpu_hours": 0.012307501898871528
    },
    "10": {
      "val_acc": 0.8806,
      "gpu_hours": 0.013501329753133985
    },
    "11": {
      "val_acc": 0.8812,
      "gpu_hours": 0.014688049488597445
    },
    "12": {
      "val_acc": 0.88,
      "gpu_hours": 0.015887764824761286
    },
    "13": {
      "val_acc": 0.8798,
      "gpu_hours": 0.01707900835408105
    },
    "14": {
      "val_acc": 0.8807,
      "gpu_hours": 0.018273270792431302
    },
    "15": {
      "val_acc": 0.8798,
      "gpu_hours": 0.01946642776330312
    },
    "16": {
      "val_acc": 0.8796,
      "gpu_hours": 0.020661369098557366
    },
    "17": {
      "val_acc": 0.8792,
      "gpu_hours": 0.021843658685684206
    },
    "18": {
      "val_acc": 0.8799,
      "gpu_hours": 0.02303306235207452
    },
    "19": {
      "val_acc": 0.8806,
      "gpu_hours": 0.024232262240515817
    },
    "20": {
      "val_acc": 0.8793,
      "gpu_hours": 0.025423494180043537
    },
    "21": {
      "val_acc": 0.88,
      "gpu_hours": 0.02661395523283217
    },
    "22": {
      "val_acc": 0.8795,
      "gpu_hours": 0.027799286113844978
    },
    "23": {
      "val_acc": 0.8796,
      "gpu_hours": 0.028993416561020745
    },
    "24": {
      "val_acc": 0.879,
      "gpu_hours": 0.030192722943094042
    },
    "25": {
      "val_acc": 0.8796,
      "gpu_hours": 0.03139383229944441
    },
    "26": {
      "val_acc": 0.8792,
      "gpu_hours": 0.03259632190068563
    },
    "27": {
      "val_acc": 0.88,
      "gpu_hours": 0.03377894772423638
    },
    "28": {
      "val_acc": 0.8799,
      "gpu_hours": 0.03496489531464047
    },
    "29": {
      "val_acc": 0.8803,
      "gpu_hours": 0.036153917180167305
    }
  }
}