{
  "trial_number": 63,
  "params": {
    "lr": 0.0007268654328676087,
    "weight_decay": 0.00011260585543407595,
    "batch_size": 256,
    "dropout": 0.0038540317575800065,
    "optimizer": "AdamW",
    "scheduler": "cosine",
    "model": "efficientnet_b0"
  },
  "best_val_acc": 0.7671,
  "total_gpu_hours": 0.07641783224211798,
  "slurm_task": 15,
  "parallel_workers": 40,
  "sampler": "tpe",
  "dataset": "cifar10",
  "device": "cuda",
  "accuracy_thresholds": {},
  "accuracy_curve": {
    "0": {
      "val_acc": 0.3419,
      "gpu_hours": 0.0029931492937935724
    },
    "1": {
      "val_acc": 0.4544,
      "gpu_hours": 0.005534004966417949
    },
    "2": {
      "val_acc": 0.4997,
      "gpu_hours": 0.00807001789410909
    },
    "3": {
      "val_acc": 0.5433,
      "gpu_hours": 0.01056815246740977
    },
    "4": {
      "val_acc": 0.5688,
      "gpu_hours": 0.013083428740501404
    },
    "5": {
      "val_acc": 0.5767,
      "gpu_hours": 0.015626784629291957
    },
    "6": {
      "val_acc": 0.6331,
      "gpu_hours": 0.018144937157630922
    },
    "7": {
      "val_acc": 0.6413,
      "gpu_hours": 0.02067181196477678
    },
    "8": {
      "val_acc": 0.6554,
      "gpu_hours": 0.023210989899105496
    },
    "9": {
      "val_acc": 0.6738,
      "gpu_hours": 0.025730609960026213
    },
    "10": {
      "val_acc": 0.6867,
      "gpu_hours": 0.028265327148967317
    },
    "11": {
      "val_acc": 0.7016,
      "gpu_hours": 0.030792689720789593
    },
    "12": {
      "val_acc": 0.7163,
      "gpu_hours": 0.03331275032626258
    },
    "13": {
      "val_acc": 0.7186,
      "gpu_hours": 0.0358631294965744
    },
    "14": {
      "val_acc": 0.7221,
      "gpu_hours": 0.03838707400692834
    },
    "15": {
      "val_acc": 0.7342,
      "gpu_hours": 0.04091927263471815
    },
    "16": {
      "val_acc": 0.7396,
      "gpu_hours": 0.04343960364659627
    },
    "17": {
      "val_acc": 0.7445,
      "gpu_hours": 0.04600719822777642
    },
    "18": {
      "val_acc": 0.749,
      "gpu_hours": 0.04853356692526076
    },
    "19": {
      "val_acc": 0.7558,
      "gpu_hours": 0.05107106924057007
    },
    "20": {
      "val_acc": 0.7557,
      "gpu_hours": 0.053608088228437635
    },
    "21": {
      "val_acc": 0.7563,
      "gpu_hours": 0.05614531477292379
    },
    "22": {
      "val_acc": 0.7595,
      "gpu_hours": 0.05867381493250529
    },
    "23": {
      "val_acc": 0.7625,
      "gpu_hours": 0.06121177189879947
    },
    "24": {
      "val_acc": 0.763,
      "gpu_hours": 0.063749261630906
    },
    "25": {
      "val_acc": 0.7646,
      "gpu_hours": 0.06626865943272908
    },
    "26": {
      "val_acc": 0.7645,
      "gpu_hours": 0.06879994114240011
    },
    "27": {
      "val_acc": 0.7667,
      "gpu_hours": 0.07132944285869598
    },
    "28": {
      "val_acc": 0.7671,
      "gpu_hours": 0.07385218832227919
    },
    "29": {
      "val_acc": 0.7641,
      "gpu_hours": 0.07639276531007555
    }
  }
}