{
  "trial_number": 52,
  "params": {
    "lr": 0.003307211222418516,
    "weight_decay": 0.0009705030062412697,
    "batch_size": 64,
    "dropout": 0.31989909656336735,
    "optimizer": "Adam",
    "scheduler": "plateau",
    "model": "resnet18"
  },
  "best_val_acc": 0.7005,
  "total_gpu_hours": 0.13421912007861667,
  "slurm_task": 3,
  "parallel_workers": 40,
  "sampler": "tpe",
  "dataset": "cifar10",
  "device": "cuda",
  "accuracy_thresholds": {},
  "accuracy_curve": {
    "0": {
      "val_acc": 0.3579,
      "gpu_hours": 0.0049102328221003215
    },
    "1": {
      "val_acc": 0.4794,
      "gpu_hours": 0.009351944261127048
    },
    "2": {
      "val_acc": 0.4752,
      "gpu_hours": 0.013805898229281107
    },
    "3": {
      "val_acc": 0.5232,
      "gpu_hours": 0.018267104890611438
    },
    "4": {
      "val_acc": 0.5785,
      "gpu_hours": 0.022720678448677062
    },
    "5": {
      "val_acc": 0.6566,
      "gpu_hours": 0.027179261445999147
    },
    "6": {
      "val_acc": 0.663,
      "gpu_hours": 0.03163085864649878
    },
    "7": {
      "val_acc": 0.6707,
      "gpu_hours": 0.03608216577106052
    },
    "8": {
      "val_acc": 0.6833,
      "gpu_hours": 0.04053537766138712
    },
    "9": {
      "val_acc": 0.6931,
      "gpu_hours": 0.044981914891137016
    },
    "10": {
      "val_acc": 0.6949,
      "gpu_hours": 0.04943786389297909
    },
    "11": {
      "val_acc": 0.6986,
      "gpu_hours": 0.053891276054912146
    },
    "12": {
      "val_acc": 0.6924,
      "gpu_hours": 0.05834457768334283
    },
    "13": {
      "val_acc": 0.6992,
      "gpu_hours": 0.06280328962537977
    },
    "14": {
      "val_acc": 0.6978,
      "gpu_hours": 0.06725237554974026
    },
    "15": {
      "val_acc": 0.6997,
      "gpu_hours": 0.07171597752306197
    },
    "16": {
      "val_acc": 0.6976,
      "gpu_hours": 0.07617702404658
    },
    "17": {
      "val_acc": 0.7001,
      "gpu_hours": 0.08064846919642554
    },
    "18": {
      "val_acc": 0.6983,
      "gpu_hours": 0.08510541359583537
    },
    "19": {
      "val_acc": 0.6976,
      "gpu_hours": 0.08955956313345168
    },
    "20": {
      "val_acc": 0.6962,
      "gpu_hours": 0.09402383009592692
    },
    "21": {
      "val_acc": 0.699,
      "gpu_hours": 0.09851595726278094
    },
    "22": {
      "val_acc": 0.6962,
      "gpu_hours": 0.1029710496796502
    },
    "23": {
      "val_acc": 0.6992,
      "gpu_hours": 0.10743052045504252
    },
    "24": {
      "val_acc": 0.7003,
      "gpu_hours": 0.11189264959759182
    },
    "25": {
      "val_acc": 0.6971,
      "gpu_hours": 0.11633849442005158
    },
    "26": {
      "val_acc": 0.7005,
      "gpu_hours": 0.12079084111584558
    },
    "27": {
      "val_acc": 0.6992,
      "gpu_hours": 0.12526054157151117
    },
    "28": {
      "val_acc": 0.6965,
      "gpu_hours": 0.12972710960441167
    },
    "29": {
      "val_acc": 0.7005,
      "gpu_hours": 0.13418963564766778
    }
  }
}