{
  "trial_number": 13,
  "params": {
    "lr": 0.0013292918943162175,
    "weight_decay": 0.006351221010640704,
    "batch_size": 64,
    "dropout": 0.07799726016810132,
    "optimizer": "Adam",
    "scheduler": "plateau",
    "model": "resnet18"
  },
  "best_val_acc": 0.4265,
  "total_gpu_hours": 0.0467397235499488,
  "slurm_task": 22,
  "parallel_workers": 40,
  "sampler": "tpe",
  "dataset": "cifar10",
  "device": "cuda",
  "accuracy_thresholds": {},
  "accuracy_curve": {
    "0": {
      "val_acc": 0.2078,
      "gpu_hours": 0.0020471922556559246
    },
    "1": {
      "val_acc": 0.2209,
      "gpu_hours": 0.0035862512058681914
    },
    "2": {
      "val_acc": 0.2973,
      "gpu_hours": 0.0051707375049591065
    },
    "3": {
      "val_acc": 0.3469,
      "gpu_hours": 0.006714445153872172
    },
    "4": {
      "val_acc": 0.289,
      "gpu_hours": 0.008248306512832641
    },
    "5": {
      "val_acc": 0.4063,
      "gpu_hours": 0.009780771599875556
    },
    "6": {
      "val_acc": 0.4179,
      "gpu_hours": 0.011315673192342123
    },
    "7": {
      "val_acc": 0.4256,
      "gpu_hours": 0.012851322889328004
    },
    "8": {
      "val_acc": 0.3989,
      "gpu_hours": 0.01438451005352868
    },
    "9": {
      "val_acc": 0.4201,
      "gpu_hours": 0.015933326217863295
    },
    "10": {
      "val_acc": 0.4238,
      "gpu_hours": 0.017476527293523152
    },
    "11": {
      "val_acc": 0.4208,
      "gpu_hours": 0.01900381690926022
    },
    "12": {
      "val_acc": 0.4243,
      "gpu_hours": 0.020518352654245165
    },
    "13": {
      "val_acc": 0.4251,
      "gpu_hours": 0.022064204745822484
    },
    "14": {
      "val_acc": 0.4219,
      "gpu_hours": 0.023606644405259027
    },
    "15": {
      "val_acc": 0.4233,
      "gpu_hours": 0.02513289921813541
    },
    "16": {
      "val_acc": 0.4265,
      "gpu_hours": 0.02668437514040205
    },
    "17": {
      "val_acc": 0.4246,
      "gpu_hours": 0.02821233034133911
    },
    "18": {
      "val_acc": 0.4177,
      "gpu_hours": 0.029827992982334562
    },
    "19": {
      "val_acc": 0.4258,
      "gpu_hours": 0.0313597082429462
    },
    "20": {
      "val_acc": 0.4242,
      "gpu_hours": 0.03289756582842933
    },
    "21": {
      "val_acc": 0.4242,
      "gpu_hours": 0.03442577580610911
    },
    "22": {
      "val_acc": 0.4257,
      "gpu_hours": 0.03600538849830628
    },
    "23": {
      "val_acc": 0.4189,
      "gpu_hours": 0.037526154186990526
    },
    "24": {
      "val_acc": 0.4182,
      "gpu_hours": 0.03905796945095062
    },
    "25": {
      "val_acc": 0.4228,
      "gpu_hours": 0.040586031277974444
    },
    "26": {
      "val_acc": 0.423,
      "gpu_hours": 0.04210426714685228
    },
    "27": {
      "val_acc": 0.4206,
      "gpu_hours": 0.043618438243865965
    },
    "28": {
      "val_acc": 0.422,
      "gpu_hours": 0.045146296554141575
    },
    "29": {
      "val_acc": 0.4245,
      "gpu_hours": 0.04668201049168905
    }
  }
}