{
  "trial_number": 5,
  "params": {
    "lr": 0.0013292918943162175,
    "weight_decay": 0.006351221010640704,
    "batch_size": 64,
    "dropout": 0.07799726016810132,
    "optimizer": "Adam",
    "scheduler": "plateau",
    "model": "resnet18"
  },
  "best_val_acc": 0.4501,
  "total_gpu_hours": 0.13469876925150553,
  "slurm_task": 20,
  "parallel_workers": 40,
  "sampler": "tpe",
  "dataset": "cifar10",
  "device": "cuda",
  "accuracy_thresholds": {},
  "accuracy_curve": {
    "0": {
      "val_acc": 0.2409,
      "gpu_hours": 0.005112065143055386
    },
    "1": {
      "val_acc": 0.2528,
      "gpu_hours": 0.009580293297767639
    },
    "2": {
      "val_acc": 0.346,
      "gpu_hours": 0.014032302035225762
    },
    "3": {
      "val_acc": 0.3036,
      "gpu_hours": 0.018551965753237407
    },
    "4": {
      "val_acc": 0.3602,
      "gpu_hours": 0.023022479216257732
    },
    "5": {
      "val_acc": 0.4274,
      "gpu_hours": 0.027497638861338297
    },
    "6": {
      "val_acc": 0.4282,
      "gpu_hours": 0.031970138483577305
    },
    "7": {
      "val_acc": 0.4013,
      "gpu_hours": 0.03643558674388462
    },
    "8": {
      "val_acc": 0.429,
      "gpu_hours": 0.04090276771121555
    },
    "9": {
      "val_acc": 0.4406,
      "gpu_hours": 0.04536422100332048
    },
    "10": {
      "val_acc": 0.444,
      "gpu_hours": 0.04983266380098131
    },
    "11": {
      "val_acc": 0.4427,
      "gpu_hours": 0.054306624001926845
    },
    "12": {
      "val_acc": 0.4471,
      "gpu_hours": 0.0587685712840822
    },
    "13": {
      "val_acc": 0.4446,
      "gpu_hours": 0.06322966509395175
    },
    "14": {
      "val_acc": 0.4457,
      "gpu_hours": 0.06769974920484755
    },
    "15": {
      "val_acc": 0.4455,
      "gpu_hours": 0.07216625703705681
    },
    "16": {
      "val_acc": 0.4463,
      "gpu_hours": 0.0766459051767985
    },
    "17": {
      "val_acc": 0.4478,
      "gpu_hours": 0.08111502766609192
    },
    "18": {
      "val_acc": 0.4469,
      "gpu_hours": 0.08558539728323619
    },
    "19": {
      "val_acc": 0.4464,
      "gpu_hours": 0.09004126873281267
    },
    "20": {
      "val_acc": 0.4475,
      "gpu_hours": 0.09448610113726721
    },
    "21": {
      "val_acc": 0.4499,
      "gpu_hours": 0.09895382834805383
    },
    "22": {
      "val_acc": 0.4481,
      "gpu_hours": 0.1034136293331782
    },
    "23": {
      "val_acc": 0.4479,
      "gpu_hours": 0.10787383351061079
    },
    "24": {
      "val_acc": 0.4471,
      "gpu_hours": 0.11233709805541568
    },
    "25": {
      "val_acc": 0.4479,
      "gpu_hours": 0.11680736362934113
    },
    "26": {
      "val_acc": 0.4501,
      "gpu_hours": 0.12127808252970378
    },
    "27": {
      "val_acc": 0.4492,
      "gpu_hours": 0.12573546396361457
    },
    "28": {
      "val_acc": 0.4495,
      "gpu_hours": 0.13020577953921425
    },
    "29": {
      "val_acc": 0.4476,
      "gpu_hours": 0.13467341005802155
    }
  }
}