{
  "trial_number": 136,
  "params": {
    "lr": 0.004324283417783266,
    "weight_decay": 4.165162169760419e-06,
    "batch_size": 64,
    "dropout": 0.27119378395693605,
    "optimizer": "Adam",
    "scheduler": "step",
    "model": "resnet34"
  },
  "best_val_acc": 0.9077,
  "total_gpu_hours": 0.23545526762803395,
  "slurm_task": 16,
  "parallel_workers": 40,
  "sampler": "tpe",
  "dataset": "cifar10",
  "device": "cuda",
  "accuracy_thresholds": {
    "gpu_h_to_80pct": 0.05553786999649472,
    "gpu_h_to_85pct": 0.08682548628913031,
    "gpu_h_to_90pct": 0.17286711222595638
  },
  "accuracy_curve": {
    "0": {
      "val_acc": 0.3979,
      "gpu_hours": 0.008491366042031183
    },
    "1": {
      "val_acc": 0.5582,
      "gpu_hours": 0.016346943444675868
    },
    "2": {
      "val_acc": 0.6296,
      "gpu_hours": 0.02419509940677219
    },
    "3": {
      "val_acc": 0.653,
      "gpu_hours": 0.03203723053137461
    },
    "4": {
      "val_acc": 0.7355,
      "gpu_hours": 0.0398847809765074
    },
    "5": {
      "val_acc": 0.7666,
      "gpu_hours": 0.047710263795322845
    },
    "6": {
      "val_acc": 0.8056,
      "gpu_hours": 0.05553786999649472
    },
    "7": {
      "val_acc": 0.7917,
      "gpu_hours": 0.06336195826530457
    },
    "8": {
      "val_acc": 0.7851,
      "gpu_hours": 0.07118086126115587
    },
    "9": {
      "val_acc": 0.8188,
      "gpu_hours": 0.07899522688653735
    },
    "10": {
      "val_acc": 0.8721,
      "gpu_hours": 0.08682548628913031
    },
    "11": {
      "val_acc": 0.8576,
      "gpu_hours": 0.09464219152927399
    },
    "12": {
      "val_acc": 0.8646,
      "gpu_hours": 0.10245290650261774
    },
    "13": {
      "val_acc": 0.8672,
      "gpu_hours": 0.11027198851108551
    },
    "14": {
      "val_acc": 0.8809,
      "gpu_hours": 0.11809770279460483
    },
    "15": {
      "val_acc": 0.8743,
      "gpu_hours": 0.12592156635390386
    },
    "16": {
      "val_acc": 0.8761,
      "gpu_hours": 0.13374935878647698
    },
    "17": {
      "val_acc": 0.8856,
      "gpu_hours": 0.14155796421898736
    },
    "18": {
      "val_acc": 0.8816,
      "gpu_hours": 0.1493757724099689
    },
    "19": {
      "val_acc": 0.8869,
      "gpu_hours": 0.15719322270817226
    },
    "20": {
      "val_acc": 0.8948,
      "gpu_hours": 0.16505105005370246
    },
    "21": {
      "val_acc": 0.9036,
      "gpu_hours": 0.17286711222595638
    },
    "22": {
      "val_acc": 0.9049,
      "gpu_hours": 0.18067971017625598
    },
    "23": {
      "val_acc": 0.9032,
      "gpu_hours": 0.18849392685625288
    },
    "24": {
      "val_acc": 0.9077,
      "gpu_hours": 0.1963106032874849
    },
    "25": {
      "val_acc": 0.9074,
      "gpu_hours": 0.20411759224202897
    },
    "26": {
      "val_acc": 0.907,
      "gpu_hours": 0.2119325339131885
    },
    "27": {
      "val_acc": 0.906,
      "gpu_hours": 0.2197647692097558
    },
    "28": {
      "val_acc": 0.9065,
      "gpu_hours": 0.2275913178920746
    },
    "29": {
      "val_acc": 0.9068,
      "gpu_hours": 0.23542547325293223
    }
  }
}