{
  "trial_number": 29,
  "params": {
    "lr": 0.0013292918943162175,
    "weight_decay": 0.006351221010640704,
    "batch_size": 64,
    "dropout": 0.07799726016810132,
    "optimizer": "Adam",
    "scheduler": "plateau",
    "model": "resnet18"
  },
  "best_val_acc": 0.4309,
  "total_gpu_hours": 0.04664422571659088,
  "slurm_task": 19,
  "parallel_workers": 40,
  "sampler": "tpe",
  "dataset": "cifar10",
  "device": "cuda",
  "accuracy_thresholds": {},
  "accuracy_curve": {
    "0": {
      "val_acc": 0.2261,
      "gpu_hours": 0.002446856498718262
    },
    "1": {
      "val_acc": 0.2625,
      "gpu_hours": 0.003967538674672444
    },
    "2": {
      "val_acc": 0.3388,
      "gpu_hours": 0.005485645731290181
    },
    "3": {
      "val_acc": 0.2582,
      "gpu_hours": 0.007017742262946235
    },
    "4": {
      "val_acc": 0.3116,
      "gpu_hours": 0.008559181094169617
    },
    "5": {
      "val_acc": 0.3936,
      "gpu_hours": 0.010084254675441318
    },
    "6": {
      "val_acc": 0.4121,
      "gpu_hours": 0.011614299681451586
    },
    "7": {
      "val_acc": 0.4206,
      "gpu_hours": 0.013130251102977329
    },
    "8": {
      "val_acc": 0.4232,
      "gpu_hours": 0.0146815910604265
    },
    "9": {
      "val_acc": 0.4168,
      "gpu_hours": 0.01620995004971822
    },
    "10": {
      "val_acc": 0.4309,
      "gpu_hours": 0.017745727168189156
    },
    "11": {
      "val_acc": 0.4228,
      "gpu_hours": 0.019263775679800244
    },
    "12": {
      "val_acc": 0.4249,
      "gpu_hours": 0.02078822241889106
    },
    "13": {
      "val_acc": 0.4243,
      "gpu_hours": 0.022329424222310382
    },
    "14": {
      "val_acc": 0.4258,
      "gpu_hours": 0.02384536259704166
    },
    "15": {
      "val_acc": 0.4232,
      "gpu_hours": 0.025376385119226245
    },
    "16": {
      "val_acc": 0.4254,
      "gpu_hours": 0.026886772248480056
    },
    "17": {
      "val_acc": 0.4202,
      "gpu_hours": 0.028407757216029696
    },
    "18": {
      "val_acc": 0.4218,
      "gpu_hours": 0.02992164095242818
    },
    "19": {
      "val_acc": 0.4215,
      "gpu_hours": 0.031472380426194935
    },
    "20": {
      "val_acc": 0.4239,
      "gpu_hours": 0.03298590607113308
    },
    "21": {
      "val_acc": 0.4209,
      "gpu_hours": 0.03449210339122348
    },
    "22": {
      "val_acc": 0.4222,
      "gpu_hours": 0.03601152082284292
    },
    "23": {
      "val_acc": 0.4228,
      "gpu_hours": 0.03751611504289839
    },
    "24": {
      "val_acc": 0.423,
      "gpu_hours": 0.039025375909275475
    },
    "25": {
      "val_acc": 0.4261,
      "gpu_hours": 0.04052700718243917
    },
    "26": {
      "val_acc": 0.425,
      "gpu_hours": 0.042059442864523996
    },
    "27": {
      "val_acc": 0.428,
      "gpu_hours": 0.043556139402919344
    },
    "28": {
      "val_acc": 0.4234,
      "gpu_hours": 0.04508320735560523
    },
    "29": {
      "val_acc": 0.4275,
      "gpu_hours": 0.046584434045685665
    }
  }
}