{
  "trial_number": 74,
  "params": {
    "lr": 0.0002261556019921097,
    "weight_decay": 1.0148067199699805e-06,
    "batch_size": 64,
    "dropout": 0.38158130327241196,
    "optimizer": "Adam",
    "scheduler": "step",
    "model": "resnet34"
  },
  "best_val_acc": 0.9153,
  "total_gpu_hours": 0.07030857841173808,
  "slurm_task": 22,
  "parallel_workers": 40,
  "sampler": "tpe",
  "dataset": "cifar10",
  "device": "cuda",
  "accuracy_thresholds": {
    "gpu_h_to_80pct": 0.014493356214629279,
    "gpu_h_to_85pct": 0.021488101349936593,
    "gpu_h_to_90pct": 0.044719786047935486
  },
  "accuracy_curve": {
    "0": {
      "val_acc": 0.58,
      "gpu_hours": 0.002891857359144423
    },
    "1": {
      "val_acc": 0.6967,
      "gpu_hours": 0.005205999546580844
    },
    "2": {
      "val_acc": 0.7372,
      "gpu_hours": 0.007532357109917535
    },
    "3": {
      "val_acc": 0.7824,
      "gpu_hours": 0.009846872886021932
    },
    "4": {
      "val_acc": 0.7755,
      "gpu_hours": 0.012167341974046494
    },
    "5": {
      "val_acc": 0.8093,
      "gpu_hours": 0.014493356214629279
    },
    "6": {
      "val_acc": 0.831,
      "gpu_hours": 0.01683627062373691
    },
    "7": {
      "val_acc": 0.8493,
      "gpu_hours": 0.019158305128415425
    },
    "8": {
      "val_acc": 0.859,
      "gpu_hours": 0.021488101349936593
    },
    "9": {
      "val_acc": 0.8398,
      "gpu_hours": 0.02380991127755907
    },
    "10": {
      "val_acc": 0.8814,
      "gpu_hours": 0.026140950918197632
    },
    "11": {
      "val_acc": 0.8871,
      "gpu_hours": 0.028462679584821064
    },
    "12": {
      "val_acc": 0.8898,
      "gpu_hours": 0.030789248810874092
    },
    "13": {
      "val_acc": 0.8931,
      "gpu_hours": 0.0331121959288915
    },
    "14": {
      "val_acc": 0.8785,
      "gpu_hours": 0.035443911486201816
    },
    "15": {
      "val_acc": 0.8875,
      "gpu_hours": 0.03776223301887512
    },
    "16": {
      "val_acc": 0.8989,
      "gpu_hours": 0.04008172141181098
    },
    "17": {
      "val_acc": 0.881,
      "gpu_hours": 0.042401746643914114
    },
    "18": {
      "val_acc": 0.9006,
      "gpu_hours": 0.044719786047935486
    },
    "19": {
      "val_acc": 0.8973,
      "gpu_hours": 0.047027097675535416
    },
    "20": {
      "val_acc": 0.9097,
      "gpu_hours": 0.04934654474258423
    },
    "21": {
      "val_acc": 0.9137,
      "gpu_hours": 0.05166501488950517
    },
    "22": {
      "val_acc": 0.9084,
      "gpu_hours": 0.05401070257027944
    },
    "23": {
      "val_acc": 0.9131,
      "gpu_hours": 0.056338446471426225
    },
    "24": {
      "val_acc": 0.914,
      "gpu_hours": 0.05865778605143229
    },
    "25": {
      "val_acc": 0.9094,
      "gpu_hours": 0.06097440653377109
    },
    "26": {
      "val_acc": 0.9153,
      "gpu_hours": 0.06329305258062151
    },
    "27": {
      "val_acc": 0.9123,
      "gpu_hours": 0.0656203450759252
    },
    "28": {
      "val_acc": 0.9113,
      "gpu_hours": 0.06795107490486568
    },
    "29": {
      "val_acc": 0.9055,
      "gpu_hours": 0.07027794632646772
    }
  }
}