{
  "trial_number": 99,
  "params": {
    "lr": 0.000854151972841713,
    "weight_decay": 3.1260711108007875e-06,
    "batch_size": 256,
    "dropout": 0.09580034214080299,
    "optimizer": "AdamW",
    "scheduler": "cosine",
    "model": "efficientnet_b0"
  },
  "best_val_acc": 0.7922,
  "total_gpu_hours": 0.03944212509526147,
  "slurm_task": 21,
  "parallel_workers": 40,
  "sampler": "tpe",
  "dataset": "cifar10",
  "device": "cuda",
  "accuracy_thresholds": {},
  "accuracy_curve": {
    "0": {
      "val_acc": 0.3331,
      "gpu_hours": 0.0016370525625016953
    },
    "1": {
      "val_acc": 0.4783,
      "gpu_hours": 0.002943732407357958
    },
    "2": {
      "val_acc": 0.537,
      "gpu_hours": 0.004242525630527073
    },
    "3": {
      "val_acc": 0.57,
      "gpu_hours": 0.005547394421365526
    },
    "4": {
      "val_acc": 0.6017,
      "gpu_hours": 0.006853223774168226
    },
    "5": {
      "val_acc": 0.6403,
      "gpu_hours": 0.008155396713150872
    },
    "6": {
      "val_acc": 0.6671,
      "gpu_hours": 0.009452322191662258
    },
    "7": {
      "val_acc": 0.6807,
      "gpu_hours": 0.010759355227152507
    },
    "8": {
      "val_acc": 0.6981,
      "gpu_hours": 0.012053847379154629
    },
    "9": {
      "val_acc": 0.7136,
      "gpu_hours": 0.013352895511521233
    },
    "10": {
      "val_acc": 0.7193,
      "gpu_hours": 0.014643242160479228
    },
    "11": {
      "val_acc": 0.7289,
      "gpu_hours": 0.01594277222951253
    },
    "12": {
      "val_acc": 0.7421,
      "gpu_hours": 0.017233511606852214
    },
    "13": {
      "val_acc": 0.7425,
      "gpu_hours": 0.018517245120472377
    },
    "14": {
      "val_acc": 0.7518,
      "gpu_hours": 0.01982312950823042
    },
    "15": {
      "val_acc": 0.762,
      "gpu_hours": 0.021109345687760246
    },
    "16": {
      "val_acc": 0.7645,
      "gpu_hours": 0.02243338604768117
    },
    "17": {
      "val_acc": 0.7696,
      "gpu_hours": 0.023808706733915542
    },
    "18": {
      "val_acc": 0.7753,
      "gpu_hours": 0.025113081799613104
    },
    "19": {
      "val_acc": 0.7793,
      "gpu_hours": 0.026418822473949857
    },
    "20": {
      "val_acc": 0.7823,
      "gpu_hours": 0.02771382835176256
    },
    "21": {
      "val_acc": 0.7851,
      "gpu_hours": 0.029016760918829175
    },
    "22": {
      "val_acc": 0.7862,
      "gpu_hours": 0.030310766167110866
    },
    "23": {
      "val_acc": 0.7869,
      "gpu_hours": 0.03161017199357351
    },
    "24": {
      "val_acc": 0.7882,
      "gpu_hours": 0.03291051361295912
    },
    "25": {
      "val_acc": 0.7885,
      "gpu_hours": 0.03420585128996107
    },
    "26": {
      "val_acc": 0.7922,
      "gpu_hours": 0.03550311757458581
    },
    "27": {
      "val_acc": 0.7908,
      "gpu_hours": 0.03680118567413754
    },
    "28": {
      "val_acc": 0.7894,
      "gpu_hours": 0.03808816658125983
    },
    "29": {
      "val_acc": 0.7899,
      "gpu_hours": 0.039403848118252226
    }
  }
}