{
  "trial_number": 20,
  "params": {
    "lr": 0.0013292918943162175,
    "weight_decay": 0.006351221010640704,
    "batch_size": 64,
    "dropout": 0.07799726016810132,
    "optimizer": "Adam",
    "scheduler": "plateau",
    "model": "resnet18"
  },
  "best_val_acc": 0.4487,
  "total_gpu_hours": 0.04756480733553568,
  "slurm_task": 37,
  "parallel_workers": 40,
  "sampler": "tpe",
  "dataset": "cifar10",
  "device": "cuda",
  "accuracy_thresholds": {},
  "accuracy_curve": {
    "0": {
      "val_acc": 0.2745,
      "gpu_hours": 0.0020853110816743637
    },
    "1": {
      "val_acc": 0.2101,
      "gpu_hours": 0.0036866725153393218
    },
    "2": {
      "val_acc": 0.3,
      "gpu_hours": 0.005233546627892389
    },
    "3": {
      "val_acc": 0.2992,
      "gpu_hours": 0.006781925757726033
    },
    "4": {
      "val_acc": 0.3189,
      "gpu_hours": 0.008358430398835076
    },
    "5": {
      "val_acc": 0.3058,
      "gpu_hours": 0.009920040633943345
    },
    "6": {
      "val_acc": 0.4087,
      "gpu_hours": 0.011479874187045627
    },
    "7": {
      "val_acc": 0.4206,
      "gpu_hours": 0.013058112925953335
    },
    "8": {
      "val_acc": 0.4415,
      "gpu_hours": 0.014617146386040582
    },
    "9": {
      "val_acc": 0.4335,
      "gpu_hours": 0.016191523008876378
    },
    "10": {
      "val_acc": 0.4405,
      "gpu_hours": 0.01775797764460246
    },
    "11": {
      "val_acc": 0.4369,
      "gpu_hours": 0.019310225910610622
    },
    "12": {
      "val_acc": 0.4407,
      "gpu_hours": 0.020858256154590183
    },
    "13": {
      "val_acc": 0.4425,
      "gpu_hours": 0.022426892982588875
    },
    "14": {
      "val_acc": 0.4414,
      "gpu_hours": 0.023998934825261435
    },
    "15": {
      "val_acc": 0.4434,
      "gpu_hours": 0.025573413570721945
    },
    "16": {
      "val_acc": 0.4453,
      "gpu_hours": 0.027152672939830355
    },
    "17": {
      "val_acc": 0.4385,
      "gpu_hours": 0.02869343466228909
    },
    "18": {
      "val_acc": 0.4407,
      "gpu_hours": 0.030308920674853856
    },
    "19": {
      "val_acc": 0.4464,
      "gpu_hours": 0.03187908861372206
    },
    "20": {
      "val_acc": 0.4466,
      "gpu_hours": 0.033438652488920424
    },
    "21": {
      "val_acc": 0.4473,
      "gpu_hours": 0.03497836781872643
    },
    "22": {
      "val_acc": 0.4455,
      "gpu_hours": 0.03656800409158071
    },
    "23": {
      "val_acc": 0.4451,
      "gpu_hours": 0.038123690353499516
    },
    "24": {
      "val_acc": 0.4487,
      "gpu_hours": 0.03967552953296238
    },
    "25": {
      "val_acc": 0.447,
      "gpu_hours": 0.04123670571380191
    },
    "26": {
      "val_acc": 0.4418,
      "gpu_hours": 0.042793321013450625
    },
    "27": {
      "val_acc": 0.4355,
      "gpu_hours": 0.044374891055954824
    },
    "28": {
      "val_acc": 0.4397,
      "gpu_hours": 0.04593511773480309
    },
    "29": {
      "val_acc": 0.441,
      "gpu_hours": 0.04753442181481255
    }
  }
}