{
  "trial_number": 41,
  "params": {
    "lr": 0.0008179499475211679,
    "weight_decay": 0.0001256104370001356,
    "batch_size": 256,
    "dropout": 0.06974693032602092,
    "optimizer": "AdamW",
    "scheduler": "cosine",
    "model": "efficientnet_b0"
  },
  "best_val_acc": 0.7788,
  "total_gpu_hours": 0.03866826739576128,
  "slurm_task": 36,
  "parallel_workers": 40,
  "sampler": "tpe",
  "dataset": "cifar10",
  "device": "cuda",
  "accuracy_thresholds": {},
  "accuracy_curve": {
    "0": {
      "val_acc": 0.3503,
      "gpu_hours": 0.0016126577721701728
    },
    "1": {
      "val_acc": 0.4766,
      "gpu_hours": 0.0028877752357059053
    },
    "2": {
      "val_acc": 0.5442,
      "gpu_hours": 0.004167816042900086
    },
    "3": {
      "val_acc": 0.569,
      "gpu_hours": 0.005434712966283162
    },
    "4": {
      "val_acc": 0.6064,
      "gpu_hours": 0.006699619425667657
    },
    "5": {
      "val_acc": 0.6309,
      "gpu_hours": 0.007971768180529276
    },
    "6": {
      "val_acc": 0.665,
      "gpu_hours": 0.009261038170920478
    },
    "7": {
      "val_acc": 0.6786,
      "gpu_hours": 0.01053585535950131
    },
    "8": {
      "val_acc": 0.6911,
      "gpu_hours": 0.011816406448682149
    },
    "9": {
      "val_acc": 0.6925,
      "gpu_hours": 0.013084677126672533
    },
    "10": {
      "val_acc": 0.7151,
      "gpu_hours": 0.014356970257229274
    },
    "11": {
      "val_acc": 0.7261,
      "gpu_hours": 0.015675368110338848
    },
    "12": {
      "val_acc": 0.7327,
      "gpu_hours": 0.01694228059715695
    },
    "13": {
      "val_acc": 0.7377,
      "gpu_hours": 0.018209239575597974
    },
    "14": {
      "val_acc": 0.7466,
      "gpu_hours": 0.0194835540983412
    },
    "15": {
      "val_acc": 0.7535,
      "gpu_hours": 0.02075508925649855
    },
    "16": {
      "val_acc": 0.7577,
      "gpu_hours": 0.02202908496061961
    },
    "17": {
      "val_acc": 0.759,
      "gpu_hours": 0.023305352860026888
    },
    "18": {
      "val_acc": 0.7572,
      "gpu_hours": 0.02456702020433214
    },
    "19": {
      "val_acc": 0.7659,
      "gpu_hours": 0.02584004739920298
    },
    "20": {
      "val_acc": 0.7679,
      "gpu_hours": 0.02711899803744422
    },
    "21": {
      "val_acc": 0.7682,
      "gpu_hours": 0.02839884234799279
    },
    "22": {
      "val_acc": 0.7734,
      "gpu_hours": 0.029677685697873435
    },
    "23": {
      "val_acc": 0.7754,
      "gpu_hours": 0.030972797804408602
    },
    "24": {
      "val_acc": 0.7755,
      "gpu_hours": 0.03223933531178368
    },
    "25": {
      "val_acc": 0.776,
      "gpu_hours": 0.03351092762417263
    },
    "26": {
      "val_acc": 0.7774,
      "gpu_hours": 0.0347762750254737
    },
    "27": {
      "val_acc": 0.7768,
      "gpu_hours": 0.03605641775661045
    },
    "28": {
      "val_acc": 0.7788,
      "gpu_hours": 0.03733795324961344
    },
    "29": {
      "val_acc": 0.7781,
      "gpu_hours": 0.038635818031099105
    }
  }
}