{
  "trial_number": 45,
  "params": {
    "lr": 0.0008179499475211679,
    "weight_decay": 0.0001256104370001356,
    "batch_size": 256,
    "dropout": 0.06974693032602092,
    "optimizer": "AdamW",
    "scheduler": "cosine",
    "model": "efficientnet_b0"
  },
  "best_val_acc": 0.7814,
  "total_gpu_hours": 0.0402493315272861,
  "slurm_task": 16,
  "parallel_workers": 40,
  "sampler": "tpe",
  "dataset": "cifar10",
  "device": "cuda",
  "accuracy_thresholds": {},
  "accuracy_curve": {
    "0": {
      "val_acc": 0.313,
      "gpu_hours": 0.0016901846726735433
    },
    "1": {
      "val_acc": 0.4205,
      "gpu_hours": 0.003025298714637756
    },
    "2": {
      "val_acc": 0.4996,
      "gpu_hours": 0.004356247319115533
    },
    "3": {
      "val_acc": 0.5588,
      "gpu_hours": 0.005681545668178135
    },
    "4": {
      "val_acc": 0.5862,
      "gpu_hours": 0.0070062521431181165
    },
    "5": {
      "val_acc": 0.6109,
      "gpu_hours": 0.008326197134123909
    },
    "6": {
      "val_acc": 0.6358,
      "gpu_hours": 0.009663763642311095
    },
    "7": {
      "val_acc": 0.6459,
      "gpu_hours": 0.010992753307024638
    },
    "8": {
      "val_acc": 0.6782,
      "gpu_hours": 0.012325547536214192
    },
    "9": {
      "val_acc": 0.6895,
      "gpu_hours": 0.013654851780997382
    },
    "10": {
      "val_acc": 0.7024,
      "gpu_hours": 0.014995034270816379
    },
    "11": {
      "val_acc": 0.7111,
      "gpu_hours": 0.01632878091600206
    },
    "12": {
      "val_acc": 0.7264,
      "gpu_hours": 0.017666984465387132
    },
    "13": {
      "val_acc": 0.7221,
      "gpu_hours": 0.018994615806473627
    },
    "14": {
      "val_acc": 0.7465,
      "gpu_hours": 0.020321890976693895
    },
    "15": {
      "val_acc": 0.7479,
      "gpu_hours": 0.021683465904659693
    },
    "16": {
      "val_acc": 0.7591,
      "gpu_hours": 0.02301106075445811
    },
    "17": {
      "val_acc": 0.7574,
      "gpu_hours": 0.024340023067262438
    },
    "18": {
      "val_acc": 0.764,
      "gpu_hours": 0.025658812787797716
    },
    "19": {
      "val_acc": 0.7637,
      "gpu_hours": 0.02697945833206177
    },
    "20": {
      "val_acc": 0.7677,
      "gpu_hours": 0.028304117586877613
    },
    "21": {
      "val_acc": 0.7716,
      "gpu_hours": 0.02962056987815433
    },
    "22": {
      "val_acc": 0.7744,
      "gpu_hours": 0.03095012234316932
    },
    "23": {
      "val_acc": 0.7772,
      "gpu_hours": 0.032270943654908076
    },
    "24": {
      "val_acc": 0.7779,
      "gpu_hours": 0.03358465731143952
    },
    "25": {
      "val_acc": 0.7814,
      "gpu_hours": 0.03490897436936696
    },
    "26": {
      "val_acc": 0.7801,
      "gpu_hours": 0.036225486463970606
    },
    "27": {
      "val_acc": 0.7791,
      "gpu_hours": 0.0375518673658371
    },
    "28": {
      "val_acc": 0.7783,
      "gpu_hours": 0.03890273272991181
    },
    "29": {
      "val_acc": 0.7807,
      "gpu_hours": 0.040224209162924025
    }
  }
}