{
  "trial_number": 57,
  "params": {
    "lr": 0.0002345506270901827,
    "weight_decay": 0.0008510192493121215,
    "batch_size": 64,
    "dropout": 0.16242445698245594,
    "optimizer": "Adam",
    "scheduler": "plateau",
    "model": "resnet18"
  },
  "best_val_acc": 0.8824,
  "total_gpu_hours": 0.1338022855255339,
  "slurm_task": 4,
  "parallel_workers": 40,
  "sampler": "tpe",
  "dataset": "cifar10",
  "device": "cuda",
  "accuracy_thresholds": {
    "gpu_h_to_80pct": 0.027128408087624446,
    "gpu_h_to_85pct": 0.027128408087624446
  },
  "accuracy_curve": {
    "0": {
      "val_acc": 0.5929,
      "gpu_hours": 0.004898303548494975
    },
    "1": {
      "val_acc": 0.6048,
      "gpu_hours": 0.00935267660352919
    },
    "2": {
      "val_acc": 0.731,
      "gpu_hours": 0.01380199286672804
    },
    "3": {
      "val_acc": 0.6681,
      "gpu_hours": 0.01822987635930379
    },
    "4": {
      "val_acc": 0.7346,
      "gpu_hours": 0.022676090664333768
    },
    "5": {
      "val_acc": 0.8524,
      "gpu_hours": 0.027128408087624446
    },
    "6": {
      "val_acc": 0.857,
      "gpu_hours": 0.03155964016914368
    },
    "7": {
      "val_acc": 0.8663,
      "gpu_hours": 0.03600178056293064
    },
    "8": {
      "val_acc": 0.8664,
      "gpu_hours": 0.04046230971813202
    },
    "9": {
      "val_acc": 0.8769,
      "gpu_hours": 0.04491137305895487
    },
    "10": {
      "val_acc": 0.8795,
      "gpu_hours": 0.04936344557338291
    },
    "11": {
      "val_acc": 0.875,
      "gpu_hours": 0.05380397140979767
    },
    "12": {
      "val_acc": 0.8805,
      "gpu_hours": 0.05824553635385302
    },
    "13": {
      "val_acc": 0.8797,
      "gpu_hours": 0.06269112043910556
    },
    "14": {
      "val_acc": 0.8798,
      "gpu_hours": 0.0671511670615938
    },
    "15": {
      "val_acc": 0.8802,
      "gpu_hours": 0.07160302393966252
    },
    "16": {
      "val_acc": 0.8801,
      "gpu_hours": 0.07608504460917578
    },
    "17": {
      "val_acc": 0.8779,
      "gpu_hours": 0.0805201702647739
    },
    "18": {
      "val_acc": 0.8807,
      "gpu_hours": 0.08494925227430132
    },
    "19": {
      "val_acc": 0.8812,
      "gpu_hours": 0.08937675621774462
    },
    "20": {
      "val_acc": 0.8802,
      "gpu_hours": 0.09381619493166606
    },
    "21": {
      "val_acc": 0.8796,
      "gpu_hours": 0.098255082766215
    },
    "22": {
      "val_acc": 0.8806,
      "gpu_hours": 0.10269666797584957
    },
    "23": {
      "val_acc": 0.8781,
      "gpu_hours": 0.10714403775003221
    },
    "24": {
      "val_acc": 0.8801,
      "gpu_hours": 0.11158807979689704
    },
    "25": {
      "val_acc": 0.88,
      "gpu_hours": 0.11602060953776042
    },
    "26": {
      "val_acc": 0.8781,
      "gpu_hours": 0.12045877158641816
    },
    "27": {
      "val_acc": 0.8816,
      "gpu_hours": 0.12490737120310466
    },
    "28": {
      "val_acc": 0.8802,
      "gpu_hours": 0.12934602306948767
    },
    "29": {
      "val_acc": 0.8824,
      "gpu_hours": 0.13377615922027164
    }
  }
}