{
  "trial_number": 86,
  "params": {
    "lr": 0.0002586602108897688,
    "weight_decay": 0.0006302314035822065,
    "batch_size": 64,
    "dropout": 0.38158130327241196,
    "optimizer": "Adam",
    "scheduler": "plateau",
    "model": "resnet18"
  },
  "best_val_acc": 0.8823,
  "total_gpu_hours": 0.04657311956087748,
  "slurm_task": 29,
  "parallel_workers": 40,
  "sampler": "tpe",
  "dataset": "cifar10",
  "device": "cuda",
  "accuracy_thresholds": {
    "gpu_h_to_80pct": 0.009903418024381001,
    "gpu_h_to_85pct": 0.011447685360908509
  },
  "accuracy_curve": {
    "0": {
      "val_acc": 0.5492,
      "gpu_hours": 0.002128468288315667
    },
    "1": {
      "val_acc": 0.6302,
      "gpu_hours": 0.003699031803343031
    },
    "2": {
      "val_acc": 0.6267,
      "gpu_hours": 0.005259422858556111
    },
    "3": {
      "val_acc": 0.7476,
      "gpu_hours": 0.006820038954416911
    },
    "4": {
      "val_acc": 0.7888,
      "gpu_hours": 0.008359094924396938
    },
    "5": {
      "val_acc": 0.8463,
      "gpu_hours": 0.009903418024381001
    },
    "6": {
      "val_acc": 0.8564,
      "gpu_hours": 0.011447685360908509
    },
    "7": {
      "val_acc": 0.8596,
      "gpu_hours": 0.013001061214341058
    },
    "8": {
      "val_acc": 0.8725,
      "gpu_hours": 0.014529749287499321
    },
    "9": {
      "val_acc": 0.8787,
      "gpu_hours": 0.01606694042682648
    },
    "10": {
      "val_acc": 0.8775,
      "gpu_hours": 0.01760432799657186
    },
    "11": {
      "val_acc": 0.8792,
      "gpu_hours": 0.01916447016927931
    },
    "12": {
      "val_acc": 0.877,
      "gpu_hours": 0.020722970697614883
    },
    "13": {
      "val_acc": 0.8764,
      "gpu_hours": 0.02228090114063687
    },
    "14": {
      "val_acc": 0.8789,
      "gpu_hours": 0.023813684185345966
    },
    "15": {
      "val_acc": 0.8808,
      "gpu_hours": 0.02534642351998223
    },
    "16": {
      "val_acc": 0.8811,
      "gpu_hours": 0.026815481781959534
    },
    "17": {
      "val_acc": 0.8796,
      "gpu_hours": 0.028314403891563415
    },
    "18": {
      "val_acc": 0.8823,
      "gpu_hours": 0.029802324374516805
    },
    "19": {
      "val_acc": 0.8765,
      "gpu_hours": 0.0312837643093533
    },
    "20": {
      "val_acc": 0.8793,
      "gpu_hours": 0.032787505322032506
    },
    "21": {
      "val_acc": 0.8807,
      "gpu_hours": 0.0342973761426078
    },
    "22": {
      "val_acc": 0.8799,
      "gpu_hours": 0.03578191816806793
    },
    "23": {
      "val_acc": 0.8789,
      "gpu_hours": 0.03727399693595038
    },
    "24": {
      "val_acc": 0.8819,
      "gpu_hours": 0.03884393254915873
    },
    "25": {
      "val_acc": 0.8815,
      "gpu_hours": 0.04039213571283552
    },
    "26": {
      "val_acc": 0.8804,
      "gpu_hours": 0.04197295837932163
    },
    "27": {
      "val_acc": 0.8788,
      "gpu_hours": 0.04351712273226844
    },
    "28": {
      "val_acc": 0.8812,
      "gpu_hours": 0.04506651467747159
    },
    "29": {
      "val_acc": 0.8816,
      "gpu_hours": 0.04655570718977187
    }
  }
}