{
  "trial_number": 94,
  "params": {
    "lr": 0.00043016599918582196,
    "weight_decay": 1.9303536302117436e-05,
    "batch_size": 64,
    "dropout": 0.1438158187844919,
    "optimizer": "Adam",
    "scheduler": "plateau",
    "model": "resnet18"
  },
  "best_val_acc": 0.8861,
  "total_gpu_hours": 0.04706846369637383,
  "slurm_task": 28,
  "parallel_workers": 40,
  "sampler": "tpe",
  "dataset": "cifar10",
  "device": "cuda",
  "accuracy_thresholds": {
    "gpu_h_to_80pct": 0.0067648375034332275,
    "gpu_h_to_85pct": 0.009842363993326823
  },
  "accuracy_curve": {
    "0": {
      "val_acc": 0.5955,
      "gpu_hours": 0.0021163905329174464
    },
    "1": {
      "val_acc": 0.7322,
      "gpu_hours": 0.003670523696475559
    },
    "2": {
      "val_acc": 0.7597,
      "gpu_hours": 0.005211751394801669
    },
    "3": {
      "val_acc": 0.8033,
      "gpu_hours": 0.0067648375034332275
    },
    "4": {
      "val_acc": 0.7984,
      "gpu_hours": 0.008299431006113689
    },
    "5": {
      "val_acc": 0.8665,
      "gpu_hours": 0.009842363993326823
    },
    "6": {
      "val_acc": 0.869,
      "gpu_hours": 0.011388305028279623
    },
    "7": {
      "val_acc": 0.8768,
      "gpu_hours": 0.012933164437611899
    },
    "8": {
      "val_acc": 0.8793,
      "gpu_hours": 0.01447770615418752
    },
    "9": {
      "val_acc": 0.8841,
      "gpu_hours": 0.0160386374923918
    },
    "10": {
      "val_acc": 0.8826,
      "gpu_hours": 0.01757400499449836
    },
    "11": {
      "val_acc": 0.8855,
      "gpu_hours": 0.0191280151075787
    },
    "12": {
      "val_acc": 0.8852,
      "gpu_hours": 0.020676937765545314
    },
    "13": {
      "val_acc": 0.8861,
      "gpu_hours": 0.02221343987517887
    },
    "14": {
      "val_acc": 0.8849,
      "gpu_hours": 0.023770302534103394
    },
    "15": {
      "val_acc": 0.8847,
      "gpu_hours": 0.025313274794154697
    },
    "16": {
      "val_acc": 0.8831,
      "gpu_hours": 0.026875318222575717
    },
    "17": {
      "val_acc": 0.884,
      "gpu_hours": 0.028429361979166668
    },
    "18": {
      "val_acc": 0.8825,
      "gpu_hours": 0.029963761634296843
    },
    "19": {
      "val_acc": 0.886,
      "gpu_hours": 0.031509818964534336
    },
    "20": {
      "val_acc": 0.8852,
      "gpu_hours": 0.033090513149897256
    },
    "21": {
      "val_acc": 0.8851,
      "gpu_hours": 0.034629808730549286
    },
    "22": {
      "val_acc": 0.8841,
      "gpu_hours": 0.036182936959796484
    },
    "23": {
      "val_acc": 0.8846,
      "gpu_hours": 0.03772463149494595
    },
    "24": {
      "val_acc": 0.8857,
      "gpu_hours": 0.03925897068447537
    },
    "25": {
      "val_acc": 0.8854,
      "gpu_hours": 0.04080271654658847
    },
    "26": {
      "val_acc": 0.8848,
      "gpu_hours": 0.0423549614350001
    },
    "27": {
      "val_acc": 0.884,
      "gpu_hours": 0.04390042212274339
    },
    "28": {
      "val_acc": 0.884,
      "gpu_hours": 0.04544314854674869
    },
    "29": {
      "val_acc": 0.8856,
      "gpu_hours": 0.04701889455318451
    }
  }
}