{
  "trial_number": 39,
  "params": {
    "lr": 0.0008179499475211679,
    "weight_decay": 0.0001256104370001356,
    "batch_size": 256,
    "dropout": 0.06974693032602092,
    "optimizer": "AdamW",
    "scheduler": "cosine",
    "model": "efficientnet_b0"
  },
  "best_val_acc": 0.7789,
  "total_gpu_hours": 0.038792788452572294,
  "slurm_task": 32,
  "parallel_workers": 40,
  "sampler": "tpe",
  "dataset": "cifar10",
  "device": "cuda",
  "accuracy_thresholds": {},
  "accuracy_curve": {
    "0": {
      "val_acc": 0.3555,
      "gpu_hours": 0.0016352707147598267
    },
    "1": {
      "val_acc": 0.4512,
      "gpu_hours": 0.0029167908430099486
    },
    "2": {
      "val_acc": 0.5196,
      "gpu_hours": 0.004201298356056213
    },
    "3": {
      "val_acc": 0.5589,
      "gpu_hours": 0.005478316479259067
    },
    "4": {
      "val_acc": 0.5926,
      "gpu_hours": 0.006758062508371142
    },
    "5": {
      "val_acc": 0.6312,
      "gpu_hours": 0.008048754003312853
    },
    "6": {
      "val_acc": 0.6434,
      "gpu_hours": 0.009316412409146628
    },
    "7": {
      "val_acc": 0.6432,
      "gpu_hours": 0.010603012111451891
    },
    "8": {
      "val_acc": 0.6725,
      "gpu_hours": 0.011879120734002855
    },
    "9": {
      "val_acc": 0.6929,
      "gpu_hours": 0.013146584033966064
    },
    "10": {
      "val_acc": 0.703,
      "gpu_hours": 0.014430312116940817
    },
    "11": {
      "val_acc": 0.7127,
      "gpu_hours": 0.015719213287035624
    },
    "12": {
      "val_acc": 0.7253,
      "gpu_hours": 0.01700151370631324
    },
    "13": {
      "val_acc": 0.7317,
      "gpu_hours": 0.018283979031774734
    },
    "14": {
      "val_acc": 0.7385,
      "gpu_hours": 0.01956427858935462
    },
    "15": {
      "val_acc": 0.7456,
      "gpu_hours": 0.020844544768333435
    },
    "16": {
      "val_acc": 0.7512,
      "gpu_hours": 0.02213138096862369
    },
    "17": {
      "val_acc": 0.7507,
      "gpu_hours": 0.023403564360406665
    },
    "18": {
      "val_acc": 0.7593,
      "gpu_hours": 0.024681460857391358
    },
    "19": {
      "val_acc": 0.7629,
      "gpu_hours": 0.025967838168144228
    },
    "20": {
      "val_acc": 0.7658,
      "gpu_hours": 0.027248523831367492
    },
    "21": {
      "val_acc": 0.7707,
      "gpu_hours": 0.028525349299112955
    },
    "22": {
      "val_acc": 0.7739,
      "gpu_hours": 0.02981040570471022
    },
    "23": {
      "val_acc": 0.7723,
      "gpu_hours": 0.031084767513804967
    },
    "24": {
      "val_acc": 0.7749,
      "gpu_hours": 0.03236167271931966
    },
    "25": {
      "val_acc": 0.777,
      "gpu_hours": 0.03363794942696889
    },
    "26": {
      "val_acc": 0.7766,
      "gpu_hours": 0.03493896378411187
    },
    "27": {
      "val_acc": 0.7787,
      "gpu_hours": 0.036221102343665226
    },
    "28": {
      "val_acc": 0.7789,
      "gpu_hours": 0.03749210880862342
    },
    "29": {
      "val_acc": 0.7776,
      "gpu_hours": 0.03876838915877872
    }
  }
}