{
  "trial_number": 126,
  "params": {
    "lr": 0.004324283417783266,
    "weight_decay": 1.094459982080603e-06,
    "batch_size": 128,
    "dropout": 0.3227057108590397,
    "optimizer": "Adam",
    "scheduler": "step",
    "model": "resnet34"
  },
  "best_val_acc": 0.9136,
  "total_gpu_hours": 0.21949449843830532,
  "slurm_task": 1,
  "parallel_workers": 40,
  "sampler": "tpe",
  "dataset": "cifar10",
  "device": "cuda",
  "accuracy_thresholds": {
    "gpu_h_to_80pct": 0.0664432003762987,
    "gpu_h_to_85pct": 0.0810141427649392,
    "gpu_h_to_90pct": 0.15386506458123525
  },
  "accuracy_curve": {
    "0": {
      "val_acc": 0.4618,
      "gpu_hours": 0.008144270049201117
    },
    "1": {
      "val_acc": 0.5461,
      "gpu_hours": 0.015475201739205255
    },
    "2": {
      "val_acc": 0.6618,
      "gpu_hours": 0.022762699723243712
    },
    "3": {
      "val_acc": 0.6992,
      "gpu_hours": 0.0300408230887519
    },
    "4": {
      "val_acc": 0.7531,
      "gpu_hours": 0.037329635487662424
    },
    "5": {
      "val_acc": 0.7725,
      "gpu_hours": 0.044610302845637
    },
    "6": {
      "val_acc": 0.7725,
      "gpu_hours": 0.05188953161239624
    },
    "7": {
      "val_acc": 0.7934,
      "gpu_hours": 0.05916425228118896
    },
    "8": {
      "val_acc": 0.8084,
      "gpu_hours": 0.0664432003762987
    },
    "9": {
      "val_acc": 0.8385,
      "gpu_hours": 0.07373163865672218
    },
    "10": {
      "val_acc": 0.8766,
      "gpu_hours": 0.0810141427649392
    },
    "11": {
      "val_acc": 0.6781,
      "gpu_hours": 0.08830683019426133
    },
    "12": {
      "val_acc": 0.8839,
      "gpu_hours": 0.09559250202443864
    },
    "13": {
      "val_acc": 0.883,
      "gpu_hours": 0.10288299169805315
    },
    "14": {
      "val_acc": 0.887,
      "gpu_hours": 0.11016357183456421
    },
    "15": {
      "val_acc": 0.8899,
      "gpu_hours": 0.11744558572769165
    },
    "16": {
      "val_acc": 0.8966,
      "gpu_hours": 0.12473477515909406
    },
    "17": {
      "val_acc": 0.8881,
      "gpu_hours": 0.1320124892393748
    },
    "18": {
      "val_acc": 0.8925,
      "gpu_hours": 0.13929809755749173
    },
    "19": {
      "val_acc": 0.886,
      "gpu_hours": 0.14658252437909444
    },
    "20": {
      "val_acc": 0.9034,
      "gpu_hours": 0.15386506458123525
    },
    "21": {
      "val_acc": 0.9103,
      "gpu_hours": 0.16114888038900163
    },
    "22": {
      "val_acc": 0.9085,
      "gpu_hours": 0.16842681480778587
    },
    "23": {
      "val_acc": 0.9041,
      "gpu_hours": 0.17570809801419576
    },
    "24": {
      "val_acc": 0.9104,
      "gpu_hours": 0.18299220065275829
    },
    "25": {
      "val_acc": 0.9136,
      "gpu_hours": 0.19027819395065307
    },
    "26": {
      "val_acc": 0.9064,
      "gpu_hours": 0.19757230745421517
    },
    "27": {
      "val_acc": 0.9069,
      "gpu_hours": 0.20485809286435444
    },
    "28": {
      "val_acc": 0.9089,
      "gpu_hours": 0.21219991710450914
    },
    "29": {
      "val_acc": 0.9026,
      "gpu_hours": 0.21947897540198433
    }
  }
}