{
  "trial_number": 87,
  "params": {
    "lr": 0.0002586602108897688,
    "weight_decay": 0.0004477610167774181,
    "batch_size": 64,
    "dropout": 0.012328637007466656,
    "optimizer": "Adam",
    "scheduler": "step",
    "model": "resnet18"
  },
  "best_val_acc": 0.9114,
  "total_gpu_hours": 0.04779566427071889,
  "slurm_task": 31,
  "parallel_workers": 40,
  "sampler": "tpe",
  "dataset": "cifar10",
  "device": "cuda",
  "accuracy_thresholds": {
    "gpu_h_to_80pct": 0.014604799217647976,
    "gpu_h_to_85pct": 0.017740677528911168,
    "gpu_h_to_90pct": 0.033528087271584406
  },
  "accuracy_curve": {
    "0": {
      "val_acc": 0.6273,
      "gpu_hours": 0.00204521463976966
    },
    "1": {
      "val_acc": 0.661,
      "gpu_hours": 0.003611355291472541
    },
    "2": {
      "val_acc": 0.685,
      "gpu_hours": 0.005160077015558879
    },
    "3": {
      "val_acc": 0.7113,
      "gpu_hours": 0.0067135047912597655
    },
    "4": {
      "val_acc": 0.7605,
      "gpu_hours": 0.00828077905707889
    },
    "5": {
      "val_acc": 0.7762,
      "gpu_hours": 0.009853910605112712
    },
    "6": {
      "val_acc": 0.7484,
      "gpu_hours": 0.011430196298493279
    },
    "7": {
      "val_acc": 0.7881,
      "gpu_hours": 0.013013611170980665
    },
    "8": {
      "val_acc": 0.8245,
      "gpu_hours": 0.014604799217647976
    },
    "9": {
      "val_acc": 0.8218,
      "gpu_hours": 0.016175998316870794
    },
    "10": {
      "val_acc": 0.8743,
      "gpu_hours": 0.017740677528911168
    },
    "11": {
      "val_acc": 0.8757,
      "gpu_hours": 0.01933138397004869
    },
    "12": {
      "val_acc": 0.8662,
      "gpu_hours": 0.02088159183661143
    },
    "13": {
      "val_acc": 0.861,
      "gpu_hours": 0.022450605829556783
    },
    "14": {
      "val_acc": 0.8881,
      "gpu_hours": 0.02404111491309272
    },
    "15": {
      "val_acc": 0.8792,
      "gpu_hours": 0.025624625815285577
    },
    "16": {
      "val_acc": 0.881,
      "gpu_hours": 0.02720306071970198
    },
    "17": {
      "val_acc": 0.8858,
      "gpu_hours": 0.028795462780528597
    },
    "18": {
      "val_acc": 0.8831,
      "gpu_hours": 0.030378790895144146
    },
    "19": {
      "val_acc": 0.8553,
      "gpu_hours": 0.031954332523875764
    },
    "20": {
      "val_acc": 0.9066,
      "gpu_hours": 0.033528087271584406
    },
    "21": {
      "val_acc": 0.9071,
      "gpu_hours": 0.03512991905212402
    },
    "22": {
      "val_acc": 0.9025,
      "gpu_hours": 0.03674463669459025
    },
    "23": {
      "val_acc": 0.8973,
      "gpu_hours": 0.03832558439837562
    },
    "24": {
      "val_acc": 0.8984,
      "gpu_hours": 0.03988728370931414
    },
    "25": {
      "val_acc": 0.9114,
      "gpu_hours": 0.04144521375497182
    },
    "26": {
      "val_acc": 0.9036,
      "gpu_hours": 0.0430158390601476
    },
    "27": {
      "val_acc": 0.9018,
      "gpu_hours": 0.04457719405492147
    },
    "28": {
      "val_acc": 0.9114,
      "gpu_hours": 0.04614959948592716
    },
    "29": {
      "val_acc": 0.8988,
      "gpu_hours": 0.04772720409764184
    }
  }
}