{
  "trial_number": 145,
  "params": {
    "lr": 0.0029299165455551816,
    "weight_decay": 1.0837683354733452e-06,
    "batch_size": 128,
    "dropout": 0.24686645418663627,
    "optimizer": "Adam",
    "scheduler": "step",
    "model": "resnet34"
  },
  "best_val_acc": 0.9143,
  "total_gpu_hours": 0.2193278925948673,
  "slurm_task": 2,
  "parallel_workers": 40,
  "sampler": "tpe",
  "dataset": "cifar10",
  "device": "cuda",
  "accuracy_thresholds": {
    "gpu_h_to_80pct": 0.0517575556702084,
    "gpu_h_to_85pct": 0.08095736391014523,
    "gpu_h_to_90pct": 0.15378074593014188
  },
  "accuracy_curve": {
    "0": {
      "val_acc": 0.4557,
      "gpu_hours": 0.007812200321091546
    },
    "1": {
      "val_acc": 0.5594,
      "gpu_hours": 0.015142661995357937
    },
    "2": {
      "val_acc": 0.6918,
      "gpu_hours": 0.022465271552403767
    },
    "3": {
      "val_acc": 0.7171,
      "gpu_hours": 0.029785233007536993
    },
    "4": {
      "val_acc": 0.7272,
      "gpu_hours": 0.03711234715249803
    },
    "5": {
      "val_acc": 0.7776,
      "gpu_hours": 0.04443596018685235
    },
    "6": {
      "val_acc": 0.8024,
      "gpu_hours": 0.0517575556702084
    },
    "7": {
      "val_acc": 0.8189,
      "gpu_hours": 0.05908404098616706
    },
    "8": {
      "val_acc": 0.8196,
      "gpu_hours": 0.06638239728079902
    },
    "9": {
      "val_acc": 0.8154,
      "gpu_hours": 0.07367746969064076
    },
    "10": {
      "val_acc": 0.8627,
      "gpu_hours": 0.08095736391014523
    },
    "11": {
      "val_acc": 0.8789,
      "gpu_hours": 0.08823973139127096
    },
    "12": {
      "val_acc": 0.888,
      "gpu_hours": 0.09552666127681732
    },
    "13": {
      "val_acc": 0.8925,
      "gpu_hours": 0.10282059729099274
    },
    "14": {
      "val_acc": 0.8915,
      "gpu_hours": 0.11010935849613614
    },
    "15": {
      "val_acc": 0.887,
      "gpu_hours": 0.11738457017474704
    },
    "16": {
      "val_acc": 0.8978,
      "gpu_hours": 0.12467329687542386
    },
    "17": {
      "val_acc": 0.8959,
      "gpu_hours": 0.1319485158390469
    },
    "18": {
      "val_acc": 0.8989,
      "gpu_hours": 0.1392241136233012
    },
    "19": {
      "val_acc": 0.8966,
      "gpu_hours": 0.14649797393216027
    },
    "20": {
      "val_acc": 0.9127,
      "gpu_hours": 0.15378074593014188
    },
    "21": {
      "val_acc": 0.9073,
      "gpu_hours": 0.16106184204419455
    },
    "22": {
      "val_acc": 0.9118,
      "gpu_hours": 0.16833990666601392
    },
    "23": {
      "val_acc": 0.9138,
      "gpu_hours": 0.17562152551280127
    },
    "24": {
      "val_acc": 0.912,
      "gpu_hours": 0.1829105109638638
    },
    "25": {
      "val_acc": 0.9116,
      "gpu_hours": 0.19019631154007383
    },
    "26": {
      "val_acc": 0.907,
      "gpu_hours": 0.1974922908676995
    },
    "27": {
      "val_acc": 0.9114,
      "gpu_hours": 0.2047758051421907
    },
    "28": {
      "val_acc": 0.9143,
      "gpu_hours": 0.21204723159472147
    },
    "29": {
      "val_acc": 0.9118,
      "gpu_hours": 0.2193113097217348
    }
  }
}