{
  "trial_number": 18,
  "params": {
    "lr": 0.0013292918943162175,
    "weight_decay": 0.006351221010640704,
    "batch_size": 64,
    "dropout": 0.07799726016810132,
    "optimizer": "Adam",
    "scheduler": "plateau",
    "model": "resnet18"
  },
  "best_val_acc": 0.433,
  "total_gpu_hours": 0.04739305747879876,
  "slurm_task": 28,
  "parallel_workers": 40,
  "sampler": "tpe",
  "dataset": "cifar10",
  "device": "cuda",
  "accuracy_thresholds": {},
  "accuracy_curve": {
    "0": {
      "val_acc": 0.2716,
      "gpu_hours": 0.002111813426017761
    },
    "1": {
      "val_acc": 0.3487,
      "gpu_hours": 0.0037044638395309446
    },
    "2": {
      "val_acc": 0.342,
      "gpu_hours": 0.005269944137997098
    },
    "3": {
      "val_acc": 0.3593,
      "gpu_hours": 0.006835852927631802
    },
    "4": {
      "val_acc": 0.3547,
      "gpu_hours": 0.008402081065707737
    },
    "5": {
      "val_acc": 0.4233,
      "gpu_hours": 0.009938518868552314
    },
    "6": {
      "val_acc": 0.4191,
      "gpu_hours": 0.011488165789180332
    },
    "7": {
      "val_acc": 0.4131,
      "gpu_hours": 0.01303849975268046
    },
    "8": {
      "val_acc": 0.4125,
      "gpu_hours": 0.014618333909246656
    },
    "9": {
      "val_acc": 0.4245,
      "gpu_hours": 0.016198458671569823
    },
    "10": {
      "val_acc": 0.43,
      "gpu_hours": 0.01778832071357303
    },
    "11": {
      "val_acc": 0.4258,
      "gpu_hours": 0.019356762237019008
    },
    "12": {
      "val_acc": 0.4281,
      "gpu_hours": 0.020929672784275478
    },
    "13": {
      "val_acc": 0.4282,
      "gpu_hours": 0.022494556175337896
    },
    "14": {
      "val_acc": 0.4311,
      "gpu_hours": 0.02402979142136044
    },
    "15": {
      "val_acc": 0.4272,
      "gpu_hours": 0.025578773419062298
    },
    "16": {
      "val_acc": 0.4309,
      "gpu_hours": 0.02712786124812232
    },
    "17": {
      "val_acc": 0.4279,
      "gpu_hours": 0.028699530296855503
    },
    "18": {
      "val_acc": 0.433,
      "gpu_hours": 0.030267311731974285
    },
    "19": {
      "val_acc": 0.4239,
      "gpu_hours": 0.0318666981988483
    },
    "20": {
      "val_acc": 0.4293,
      "gpu_hours": 0.033441492054197525
    },
    "21": {
      "val_acc": 0.4263,
      "gpu_hours": 0.03499057630697886
    },
    "22": {
      "val_acc": 0.4299,
      "gpu_hours": 0.036545553737216525
    },
    "23": {
      "val_acc": 0.4325,
      "gpu_hours": 0.03809398233890533
    },
    "24": {
      "val_acc": 0.426,
      "gpu_hours": 0.03962775985399882
    },
    "25": {
      "val_acc": 0.4258,
      "gpu_hours": 0.04117790182431539
    },
    "26": {
      "val_acc": 0.4234,
      "gpu_hours": 0.04271726707617442
    },
    "27": {
      "val_acc": 0.4261,
      "gpu_hours": 0.044262217548158435
    },
    "28": {
      "val_acc": 0.4318,
      "gpu_hours": 0.045792473819520736
    },
    "29": {
      "val_acc": 0.4289,
      "gpu_hours": 0.04735952933629354
    }
  }
}