{
  "trial_number": 48,
  "params": {
    "lr": 0.004095676584000674,
    "weight_decay": 2.907879986529897e-05,
    "batch_size": 64,
    "dropout": 0.1996279439278742,
    "optimizer": "SGD",
    "scheduler": "plateau",
    "model": "resnet18",
    "momentum": 0.8630073277450395
  },
  "best_val_acc": 0.5974,
  "total_gpu_hours": 0.04574026279979282,
  "slurm_task": 37,
  "parallel_workers": 40,
  "sampler": "tpe",
  "dataset": "cifar10",
  "device": "cuda",
  "accuracy_thresholds": {},
  "accuracy_curve": {
    "0": {
      "val_acc": 0.3826,
      "gpu_hours": 0.001798812813229031
    },
    "1": {
      "val_acc": 0.4538,
      "gpu_hours": 0.003313009805149502
    },
    "2": {
      "val_acc": 0.4943,
      "gpu_hours": 0.004817038377126058
    },
    "3": {
      "val_acc": 0.5231,
      "gpu_hours": 0.0063705803950627644
    },
    "4": {
      "val_acc": 0.5603,
      "gpu_hours": 0.007880209022098118
    },
    "5": {
      "val_acc": 0.5814,
      "gpu_hours": 0.009379260672463311
    },
    "6": {
      "val_acc": 0.5863,
      "gpu_hours": 0.010879487461513944
    },
    "7": {
      "val_acc": 0.5898,
      "gpu_hours": 0.012431279553307428
    },
    "8": {
      "val_acc": 0.5927,
      "gpu_hours": 0.013969797293345134
    },
    "9": {
      "val_acc": 0.596,
      "gpu_hours": 0.015487739245096842
    },
    "10": {
      "val_acc": 0.5942,
      "gpu_hours": 0.017020537985695732
    },
    "11": {
      "val_acc": 0.5956,
      "gpu_hours": 0.018558037082354227
    },
    "12": {
      "val_acc": 0.5937,
      "gpu_hours": 0.020091623730129664
    },
    "13": {
      "val_acc": 0.5951,
      "gpu_hours": 0.021575892832544116
    },
    "14": {
      "val_acc": 0.592,
      "gpu_hours": 0.023073954184850056
    },
    "15": {
      "val_acc": 0.5934,
      "gpu_hours": 0.024566366407606337
    },
    "16": {
      "val_acc": 0.5923,
      "gpu_hours": 0.026079927550421822
    },
    "17": {
      "val_acc": 0.5945,
      "gpu_hours": 0.027591535647710164
    },
    "18": {
      "val_acc": 0.5962,
      "gpu_hours": 0.02908629298210144
    },
    "19": {
      "val_acc": 0.5974,
      "gpu_hours": 0.03058431479665968
    },
    "20": {
      "val_acc": 0.5968,
      "gpu_hours": 0.032086115082105
    },
    "21": {
      "val_acc": 0.5945,
      "gpu_hours": 0.03357930302619934
    },
    "22": {
      "val_acc": 0.5918,
      "gpu_hours": 0.03509735299481286
    },
    "23": {
      "val_acc": 0.5956,
      "gpu_hours": 0.03660379714436001
    },
    "24": {
      "val_acc": 0.5962,
      "gpu_hours": 0.038128287328614126
    },
    "25": {
      "val_acc": 0.5932,
      "gpu_hours": 0.03965402834945255
    },
    "26": {
      "val_acc": 0.5969,
      "gpu_hours": 0.04118446873293983
    },
    "27": {
      "val_acc": 0.5974,
      "gpu_hours": 0.042693528003162805
    },
    "28": {
      "val_acc": 0.5924,
      "gpu_hours": 0.044207843674553764
    },
    "29": {
      "val_acc": 0.5953,
      "gpu_hours": 0.0457130491733551
    }
  }
}