{
  "trial_number": 124,
  "params": {
    "lr": 0.004324283417783266,
    "weight_decay": 1.094459982080603e-06,
    "batch_size": 128,
    "dropout": 0.3227057108590397,
    "optimizer": "Adam",
    "scheduler": "step",
    "model": "resnet34"
  },
  "best_val_acc": 0.9102,
  "total_gpu_hours": 0.22086388634310827,
  "slurm_task": 8,
  "parallel_workers": 40,
  "sampler": "tpe",
  "dataset": "cifar10",
  "device": "cuda",
  "accuracy_thresholds": {
    "gpu_h_to_80pct": 0.05231654855940077,
    "gpu_h_to_85pct": 0.08160010026560889,
    "gpu_h_to_90pct": 0.1548484014802509
  },
  "accuracy_curve": {
    "0": {
      "val_acc": 0.4094,
      "gpu_hours": 0.008344821863704258
    },
    "1": {
      "val_acc": 0.5454,
      "gpu_hours": 0.015701361629698013
    },
    "2": {
      "val_acc": 0.6216,
      "gpu_hours": 0.02302542957994673
    },
    "3": {
      "val_acc": 0.6515,
      "gpu_hours": 0.030350006024042767
    },
    "4": {
      "val_acc": 0.7652,
      "gpu_hours": 0.03767280691199833
    },
    "5": {
      "val_acc": 0.7793,
      "gpu_hours": 0.04499570919407739
    },
    "6": {
      "val_acc": 0.8023,
      "gpu_hours": 0.05231654855940077
    },
    "7": {
      "val_acc": 0.7974,
      "gpu_hours": 0.05963742487960392
    },
    "8": {
      "val_acc": 0.7993,
      "gpu_hours": 0.06695433298746745
    },
    "9": {
      "val_acc": 0.8321,
      "gpu_hours": 0.0742829860581292
    },
    "10": {
      "val_acc": 0.8655,
      "gpu_hours": 0.08160010026560889
    },
    "11": {
      "val_acc": 0.8719,
      "gpu_hours": 0.08892594416936239
    },
    "12": {
      "val_acc": 0.8741,
      "gpu_hours": 0.09625542143980662
    },
    "13": {
      "val_acc": 0.8803,
      "gpu_hours": 0.10358051088121202
    },
    "14": {
      "val_acc": 0.8889,
      "gpu_hours": 0.11091070393721263
    },
    "15": {
      "val_acc": 0.879,
      "gpu_hours": 0.11823418511284722
    },
    "16": {
      "val_acc": 0.8784,
      "gpu_hours": 0.1255552727646298
    },
    "17": {
      "val_acc": 0.8941,
      "gpu_hours": 0.13287208802170225
    },
    "18": {
      "val_acc": 0.8885,
      "gpu_hours": 0.14019444187482197
    },
    "19": {
      "val_acc": 0.8946,
      "gpu_hours": 0.1475178431140052
    },
    "20": {
      "val_acc": 0.9044,
      "gpu_hours": 0.1548484014802509
    },
    "21": {
      "val_acc": 0.904,
      "gpu_hours": 0.1621748113632202
    },
    "22": {
      "val_acc": 0.9094,
      "gpu_hours": 0.16950484295686086
    },
    "23": {
      "val_acc": 0.9093,
      "gpu_hours": 0.1768390287955602
    },
    "24": {
      "val_acc": 0.9102,
      "gpu_hours": 0.18421411295731863
    },
    "25": {
      "val_acc": 0.9058,
      "gpu_hours": 0.19154301358593834
    },
    "26": {
      "val_acc": 0.9076,
      "gpu_hours": 0.1988619518942303
    },
    "27": {
      "val_acc": 0.9087,
      "gpu_hours": 0.20619036806954277
    },
    "28": {
      "val_acc": 0.9082,
      "gpu_hours": 0.21351525962352752
    },
    "29": {
      "val_acc": 0.9075,
      "gpu_hours": 0.22083719942304822
    }
  }
}