{
  "trial_number": 131,
  "params": {
    "lr": 0.00031985485797356487,
    "weight_decay": 3.5528983754806103e-06,
    "batch_size": 64,
    "dropout": 0.3798101671008573,
    "optimizer": "Adam",
    "scheduler": "step",
    "model": "resnet34"
  },
  "best_val_acc": 0.9175,
  "total_gpu_hours": 0.2360293581750658,
  "slurm_task": 14,
  "parallel_workers": 40,
  "sampler": "tpe",
  "dataset": "cifar10",
  "device": "cuda",
  "accuracy_thresholds": {
    "gpu_h_to_80pct": 0.04024857189920213,
    "gpu_h_to_85pct": 0.07159395959642198,
    "gpu_h_to_90pct": 0.1342191520002153
  },
  "accuracy_curve": {
    "0": {
      "val_acc": 0.553,
      "gpu_hours": 0.008836340838008458
    },
    "1": {
      "val_acc": 0.7033,
      "gpu_hours": 0.01668754392200046
    },
    "2": {
      "val_acc": 0.7309,
      "gpu_hours": 0.024536605344878303
    },
    "3": {
      "val_acc": 0.7819,
      "gpu_hours": 0.0323968975411521
    },
    "4": {
      "val_acc": 0.8078,
      "gpu_hours": 0.04024857189920213
    },
    "5": {
      "val_acc": 0.7755,
      "gpu_hours": 0.04809367120265961
    },
    "6": {
      "val_acc": 0.8194,
      "gpu_hours": 0.05593566901153988
    },
    "7": {
      "val_acc": 0.8295,
      "gpu_hours": 0.06376391536659665
    },
    "8": {
      "val_acc": 0.8535,
      "gpu_hours": 0.07159395959642198
    },
    "9": {
      "val_acc": 0.8712,
      "gpu_hours": 0.07941885497834947
    },
    "10": {
      "val_acc": 0.8842,
      "gpu_hours": 0.08725217481454213
    },
    "11": {
      "val_acc": 0.8912,
      "gpu_hours": 0.09508467257022858
    },
    "12": {
      "val_acc": 0.8739,
      "gpu_hours": 0.10291848924424914
    },
    "13": {
      "val_acc": 0.8902,
      "gpu_hours": 0.11073470923635695
    },
    "14": {
      "val_acc": 0.8951,
      "gpu_hours": 0.11856047517723507
    },
    "15": {
      "val_acc": 0.8936,
      "gpu_hours": 0.1263923657602734
    },
    "16": {
      "val_acc": 0.9042,
      "gpu_hours": 0.1342191520002153
    },
    "17": {
      "val_acc": 0.9016,
      "gpu_hours": 0.1420352922545539
    },
    "18": {
      "val_acc": 0.8889,
      "gpu_hours": 0.14985819107956355
    },
    "19": {
      "val_acc": 0.8909,
      "gpu_hours": 0.15767145666811203
    },
    "20": {
      "val_acc": 0.912,
      "gpu_hours": 0.1654924042357339
    },
    "21": {
      "val_acc": 0.9119,
      "gpu_hours": 0.1733149681488673
    },
    "22": {
      "val_acc": 0.9175,
      "gpu_hours": 0.18113543656137254
    },
    "23": {
      "val_acc": 0.9144,
      "gpu_hours": 0.18895770106050702
    },
    "24": {
      "val_acc": 0.9141,
      "gpu_hours": 0.19678607987032995
    },
    "25": {
      "val_acc": 0.9116,
      "gpu_hours": 0.2046591015656789
    },
    "26": {
      "val_acc": 0.9144,
      "gpu_hours": 0.21249159064557818
    },
    "27": {
      "val_acc": 0.9065,
      "gpu_hours": 0.22032424906889597
    },
    "28": {
      "val_acc": 0.9138,
      "gpu_hours": 0.22815736128224268
    },
    "29": {
      "val_acc": 0.9146,
      "gpu_hours": 0.23599438316292232
    }
  }
}