{
  "trial_number": 151,
  "params": {
    "lr": 0.00045849609680999857,
    "weight_decay": 3.6838598136882484e-06,
    "batch_size": 64,
    "dropout": 0.3623765519042361,
    "optimizer": "Adam",
    "scheduler": "step",
    "model": "resnet34"
  },
  "best_val_acc": 0.9151,
  "total_gpu_hours": 0.23548449854056042,
  "slurm_task": 14,
  "parallel_workers": 40,
  "sampler": "tpe",
  "dataset": "cifar10",
  "device": "cuda",
  "accuracy_thresholds": {
    "gpu_h_to_80pct": 0.03969273640049829,
    "gpu_h_to_85pct": 0.08664821876419915,
    "gpu_h_to_90pct": 0.14144189205434587
  },
  "accuracy_curve": {
    "0": {
      "val_acc": 0.463,
      "gpu_hours": 0.008332041700681051
    },
    "1": {
      "val_acc": 0.7021,
      "gpu_hours": 0.01618038879500495
    },
    "2": {
      "val_acc": 0.7339,
      "gpu_hours": 0.024018639657232495
    },
    "3": {
      "val_acc": 0.7572,
      "gpu_hours": 0.031856936083899605
    },
    "4": {
      "val_acc": 0.8212,
      "gpu_hours": 0.03969273640049829
    },
    "5": {
      "val_acc": 0.8338,
      "gpu_hours": 0.047512742612097
    },
    "6": {
      "val_acc": 0.8407,
      "gpu_hours": 0.05533638079961141
    },
    "7": {
      "val_acc": 0.8297,
      "gpu_hours": 0.06315617799758912
    },
    "8": {
      "val_acc": 0.8382,
      "gpu_hours": 0.07097971240679422
    },
    "9": {
      "val_acc": 0.8494,
      "gpu_hours": 0.07881409658326043
    },
    "10": {
      "val_acc": 0.8875,
      "gpu_hours": 0.08664821876419915
    },
    "11": {
      "val_acc": 0.889,
      "gpu_hours": 0.09447402165995704
    },
    "12": {
      "val_acc": 0.8967,
      "gpu_hours": 0.10230922453933292
    },
    "13": {
      "val_acc": 0.8965,
      "gpu_hours": 0.11013461033503215
    },
    "14": {
      "val_acc": 0.8988,
      "gpu_hours": 0.11796123047669728
    },
    "15": {
      "val_acc": 0.8971,
      "gpu_hours": 0.1257878628042009
    },
    "16": {
      "val_acc": 0.8976,
      "gpu_hours": 0.13361138065656025
    },
    "17": {
      "val_acc": 0.9074,
      "gpu_hours": 0.14144189205434587
    },
    "18": {
      "val_acc": 0.9006,
      "gpu_hours": 0.14926681372854445
    },
    "19": {
      "val_acc": 0.8968,
      "gpu_hours": 0.15709628899892172
    },
    "20": {
      "val_acc": 0.9135,
      "gpu_hours": 0.1649297516213523
    },
    "21": {
      "val_acc": 0.9081,
      "gpu_hours": 0.17276651442050933
    },
    "22": {
      "val_acc": 0.9075,
      "gpu_hours": 0.18061123761865827
    },
    "23": {
      "val_acc": 0.9116,
      "gpu_hours": 0.18844649109575484
    },
    "24": {
      "val_acc": 0.9125,
      "gpu_hours": 0.196292850640085
    },
    "25": {
      "val_acc": 0.913,
      "gpu_hours": 0.2041304408841663
    },
    "26": {
      "val_acc": 0.9086,
      "gpu_hours": 0.21196258631017473
    },
    "27": {
      "val_acc": 0.9151,
      "gpu_hours": 0.21981232159667544
    },
    "28": {
      "val_acc": 0.9105,
      "gpu_hours": 0.227639806204372
    },
    "29": {
      "val_acc": 0.9145,
      "gpu_hours": 0.23546555704540675
    }
  }
}