{
  "trial_number": 150,
  "params": {
    "lr": 0.0005152517174125779,
    "weight_decay": 3.6838598136882484e-06,
    "batch_size": 64,
    "dropout": 0.3623765519042361,
    "optimizer": "Adam",
    "scheduler": "step",
    "model": "resnet34"
  },
  "best_val_acc": 0.9207,
  "total_gpu_hours": 0.2348632127708859,
  "slurm_task": 11,
  "parallel_workers": 40,
  "sampler": "tpe",
  "dataset": "cifar10",
  "device": "cuda",
  "accuracy_thresholds": {
    "gpu_h_to_80pct": 0.03966093142827352,
    "gpu_h_to_85pct": 0.07091571629047394,
    "gpu_h_to_90pct": 0.13336881021658578
  },
  "accuracy_curve": {
    "0": {
      "val_acc": 0.5766,
      "gpu_hours": 0.008315479887856378
    },
    "1": {
      "val_acc": 0.6818,
      "gpu_hours": 0.01615520000457764
    },
    "2": {
      "val_acc": 0.7571,
      "gpu_hours": 0.023994301822450426
    },
    "3": {
      "val_acc": 0.7776,
      "gpu_hours": 0.03183083117008209
    },
    "4": {
      "val_acc": 0.8226,
      "gpu_hours": 0.03966093142827352
    },
    "5": {
      "val_acc": 0.8164,
      "gpu_hours": 0.047480152514245776
    },
    "6": {
      "val_acc": 0.8212,
      "gpu_hours": 0.05530412667327457
    },
    "7": {
      "val_acc": 0.8264,
      "gpu_hours": 0.06311195797390408
    },
    "8": {
      "val_acc": 0.8668,
      "gpu_hours": 0.07091571629047394
    },
    "9": {
      "val_acc": 0.8737,
      "gpu_hours": 0.07872481107711791
    },
    "10": {
      "val_acc": 0.8912,
      "gpu_hours": 0.08653774698575338
    },
    "11": {
      "val_acc": 0.8964,
      "gpu_hours": 0.09434344980451796
    },
    "12": {
      "val_acc": 0.8965,
      "gpu_hours": 0.10215007298522526
    },
    "13": {
      "val_acc": 0.8997,
      "gpu_hours": 0.1099560468726688
    },
    "14": {
      "val_acc": 0.8997,
      "gpu_hours": 0.11776321258809831
    },
    "15": {
      "val_acc": 0.8975,
      "gpu_hours": 0.12556550588872697
    },
    "16": {
      "val_acc": 0.9089,
      "gpu_hours": 0.13336881021658578
    },
    "17": {
      "val_acc": 0.9013,
      "gpu_hours": 0.14116715967655183
    },
    "18": {
      "val_acc": 0.9072,
      "gpu_hours": 0.148972436454561
    },
    "19": {
      "val_acc": 0.9012,
      "gpu_hours": 0.1567728136645423
    },
    "20": {
      "val_acc": 0.9153,
      "gpu_hours": 0.16457857575681475
    },
    "21": {
      "val_acc": 0.9151,
      "gpu_hours": 0.17239439732498593
    },
    "22": {
      "val_acc": 0.9152,
      "gpu_hours": 0.18020711402098338
    },
    "23": {
      "val_acc": 0.912,
      "gpu_hours": 0.18801665518018934
    },
    "24": {
      "val_acc": 0.9141,
      "gpu_hours": 0.19582193844848209
    },
    "25": {
      "val_acc": 0.9207,
      "gpu_hours": 0.203625348938836
    },
    "26": {
      "val_acc": 0.9158,
      "gpu_hours": 0.21143169350094265
    },
    "27": {
      "val_acc": 0.9154,
      "gpu_hours": 0.2192350573009915
    },
    "28": {
      "val_acc": 0.9163,
      "gpu_hours": 0.2270404017633862
    },
    "29": {
      "val_acc": 0.9187,
      "gpu_hours": 0.23484854400157928
    }
  }
}