{
  "trial_number": 41,
  "params": {
    "lr": 0.0008179499475211679,
    "weight_decay": 0.0001256104370001356,
    "batch_size": 256,
    "dropout": 0.06974693032602092,
    "optimizer": "AdamW",
    "scheduler": "cosine",
    "model": "efficientnet_b0"
  },
  "best_val_acc": 0.7706,
  "total_gpu_hours": 0.038817892339494495,
  "slurm_task": 38,
  "parallel_workers": 40,
  "sampler": "tpe",
  "dataset": "cifar10",
  "device": "cuda",
  "accuracy_thresholds": {},
  "accuracy_curve": {
    "0": {
      "val_acc": 0.3675,
      "gpu_hours": 0.001624243391884698
    },
    "1": {
      "val_acc": 0.4545,
      "gpu_hours": 0.002910141415066189
    },
    "2": {
      "val_acc": 0.5181,
      "gpu_hours": 0.004192261298497518
    },
    "3": {
      "val_acc": 0.5617,
      "gpu_hours": 0.005463561349444919
    },
    "4": {
      "val_acc": 0.6053,
      "gpu_hours": 0.006737254063288371
    },
    "5": {
      "val_acc": 0.6175,
      "gpu_hours": 0.008043824368053013
    },
    "6": {
      "val_acc": 0.6452,
      "gpu_hours": 0.009331475032700433
    },
    "7": {
      "val_acc": 0.6672,
      "gpu_hours": 0.010614305800861782
    },
    "8": {
      "val_acc": 0.6806,
      "gpu_hours": 0.011887849635548061
    },
    "9": {
      "val_acc": 0.6846,
      "gpu_hours": 0.013169629706276787
    },
    "10": {
      "val_acc": 0.71,
      "gpu_hours": 0.014446100195248921
    },
    "11": {
      "val_acc": 0.715,
      "gpu_hours": 0.015717783437834847
    },
    "12": {
      "val_acc": 0.7229,
      "gpu_hours": 0.016991755896144444
    },
    "13": {
      "val_acc": 0.7261,
      "gpu_hours": 0.01827933258480496
    },
    "14": {
      "val_acc": 0.7349,
      "gpu_hours": 0.019590226080682543
    },
    "15": {
      "val_acc": 0.74,
      "gpu_hours": 0.020867261621687148
    },
    "16": {
      "val_acc": 0.743,
      "gpu_hours": 0.022146491474575467
    },
    "17": {
      "val_acc": 0.7501,
      "gpu_hours": 0.02342358622286055
    },
    "18": {
      "val_acc": 0.7529,
      "gpu_hours": 0.02471075349383884
    },
    "19": {
      "val_acc": 0.7532,
      "gpu_hours": 0.02598732935057746
    },
    "20": {
      "val_acc": 0.7613,
      "gpu_hours": 0.0272630422645145
    },
    "21": {
      "val_acc": 0.7602,
      "gpu_hours": 0.02854736261897617
    },
    "22": {
      "val_acc": 0.7653,
      "gpu_hours": 0.02983004636234707
    },
    "23": {
      "val_acc": 0.7617,
      "gpu_hours": 0.031112971305847167
    },
    "24": {
      "val_acc": 0.7679,
      "gpu_hours": 0.032392638789282904
    },
    "25": {
      "val_acc": 0.7686,
      "gpu_hours": 0.03366678747865889
    },
    "26": {
      "val_acc": 0.7697,
      "gpu_hours": 0.03493974321418338
    },
    "27": {
      "val_acc": 0.7693,
      "gpu_hours": 0.036217895481321545
    },
    "28": {
      "val_acc": 0.7704,
      "gpu_hours": 0.037497526937060884
    },
    "29": {
      "val_acc": 0.7706,
      "gpu_hours": 0.03877861804432339
    }
  }
}