{
  "trial_number": 112,
  "params": {
    "lr": 0.00030778908702479735,
    "weight_decay": 0.0005223207007589572,
    "batch_size": 64,
    "dropout": 0.40852946279994035,
    "optimizer": "Adam",
    "scheduler": "step",
    "model": "resnet18"
  },
  "best_val_acc": 0.9076,
  "total_gpu_hours": 0.04716379900773366,
  "slurm_task": 33,
  "parallel_workers": 40,
  "sampler": "tpe",
  "dataset": "cifar10",
  "device": "cuda",
  "accuracy_thresholds": {
    "gpu_h_to_80pct": 0.016108851432800293,
    "gpu_h_to_85pct": 0.01763004163901011,
    "gpu_h_to_90pct": 0.03780005521244473
  },
  "accuracy_curve": {
    "0": {
      "val_acc": 0.5153,
      "gpu_hours": 0.001899975273344252
    },
    "1": {
      "val_acc": 0.6385,
      "gpu_hours": 0.003509217765596178
    },
    "2": {
      "val_acc": 0.5461,
      "gpu_hours": 0.005103897915946113
    },
    "3": {
      "val_acc": 0.7254,
      "gpu_hours": 0.00668765213754442
    },
    "4": {
      "val_acc": 0.7613,
      "gpu_hours": 0.008279678291744657
    },
    "5": {
      "val_acc": 0.7546,
      "gpu_hours": 0.009861161443922255
    },
    "6": {
      "val_acc": 0.7979,
      "gpu_hours": 0.011456577579180399
    },
    "7": {
      "val_acc": 0.7946,
      "gpu_hours": 0.013014850881364611
    },
    "8": {
      "val_acc": 0.7737,
      "gpu_hours": 0.014562141762839423
    },
    "9": {
      "val_acc": 0.821,
      "gpu_hours": 0.016108851432800293
    },
    "10": {
      "val_acc": 0.8708,
      "gpu_hours": 0.01763004163901011
    },
    "11": {
      "val_acc": 0.8641,
      "gpu_hours": 0.01917623645729489
    },
    "12": {
      "val_acc": 0.8752,
      "gpu_hours": 0.020719809068573847
    },
    "13": {
      "val_acc": 0.8776,
      "gpu_hours": 0.022262069715393913
    },
    "14": {
      "val_acc": 0.8759,
      "gpu_hours": 0.02382534623146057
    },
    "15": {
      "val_acc": 0.8702,
      "gpu_hours": 0.025367219381862215
    },
    "16": {
      "val_acc": 0.8671,
      "gpu_hours": 0.026926249663035074
    },
    "17": {
      "val_acc": 0.8785,
      "gpu_hours": 0.02848247355884976
    },
    "18": {
      "val_acc": 0.8815,
      "gpu_hours": 0.030056007040871514
    },
    "19": {
      "val_acc": 0.8828,
      "gpu_hours": 0.03159456385506524
    },
    "20": {
      "val_acc": 0.8965,
      "gpu_hours": 0.03316138598654005
    },
    "21": {
      "val_acc": 0.8986,
      "gpu_hours": 0.034716543952624
    },
    "22": {
      "val_acc": 0.8992,
      "gpu_hours": 0.03625891261630588
    },
    "23": {
      "val_acc": 0.9025,
      "gpu_hours": 0.03780005521244473
    },
    "24": {
      "val_acc": 0.9076,
      "gpu_hours": 0.03935885674423641
    },
    "25": {
      "val_acc": 0.897,
      "gpu_hours": 0.040911252035035026
    },
    "26": {
      "val_acc": 0.9001,
      "gpu_hours": 0.04246424694856008
    },
    "27": {
      "val_acc": 0.9026,
      "gpu_hours": 0.04400976220766703
    },
    "28": {
      "val_acc": 0.9027,
      "gpu_hours": 0.045581396288341944
    },
    "29": {
      "val_acc": 0.8955,
      "gpu_hours": 0.04713616543345981
    }
  }
}