{
  "trial_number": 0,
  "params": {
    "lr": 0.0013292918943162175,
    "weight_decay": 0.006351221010640704,
    "batch_size": 64,
    "dropout": 0.07799726016810132,
    "optimizer": "Adam",
    "scheduler": "plateau",
    "model": "resnet18"
  },
  "best_val_acc": 0.4274,
  "total_gpu_hours": 0.046665108932389156,
  "slurm_task": 9,
  "parallel_workers": 40,
  "sampler": "tpe",
  "dataset": "cifar10",
  "device": "cuda",
  "accuracy_thresholds": {},
  "accuracy_curve": {
    "0": {
      "val_acc": 0.1823,
      "gpu_hours": 0.002154333856370714
    },
    "1": {
      "val_acc": 0.2465,
      "gpu_hours": 0.0036922257476382785
    },
    "2": {
      "val_acc": 0.3287,
      "gpu_hours": 0.005203391644689772
    },
    "3": {
      "val_acc": 0.3155,
      "gpu_hours": 0.006744419203864204
    },
    "4": {
      "val_acc": 0.339,
      "gpu_hours": 0.008280158970091078
    },
    "5": {
      "val_acc": 0.409,
      "gpu_hours": 0.009824282460742526
    },
    "6": {
      "val_acc": 0.4115,
      "gpu_hours": 0.011353813409805298
    },
    "7": {
      "val_acc": 0.4168,
      "gpu_hours": 0.012860965331395467
    },
    "8": {
      "val_acc": 0.4169,
      "gpu_hours": 0.014397557907634312
    },
    "9": {
      "val_acc": 0.4131,
      "gpu_hours": 0.01592265976799859
    },
    "10": {
      "val_acc": 0.4274,
      "gpu_hours": 0.017456940280066596
    },
    "11": {
      "val_acc": 0.419,
      "gpu_hours": 0.018987723920080395
    },
    "12": {
      "val_acc": 0.4251,
      "gpu_hours": 0.020541099508603413
    },
    "13": {
      "val_acc": 0.4222,
      "gpu_hours": 0.02210243927107917
    },
    "14": {
      "val_acc": 0.4251,
      "gpu_hours": 0.023632819188965693
    },
    "15": {
      "val_acc": 0.4236,
      "gpu_hours": 0.025155452489852907
    },
    "16": {
      "val_acc": 0.4245,
      "gpu_hours": 0.026682553887367247
    },
    "17": {
      "val_acc": 0.4181,
      "gpu_hours": 0.028205783698293897
    },
    "18": {
      "val_acc": 0.4238,
      "gpu_hours": 0.029754451711972555
    },
    "19": {
      "val_acc": 0.4227,
      "gpu_hours": 0.03131835030184852
    },
    "20": {
      "val_acc": 0.4216,
      "gpu_hours": 0.03284225960572561
    },
    "21": {
      "val_acc": 0.4259,
      "gpu_hours": 0.03438546240329742
    },
    "22": {
      "val_acc": 0.4256,
      "gpu_hours": 0.03591214391920302
    },
    "23": {
      "val_acc": 0.4259,
      "gpu_hours": 0.037431477440728084
    },
    "24": {
      "val_acc": 0.4254,
      "gpu_hours": 0.038985211518075734
    },
    "25": {
      "val_acc": 0.4209,
      "gpu_hours": 0.04048821436034308
    },
    "26": {
      "val_acc": 0.4218,
      "gpu_hours": 0.04202245142724779
    },
    "27": {
      "val_acc": 0.4215,
      "gpu_hours": 0.04355339374807146
    },
    "28": {
      "val_acc": 0.4249,
      "gpu_hours": 0.045079396300845676
    },
    "29": {
      "val_acc": 0.4228,
      "gpu_hours": 0.046637783182991874
    }
  }
}