{
  "trial_number": 36,
  "params": {
    "lr": 0.0013292918943162175,
    "weight_decay": 0.006351221010640704,
    "batch_size": 64,
    "dropout": 0.07799726016810132,
    "optimizer": "Adam",
    "scheduler": "plateau",
    "model": "resnet18"
  },
  "best_val_acc": 0.4401,
  "total_gpu_hours": 0.047018867201275294,
  "slurm_task": 33,
  "parallel_workers": 40,
  "sampler": "tpe",
  "dataset": "cifar10",
  "device": "cuda",
  "accuracy_thresholds": {},
  "accuracy_curve": {
    "0": {
      "val_acc": 0.2135,
      "gpu_hours": 0.0020384219619962902
    },
    "1": {
      "val_acc": 0.1665,
      "gpu_hours": 0.0036057549052768284
    },
    "2": {
      "val_acc": 0.2401,
      "gpu_hours": 0.005150177809927199
    },
    "3": {
      "val_acc": 0.3341,
      "gpu_hours": 0.006714696486790975
    },
    "4": {
      "val_acc": 0.338,
      "gpu_hours": 0.008270776338047452
    },
    "5": {
      "val_acc": 0.3108,
      "gpu_hours": 0.009797085854742262
    },
    "6": {
      "val_acc": 0.4206,
      "gpu_hours": 0.011344977815945944
    },
    "7": {
      "val_acc": 0.4073,
      "gpu_hours": 0.012900004519356622
    },
    "8": {
      "val_acc": 0.3997,
      "gpu_hours": 0.014485707481702168
    },
    "9": {
      "val_acc": 0.4146,
      "gpu_hours": 0.016035521957609388
    },
    "10": {
      "val_acc": 0.4376,
      "gpu_hours": 0.017584685815705194
    },
    "11": {
      "val_acc": 0.4294,
      "gpu_hours": 0.019117175804244147
    },
    "12": {
      "val_acc": 0.432,
      "gpu_hours": 0.020679641101095412
    },
    "13": {
      "val_acc": 0.4383,
      "gpu_hours": 0.022236246400409276
    },
    "14": {
      "val_acc": 0.4386,
      "gpu_hours": 0.02377565476629469
    },
    "15": {
      "val_acc": 0.4388,
      "gpu_hours": 0.025308114422692193
    },
    "16": {
      "val_acc": 0.4337,
      "gpu_hours": 0.026866844693819683
    },
    "17": {
      "val_acc": 0.4392,
      "gpu_hours": 0.028428736593988205
    },
    "18": {
      "val_acc": 0.435,
      "gpu_hours": 0.029981336527400548
    },
    "19": {
      "val_acc": 0.4316,
      "gpu_hours": 0.031518809729152254
    },
    "20": {
      "val_acc": 0.4365,
      "gpu_hours": 0.033067018654611376
    },
    "21": {
      "val_acc": 0.4361,
      "gpu_hours": 0.034610304633776345
    },
    "22": {
      "val_acc": 0.4381,
      "gpu_hours": 0.036145555244551764
    },
    "23": {
      "val_acc": 0.4341,
      "gpu_hours": 0.03769468684991201
    },
    "24": {
      "val_acc": 0.4388,
      "gpu_hours": 0.03925423867172665
    },
    "25": {
      "val_acc": 0.4337,
      "gpu_hours": 0.040824199318885805
    },
    "26": {
      "val_acc": 0.4357,
      "gpu_hours": 0.04237410260571374
    },
    "27": {
      "val_acc": 0.4347,
      "gpu_hours": 0.04391996191607581
    },
    "28": {
      "val_acc": 0.4401,
      "gpu_hours": 0.045466238260269166
    },
    "29": {
      "val_acc": 0.4388,
      "gpu_hours": 0.0469965093003379
    }
  }
}