{
  "trial_number": 53,
  "params": {
    "lr": 0.003195269396834808,
    "weight_decay": 0.008093243367259154,
    "batch_size": 64,
    "dropout": 0.1887707465904495,
    "optimizer": "AdamW",
    "scheduler": "step",
    "model": "resnet18"
  },
  "best_val_acc": 0.9141,
  "total_gpu_hours": 0.04566659728686015,
  "slurm_task": 20,
  "parallel_workers": 40,
  "sampler": "tpe",
  "dataset": "cifar10",
  "device": "cuda",
  "accuracy_thresholds": {
    "gpu_h_to_80pct": 0.00940417422188653,
    "gpu_h_to_85pct": 0.013914539549085829,
    "gpu_h_to_90pct": 0.021464678115314908
  },
  "accuracy_curve": {
    "0": {
      "val_acc": 0.4727,
      "gpu_hours": 0.0018560984399583604
    },
    "1": {
      "val_acc": 0.5874,
      "gpu_hours": 0.0033680895964304605
    },
    "2": {
      "val_acc": 0.7026,
      "gpu_hours": 0.004872897797160679
    },
    "3": {
      "val_acc": 0.773,
      "gpu_hours": 0.006369266708691915
    },
    "4": {
      "val_acc": 0.7986,
      "gpu_hours": 0.007882453468110825
    },
    "5": {
      "val_acc": 0.81,
      "gpu_hours": 0.00940417422188653
    },
    "6": {
      "val_acc": 0.8259,
      "gpu_hours": 0.010902151332961189
    },
    "7": {
      "val_acc": 0.8419,
      "gpu_hours": 0.012402324477831522
    },
    "8": {
      "val_acc": 0.8531,
      "gpu_hours": 0.013914539549085829
    },
    "9": {
      "val_acc": 0.8604,
      "gpu_hours": 0.015411452054977418
    },
    "10": {
      "val_acc": 0.884,
      "gpu_hours": 0.016933156516816882
    },
    "11": {
      "val_acc": 0.8916,
      "gpu_hours": 0.01846083614561293
    },
    "12": {
      "val_acc": 0.8922,
      "gpu_hours": 0.019981011615859138
    },
    "13": {
      "val_acc": 0.9006,
      "gpu_hours": 0.021464678115314908
    },
    "14": {
      "val_acc": 0.8952,
      "gpu_hours": 0.022978450059890746
    },
    "15": {
      "val_acc": 0.896,
      "gpu_hours": 0.024474443197250367
    },
    "16": {
      "val_acc": 0.9011,
      "gpu_hours": 0.025992067919837103
    },
    "17": {
      "val_acc": 0.8993,
      "gpu_hours": 0.02748129533396827
    },
    "18": {
      "val_acc": 0.8992,
      "gpu_hours": 0.02898205644554562
    },
    "19": {
      "val_acc": 0.9003,
      "gpu_hours": 0.030481347640355427
    },
    "20": {
      "val_acc": 0.9122,
      "gpu_hours": 0.03199625141090817
    },
    "21": {
      "val_acc": 0.9091,
      "gpu_hours": 0.033501603934499954
    },
    "22": {
      "val_acc": 0.9134,
      "gpu_hours": 0.035001057452625696
    },
    "23": {
      "val_acc": 0.9116,
      "gpu_hours": 0.03650486555364397
    },
    "24": {
      "val_acc": 0.9139,
      "gpu_hours": 0.03801875803205702
    },
    "25": {
      "val_acc": 0.912,
      "gpu_hours": 0.039540342688560486
    },
    "26": {
      "val_acc": 0.9137,
      "gpu_hours": 0.04107854233847724
    },
    "27": {
      "val_acc": 0.9141,
      "gpu_hours": 0.042582714160283405
    },
    "28": {
      "val_acc": 0.9118,
      "gpu_hours": 0.044103119572003684
    },
    "29": {
      "val_acc": 0.9136,
      "gpu_hours": 0.045639527837435405
    }
  }
}