{
  "trial_number": 47,
  "params": {
    "lr": 0.00010683692784777876,
    "weight_decay": 6.593521713867221e-05,
    "batch_size": 64,
    "dropout": 0.1320318391449698,
    "optimizer": "Adam",
    "scheduler": "step",
    "model": "resnet18"
  },
  "best_val_acc": 0.8921,
  "total_gpu_hours": 0.04780114597744412,
  "slurm_task": 23,
  "parallel_workers": 40,
  "sampler": "tpe",
  "dataset": "cifar10",
  "device": "cuda",
  "accuracy_thresholds": {
    "gpu_h_to_80pct": 0.014608958495987786,
    "gpu_h_to_85pct": 0.01777395255035824
  },
  "accuracy_curve": {
    "0": {
      "val_acc": 0.5645,
      "gpu_hours": 0.001868082814746433
    },
    "1": {
      "val_acc": 0.6084,
      "gpu_hours": 0.003468428982628716
    },
    "2": {
      "val_acc": 0.7107,
      "gpu_hours": 0.00502935356563992
    },
    "3": {
      "val_acc": 0.747,
      "gpu_hours": 0.006709377765655517
    },
    "4": {
      "val_acc": 0.7763,
      "gpu_hours": 0.00828896959622701
    },
    "5": {
      "val_acc": 0.7823,
      "gpu_hours": 0.009856172932518854
    },
    "6": {
      "val_acc": 0.7965,
      "gpu_hours": 0.01143517341878679
    },
    "7": {
      "val_acc": 0.7927,
      "gpu_hours": 0.013021469049983555
    },
    "8": {
      "val_acc": 0.8155,
      "gpu_hours": 0.014608958495987786
    },
    "9": {
      "val_acc": 0.8376,
      "gpu_hours": 0.016195957395765518
    },
    "10": {
      "val_acc": 0.8645,
      "gpu_hours": 0.01777395255035824
    },
    "11": {
      "val_acc": 0.8624,
      "gpu_hours": 0.01934815698199802
    },
    "12": {
      "val_acc": 0.8658,
      "gpu_hours": 0.02093135635058085
    },
    "13": {
      "val_acc": 0.8714,
      "gpu_hours": 0.022492760287390817
    },
    "14": {
      "val_acc": 0.8652,
      "gpu_hours": 0.024049854079882305
    },
    "15": {
      "val_acc": 0.8676,
      "gpu_hours": 0.02561748140388065
    },
    "16": {
      "val_acc": 0.8714,
      "gpu_hours": 0.027205676237742105
    },
    "17": {
      "val_acc": 0.8677,
      "gpu_hours": 0.028856132162941826
    },
    "18": {
      "val_acc": 0.8673,
      "gpu_hours": 0.0304337873061498
    },
    "19": {
      "val_acc": 0.872,
      "gpu_hours": 0.031976530816819934
    },
    "20": {
      "val_acc": 0.891,
      "gpu_hours": 0.033520516289605035
    },
    "21": {
      "val_acc": 0.8889,
      "gpu_hours": 0.03507049851947361
    },
    "22": {
      "val_acc": 0.89,
      "gpu_hours": 0.036740809943940904
    },
    "23": {
      "val_acc": 0.8864,
      "gpu_hours": 0.03829391631815168
    },
    "24": {
      "val_acc": 0.8857,
      "gpu_hours": 0.03988472137186262
    },
    "25": {
      "val_acc": 0.8853,
      "gpu_hours": 0.041459509399202135
    },
    "26": {
      "val_acc": 0.8886,
      "gpu_hours": 0.0429997001753913
    },
    "27": {
      "val_acc": 0.8921,
      "gpu_hours": 0.04460603051715427
    },
    "28": {
      "val_acc": 0.8877,
      "gpu_hours": 0.04618457741207547
    },
    "29": {
      "val_acc": 0.8893,
      "gpu_hours": 0.04777173260847727
    }
  }
}