{
  "trial_number": 84,
  "params": {
    "lr": 0.0002586602108897688,
    "weight_decay": 0.0006302314035822065,
    "batch_size": 64,
    "dropout": 0.4661451709558936,
    "optimizer": "Adam",
    "scheduler": "plateau",
    "model": "resnet18"
  },
  "best_val_acc": 0.8829,
  "total_gpu_hours": 0.04778293232123057,
  "slurm_task": 30,
  "parallel_workers": 40,
  "sampler": "tpe",
  "dataset": "cifar10",
  "device": "cuda",
  "accuracy_thresholds": {
    "gpu_h_to_80pct": 0.009896272752020095,
    "gpu_h_to_85pct": 0.009896272752020095
  },
  "accuracy_curve": {
    "0": {
      "val_acc": 0.512,
      "gpu_hours": 0.0020956748723983763
    },
    "1": {
      "val_acc": 0.6466,
      "gpu_hours": 0.0036641559335920545
    },
    "2": {
      "val_acc": 0.6849,
      "gpu_hours": 0.005234140621291267
    },
    "3": {
      "val_acc": 0.7417,
      "gpu_hours": 0.0068044694264729816
    },
    "4": {
      "val_acc": 0.7607,
      "gpu_hours": 0.008345968921979268
    },
    "5": {
      "val_acc": 0.8548,
      "gpu_hours": 0.009896272752020095
    },
    "6": {
      "val_acc": 0.8624,
      "gpu_hours": 0.011480593151516385
    },
    "7": {
      "val_acc": 0.8626,
      "gpu_hours": 0.013050617840554979
    },
    "8": {
      "val_acc": 0.8705,
      "gpu_hours": 0.01461863742934333
    },
    "9": {
      "val_acc": 0.8782,
      "gpu_hours": 0.016216110653347438
    },
    "10": {
      "val_acc": 0.8784,
      "gpu_hours": 0.01779792646567027
    },
    "11": {
      "val_acc": 0.8815,
      "gpu_hours": 0.019366757406128778
    },
    "12": {
      "val_acc": 0.8824,
      "gpu_hours": 0.020964362422625223
    },
    "13": {
      "val_acc": 0.8806,
      "gpu_hours": 0.02254207147492303
    },
    "14": {
      "val_acc": 0.8829,
      "gpu_hours": 0.024112154576513504
    },
    "15": {
      "val_acc": 0.8818,
      "gpu_hours": 0.025663935939470927
    },
    "16": {
      "val_acc": 0.8814,
      "gpu_hours": 0.027233363654878405
    },
    "17": {
      "val_acc": 0.8812,
      "gpu_hours": 0.028826786941952176
    },
    "18": {
      "val_acc": 0.8813,
      "gpu_hours": 0.03040307574801975
    },
    "19": {
      "val_acc": 0.8807,
      "gpu_hours": 0.03197381238142649
    },
    "20": {
      "val_acc": 0.8805,
      "gpu_hours": 0.03358148594697317
    },
    "21": {
      "val_acc": 0.8798,
      "gpu_hours": 0.03518373429775238
    },
    "22": {
      "val_acc": 0.8799,
      "gpu_hours": 0.03678698963589139
    },
    "23": {
      "val_acc": 0.8827,
      "gpu_hours": 0.038339399099349976
    },
    "24": {
      "val_acc": 0.8823,
      "gpu_hours": 0.039891582330067954
    },
    "25": {
      "val_acc": 0.8817,
      "gpu_hours": 0.041462583674324885
    },
    "26": {
      "val_acc": 0.8806,
      "gpu_hours": 0.04303296705087026
    },
    "27": {
      "val_acc": 0.8818,
      "gpu_hours": 0.044595439632733665
    },
    "28": {
      "val_acc": 0.8807,
      "gpu_hours": 0.04616040335761176
    },
    "29": {
      "val_acc": 0.8813,
      "gpu_hours": 0.047748046782281665
    }
  }
}