{
  "trial_number": 106,
  "params": {
    "lr": 0.00010681390717063044,
    "weight_decay": 7.212917576958409e-06,
    "batch_size": 64,
    "dropout": 0.4172592880976009,
    "optimizer": "Adam",
    "scheduler": "plateau",
    "model": "resnet18"
  },
  "best_val_acc": 0.8241,
  "total_gpu_hours": 0.04511173115836249,
  "slurm_task": 29,
  "parallel_workers": 40,
  "sampler": "tpe",
  "dataset": "cifar10",
  "device": "cuda",
  "accuracy_thresholds": {
    "gpu_h_to_80pct": 0.009246185289488899
  },
  "accuracy_curve": {
    "0": {
      "val_acc": 0.5639,
      "gpu_hours": 0.0017956555551952786
    },
    "1": {
      "val_acc": 0.6444,
      "gpu_hours": 0.003280509180492825
    },
    "2": {
      "val_acc": 0.7026,
      "gpu_hours": 0.004761152135001288
    },
    "3": {
      "val_acc": 0.7506,
      "gpu_hours": 0.00626291553179423
    },
    "4": {
      "val_acc": 0.7681,
      "gpu_hours": 0.007752577066421509
    },
    "5": {
      "val_acc": 0.8083,
      "gpu_hours": 0.009246185289488899
    },
    "6": {
      "val_acc": 0.8148,
      "gpu_hours": 0.010745722386572096
    },
    "7": {
      "val_acc": 0.8174,
      "gpu_hours": 0.01223841475115882
    },
    "8": {
      "val_acc": 0.8204,
      "gpu_hours": 0.013719907932811313
    },
    "9": {
      "val_acc": 0.8233,
      "gpu_hours": 0.015213455822732714
    },
    "10": {
      "val_acc": 0.8218,
      "gpu_hours": 0.01670772645208571
    },
    "11": {
      "val_acc": 0.8213,
      "gpu_hours": 0.018192440734969246
    },
    "12": {
      "val_acc": 0.8207,
      "gpu_hours": 0.01969525178273519
    },
    "13": {
      "val_acc": 0.8241,
      "gpu_hours": 0.021181649896833632
    },
    "14": {
      "val_acc": 0.8224,
      "gpu_hours": 0.02266599602169461
    },
    "15": {
      "val_acc": 0.8229,
      "gpu_hours": 0.024155144029193453
    },
    "16": {
      "val_acc": 0.8226,
      "gpu_hours": 0.02565102643436856
    },
    "17": {
      "val_acc": 0.8235,
      "gpu_hours": 0.02713181085056729
    },
    "18": {
      "val_acc": 0.8232,
      "gpu_hours": 0.02860501183403863
    },
    "19": {
      "val_acc": 0.8239,
      "gpu_hours": 0.03008892231517368
    },
    "20": {
      "val_acc": 0.8226,
      "gpu_hours": 0.03157082233164046
    },
    "21": {
      "val_acc": 0.8234,
      "gpu_hours": 0.033080549703703985
    },
    "22": {
      "val_acc": 0.8224,
      "gpu_hours": 0.03458358618948195
    },
    "23": {
      "val_acc": 0.8217,
      "gpu_hours": 0.036082042455673216
    },
    "24": {
      "val_acc": 0.8229,
      "gpu_hours": 0.037571837968296475
    },
    "25": {
      "val_acc": 0.8232,
      "gpu_hours": 0.039059177305963304
    },
    "26": {
      "val_acc": 0.8231,
      "gpu_hours": 0.04056731826729244
    },
    "27": {
      "val_acc": 0.8237,
      "gpu_hours": 0.04206468058956994
    },
    "28": {
      "val_acc": 0.8227,
      "gpu_hours": 0.043567155268457204
    },
    "29": {
      "val_acc": 0.8234,
      "gpu_hours": 0.04508382161458333
    }
  }
}