{
  "trial_number": 5,
  "params": {
    "lr": 0.0008179499475211679,
    "weight_decay": 0.0001256104370001356,
    "batch_size": 256,
    "dropout": 0.06974693032602092,
    "optimizer": "AdamW",
    "scheduler": "cosine",
    "model": "efficientnet_b0"
  },
  "best_val_acc": 0.7714,
  "total_gpu_hours": 0.03874338805675506,
  "slurm_task": 5,
  "parallel_workers": 5,
  "sampler": "tpe",
  "dataset": "cifar10",
  "device": "cuda",
  "accuracy_thresholds": {},
  "accuracy_curve": {
    "0": {
      "val_acc": 0.3553,
      "gpu_hours": 0.001622195839881897
    },
    "1": {
      "val_acc": 0.4501,
      "gpu_hours": 0.0029051766130659316
    },
    "2": {
      "val_acc": 0.5053,
      "gpu_hours": 0.004179238080978393
    },
    "3": {
      "val_acc": 0.5563,
      "gpu_hours": 0.005463307632340326
    },
    "4": {
      "val_acc": 0.6004,
      "gpu_hours": 0.006737850705782572
    },
    "5": {
      "val_acc": 0.6235,
      "gpu_hours": 0.008025293946266174
    },
    "6": {
      "val_acc": 0.648,
      "gpu_hours": 0.009302901691860623
    },
    "7": {
      "val_acc": 0.6628,
      "gpu_hours": 0.01058390372329288
    },
    "8": {
      "val_acc": 0.6728,
      "gpu_hours": 0.011840460896492004
    },
    "9": {
      "val_acc": 0.6949,
      "gpu_hours": 0.013118821846114265
    },
    "10": {
      "val_acc": 0.7027,
      "gpu_hours": 0.014387278556823731
    },
    "11": {
      "val_acc": 0.7105,
      "gpu_hours": 0.01565167705217997
    },
    "12": {
      "val_acc": 0.7169,
      "gpu_hours": 0.016962447298897638
    },
    "13": {
      "val_acc": 0.726,
      "gpu_hours": 0.018243444628185695
    },
    "14": {
      "val_acc": 0.7301,
      "gpu_hours": 0.019510274794366626
    },
    "15": {
      "val_acc": 0.739,
      "gpu_hours": 0.020781610939237808
    },
    "16": {
      "val_acc": 0.7402,
      "gpu_hours": 0.022049528890185886
    },
    "17": {
      "val_acc": 0.7457,
      "gpu_hours": 0.023333011468251546
    },
    "18": {
      "val_acc": 0.7525,
      "gpu_hours": 0.024613913695017496
    },
    "19": {
      "val_acc": 0.7554,
      "gpu_hours": 0.025901927219496832
    },
    "20": {
      "val_acc": 0.7593,
      "gpu_hours": 0.027181541191207036
    },
    "21": {
      "val_acc": 0.7641,
      "gpu_hours": 0.028468792637189228
    },
    "22": {
      "val_acc": 0.7674,
      "gpu_hours": 0.029752804107136196
    },
    "23": {
      "val_acc": 0.7661,
      "gpu_hours": 0.03104204058647156
    },
    "24": {
      "val_acc": 0.7668,
      "gpu_hours": 0.03231653928756714
    },
    "25": {
      "val_acc": 0.7686,
      "gpu_hours": 0.03359438829951816
    },
    "26": {
      "val_acc": 0.7686,
      "gpu_hours": 0.034866475727823046
    },
    "27": {
      "val_acc": 0.7714,
      "gpu_hours": 0.036154756479793125
    },
    "28": {
      "val_acc": 0.7699,
      "gpu_hours": 0.037431939045588176
    },
    "29": {
      "val_acc": 0.7694,
      "gpu_hours": 0.03872102359930674
    }
  }
}