{
  "trial_number": 38,
  "params": {
    "lr": 0.02676895247958835,
    "weight_decay": 0.0030322926484420373,
    "batch_size": 128,
    "dropout": 0.485526757110192,
    "optimizer": "AdamW",
    "scheduler": "cosine",
    "model": "resnet18"
  },
  "best_val_acc": 0.9136,
  "total_gpu_hours": 0.12614858600828383,
  "slurm_task": 20,
  "parallel_workers": 5,
  "sampler": "tpe",
  "dataset": "cifar10",
  "device": "cuda",
  "accuracy_thresholds": {
    "gpu_h_to_80pct": 0.04237431870566474,
    "gpu_h_to_85pct": 0.054941812223858306,
    "gpu_h_to_90pct": 0.0968035825755861
  },
  "accuracy_curve": {
    "0": {
      "val_acc": 0.3814,
      "gpu_hours": 0.004650742676522997
    },
    "1": {
      "val_acc": 0.465,
      "gpu_hours": 0.008851687179671393
    },
    "2": {
      "val_acc": 0.564,
      "gpu_hours": 0.013050681948661803
    },
    "3": {
      "val_acc": 0.6142,
      "gpu_hours": 0.017245856722195942
    },
    "4": {
      "val_acc": 0.6966,
      "gpu_hours": 0.02141711089346144
    },
    "5": {
      "val_acc": 0.7401,
      "gpu_hours": 0.02559915953212314
    },
    "6": {
      "val_acc": 0.7752,
      "gpu_hours": 0.02979587647649977
    },
    "7": {
      "val_acc": 0.7858,
      "gpu_hours": 0.033983206947644555
    },
    "8": {
      "val_acc": 0.7962,
      "gpu_hours": 0.03818096227116055
    },
    "9": {
      "val_acc": 0.8202,
      "gpu_hours": 0.04237431870566474
    },
    "10": {
      "val_acc": 0.8384,
      "gpu_hours": 0.04657233708434635
    },
    "11": {
      "val_acc": 0.8331,
      "gpu_hours": 0.05075376285447015
    },
    "12": {
      "val_acc": 0.8642,
      "gpu_hours": 0.054941812223858306
    },
    "13": {
      "val_acc": 0.8651,
      "gpu_hours": 0.05912084678808848
    },
    "14": {
      "val_acc": 0.8478,
      "gpu_hours": 0.06330613401201036
    },
    "15": {
      "val_acc": 0.8747,
      "gpu_hours": 0.06748634391360812
    },
    "16": {
      "val_acc": 0.8817,
      "gpu_hours": 0.0716854731241862
    },
    "17": {
      "val_acc": 0.8808,
      "gpu_hours": 0.07586500022146436
    },
    "18": {
      "val_acc": 0.8831,
      "gpu_hours": 0.08005756345060136
    },
    "19": {
      "val_acc": 0.8914,
      "gpu_hours": 0.08424732519520653
    },
    "20": {
      "val_acc": 0.8975,
      "gpu_hours": 0.08843919462627835
    },
    "21": {
      "val_acc": 0.8989,
      "gpu_hours": 0.09262152413527171
    },
    "22": {
      "val_acc": 0.904,
      "gpu_hours": 0.0968035825755861
    },
    "23": {
      "val_acc": 0.9081,
      "gpu_hours": 0.10099505960941314
    },
    "24": {
      "val_acc": 0.9072,
      "gpu_hours": 0.1051877318488227
    },
    "25": {
      "val_acc": 0.9094,
      "gpu_hours": 0.10937333954705132
    },
    "26": {
      "val_acc": 0.9135,
      "gpu_hours": 0.11356803894042969
    },
    "27": {
      "val_acc": 0.912,
      "gpu_hours": 0.1177527438931995
    },
    "28": {
      "val_acc": 0.9136,
      "gpu_hours": 0.12195609092712402
    },
    "29": {
      "val_acc": 0.9122,
      "gpu_hours": 0.12612889256742266
    }
  }
}