{
  "trial_number": 7,
  "params": {
    "lr": 0.0008179499475211679,
    "weight_decay": 0.0001256104370001356,
    "batch_size": 256,
    "dropout": 0.06974693032602092,
    "optimizer": "AdamW",
    "scheduler": "cosine",
    "model": "efficientnet_b0"
  },
  "best_val_acc": 0.781,
  "total_gpu_hours": 0.03994212342633141,
  "slurm_task": 1,
  "parallel_workers": 5,
  "sampler": "tpe",
  "dataset": "cifar10",
  "device": "cuda",
  "accuracy_thresholds": {},
  "accuracy_curve": {
    "0": {
      "val_acc": 0.3177,
      "gpu_hours": 0.0016628848181830511
    },
    "1": {
      "val_acc": 0.4529,
      "gpu_hours": 0.002984676029947069
    },
    "2": {
      "val_acc": 0.4983,
      "gpu_hours": 0.004311659799681769
    },
    "3": {
      "val_acc": 0.5489,
      "gpu_hours": 0.005625352793269687
    },
    "4": {
      "val_acc": 0.6015,
      "gpu_hours": 0.00695797238085005
    },
    "5": {
      "val_acc": 0.6216,
      "gpu_hours": 0.008267659015125698
    },
    "6": {
      "val_acc": 0.6439,
      "gpu_hours": 0.00959152685271369
    },
    "7": {
      "val_acc": 0.6727,
      "gpu_hours": 0.010912545190917122
    },
    "8": {
      "val_acc": 0.6771,
      "gpu_hours": 0.012236414949099222
    },
    "9": {
      "val_acc": 0.7045,
      "gpu_hours": 0.013557733496030172
    },
    "10": {
      "val_acc": 0.7141,
      "gpu_hours": 0.014872060351901584
    },
    "11": {
      "val_acc": 0.7178,
      "gpu_hours": 0.016192803978919982
    },
    "12": {
      "val_acc": 0.7312,
      "gpu_hours": 0.01751086235046387
    },
    "13": {
      "val_acc": 0.7432,
      "gpu_hours": 0.018839246696896024
    },
    "14": {
      "val_acc": 0.7382,
      "gpu_hours": 0.020160333514213563
    },
    "15": {
      "val_acc": 0.7516,
      "gpu_hours": 0.021482040021154617
    },
    "16": {
      "val_acc": 0.7563,
      "gpu_hours": 0.022798062298032974
    },
    "17": {
      "val_acc": 0.7562,
      "gpu_hours": 0.024111507932345073
    },
    "18": {
      "val_acc": 0.7645,
      "gpu_hours": 0.02543643057346344
    },
    "19": {
      "val_acc": 0.7642,
      "gpu_hours": 0.02675897823439704
    },
    "20": {
      "val_acc": 0.7669,
      "gpu_hours": 0.028075389133559333
    },
    "21": {
      "val_acc": 0.7733,
      "gpu_hours": 0.02940325637658437
    },
    "22": {
      "val_acc": 0.7747,
      "gpu_hours": 0.030715810325410632
    },
    "23": {
      "val_acc": 0.7753,
      "gpu_hours": 0.03203761319319407
    },
    "24": {
      "val_acc": 0.7778,
      "gpu_hours": 0.03335875981383853
    },
    "25": {
      "val_acc": 0.7798,
      "gpu_hours": 0.03467692355314891
    },
    "26": {
      "val_acc": 0.7799,
      "gpu_hours": 0.035994928346739875
    },
    "27": {
      "val_acc": 0.7793,
      "gpu_hours": 0.037308951947424146
    },
    "28": {
      "val_acc": 0.781,
      "gpu_hours": 0.03862772477997674
    },
    "29": {
      "val_acc": 0.7797,
      "gpu_hours": 0.03992870774534014
    }
  }
}