{
  "trial_number": 63,
  "params": {
    "lr": 0.0026862961480780306,
    "weight_decay": 0.004250130151289162,
    "batch_size": 128,
    "dropout": 0.21059651461160855,
    "optimizer": "AdamW",
    "scheduler": "cosine",
    "model": "resnet18"
  },
  "best_val_acc": 0.9193,
  "total_gpu_hours": 0.12562332206302218,
  "slurm_task": 33,
  "parallel_workers": 5,
  "sampler": "tpe",
  "dataset": "cifar10",
  "device": "cuda",
  "accuracy_thresholds": {
    "gpu_h_to_80pct": 0.025644933382670085,
    "gpu_h_to_85pct": 0.03816370824972788,
    "gpu_h_to_90pct": 0.07149014366997612
  },
  "accuracy_curve": {
    "0": {
      "val_acc": 0.557,
      "gpu_hours": 0.0047875526878568865
    },
    "1": {
      "val_acc": 0.5894,
      "gpu_hours": 0.008956900570127699
    },
    "2": {
      "val_acc": 0.7163,
      "gpu_hours": 0.013131925066312155
    },
    "3": {
      "val_acc": 0.7613,
      "gpu_hours": 0.01729950103494856
    },
    "4": {
      "val_acc": 0.7843,
      "gpu_hours": 0.021474094324641757
    },
    "5": {
      "val_acc": 0.8289,
      "gpu_hours": 0.025644933382670085
    },
    "6": {
      "val_acc": 0.8207,
      "gpu_hours": 0.029821232226159837
    },
    "7": {
      "val_acc": 0.8472,
      "gpu_hours": 0.03399921218554179
    },
    "8": {
      "val_acc": 0.8548,
      "gpu_hours": 0.03816370824972788
    },
    "9": {
      "val_acc": 0.8464,
      "gpu_hours": 0.042336162659857006
    },
    "10": {
      "val_acc": 0.8703,
      "gpu_hours": 0.04651423911253611
    },
    "11": {
      "val_acc": 0.8738,
      "gpu_hours": 0.050685998068915473
    },
    "12": {
      "val_acc": 0.8849,
      "gpu_hours": 0.05484521958563063
    },
    "13": {
      "val_acc": 0.8885,
      "gpu_hours": 0.0590037214756012
    },
    "14": {
      "val_acc": 0.8931,
      "gpu_hours": 0.06316238668229845
    },
    "15": {
      "val_acc": 0.8951,
      "gpu_hours": 0.06732275479369694
    },
    "16": {
      "val_acc": 0.9036,
      "gpu_hours": 0.07149014366997612
    },
    "17": {
      "val_acc": 0.9064,
      "gpu_hours": 0.07565409004688263
    },
    "18": {
      "val_acc": 0.9077,
      "gpu_hours": 0.07981951461897956
    },
    "19": {
      "val_acc": 0.911,
      "gpu_hours": 0.08398528609010908
    },
    "20": {
      "val_acc": 0.9088,
      "gpu_hours": 0.08813907239172193
    },
    "21": {
      "val_acc": 0.9117,
      "gpu_hours": 0.09231396264500089
    },
    "22": {
      "val_acc": 0.9148,
      "gpu_hours": 0.09648643460538653
    },
    "23": {
      "val_acc": 0.9163,
      "gpu_hours": 0.10065058284335666
    },
    "24": {
      "val_acc": 0.9165,
      "gpu_hours": 0.10481199933422937
    },
    "25": {
      "val_acc": 0.9176,
      "gpu_hours": 0.10896927694479625
    },
    "26": {
      "val_acc": 0.9186,
      "gpu_hours": 0.11313266966078017
    },
    "27": {
      "val_acc": 0.9189,
      "gpu_hours": 0.1172905445098877
    },
    "28": {
      "val_acc": 0.9193,
      "gpu_hours": 0.1214555596643024
    },
    "29": {
      "val_acc": 0.9187,
      "gpu_hours": 0.12560351265801323
    }
  }
}