{
  "trial_number": 46,
  "params": {
    "lr": 0.0017862899059405658,
    "weight_decay": 4.9897158813027406e-05,
    "batch_size": 64,
    "dropout": 0.0855189075529941,
    "optimizer": "AdamW",
    "scheduler": "step",
    "model": "resnet18"
  },
  "best_val_acc": 0.9196,
  "total_gpu_hours": 0.13326870832178328,
  "slurm_task": 24,
  "parallel_workers": 5,
  "sampler": "tpe",
  "dataset": "cifar10",
  "device": "cuda",
  "accuracy_thresholds": {
    "gpu_h_to_80pct": 0.02261470721827613,
    "gpu_h_to_85pct": 0.04031938499874539,
    "gpu_h_to_90pct": 0.062460449205504524
  },
  "accuracy_curve": {
    "0": {
      "val_acc": 0.5712,
      "gpu_hours": 0.004901982347170512
    },
    "1": {
      "val_acc": 0.6719,
      "gpu_hours": 0.0093375164270401
    },
    "2": {
      "val_acc": 0.7254,
      "gpu_hours": 0.013767280247476366
    },
    "3": {
      "val_acc": 0.7804,
      "gpu_hours": 0.01818400628036923
    },
    "4": {
      "val_acc": 0.8101,
      "gpu_hours": 0.02261470721827613
    },
    "5": {
      "val_acc": 0.8386,
      "gpu_hours": 0.027033869822820026
    },
    "6": {
      "val_acc": 0.8481,
      "gpu_hours": 0.03146099686622619
    },
    "7": {
      "val_acc": 0.8456,
      "gpu_hours": 0.03589604324764675
    },
    "8": {
      "val_acc": 0.8616,
      "gpu_hours": 0.04031938499874539
    },
    "9": {
      "val_acc": 0.8754,
      "gpu_hours": 0.04473920504252116
    },
    "10": {
      "val_acc": 0.8952,
      "gpu_hours": 0.049175804919666714
    },
    "11": {
      "val_acc": 0.8927,
      "gpu_hours": 0.05360726482338375
    },
    "12": {
      "val_acc": 0.897,
      "gpu_hours": 0.058037135601043705
    },
    "13": {
      "val_acc": 0.9002,
      "gpu_hours": 0.062460449205504524
    },
    "14": {
      "val_acc": 0.9011,
      "gpu_hours": 0.06687795619169871
    },
    "15": {
      "val_acc": 0.9018,
      "gpu_hours": 0.07130982756614684
    },
    "16": {
      "val_acc": 0.9008,
      "gpu_hours": 0.07571902513504028
    },
    "17": {
      "val_acc": 0.9028,
      "gpu_hours": 0.08014001833068
    },
    "18": {
      "val_acc": 0.904,
      "gpu_hours": 0.08454681873321533
    },
    "19": {
      "val_acc": 0.9067,
      "gpu_hours": 0.08896992484728496
    },
    "20": {
      "val_acc": 0.9137,
      "gpu_hours": 0.0934017409880956
    },
    "21": {
      "val_acc": 0.9154,
      "gpu_hours": 0.09784078743722703
    },
    "22": {
      "val_acc": 0.9143,
      "gpu_hours": 0.1022650796837277
    },
    "23": {
      "val_acc": 0.9151,
      "gpu_hours": 0.10669108768304189
    },
    "24": {
      "val_acc": 0.9152,
      "gpu_hours": 0.11111007087760501
    },
    "25": {
      "val_acc": 0.915,
      "gpu_hours": 0.11554150455527835
    },
    "26": {
      "val_acc": 0.9196,
      "gpu_hours": 0.11997131831116147
    },
    "27": {
      "val_acc": 0.9153,
      "gpu_hours": 0.12439413203133477
    },
    "28": {
      "val_acc": 0.914,
      "gpu_hours": 0.12882977883021038
    },
    "29": {
      "val_acc": 0.9189,
      "gpu_hours": 0.1332543647289276
    }
  }
}