{
  "trial_number": 78,
  "params": {
    "lr": 0.0013717334920845114,
    "weight_decay": 6.579753215241905e-06,
    "batch_size": 128,
    "dropout": 0.24130955485951394,
    "optimizer": "AdamW",
    "scheduler": "step",
    "model": "resnet18"
  },
  "best_val_acc": 0.9206,
  "total_gpu_hours": 0.12569872127638923,
  "slurm_task": 39,
  "parallel_workers": 5,
  "sampler": "tpe",
  "dataset": "cifar10",
  "device": "cuda",
  "accuracy_thresholds": {
    "gpu_h_to_80pct": 0.02140641649564107,
    "gpu_h_to_85pct": 0.038089243372281395,
    "gpu_h_to_90pct": 0.06728401826487647
  },
  "accuracy_curve": {
    "0": {
      "val_acc": 0.5047,
      "gpu_hours": 0.00465215351846483
    },
    "1": {
      "val_acc": 0.6826,
      "gpu_hours": 0.008852172295252482
    },
    "2": {
      "val_acc": 0.7475,
      "gpu_hours": 0.013057146933343675
    },
    "3": {
      "val_acc": 0.7462,
      "gpu_hours": 0.017235499090618556
    },
    "4": {
      "val_acc": 0.8294,
      "gpu_hours": 0.02140641649564107
    },
    "5": {
      "val_acc": 0.8264,
      "gpu_hours": 0.02557107667128245
    },
    "6": {
      "val_acc": 0.8286,
      "gpu_hours": 0.029741162723965115
    },
    "7": {
      "val_acc": 0.8404,
      "gpu_hours": 0.033913768861028884
    },
    "8": {
      "val_acc": 0.851,
      "gpu_hours": 0.038089243372281395
    },
    "9": {
      "val_acc": 0.8754,
      "gpu_hours": 0.04224943485524919
    },
    "10": {
      "val_acc": 0.8955,
      "gpu_hours": 0.04640999582078722
    },
    "11": {
      "val_acc": 0.8943,
      "gpu_hours": 0.05058266149626838
    },
    "12": {
      "val_acc": 0.8958,
      "gpu_hours": 0.05474728610780504
    },
    "13": {
      "val_acc": 0.895,
      "gpu_hours": 0.05892142547501458
    },
    "14": {
      "val_acc": 0.8947,
      "gpu_hours": 0.06309704773955875
    },
    "15": {
      "val_acc": 0.9045,
      "gpu_hours": 0.06728401826487647
    },
    "16": {
      "val_acc": 0.9033,
      "gpu_hours": 0.07145326554775239
    },
    "17": {
      "val_acc": 0.906,
      "gpu_hours": 0.0756181624200609
    },
    "18": {
      "val_acc": 0.9066,
      "gpu_hours": 0.07979116572274102
    },
    "19": {
      "val_acc": 0.9078,
      "gpu_hours": 0.08396191272470686
    },
    "20": {
      "val_acc": 0.9188,
      "gpu_hours": 0.08814525193638272
    },
    "21": {
      "val_acc": 0.9148,
      "gpu_hours": 0.09231757256719801
    },
    "22": {
      "val_acc": 0.9182,
      "gpu_hours": 0.09649204903178744
    },
    "23": {
      "val_acc": 0.9147,
      "gpu_hours": 0.10066057860851288
    },
    "24": {
      "val_acc": 0.9155,
      "gpu_hours": 0.10483268466260698
    },
    "25": {
      "val_acc": 0.9141,
      "gpu_hours": 0.10899926622708639
    },
    "26": {
      "val_acc": 0.9169,
      "gpu_hours": 0.11317803654405806
    },
    "27": {
      "val_acc": 0.9172,
      "gpu_hours": 0.11734352032343547
    },
    "28": {
      "val_acc": 0.9206,
      "gpu_hours": 0.12150947564178043
    },
    "29": {
      "val_acc": 0.9185,
      "gpu_hours": 0.12568458722697365
    }
  }
}