{
  "trial_number": 3,
  "params": {
    "lr": 0.0013292918943162175,
    "weight_decay": 0.006351221010640704,
    "batch_size": 64,
    "dropout": 0.07799726016810132,
    "optimizer": "Adam",
    "scheduler": "plateau",
    "model": "resnet18"
  },
  "best_val_acc": 0.4322,
  "total_gpu_hours": 0.13376675215032366,
  "slurm_task": 4,
  "parallel_workers": 5,
  "sampler": "tpe",
  "dataset": "cifar10",
  "device": "cuda",
  "accuracy_thresholds": {},
  "accuracy_curve": {
    "0": {
      "val_acc": 0.1266,
      "gpu_hours": 0.0051315255959828695
    },
    "1": {
      "val_acc": 0.2318,
      "gpu_hours": 0.009577807519170973
    },
    "2": {
      "val_acc": 0.3134,
      "gpu_hours": 0.014015562335650126
    },
    "3": {
      "val_acc": 0.2872,
      "gpu_hours": 0.018460106915897792
    },
    "4": {
      "val_acc": 0.2966,
      "gpu_hours": 0.02289958549870385
    },
    "5": {
      "val_acc": 0.3928,
      "gpu_hours": 0.02733344707224104
    },
    "6": {
      "val_acc": 0.405,
      "gpu_hours": 0.03175505174530877
    },
    "7": {
      "val_acc": 0.4214,
      "gpu_hours": 0.03617980665630764
    },
    "8": {
      "val_acc": 0.4274,
      "gpu_hours": 0.04066254986657036
    },
    "9": {
      "val_acc": 0.4282,
      "gpu_hours": 0.045104533897505864
    },
    "10": {
      "val_acc": 0.4275,
      "gpu_hours": 0.04953420831097497
    },
    "11": {
      "val_acc": 0.425,
      "gpu_hours": 0.05395706084039476
    },
    "12": {
      "val_acc": 0.4322,
      "gpu_hours": 0.05838135268953112
    },
    "13": {
      "val_acc": 0.4278,
      "gpu_hours": 0.06281917538907793
    },
    "14": {
      "val_acc": 0.4293,
      "gpu_hours": 0.0672637082470788
    },
    "15": {
      "val_acc": 0.4284,
      "gpu_hours": 0.07169863588280148
    },
    "16": {
      "val_acc": 0.4273,
      "gpu_hours": 0.07613446573416392
    },
    "17": {
      "val_acc": 0.4266,
      "gpu_hours": 0.0805639425251219
    },
    "18": {
      "val_acc": 0.4302,
      "gpu_hours": 0.08500010675854153
    },
    "19": {
      "val_acc": 0.4274,
      "gpu_hours": 0.08943141612741683
    },
    "20": {
      "val_acc": 0.4231,
      "gpu_hours": 0.09387043966187371
    },
    "21": {
      "val_acc": 0.4313,
      "gpu_hours": 0.09831287019782596
    },
    "22": {
      "val_acc": 0.4314,
      "gpu_hours": 0.1027550576792823
    },
    "23": {
      "val_acc": 0.431,
      "gpu_hours": 0.10718174325095282
    },
    "24": {
      "val_acc": 0.4273,
      "gpu_hours": 0.11162058836883969
    },
    "25": {
      "val_acc": 0.4266,
      "gpu_hours": 0.11604586554898157
    },
    "26": {
      "val_acc": 0.4238,
      "gpu_hours": 0.12048404508166843
    },
    "27": {
      "val_acc": 0.4303,
      "gpu_hours": 0.12489966101116605
    },
    "28": {
      "val_acc": 0.428,
      "gpu_hours": 0.12933303256829579
    },
    "29": {
      "val_acc": 0.4319,
      "gpu_hours": 0.13374967157840728
    }
  }
}