{
  "trial_number": 13,
  "params": {
    "lr": 0.00016084359753907568,
    "weight_decay": 1.641274872974598e-05,
    "batch_size": 64,
    "dropout": 0.31079679532845417,
    "optimizer": "AdamW",
    "scheduler": "cosine",
    "model": "efficientnet_b0"
  },
  "best_val_acc": 0.6959,
  "total_gpu_hours": 0.1644903517431683,
  "slurm_task": 9,
  "parallel_workers": 5,
  "sampler": "tpe",
  "dataset": "cifar10",
  "device": "cuda",
  "accuracy_thresholds": {},
  "accuracy_curve": {
    "0": {
      "val_acc": 0.2483,
      "gpu_hours": 0.0062864032718870375
    },
    "1": {
      "val_acc": 0.3499,
      "gpu_hours": 0.011836609972847833
    },
    "2": {
      "val_acc": 0.4333,
      "gpu_hours": 0.01735116998354594
    },
    "3": {
      "val_acc": 0.4846,
      "gpu_hours": 0.02284193178017934
    },
    "4": {
      "val_acc": 0.518,
      "gpu_hours": 0.028326412836710613
    },
    "5": {
      "val_acc": 0.5468,
      "gpu_hours": 0.03361165867911445
    },
    "6": {
      "val_acc": 0.5665,
      "gpu_hours": 0.038904282185766435
    },
    "7": {
      "val_acc": 0.5785,
      "gpu_hours": 0.04443471272786458
    },
    "8": {
      "val_acc": 0.5962,
      "gpu_hours": 0.04996325267685784
    },
    "9": {
      "val_acc": 0.6121,
      "gpu_hours": 0.05546957572301229
    },
    "10": {
      "val_acc": 0.6042,
      "gpu_hours": 0.060991613931126065
    },
    "11": {
      "val_acc": 0.6325,
      "gpu_hours": 0.06648661805523766
    },
    "12": {
      "val_acc": 0.6373,
      "gpu_hours": 0.07175500637955136
    },
    "13": {
      "val_acc": 0.6493,
      "gpu_hours": 0.07702088084485796
    },
    "14": {
      "val_acc": 0.6558,
      "gpu_hours": 0.08250889374150171
    },
    "15": {
      "val_acc": 0.6598,
      "gpu_hours": 0.08807279725869496
    },
    "16": {
      "val_acc": 0.6685,
      "gpu_hours": 0.09361706349584792
    },
    "17": {
      "val_acc": 0.6705,
      "gpu_hours": 0.09912548661231994
    },
    "18": {
      "val_acc": 0.6709,
      "gpu_hours": 0.10442332095570034
    },
    "19": {
      "val_acc": 0.6849,
      "gpu_hours": 0.10972415195571052
    },
    "20": {
      "val_acc": 0.6797,
      "gpu_hours": 0.11530388275782268
    },
    "21": {
      "val_acc": 0.6884,
      "gpu_hours": 0.12086291790008545
    },
    "22": {
      "val_acc": 0.6909,
      "gpu_hours": 0.12639074034161038
    },
    "23": {
      "val_acc": 0.6936,
      "gpu_hours": 0.13167539404498207
    },
    "24": {
      "val_acc": 0.6903,
      "gpu_hours": 0.1369922528664271
    },
    "25": {
      "val_acc": 0.6959,
      "gpu_hours": 0.14246788488494025
    },
    "26": {
      "val_acc": 0.6941,
      "gpu_hours": 0.1479669957028495
    },
    "27": {
      "val_acc": 0.6923,
      "gpu_hours": 0.15346317456828223
    },
    "28": {
      "val_acc": 0.6916,
      "gpu_hours": 0.1589566805627611
    },
    "29": {
      "val_acc": 0.6942,
      "gpu_hours": 0.16447739912403955
    }
  }
}