{
  "trial_number": 21,
  "params": {
    "lr": 0.0028929402965699957,
    "weight_decay": 0.0002717538616102412,
    "batch_size": 256,
    "dropout": 0.29945079566242233,
    "optimizer": "AdamW",
    "scheduler": "step",
    "model": "efficientnet_b0"
  },
  "best_val_acc": 0.82,
  "total_gpu_hours": 0.07653615090582105,
  "slurm_task": 9,
  "parallel_workers": 5,
  "sampler": "tpe",
  "dataset": "cifar10",
  "device": "cuda",
  "accuracy_thresholds": {
    "gpu_h_to_80pct": 0.053711320559183755
  },
  "accuracy_curve": {
    "0": {
      "val_acc": 0.3324,
      "gpu_hours": 0.002982881996366713
    },
    "1": {
      "val_acc": 0.4525,
      "gpu_hours": 0.005497210754288567
    },
    "2": {
      "val_acc": 0.5241,
      "gpu_hours": 0.00802022291554345
    },
    "3": {
      "val_acc": 0.6152,
      "gpu_hours": 0.010541329714987013
    },
    "4": {
      "val_acc": 0.6306,
      "gpu_hours": 0.013088125321600173
    },
    "5": {
      "val_acc": 0.6513,
      "gpu_hours": 0.015621838834550646
    },
    "6": {
      "val_acc": 0.683,
      "gpu_hours": 0.018146021829711066
    },
    "7": {
      "val_acc": 0.7038,
      "gpu_hours": 0.020680324633916218
    },
    "8": {
      "val_acc": 0.7221,
      "gpu_hours": 0.023233849869834053
    },
    "9": {
      "val_acc": 0.736,
      "gpu_hours": 0.025753184424506293
    },
    "10": {
      "val_acc": 0.7495,
      "gpu_hours": 0.028283134367730882
    },
    "11": {
      "val_acc": 0.7633,
      "gpu_hours": 0.030825283394919502
    },
    "12": {
      "val_acc": 0.7738,
      "gpu_hours": 0.033370395368999904
    },
    "13": {
      "val_acc": 0.7733,
      "gpu_hours": 0.035908894273969864
    },
    "14": {
      "val_acc": 0.7766,
      "gpu_hours": 0.03846263693438636
    },
    "15": {
      "val_acc": 0.781,
      "gpu_hours": 0.04098789665434096
    },
    "16": {
      "val_acc": 0.7843,
      "gpu_hours": 0.04354657464557224
    },
    "17": {
      "val_acc": 0.7933,
      "gpu_hours": 0.04609049022197723
    },
    "18": {
      "val_acc": 0.7927,
      "gpu_hours": 0.04863177994887034
    },
    "19": {
      "val_acc": 0.7928,
      "gpu_hours": 0.05116780009534624
    },
    "20": {
      "val_acc": 0.8072,
      "gpu_hours": 0.053711320559183755
    },
    "21": {
      "val_acc": 0.8117,
      "gpu_hours": 0.056255278454886544
    },
    "22": {
      "val_acc": 0.8092,
      "gpu_hours": 0.05880040817790561
    },
    "23": {
      "val_acc": 0.8122,
      "gpu_hours": 0.061332057118415835
    },
    "24": {
      "val_acc": 0.8129,
      "gpu_hours": 0.06385717425081465
    },
    "25": {
      "val_acc": 0.8169,
      "gpu_hours": 0.06637838337156508
    },
    "26": {
      "val_acc": 0.8122,
      "gpu_hours": 0.0689165237877104
    },
    "27": {
      "val_acc": 0.8182,
      "gpu_hours": 0.07146497944990794
    },
    "28": {
      "val_acc": 0.8186,
      "gpu_hours": 0.07399460527631972
    },
    "29": {
      "val_acc": 0.82,
      "gpu_hours": 0.07652476681603326
    }
  }
}