{
  "trial_number": 3,
  "params": {
    "lr": 0.0013292918943162175,
    "weight_decay": 0.006351221010640704,
    "batch_size": 64,
    "dropout": 0.07799726016810132,
    "optimizer": "Adam",
    "scheduler": "plateau",
    "model": "resnet18"
  },
  "best_val_acc": 0.4334,
  "total_gpu_hours": 0.04656649304760827,
  "slurm_task": 3,
  "parallel_workers": 5,
  "sampler": "tpe",
  "dataset": "cifar10",
  "device": "cuda",
  "accuracy_thresholds": {},
  "accuracy_curve": {
    "0": {
      "val_acc": 0.2294,
      "gpu_hours": 0.0020758100350697834
    },
    "1": {
      "val_acc": 0.1596,
      "gpu_hours": 0.003605100048912896
    },
    "2": {
      "val_acc": 0.3293,
      "gpu_hours": 0.005155122213893466
    },
    "3": {
      "val_acc": 0.3007,
      "gpu_hours": 0.006697621411747403
    },
    "4": {
      "val_acc": 0.3129,
      "gpu_hours": 0.008242977725134956
    },
    "5": {
      "val_acc": 0.3581,
      "gpu_hours": 0.009783372349209256
    },
    "6": {
      "val_acc": 0.4146,
      "gpu_hours": 0.011310697529051039
    },
    "7": {
      "val_acc": 0.4226,
      "gpu_hours": 0.0128534468015035
    },
    "8": {
      "val_acc": 0.4251,
      "gpu_hours": 0.014434718290964762
    },
    "9": {
      "val_acc": 0.4216,
      "gpu_hours": 0.015979889763726128
    },
    "10": {
      "val_acc": 0.433,
      "gpu_hours": 0.017517862849765354
    },
    "11": {
      "val_acc": 0.4275,
      "gpu_hours": 0.019058161841498483
    },
    "12": {
      "val_acc": 0.4277,
      "gpu_hours": 0.020616162286864387
    },
    "13": {
      "val_acc": 0.4267,
      "gpu_hours": 0.022135167519251507
    },
    "14": {
      "val_acc": 0.429,
      "gpu_hours": 0.023654547068807815
    },
    "15": {
      "val_acc": 0.4307,
      "gpu_hours": 0.025197040107515122
    },
    "16": {
      "val_acc": 0.4307,
      "gpu_hours": 0.026732573641671076
    },
    "17": {
      "val_acc": 0.4334,
      "gpu_hours": 0.028240591287612915
    },
    "18": {
      "val_acc": 0.4278,
      "gpu_hours": 0.02977477663093143
    },
    "19": {
      "val_acc": 0.4285,
      "gpu_hours": 0.03129437545935313
    },
    "20": {
      "val_acc": 0.4269,
      "gpu_hours": 0.03279932737350464
    },
    "21": {
      "val_acc": 0.4315,
      "gpu_hours": 0.034325468805101185
    },
    "22": {
      "val_acc": 0.43,
      "gpu_hours": 0.0358270616001553
    },
    "23": {
      "val_acc": 0.4293,
      "gpu_hours": 0.03735029995441437
    },
    "24": {
      "val_acc": 0.4331,
      "gpu_hours": 0.038892460266749064
    },
    "25": {
      "val_acc": 0.429,
      "gpu_hours": 0.040424887802865773
    },
    "26": {
      "val_acc": 0.4294,
      "gpu_hours": 0.04195628960927327
    },
    "27": {
      "val_acc": 0.4301,
      "gpu_hours": 0.04347043646706475
    },
    "28": {
      "val_acc": 0.4321,
      "gpu_hours": 0.04500838941997952
    },
    "29": {
      "val_acc": 0.4303,
      "gpu_hours": 0.04654701597160763
    }
  }
}