{
  "trial_number": 42,
  "params": {
    "lr": 0.0007160218107940725,
    "weight_decay": 3.995219654916356e-06,
    "batch_size": 64,
    "dropout": 0.2688763163725575,
    "optimizer": "AdamW",
    "scheduler": "step",
    "model": "resnet18"
  },
  "best_val_acc": 0.9209,
  "total_gpu_hours": 0.13434477044476403,
  "slurm_task": 23,
  "parallel_workers": 5,
  "sampler": "tpe",
  "dataset": "cifar10",
  "device": "cuda",
  "accuracy_thresholds": {
    "gpu_h_to_80pct": 0.022949460281266106,
    "gpu_h_to_85pct": 0.0408370253112581,
    "gpu_h_to_90pct": 0.06755808571974437
  },
  "accuracy_curve": {
    "0": {
      "val_acc": 0.63,
      "gpu_hours": 0.005088385277324253
    },
    "1": {
      "val_acc": 0.7115,
      "gpu_hours": 0.00956104020277659
    },
    "2": {
      "val_acc": 0.7605,
      "gpu_hours": 0.014018290506468878
    },
    "3": {
      "val_acc": 0.7821,
      "gpu_hours": 0.01848793148994446
    },
    "4": {
      "val_acc": 0.8202,
      "gpu_hours": 0.022949460281266106
    },
    "5": {
      "val_acc": 0.8405,
      "gpu_hours": 0.027430288990338645
    },
    "6": {
      "val_acc": 0.8439,
      "gpu_hours": 0.03189558168252309
    },
    "7": {
      "val_acc": 0.8317,
      "gpu_hours": 0.03637268543243408
    },
    "8": {
      "val_acc": 0.8612,
      "gpu_hours": 0.0408370253112581
    },
    "9": {
      "val_acc": 0.8705,
      "gpu_hours": 0.045304831796222265
    },
    "10": {
      "val_acc": 0.8937,
      "gpu_hours": 0.04977961725658841
    },
    "11": {
      "val_acc": 0.8991,
      "gpu_hours": 0.05423952764934964
    },
    "12": {
      "val_acc": 0.8994,
      "gpu_hours": 0.05868188175890181
    },
    "13": {
      "val_acc": 0.8995,
      "gpu_hours": 0.06312496569421557
    },
    "14": {
      "val_acc": 0.9044,
      "gpu_hours": 0.06755808571974437
    },
    "15": {
      "val_acc": 0.896,
      "gpu_hours": 0.07199990080462562
    },
    "16": {
      "val_acc": 0.9007,
      "gpu_hours": 0.0764452506436242
    },
    "17": {
      "val_acc": 0.9038,
      "gpu_hours": 0.08089055518309275
    },
    "18": {
      "val_acc": 0.9011,
      "gpu_hours": 0.08534696863757239
    },
    "19": {
      "val_acc": 0.9079,
      "gpu_hours": 0.08980174548096127
    },
    "20": {
      "val_acc": 0.917,
      "gpu_hours": 0.09424667689535353
    },
    "21": {
      "val_acc": 0.9204,
      "gpu_hours": 0.09871224595440758
    },
    "22": {
      "val_acc": 0.9169,
      "gpu_hours": 0.10316250695122613
    },
    "23": {
      "val_acc": 0.9165,
      "gpu_hours": 0.10761331485377418
    },
    "24": {
      "val_acc": 0.9185,
      "gpu_hours": 0.11206632726722293
    },
    "25": {
      "val_acc": 0.9209,
      "gpu_hours": 0.1165204570028517
    },
    "26": {
      "val_acc": 0.9158,
      "gpu_hours": 0.12096599082152049
    },
    "27": {
      "val_acc": 0.9155,
      "gpu_hours": 0.1254309943649504
    },
    "28": {
      "val_acc": 0.9134,
      "gpu_hours": 0.12987646222114563
    },
    "29": {
      "val_acc": 0.9183,
      "gpu_hours": 0.13432975014050802
    }
  }
}