{
  "trial_number": 73,
  "params": {
    "lr": 0.00032866425375302705,
    "weight_decay": 0.00014108345382220436,
    "batch_size": 128,
    "dropout": 0.018573625116575974,
    "optimizer": "AdamW",
    "scheduler": "cosine",
    "model": "resnet34"
  },
  "best_val_acc": 0.9176,
  "total_gpu_hours": 0.21727917730808258,
  "slurm_task": 34,
  "parallel_workers": 5,
  "sampler": "tpe",
  "dataset": "cifar10",
  "device": "cuda",
  "accuracy_thresholds": {
    "gpu_h_to_80pct": 0.036687659555011326,
    "gpu_h_to_85pct": 0.058353054059876334,
    "gpu_h_to_90pct": 0.14502643048763275
  },
  "accuracy_curve": {
    "0": {
      "val_acc": 0.5624,
      "gpu_hours": 0.00774106244246165
    },
    "1": {
      "val_acc": 0.6805,
      "gpu_hours": 0.014994637171427409
    },
    "2": {
      "val_acc": 0.7182,
      "gpu_hours": 0.02223232845465342
    },
    "3": {
      "val_acc": 0.7549,
      "gpu_hours": 0.02946072320143382
    },
    "4": {
      "val_acc": 0.8016,
      "gpu_hours": 0.036687659555011326
    },
    "5": {
      "val_acc": 0.8122,
      "gpu_hours": 0.0439123813311259
    },
    "6": {
      "val_acc": 0.8313,
      "gpu_hours": 0.05113264322280884
    },
    "7": {
      "val_acc": 0.8568,
      "gpu_hours": 0.058353054059876334
    },
    "8": {
      "val_acc": 0.8376,
      "gpu_hours": 0.06557768907811906
    },
    "9": {
      "val_acc": 0.856,
      "gpu_hours": 0.07279682788583967
    },
    "10": {
      "val_acc": 0.8737,
      "gpu_hours": 0.08001743223932055
    },
    "11": {
      "val_acc": 0.8627,
      "gpu_hours": 0.087235892812411
    },
    "12": {
      "val_acc": 0.8836,
      "gpu_hours": 0.09445772469043731
    },
    "13": {
      "val_acc": 0.8852,
      "gpu_hours": 0.10168260150485568
    },
    "14": {
      "val_acc": 0.8892,
      "gpu_hours": 0.10890228529771169
    },
    "15": {
      "val_acc": 0.8967,
      "gpu_hours": 0.11612456209129757
    },
    "16": {
      "val_acc": 0.8965,
      "gpu_hours": 0.12334810773531596
    },
    "17": {
      "val_acc": 0.8966,
      "gpu_hours": 0.13057262751791213
    },
    "18": {
      "val_acc": 0.896,
      "gpu_hours": 0.13780208296246
    },
    "19": {
      "val_acc": 0.9075,
      "gpu_hours": 0.14502643048763275
    },
    "20": {
      "val_acc": 0.9037,
      "gpu_hours": 0.15224482589297825
    },
    "21": {
      "val_acc": 0.9069,
      "gpu_hours": 0.15947010550234053
    },
    "22": {
      "val_acc": 0.9112,
      "gpu_hours": 0.1666942305697335
    },
    "23": {
      "val_acc": 0.912,
      "gpu_hours": 0.1739136998520957
    },
    "24": {
      "val_acc": 0.9123,
      "gpu_hours": 0.18113891535335117
    },
    "25": {
      "val_acc": 0.9151,
      "gpu_hours": 0.18836605032285056
    },
    "26": {
      "val_acc": 0.9165,
      "gpu_hours": 0.19558960086769528
    },
    "27": {
      "val_acc": 0.9175,
      "gpu_hours": 0.2028127825922436
    },
    "28": {
      "val_acc": 0.9176,
      "gpu_hours": 0.21003373384475707
    },
    "29": {
      "val_acc": 0.9175,
      "gpu_hours": 0.21726245515876347
    }
  }
}