{
  "trial_number": 52,
  "params": {
    "lr": 0.0026213039527462297,
    "weight_decay": 3.21063266484187e-05,
    "batch_size": 256,
    "dropout": 0.04644205567991114,
    "optimizer": "AdamW",
    "scheduler": "step",
    "model": "resnet18"
  },
  "best_val_acc": 0.9129,
  "total_gpu_hours": 0.1181005322933197,
  "slurm_task": 28,
  "parallel_workers": 5,
  "sampler": "tpe",
  "dataset": "cifar10",
  "device": "cuda",
  "accuracy_thresholds": {
    "gpu_h_to_80pct": 0.0319518870777554,
    "gpu_h_to_85pct": 0.043729047576586404,
    "gpu_h_to_90pct": 0.08287033842669593
  },
  "accuracy_curve": {
    "0": {
      "val_acc": 0.4936,
      "gpu_hours": 0.004538781576686435
    },
    "1": {
      "val_acc": 0.572,
      "gpu_hours": 0.008448471625645956
    },
    "2": {
      "val_acc": 0.6752,
      "gpu_hours": 0.012370083663198682
    },
    "3": {
      "val_acc": 0.7175,
      "gpu_hours": 0.016271825962596468
    },
    "4": {
      "val_acc": 0.7596,
      "gpu_hours": 0.02019373847378625
    },
    "5": {
      "val_acc": 0.7692,
      "gpu_hours": 0.02411296738518609
    },
    "6": {
      "val_acc": 0.7991,
      "gpu_hours": 0.02803275505701701
    },
    "7": {
      "val_acc": 0.8319,
      "gpu_hours": 0.0319518870777554
    },
    "8": {
      "val_acc": 0.8231,
      "gpu_hours": 0.03587109724680582
    },
    "9": {
      "val_acc": 0.8492,
      "gpu_hours": 0.039794874058829414
    },
    "10": {
      "val_acc": 0.8812,
      "gpu_hours": 0.043729047576586404
    },
    "11": {
      "val_acc": 0.8767,
      "gpu_hours": 0.04764574242962731
    },
    "12": {
      "val_acc": 0.8686,
      "gpu_hours": 0.05156744228469001
    },
    "13": {
      "val_acc": 0.8858,
      "gpu_hours": 0.05547568500041962
    },
    "14": {
      "val_acc": 0.8789,
      "gpu_hours": 0.05940445601940155
    },
    "15": {
      "val_acc": 0.894,
      "gpu_hours": 0.06332763877179888
    },
    "16": {
      "val_acc": 0.8928,
      "gpu_hours": 0.0672459833489524
    },
    "17": {
      "val_acc": 0.8951,
      "gpu_hours": 0.07115278177791172
    },
    "18": {
      "val_acc": 0.8963,
      "gpu_hours": 0.07505605174435509
    },
    "19": {
      "val_acc": 0.8928,
      "gpu_hours": 0.07895814226733314
    },
    "20": {
      "val_acc": 0.9061,
      "gpu_hours": 0.08287033842669593
    },
    "21": {
      "val_acc": 0.9072,
      "gpu_hours": 0.0867986038658354
    },
    "22": {
      "val_acc": 0.9088,
      "gpu_hours": 0.09071079558796352
    },
    "23": {
      "val_acc": 0.9116,
      "gpu_hours": 0.09461787303288778
    },
    "24": {
      "val_acc": 0.9102,
      "gpu_hours": 0.09852935519483354
    },
    "25": {
      "val_acc": 0.9027,
      "gpu_hours": 0.10242807653215197
    },
    "26": {
      "val_acc": 0.9057,
      "gpu_hours": 0.10633625970946418
    },
    "27": {
      "val_acc": 0.9087,
      "gpu_hours": 0.1102594389518102
    },
    "28": {
      "val_acc": 0.9119,
      "gpu_hours": 0.11417668203512828
    },
    "29": {
      "val_acc": 0.9129,
      "gpu_hours": 0.11808466182814704
    }
  }
}