{
  "trial_number": 0,
  "params": {
    "lr": 0.0013292918943162175,
    "weight_decay": 0.006351221010640704,
    "batch_size": 64,
    "dropout": 0.07799726016810132,
    "optimizer": "Adam",
    "scheduler": "plateau",
    "model": "resnet18"
  },
  "best_val_acc": 0.4238,
  "total_gpu_hours": 0.045991155770089893,
  "slurm_task": 5,
  "parallel_workers": 5,
  "sampler": "tpe",
  "dataset": "cifar10",
  "device": "cuda",
  "accuracy_thresholds": {},
  "accuracy_curve": {
    "0": {
      "val_acc": 0.208,
      "gpu_hours": 0.0021439007255766125
    },
    "1": {
      "val_acc": 0.1966,
      "gpu_hours": 0.003644947608311971
    },
    "2": {
      "val_acc": 0.28,
      "gpu_hours": 0.005171885026825799
    },
    "3": {
      "val_acc": 0.3271,
      "gpu_hours": 0.006684960987832811
    },
    "4": {
      "val_acc": 0.3105,
      "gpu_hours": 0.008210189408726162
    },
    "5": {
      "val_acc": 0.3444,
      "gpu_hours": 0.009721980889638266
    },
    "6": {
      "val_acc": 0.411,
      "gpu_hours": 0.01123632378048367
    },
    "7": {
      "val_acc": 0.4071,
      "gpu_hours": 0.012747358481089275
    },
    "8": {
      "val_acc": 0.4069,
      "gpu_hours": 0.01424675636821323
    },
    "9": {
      "val_acc": 0.4033,
      "gpu_hours": 0.015760827660560608
    },
    "10": {
      "val_acc": 0.415,
      "gpu_hours": 0.017275298767619664
    },
    "11": {
      "val_acc": 0.4216,
      "gpu_hours": 0.018797946373621623
    },
    "12": {
      "val_acc": 0.4201,
      "gpu_hours": 0.02029789858394199
    },
    "13": {
      "val_acc": 0.4151,
      "gpu_hours": 0.02182072679201762
    },
    "14": {
      "val_acc": 0.4223,
      "gpu_hours": 0.023325157827801174
    },
    "15": {
      "val_acc": 0.419,
      "gpu_hours": 0.02483846061759525
    },
    "16": {
      "val_acc": 0.4201,
      "gpu_hours": 0.026363029016388786
    },
    "17": {
      "val_acc": 0.4233,
      "gpu_hours": 0.027854321930143568
    },
    "18": {
      "val_acc": 0.4226,
      "gpu_hours": 0.029360450506210327
    },
    "19": {
      "val_acc": 0.4206,
      "gpu_hours": 0.03087819556395213
    },
    "20": {
      "val_acc": 0.4181,
      "gpu_hours": 0.03240310231844584
    },
    "21": {
      "val_acc": 0.4199,
      "gpu_hours": 0.03392294016149309
    },
    "22": {
      "val_acc": 0.4198,
      "gpu_hours": 0.035414593285984466
    },
    "23": {
      "val_acc": 0.4196,
      "gpu_hours": 0.03692661384741465
    },
    "24": {
      "val_acc": 0.4184,
      "gpu_hours": 0.03843078295389811
    },
    "25": {
      "val_acc": 0.4205,
      "gpu_hours": 0.039956249462233646
    },
    "26": {
      "val_acc": 0.4184,
      "gpu_hours": 0.041460324393378364
    },
    "27": {
      "val_acc": 0.4209,
      "gpu_hours": 0.04298560314708286
    },
    "28": {
      "val_acc": 0.4188,
      "gpu_hours": 0.044487540589438546
    },
    "29": {
      "val_acc": 0.4238,
      "gpu_hours": 0.04597642713122898
    }
  }
}