{
  "trial_number": 6,
  "params": {
    "lr": 0.0008179499475211679,
    "weight_decay": 0.0001256104370001356,
    "batch_size": 256,
    "dropout": 0.06974693032602092,
    "optimizer": "AdamW",
    "scheduler": "cosine",
    "model": "efficientnet_b0"
  },
  "best_val_acc": 0.7752,
  "total_gpu_hours": 0.07593738979763455,
  "slurm_task": 5,
  "parallel_workers": 5,
  "sampler": "tpe",
  "dataset": "cifar10",
  "device": "cuda",
  "accuracy_thresholds": {},
  "accuracy_curve": {
    "0": {
      "val_acc": 0.351,
      "gpu_hours": 0.002986081772380405
    },
    "1": {
      "val_acc": 0.4675,
      "gpu_hours": 0.005483680963516235
    },
    "2": {
      "val_acc": 0.5174,
      "gpu_hours": 0.00798391428258684
    },
    "3": {
      "val_acc": 0.5567,
      "gpu_hours": 0.010494042568736607
    },
    "4": {
      "val_acc": 0.5936,
      "gpu_hours": 0.013007148901621501
    },
    "5": {
      "val_acc": 0.61,
      "gpu_hours": 0.015523639520009359
    },
    "6": {
      "val_acc": 0.6583,
      "gpu_hours": 0.01804742091231876
    },
    "7": {
      "val_acc": 0.671,
      "gpu_hours": 0.020556369490093655
    },
    "8": {
      "val_acc": 0.6817,
      "gpu_hours": 0.023056866923967998
    },
    "9": {
      "val_acc": 0.7008,
      "gpu_hours": 0.02557258235083686
    },
    "10": {
      "val_acc": 0.7083,
      "gpu_hours": 0.028120887676874796
    },
    "11": {
      "val_acc": 0.7151,
      "gpu_hours": 0.0306258800956938
    },
    "12": {
      "val_acc": 0.7309,
      "gpu_hours": 0.03315908273061117
    },
    "13": {
      "val_acc": 0.7282,
      "gpu_hours": 0.035683446526527406
    },
    "14": {
      "val_acc": 0.7366,
      "gpu_hours": 0.038185386326577926
    },
    "15": {
      "val_acc": 0.7454,
      "gpu_hours": 0.040705161756939355
    },
    "16": {
      "val_acc": 0.7391,
      "gpu_hours": 0.04321298082669576
    },
    "17": {
      "val_acc": 0.7506,
      "gpu_hours": 0.0457290432188246
    },
    "18": {
      "val_acc": 0.7544,
      "gpu_hours": 0.0482529173956977
    },
    "19": {
      "val_acc": 0.7593,
      "gpu_hours": 0.05077149477269914
    },
    "20": {
      "val_acc": 0.7617,
      "gpu_hours": 0.05327113058831957
    },
    "21": {
      "val_acc": 0.7658,
      "gpu_hours": 0.05579469250308143
    },
    "22": {
      "val_acc": 0.7686,
      "gpu_hours": 0.05830194493134817
    },
    "23": {
      "val_acc": 0.7711,
      "gpu_hours": 0.060816946625709536
    },
    "24": {
      "val_acc": 0.7747,
      "gpu_hours": 0.06333459993203482
    },
    "25": {
      "val_acc": 0.773,
      "gpu_hours": 0.06583577533562979
    },
    "26": {
      "val_acc": 0.7734,
      "gpu_hours": 0.06836183130741119
    },
    "27": {
      "val_acc": 0.7752,
      "gpu_hours": 0.0708872311645084
    },
    "28": {
      "val_acc": 0.7748,
      "gpu_hours": 0.07340513878398472
    },
    "29": {
      "val_acc": 0.774,
      "gpu_hours": 0.07591960476504432
    }
  }
}