{
  "trial_number": 28,
  "params": {
    "lr": 0.009059231542208687,
    "weight_decay": 2.381165116073736e-05,
    "batch_size": 256,
    "dropout": 0.3957518169456586,
    "optimizer": "AdamW",
    "scheduler": "step",
    "model": "resnet18"
  },
  "best_val_acc": 0.9089,
  "total_gpu_hours": 0.11878968020280202,
  "slurm_task": 15,
  "parallel_workers": 5,
  "sampler": "tpe",
  "dataset": "cifar10",
  "device": "cuda",
  "accuracy_thresholds": {
    "gpu_h_to_80pct": 0.03198065843847063,
    "gpu_h_to_85pct": 0.04380035592450036,
    "gpu_h_to_90pct": 0.08323237280050913
  },
  "accuracy_curve": {
    "0": {
      "val_acc": 0.4496,
      "gpu_hours": 0.004407344261805216
    },
    "1": {
      "val_acc": 0.5589,
      "gpu_hours": 0.008350623647371928
    },
    "2": {
      "val_acc": 0.6162,
      "gpu_hours": 0.012284402714835272
    },
    "3": {
      "val_acc": 0.6749,
      "gpu_hours": 0.01622607111930847
    },
    "4": {
      "val_acc": 0.7311,
      "gpu_hours": 0.020164026618003844
    },
    "5": {
      "val_acc": 0.7731,
      "gpu_hours": 0.024094130727979873
    },
    "6": {
      "val_acc": 0.7776,
      "gpu_hours": 0.028038088811768426
    },
    "7": {
      "val_acc": 0.82,
      "gpu_hours": 0.03198065843847063
    },
    "8": {
      "val_acc": 0.8209,
      "gpu_hours": 0.03591165198220147
    },
    "9": {
      "val_acc": 0.8237,
      "gpu_hours": 0.039861257870992026
    },
    "10": {
      "val_acc": 0.8661,
      "gpu_hours": 0.04380035592450036
    },
    "11": {
      "val_acc": 0.8729,
      "gpu_hours": 0.04773605876498752
    },
    "12": {
      "val_acc": 0.8719,
      "gpu_hours": 0.05168911139170329
    },
    "13": {
      "val_acc": 0.8752,
      "gpu_hours": 0.0556366095940272
    },
    "14": {
      "val_acc": 0.8833,
      "gpu_hours": 0.05957582831382752
    },
    "15": {
      "val_acc": 0.8751,
      "gpu_hours": 0.06351578209135267
    },
    "16": {
      "val_acc": 0.8819,
      "gpu_hours": 0.06745014568169912
    },
    "17": {
      "val_acc": 0.8849,
      "gpu_hours": 0.07139613972769843
    },
    "18": {
      "val_acc": 0.8932,
      "gpu_hours": 0.07534394078784519
    },
    "19": {
      "val_acc": 0.8911,
      "gpu_hours": 0.0792844526635276
    },
    "20": {
      "val_acc": 0.9079,
      "gpu_hours": 0.08323237280050913
    },
    "21": {
      "val_acc": 0.908,
      "gpu_hours": 0.08717731349998051
    },
    "22": {
      "val_acc": 0.9055,
      "gpu_hours": 0.09114382531907823
    },
    "23": {
      "val_acc": 0.9047,
      "gpu_hours": 0.09508956127696568
    },
    "24": {
      "val_acc": 0.9036,
      "gpu_hours": 0.09902986745039621
    },
    "25": {
      "val_acc": 0.9043,
      "gpu_hours": 0.10297783368163639
    },
    "26": {
      "val_acc": 0.9047,
      "gpu_hours": 0.1069242947631412
    },
    "27": {
      "val_acc": 0.9073,
      "gpu_hours": 0.11087509320841896
    },
    "28": {
      "val_acc": 0.9089,
      "gpu_hours": 0.11481735176510281
    },
    "29": {
      "val_acc": 0.9073,
      "gpu_hours": 0.11877272254890865
    }
  }
}