{
  "trial_number": 8,
  "params": {
    "lr": 0.0008179499475211679,
    "weight_decay": 0.0001256104370001356,
    "batch_size": 256,
    "dropout": 0.06974693032602092,
    "optimizer": "AdamW",
    "scheduler": "cosine",
    "model": "efficientnet_b0"
  },
  "best_val_acc": 0.7703,
  "total_gpu_hours": 0.07589543143908183,
  "slurm_task": 2,
  "parallel_workers": 5,
  "sampler": "tpe",
  "dataset": "cifar10",
  "device": "cuda",
  "accuracy_thresholds": {},
  "accuracy_curve": {
    "0": {
      "val_acc": 0.3686,
      "gpu_hours": 0.0029889835251702204
    },
    "1": {
      "val_acc": 0.4541,
      "gpu_hours": 0.005501115984386868
    },
    "2": {
      "val_acc": 0.5201,
      "gpu_hours": 0.008027587532997132
    },
    "3": {
      "val_acc": 0.5434,
      "gpu_hours": 0.010566463073094686
    },
    "4": {
      "val_acc": 0.5829,
      "gpu_hours": 0.013077062964439392
    },
    "5": {
      "val_acc": 0.6065,
      "gpu_hours": 0.015587817496723598
    },
    "6": {
      "val_acc": 0.6336,
      "gpu_hours": 0.018101467887560528
    },
    "7": {
      "val_acc": 0.6617,
      "gpu_hours": 0.020603680941793653
    },
    "8": {
      "val_acc": 0.6673,
      "gpu_hours": 0.02309875316090054
    },
    "9": {
      "val_acc": 0.6785,
      "gpu_hours": 0.02561584406428867
    },
    "10": {
      "val_acc": 0.7024,
      "gpu_hours": 0.02813554777039422
    },
    "11": {
      "val_acc": 0.7076,
      "gpu_hours": 0.03065626170900133
    },
    "12": {
      "val_acc": 0.7156,
      "gpu_hours": 0.03317207760281033
    },
    "13": {
      "val_acc": 0.7246,
      "gpu_hours": 0.0356877742211024
    },
    "14": {
      "val_acc": 0.7271,
      "gpu_hours": 0.0382086635960473
    },
    "15": {
      "val_acc": 0.7372,
      "gpu_hours": 0.040720028811030914
    },
    "16": {
      "val_acc": 0.7453,
      "gpu_hours": 0.04324495057264964
    },
    "17": {
      "val_acc": 0.7437,
      "gpu_hours": 0.04574745237827301
    },
    "18": {
      "val_acc": 0.7534,
      "gpu_hours": 0.048245481120215525
    },
    "19": {
      "val_acc": 0.7541,
      "gpu_hours": 0.05075138429800669
    },
    "20": {
      "val_acc": 0.7577,
      "gpu_hours": 0.053281334108776515
    },
    "21": {
      "val_acc": 0.7621,
      "gpu_hours": 0.05579627745681339
    },
    "22": {
      "val_acc": 0.7636,
      "gpu_hours": 0.05829669747087691
    },
    "23": {
      "val_acc": 0.7672,
      "gpu_hours": 0.06081246309810215
    },
    "24": {
      "val_acc": 0.7667,
      "gpu_hours": 0.06333341148164537
    },
    "25": {
      "val_acc": 0.7703,
      "gpu_hours": 0.06583765069643656
    },
    "26": {
      "val_acc": 0.7688,
      "gpu_hours": 0.068343346118927
    },
    "27": {
      "val_acc": 0.768,
      "gpu_hours": 0.0708413361840778
    },
    "28": {
      "val_acc": 0.7684,
      "gpu_hours": 0.07336160514089796
    },
    "29": {
      "val_acc": 0.7679,
      "gpu_hours": 0.07587811827659607
    }
  }
}