{
  "trial_number": 50,
  "params": {
    "lr": 0.0005769476150287135,
    "weight_decay": 0.0003212027371134594,
    "batch_size": 128,
    "dropout": 0.17054623327163548,
    "optimizer": "AdamW",
    "scheduler": "cosine",
    "model": "resnet18"
  },
  "best_val_acc": 0.9226,
  "total_gpu_hours": 0.1249322133594089,
  "slurm_task": 25,
  "parallel_workers": 5,
  "sampler": "tpe",
  "dataset": "cifar10",
  "device": "cuda",
  "accuracy_thresholds": {
    "gpu_h_to_80pct": 0.021221687528822156,
    "gpu_h_to_85pct": 0.03366868688000573,
    "gpu_h_to_90pct": 0.07101325982146793
  },
  "accuracy_curve": {
    "0": {
      "val_acc": 0.5348,
      "gpu_hours": 0.004614345894919501
    },
    "1": {
      "val_acc": 0.677,
      "gpu_hours": 0.008755157788594564
    },
    "2": {
      "val_acc": 0.7277,
      "gpu_hours": 0.012913007272614373
    },
    "3": {
      "val_acc": 0.7428,
      "gpu_hours": 0.017061274117893644
    },
    "4": {
      "val_acc": 0.8121,
      "gpu_hours": 0.021221687528822156
    },
    "5": {
      "val_acc": 0.8021,
      "gpu_hours": 0.025381162497732375
    },
    "6": {
      "val_acc": 0.8313,
      "gpu_hours": 0.029528350565168594
    },
    "7": {
      "val_acc": 0.8515,
      "gpu_hours": 0.03366868688000573
    },
    "8": {
      "val_acc": 0.8467,
      "gpu_hours": 0.037804265088505214
    },
    "9": {
      "val_acc": 0.8482,
      "gpu_hours": 0.0419448502196206
    },
    "10": {
      "val_acc": 0.8744,
      "gpu_hours": 0.04607576734489865
    },
    "11": {
      "val_acc": 0.8769,
      "gpu_hours": 0.05025005572372013
    },
    "12": {
      "val_acc": 0.8939,
      "gpu_hours": 0.0544020887878206
    },
    "13": {
      "val_acc": 0.889,
      "gpu_hours": 0.05855923208925459
    },
    "14": {
      "val_acc": 0.8842,
      "gpu_hours": 0.0627086279127333
    },
    "15": {
      "val_acc": 0.8943,
      "gpu_hours": 0.06686817460589939
    },
    "16": {
      "val_acc": 0.9011,
      "gpu_hours": 0.07101325982146793
    },
    "17": {
      "val_acc": 0.9048,
      "gpu_hours": 0.07516561561160617
    },
    "18": {
      "val_acc": 0.9057,
      "gpu_hours": 0.07933029214541118
    },
    "19": {
      "val_acc": 0.9113,
      "gpu_hours": 0.08346268547905816
    },
    "20": {
      "val_acc": 0.9145,
      "gpu_hours": 0.08761232978767819
    },
    "21": {
      "val_acc": 0.9131,
      "gpu_hours": 0.09174671305550469
    },
    "22": {
      "val_acc": 0.9172,
      "gpu_hours": 0.09589948832988739
    },
    "23": {
      "val_acc": 0.917,
      "gpu_hours": 0.10003069208727942
    },
    "24": {
      "val_acc": 0.9179,
      "gpu_hours": 0.10417478468683031
    },
    "25": {
      "val_acc": 0.9211,
      "gpu_hours": 0.1083118325471878
    },
    "26": {
      "val_acc": 0.9213,
      "gpu_hours": 0.11245632390181223
    },
    "27": {
      "val_acc": 0.9221,
      "gpu_hours": 0.11661841657426622
    },
    "28": {
      "val_acc": 0.9226,
      "gpu_hours": 0.12077093111144172
    },
    "29": {
      "val_acc": 0.9223,
      "gpu_hours": 0.12491898139317831
    }
  }
}