{
  "trial_number": 31,
  "params": {
    "lr": 0.0006311475102833188,
    "weight_decay": 0.00010527577738831896,
    "batch_size": 64,
    "dropout": 0.0406861654496416,
    "optimizer": "AdamW",
    "scheduler": "step",
    "model": "resnet18"
  },
  "best_val_acc": 0.9226,
  "total_gpu_hours": 0.13387697299321494,
  "slurm_task": 17,
  "parallel_workers": 5,
  "sampler": "tpe",
  "dataset": "cifar10",
  "device": "cuda",
  "accuracy_thresholds": {
    "gpu_h_to_80pct": 0.02274607459704081,
    "gpu_h_to_85pct": 0.03608418544133504,
    "gpu_h_to_90pct": 0.053836515744527184
  },
  "accuracy_curve": {
    "0": {
      "val_acc": 0.5558,
      "gpu_hours": 0.005036141276359558
    },
    "1": {
      "val_acc": 0.7016,
      "gpu_hours": 0.009470636447270711
    },
    "2": {
      "val_acc": 0.7135,
      "gpu_hours": 0.013876500924428305
    },
    "3": {
      "val_acc": 0.7768,
      "gpu_hours": 0.018316382434633044
    },
    "4": {
      "val_acc": 0.8153,
      "gpu_hours": 0.02274607459704081
    },
    "5": {
      "val_acc": 0.8424,
      "gpu_hours": 0.02719031771024068
    },
    "6": {
      "val_acc": 0.8319,
      "gpu_hours": 0.03163422571288215
    },
    "7": {
      "val_acc": 0.8628,
      "gpu_hours": 0.03608418544133504
    },
    "8": {
      "val_acc": 0.8583,
      "gpu_hours": 0.040514873133765325
    },
    "9": {
      "val_acc": 0.8521,
      "gpu_hours": 0.044950169457329645
    },
    "10": {
      "val_acc": 0.8923,
      "gpu_hours": 0.04938962373468611
    },
    "11": {
      "val_acc": 0.9,
      "gpu_hours": 0.053836515744527184
    },
    "12": {
      "val_acc": 0.8987,
      "gpu_hours": 0.05826221068700155
    },
    "13": {
      "val_acc": 0.9063,
      "gpu_hours": 0.06271443049112956
    },
    "14": {
      "val_acc": 0.9034,
      "gpu_hours": 0.06715639293193817
    },
    "15": {
      "val_acc": 0.907,
      "gpu_hours": 0.07160399940278794
    },
    "16": {
      "val_acc": 0.8972,
      "gpu_hours": 0.07605731930997636
    },
    "17": {
      "val_acc": 0.9058,
      "gpu_hours": 0.08050446973906623
    },
    "18": {
      "val_acc": 0.9095,
      "gpu_hours": 0.08496076650089687
    },
    "19": {
      "val_acc": 0.9127,
      "gpu_hours": 0.0894101549519433
    },
    "20": {
      "val_acc": 0.9177,
      "gpu_hours": 0.0938637865251965
    },
    "21": {
      "val_acc": 0.92,
      "gpu_hours": 0.0983143769370185
    },
    "22": {
      "val_acc": 0.921,
      "gpu_hours": 0.10275428480572171
    },
    "23": {
      "val_acc": 0.9213,
      "gpu_hours": 0.1071872568792767
    },
    "24": {
      "val_acc": 0.9178,
      "gpu_hours": 0.11163737310303581
    },
    "25": {
      "val_acc": 0.9196,
      "gpu_hours": 0.11607206020090315
    },
    "26": {
      "val_acc": 0.9201,
      "gpu_hours": 0.12052559064494239
    },
    "27": {
      "val_acc": 0.9212,
      "gpu_hours": 0.12496641205416785
    },
    "28": {
      "val_acc": 0.9226,
      "gpu_hours": 0.12939983838134342
    },
    "29": {
      "val_acc": 0.9206,
      "gpu_hours": 0.13385738677448697
    }
  }
}