{
  "trial_number": 7,
  "params": {
    "lr": 0.0008179499475211679,
    "weight_decay": 0.0001256104370001356,
    "batch_size": 256,
    "dropout": 0.06974693032602092,
    "optimizer": "AdamW",
    "scheduler": "cosine",
    "model": "efficientnet_b0"
  },
  "best_val_acc": 0.7738,
  "total_gpu_hours": 0.07537208245860205,
  "slurm_task": 4,
  "parallel_workers": 5,
  "sampler": "tpe",
  "dataset": "cifar10",
  "device": "cuda",
  "accuracy_thresholds": {},
  "accuracy_curve": {
    "0": {
      "val_acc": 0.3465,
      "gpu_hours": 0.002962488399611579
    },
    "1": {
      "val_acc": 0.4633,
      "gpu_hours": 0.00544729855325487
    },
    "2": {
      "val_acc": 0.528,
      "gpu_hours": 0.00794213679101732
    },
    "3": {
      "val_acc": 0.5766,
      "gpu_hours": 0.01044300244914161
    },
    "4": {
      "val_acc": 0.5845,
      "gpu_hours": 0.012942409714063009
    },
    "5": {
      "val_acc": 0.6215,
      "gpu_hours": 0.015427270664109123
    },
    "6": {
      "val_acc": 0.6494,
      "gpu_hours": 0.017931804921891954
    },
    "7": {
      "val_acc": 0.6686,
      "gpu_hours": 0.0204326069355011
    },
    "8": {
      "val_acc": 0.6853,
      "gpu_hours": 0.02293864005141788
    },
    "9": {
      "val_acc": 0.6964,
      "gpu_hours": 0.025419346425268385
    },
    "10": {
      "val_acc": 0.707,
      "gpu_hours": 0.02790461202462514
    },
    "11": {
      "val_acc": 0.7093,
      "gpu_hours": 0.030399668878979155
    },
    "12": {
      "val_acc": 0.72,
      "gpu_hours": 0.03292030645741357
    },
    "13": {
      "val_acc": 0.7245,
      "gpu_hours": 0.03541363047228919
    },
    "14": {
      "val_acc": 0.736,
      "gpu_hours": 0.03791070448027717
    },
    "15": {
      "val_acc": 0.7403,
      "gpu_hours": 0.040396409498320685
    },
    "16": {
      "val_acc": 0.7454,
      "gpu_hours": 0.04289967914422353
    },
    "17": {
      "val_acc": 0.7509,
      "gpu_hours": 0.0453824864493476
    },
    "18": {
      "val_acc": 0.7543,
      "gpu_hours": 0.047895524038208855
    },
    "19": {
      "val_acc": 0.7613,
      "gpu_hours": 0.050389633973439533
    },
    "20": {
      "val_acc": 0.7648,
      "gpu_hours": 0.05288370192050934
    },
    "21": {
      "val_acc": 0.7649,
      "gpu_hours": 0.055400097966194155
    },
    "22": {
      "val_acc": 0.7655,
      "gpu_hours": 0.05788201113541921
    },
    "23": {
      "val_acc": 0.7709,
      "gpu_hours": 0.06038648373550839
    },
    "24": {
      "val_acc": 0.7681,
      "gpu_hours": 0.0628847661283281
    },
    "25": {
      "val_acc": 0.7708,
      "gpu_hours": 0.06537880851162804
    },
    "26": {
      "val_acc": 0.7717,
      "gpu_hours": 0.06788088526990678
    },
    "27": {
      "val_acc": 0.7738,
      "gpu_hours": 0.07036859956052569
    },
    "28": {
      "val_acc": 0.7729,
      "gpu_hours": 0.07285980059040917
    },
    "29": {
      "val_acc": 0.7731,
      "gpu_hours": 0.07535688804255591
    }
  }
}