{
  "trial_number": 24,
  "params": {
    "lr": 0.0008557715401583404,
    "weight_decay": 1.7319339972698845e-05,
    "batch_size": 128,
    "dropout": 0.08940657934060163,
    "optimizer": "AdamW",
    "scheduler": "plateau",
    "model": "resnet34"
  },
  "best_val_acc": 0.8779,
  "total_gpu_hours": 0.2200402859184477,
  "slurm_task": 13,
  "parallel_workers": 5,
  "sampler": "tpe",
  "dataset": "cifar10",
  "device": "cuda",
  "accuracy_thresholds": {
    "gpu_h_to_80pct": 0.04440742823812697,
    "gpu_h_to_85pct": 0.04440742823812697
  },
  "accuracy_curve": {
    "0": {
      "val_acc": 0.5166,
      "gpu_hours": 0.007803683479626973
    },
    "1": {
      "val_acc": 0.6479,
      "gpu_hours": 0.015131001141336229
    },
    "2": {
      "val_acc": 0.7268,
      "gpu_hours": 0.02245566103193495
    },
    "3": {
      "val_acc": 0.7497,
      "gpu_hours": 0.029771462811364068
    },
    "4": {
      "val_acc": 0.78,
      "gpu_hours": 0.03709115240308974
    },
    "5": {
      "val_acc": 0.8576,
      "gpu_hours": 0.04440742823812697
    },
    "6": {
      "val_acc": 0.8659,
      "gpu_hours": 0.05173432058758206
    },
    "7": {
      "val_acc": 0.8704,
      "gpu_hours": 0.05905645350615184
    },
    "8": {
      "val_acc": 0.8755,
      "gpu_hours": 0.06638112114535438
    },
    "9": {
      "val_acc": 0.8739,
      "gpu_hours": 0.07371574613783094
    },
    "10": {
      "val_acc": 0.8763,
      "gpu_hours": 0.08103342764907413
    },
    "11": {
      "val_acc": 0.8766,
      "gpu_hours": 0.08834474152988858
    },
    "12": {
      "val_acc": 0.8759,
      "gpu_hours": 0.09566563765207926
    },
    "13": {
      "val_acc": 0.8771,
      "gpu_hours": 0.10298925704426236
    },
    "14": {
      "val_acc": 0.8767,
      "gpu_hours": 0.11031360414293077
    },
    "15": {
      "val_acc": 0.8748,
      "gpu_hours": 0.11763671894868215
    },
    "16": {
      "val_acc": 0.8749,
      "gpu_hours": 0.12495634257793427
    },
    "17": {
      "val_acc": 0.8761,
      "gpu_hours": 0.13227576911449432
    },
    "18": {
      "val_acc": 0.8765,
      "gpu_hours": 0.13959187222851646
    },
    "19": {
      "val_acc": 0.8774,
      "gpu_hours": 0.14691646416982015
    },
    "20": {
      "val_acc": 0.8771,
      "gpu_hours": 0.15424969229433272
    },
    "21": {
      "val_acc": 0.8765,
      "gpu_hours": 0.16158086134327782
    },
    "22": {
      "val_acc": 0.8773,
      "gpu_hours": 0.16890450298786164
    },
    "23": {
      "val_acc": 0.8777,
      "gpu_hours": 0.17621334082550472
    },
    "24": {
      "val_acc": 0.8772,
      "gpu_hours": 0.18352637635336982
    },
    "25": {
      "val_acc": 0.8779,
      "gpu_hours": 0.1908380965391795
    },
    "26": {
      "val_acc": 0.8779,
      "gpu_hours": 0.19815077053176033
    },
    "27": {
      "val_acc": 0.8776,
      "gpu_hours": 0.20546272390418582
    },
    "28": {
      "val_acc": 0.8768,
      "gpu_hours": 0.2127492152982288
    },
    "29": {
      "val_acc": 0.8766,
      "gpu_hours": 0.220027390188641
    }
  }
}