{
  "trial_number": 40,
  "params": {
    "lr": 0.00040446215161897174,
    "weight_decay": 1.8915012926276295e-05,
    "batch_size": 64,
    "dropout": 0.10815845874670185,
    "optimizer": "AdamW",
    "scheduler": "plateau",
    "model": "resnet18"
  },
  "best_val_acc": 0.8849,
  "total_gpu_hours": 0.1337218442890379,
  "slurm_task": 22,
  "parallel_workers": 5,
  "sampler": "tpe",
  "dataset": "cifar10",
  "device": "cuda",
  "accuracy_thresholds": {
    "gpu_h_to_80pct": 0.02273510773976644,
    "gpu_h_to_85pct": 0.027151793042818704
  },
  "accuracy_curve": {
    "0": {
      "val_acc": 0.6191,
      "gpu_hours": 0.00503939860396915
    },
    "1": {
      "val_acc": 0.709,
      "gpu_hours": 0.009463543030950759
    },
    "2": {
      "val_acc": 0.7421,
      "gpu_hours": 0.013889607853359647
    },
    "3": {
      "val_acc": 0.763,
      "gpu_hours": 0.018314092026816473
    },
    "4": {
      "val_acc": 0.828,
      "gpu_hours": 0.02273510773976644
    },
    "5": {
      "val_acc": 0.8647,
      "gpu_hours": 0.027151793042818704
    },
    "6": {
      "val_acc": 0.8741,
      "gpu_hours": 0.0315918614466985
    },
    "7": {
      "val_acc": 0.8742,
      "gpu_hours": 0.03602621701028612
    },
    "8": {
      "val_acc": 0.8793,
      "gpu_hours": 0.04045347074667613
    },
    "9": {
      "val_acc": 0.8793,
      "gpu_hours": 0.044889359341727365
    },
    "10": {
      "val_acc": 0.882,
      "gpu_hours": 0.04932689057456122
    },
    "11": {
      "val_acc": 0.8809,
      "gpu_hours": 0.05376597457461887
    },
    "12": {
      "val_acc": 0.882,
      "gpu_hours": 0.05818356600072649
    },
    "13": {
      "val_acc": 0.8823,
      "gpu_hours": 0.06262336717711554
    },
    "14": {
      "val_acc": 0.8834,
      "gpu_hours": 0.06704253746403588
    },
    "15": {
      "val_acc": 0.8826,
      "gpu_hours": 0.07145127839512296
    },
    "16": {
      "val_acc": 0.881,
      "gpu_hours": 0.07588230119811164
    },
    "17": {
      "val_acc": 0.8834,
      "gpu_hours": 0.08032925499810113
    },
    "18": {
      "val_acc": 0.882,
      "gpu_hours": 0.0847785155640708
    },
    "19": {
      "val_acc": 0.8836,
      "gpu_hours": 0.08923362135887146
    },
    "20": {
      "val_acc": 0.8848,
      "gpu_hours": 0.09368827601273855
    },
    "21": {
      "val_acc": 0.8832,
      "gpu_hours": 0.09815246164798737
    },
    "22": {
      "val_acc": 0.8833,
      "gpu_hours": 0.10259642481803893
    },
    "23": {
      "val_acc": 0.8849,
      "gpu_hours": 0.10702078097396427
    },
    "24": {
      "val_acc": 0.8845,
      "gpu_hours": 0.11145473062992096
    },
    "25": {
      "val_acc": 0.8832,
      "gpu_hours": 0.11589753621154361
    },
    "26": {
      "val_acc": 0.8837,
      "gpu_hours": 0.12034068551328447
    },
    "27": {
      "val_acc": 0.8841,
      "gpu_hours": 0.12478691657384236
    },
    "28": {
      "val_acc": 0.883,
      "gpu_hours": 0.12924775739510855
    },
    "29": {
      "val_acc": 0.8829,
      "gpu_hours": 0.13370355751779345
    }
  }
}