{
  "trial_number": 68,
  "params": {
    "lr": 0.0010517286505444196,
    "weight_decay": 1.7333173560181443e-06,
    "batch_size": 64,
    "dropout": 0.03265360838391805,
    "optimizer": "AdamW",
    "scheduler": "step",
    "model": "resnet18"
  },
  "best_val_acc": 0.9207,
  "total_gpu_hours": 0.1338031433025996,
  "slurm_task": 33,
  "parallel_workers": 5,
  "sampler": "tpe",
  "dataset": "cifar10",
  "device": "cuda",
  "accuracy_thresholds": {
    "gpu_h_to_80pct": 0.018288077712059023,
    "gpu_h_to_85pct": 0.04049576653374566,
    "gpu_h_to_90pct": 0.05377078155676524
  },
  "accuracy_curve": {
    "0": {
      "val_acc": 0.5758,
      "gpu_hours": 0.004904620779885186
    },
    "1": {
      "val_acc": 0.7012,
      "gpu_hours": 0.009368507199817234
    },
    "2": {
      "val_acc": 0.7663,
      "gpu_hours": 0.013825324442651537
    },
    "3": {
      "val_acc": 0.8174,
      "gpu_hours": 0.018288077712059023
    },
    "4": {
      "val_acc": 0.8131,
      "gpu_hours": 0.02273925933572981
    },
    "5": {
      "val_acc": 0.8386,
      "gpu_hours": 0.027184643480512832
    },
    "6": {
      "val_acc": 0.8461,
      "gpu_hours": 0.03163765046331617
    },
    "7": {
      "val_acc": 0.8494,
      "gpu_hours": 0.03607458664311303
    },
    "8": {
      "val_acc": 0.8571,
      "gpu_hours": 0.04049576653374566
    },
    "9": {
      "val_acc": 0.8831,
      "gpu_hours": 0.04491687417030334
    },
    "10": {
      "val_acc": 0.8951,
      "gpu_hours": 0.04934298316637675
    },
    "11": {
      "val_acc": 0.9003,
      "gpu_hours": 0.05377078155676524
    },
    "12": {
      "val_acc": 0.9031,
      "gpu_hours": 0.0581954550743103
    },
    "13": {
      "val_acc": 0.9021,
      "gpu_hours": 0.06262604508135054
    },
    "14": {
      "val_acc": 0.9052,
      "gpu_hours": 0.06704616533385382
    },
    "15": {
      "val_acc": 0.9022,
      "gpu_hours": 0.07147717701064216
    },
    "16": {
      "val_acc": 0.904,
      "gpu_hours": 0.07590891149308947
    },
    "17": {
      "val_acc": 0.9059,
      "gpu_hours": 0.08034319427278307
    },
    "18": {
      "val_acc": 0.9133,
      "gpu_hours": 0.08480112579133775
    },
    "19": {
      "val_acc": 0.9126,
      "gpu_hours": 0.08924545639091068
    },
    "20": {
      "val_acc": 0.9139,
      "gpu_hours": 0.09369365639156765
    },
    "21": {
      "val_acc": 0.9192,
      "gpu_hours": 0.09815226150883569
    },
    "22": {
      "val_acc": 0.9207,
      "gpu_hours": 0.10261188156074948
    },
    "23": {
      "val_acc": 0.9184,
      "gpu_hours": 0.10707069396972656
    },
    "24": {
      "val_acc": 0.9169,
      "gpu_hours": 0.11152394705348545
    },
    "25": {
      "val_acc": 0.9193,
      "gpu_hours": 0.1159691650999917
    },
    "26": {
      "val_acc": 0.9187,
      "gpu_hours": 0.12041496952374776
    },
    "27": {
      "val_acc": 0.9191,
      "gpu_hours": 0.12487523873647054
    },
    "28": {
      "val_acc": 0.9204,
      "gpu_hours": 0.1293224298291736
    },
    "29": {
      "val_acc": 0.9148,
      "gpu_hours": 0.13378973881403605
    }
  }
}