{
  "trial_number": 35,
  "params": {
    "lr": 0.009011958428565786,
    "weight_decay": 0.00809694832863445,
    "batch_size": 256,
    "dropout": 0.4786515067349677,
    "optimizer": "AdamW",
    "scheduler": "step",
    "model": "resnet34"
  },
  "best_val_acc": 0.8951,
  "total_gpu_hours": 0.20369689444700878,
  "slurm_task": 19,
  "parallel_workers": 5,
  "sampler": "tpe",
  "dataset": "cifar10",
  "device": "cuda",
  "accuracy_thresholds": {
    "gpu_h_to_80pct": 0.07500873102082146,
    "gpu_h_to_85pct": 0.10210625741216872
  },
  "accuracy_curve": {
    "0": {
      "val_acc": 0.3336,
      "gpu_hours": 0.0072965801424450345
    },
    "1": {
      "val_acc": 0.4299,
      "gpu_hours": 0.014059835341241625
    },
    "2": {
      "val_acc": 0.4831,
      "gpu_hours": 0.02082177738348643
    },
    "3": {
      "val_acc": 0.5685,
      "gpu_hours": 0.02759227964613173
    },
    "4": {
      "val_acc": 0.6182,
      "gpu_hours": 0.034363190399275885
    },
    "5": {
      "val_acc": 0.6486,
      "gpu_hours": 0.041132978598276776
    },
    "6": {
      "val_acc": 0.6788,
      "gpu_hours": 0.04790644877486759
    },
    "7": {
      "val_acc": 0.7134,
      "gpu_hours": 0.054681306348906625
    },
    "8": {
      "val_acc": 0.7335,
      "gpu_hours": 0.06146042433049944
    },
    "9": {
      "val_acc": 0.7921,
      "gpu_hours": 0.06823202166292403
    },
    "10": {
      "val_acc": 0.814,
      "gpu_hours": 0.07500873102082146
    },
    "11": {
      "val_acc": 0.8332,
      "gpu_hours": 0.08178332898351881
    },
    "12": {
      "val_acc": 0.8246,
      "gpu_hours": 0.08856090737713708
    },
    "13": {
      "val_acc": 0.8412,
      "gpu_hours": 0.09532961302333408
    },
    "14": {
      "val_acc": 0.8586,
      "gpu_hours": 0.10210625741216872
    },
    "15": {
      "val_acc": 0.856,
      "gpu_hours": 0.10887666291660733
    },
    "16": {
      "val_acc": 0.8623,
      "gpu_hours": 0.11564739611413744
    },
    "17": {
      "val_acc": 0.8645,
      "gpu_hours": 0.12241616719298892
    },
    "18": {
      "val_acc": 0.8757,
      "gpu_hours": 0.12918340259128147
    },
    "19": {
      "val_acc": 0.8707,
      "gpu_hours": 0.1359509660138024
    },
    "20": {
      "val_acc": 0.8912,
      "gpu_hours": 0.14271655917167664
    },
    "21": {
      "val_acc": 0.8862,
      "gpu_hours": 0.14948711507850224
    },
    "22": {
      "val_acc": 0.8906,
      "gpu_hours": 0.15626762125227187
    },
    "23": {
      "val_acc": 0.8951,
      "gpu_hours": 0.16303430947992537
    },
    "24": {
      "val_acc": 0.8921,
      "gpu_hours": 0.1698133350080914
    },
    "25": {
      "val_acc": 0.8865,
      "gpu_hours": 0.17658461617098914
    },
    "26": {
      "val_acc": 0.8905,
      "gpu_hours": 0.18336380236678654
    },
    "27": {
      "val_acc": 0.8929,
      "gpu_hours": 0.19013581249448988
    },
    "28": {
      "val_acc": 0.8921,
      "gpu_hours": 0.196906452510092
    },
    "29": {
      "val_acc": 0.8903,
      "gpu_hours": 0.20367743333180746
    }
  }
}