{
  "trial_number": 9,
  "params": {
    "lr": 0.0008179499475211679,
    "weight_decay": 0.0001256104370001356,
    "batch_size": 256,
    "dropout": 0.06974693032602092,
    "optimizer": "AdamW",
    "scheduler": "cosine",
    "model": "efficientnet_b0"
  },
  "best_val_acc": 0.7751,
  "total_gpu_hours": 0.07690299411614736,
  "slurm_task": 3,
  "parallel_workers": 5,
  "sampler": "tpe",
  "dataset": "cifar10",
  "device": "cuda",
  "accuracy_thresholds": {},
  "accuracy_curve": {
    "0": {
      "val_acc": 0.3179,
      "gpu_hours": 0.0030392342805862426
    },
    "1": {
      "val_acc": 0.4482,
      "gpu_hours": 0.005607374774085151
    },
    "2": {
      "val_acc": 0.5091,
      "gpu_hours": 0.008160797622468737
    },
    "3": {
      "val_acc": 0.5436,
      "gpu_hours": 0.010718449354171752
    },
    "4": {
      "val_acc": 0.5831,
      "gpu_hours": 0.013268662691116333
    },
    "5": {
      "val_acc": 0.6247,
      "gpu_hours": 0.015804426471392314
    },
    "6": {
      "val_acc": 0.6446,
      "gpu_hours": 0.018329510158962673
    },
    "7": {
      "val_acc": 0.6386,
      "gpu_hours": 0.02087132215499878
    },
    "8": {
      "val_acc": 0.6775,
      "gpu_hours": 0.023402691682179767
    },
    "9": {
      "val_acc": 0.6947,
      "gpu_hours": 0.02594388484954834
    },
    "10": {
      "val_acc": 0.7002,
      "gpu_hours": 0.02848153571287791
    },
    "11": {
      "val_acc": 0.7079,
      "gpu_hours": 0.031026276614930896
    },
    "12": {
      "val_acc": 0.7215,
      "gpu_hours": 0.03357194311088986
    },
    "13": {
      "val_acc": 0.7248,
      "gpu_hours": 0.036127986643049455
    },
    "14": {
      "val_acc": 0.7381,
      "gpu_hours": 0.03866407718923357
    },
    "15": {
      "val_acc": 0.741,
      "gpu_hours": 0.04121276928318871
    },
    "16": {
      "val_acc": 0.7521,
      "gpu_hours": 0.04376269221305847
    },
    "17": {
      "val_acc": 0.7546,
      "gpu_hours": 0.046320006118880375
    },
    "18": {
      "val_acc": 0.7573,
      "gpu_hours": 0.048873217437002396
    },
    "19": {
      "val_acc": 0.7631,
      "gpu_hours": 0.051400731007258095
    },
    "20": {
      "val_acc": 0.7667,
      "gpu_hours": 0.05394920269648234
    },
    "21": {
      "val_acc": 0.7697,
      "gpu_hours": 0.0564994908703698
    },
    "22": {
      "val_acc": 0.7702,
      "gpu_hours": 0.05904921193917592
    },
    "23": {
      "val_acc": 0.7722,
      "gpu_hours": 0.06158769216802385
    },
    "24": {
      "val_acc": 0.7719,
      "gpu_hours": 0.064121922188335
    },
    "25": {
      "val_acc": 0.7729,
      "gpu_hours": 0.0666695088148117
    },
    "26": {
      "val_acc": 0.775,
      "gpu_hours": 0.06921752797232734
    },
    "27": {
      "val_acc": 0.7743,
      "gpu_hours": 0.07176499909824795
    },
    "28": {
      "val_acc": 0.7751,
      "gpu_hours": 0.07431985020637512
    },
    "29": {
      "val_acc": 0.7743,
      "gpu_hours": 0.07686263481775919
    }
  }
}