{
  "trial_number": 0,
  "params": {
    "lr": 0.0013292918943162175,
    "weight_decay": 0.006351221010640704,
    "batch_size": 64,
    "dropout": 0.07799726016810132,
    "optimizer": "Adam",
    "scheduler": "plateau",
    "model": "resnet18"
  },
  "best_val_acc": 0.4411,
  "total_gpu_hours": 0.13442772759331598,
  "slurm_task": 2,
  "parallel_workers": 5,
  "sampler": "tpe",
  "dataset": "cifar10",
  "device": "cuda",
  "accuracy_thresholds": {},
  "accuracy_curve": {
    "0": {
      "val_acc": 0.2486,
      "gpu_hours": 0.0051294289032618205
    },
    "1": {
      "val_acc": 0.3105,
      "gpu_hours": 0.009635909265942044
    },
    "2": {
      "val_acc": 0.3217,
      "gpu_hours": 0.014083848595619201
    },
    "3": {
      "val_acc": 0.3431,
      "gpu_hours": 0.018589836491478814
    },
    "4": {
      "val_acc": 0.3433,
      "gpu_hours": 0.02302366124259101
    },
    "5": {
      "val_acc": 0.421,
      "gpu_hours": 0.02748293081919352
    },
    "6": {
      "val_acc": 0.4252,
      "gpu_hours": 0.0319485295481152
    },
    "7": {
      "val_acc": 0.4216,
      "gpu_hours": 0.0364164270957311
    },
    "8": {
      "val_acc": 0.4248,
      "gpu_hours": 0.040879113409254285
    },
    "9": {
      "val_acc": 0.4312,
      "gpu_hours": 0.045334265496995714
    },
    "10": {
      "val_acc": 0.4353,
      "gpu_hours": 0.04979663696553972
    },
    "11": {
      "val_acc": 0.4352,
      "gpu_hours": 0.05423865927590264
    },
    "12": {
      "val_acc": 0.4372,
      "gpu_hours": 0.05870007342762417
    },
    "13": {
      "val_acc": 0.4401,
      "gpu_hours": 0.06315794739458296
    },
    "14": {
      "val_acc": 0.4411,
      "gpu_hours": 0.06761994474463992
    },
    "15": {
      "val_acc": 0.4373,
      "gpu_hours": 0.07206749631298913
    },
    "16": {
      "val_acc": 0.4386,
      "gpu_hours": 0.07651925378375583
    },
    "17": {
      "val_acc": 0.4405,
      "gpu_hours": 0.08097044222884708
    },
    "18": {
      "val_acc": 0.4408,
      "gpu_hours": 0.08543087429470486
    },
    "19": {
      "val_acc": 0.4386,
      "gpu_hours": 0.08987902661164601
    },
    "20": {
      "val_acc": 0.438,
      "gpu_hours": 0.09431729230615828
    },
    "21": {
      "val_acc": 0.4373,
      "gpu_hours": 0.09875567906432682
    },
    "22": {
      "val_acc": 0.4376,
      "gpu_hours": 0.1032050863901774
    },
    "23": {
      "val_acc": 0.4404,
      "gpu_hours": 0.1076646120680703
    },
    "24": {
      "val_acc": 0.439,
      "gpu_hours": 0.11212467266453637
    },
    "25": {
      "val_acc": 0.4359,
      "gpu_hours": 0.11658671544657813
    },
    "26": {
      "val_acc": 0.4363,
      "gpu_hours": 0.12103782051139407
    },
    "27": {
      "val_acc": 0.4375,
      "gpu_hours": 0.12549497134155696
    },
    "28": {
      "val_acc": 0.4382,
      "gpu_hours": 0.12994836429754894
    },
    "29": {
      "val_acc": 0.4409,
      "gpu_hours": 0.13440657443470425
    }
  }
}