{
  "trial_number": 6,
  "params": {
    "lr": 0.0008179499475211679,
    "weight_decay": 0.0001256104370001356,
    "batch_size": 256,
    "dropout": 0.06974693032602092,
    "optimizer": "AdamW",
    "scheduler": "cosine",
    "model": "efficientnet_b0"
  },
  "best_val_acc": 0.779,
  "total_gpu_hours": 0.03902508497238159,
  "slurm_task": 3,
  "parallel_workers": 5,
  "sampler": "tpe",
  "dataset": "cifar10",
  "device": "cuda",
  "accuracy_thresholds": {},
  "accuracy_curve": {
    "0": {
      "val_acc": 0.3373,
      "gpu_hours": 0.0016392098532782662
    },
    "1": {
      "val_acc": 0.4389,
      "gpu_hours": 0.0029179851876364815
    },
    "2": {
      "val_acc": 0.5207,
      "gpu_hours": 0.004205974539120992
    },
    "3": {
      "val_acc": 0.5663,
      "gpu_hours": 0.005491101874245538
    },
    "4": {
      "val_acc": 0.6083,
      "gpu_hours": 0.006776055561171637
    },
    "5": {
      "val_acc": 0.6338,
      "gpu_hours": 0.008068970905409919
    },
    "6": {
      "val_acc": 0.6455,
      "gpu_hours": 0.009369211263126797
    },
    "7": {
      "val_acc": 0.6668,
      "gpu_hours": 0.010643097360928853
    },
    "8": {
      "val_acc": 0.6788,
      "gpu_hours": 0.011954996122254266
    },
    "9": {
      "val_acc": 0.6886,
      "gpu_hours": 0.013240171935823228
    },
    "10": {
      "val_acc": 0.7043,
      "gpu_hours": 0.014537744853231642
    },
    "11": {
      "val_acc": 0.7243,
      "gpu_hours": 0.015819504923290678
    },
    "12": {
      "val_acc": 0.7266,
      "gpu_hours": 0.017111411690711974
    },
    "13": {
      "val_acc": 0.7376,
      "gpu_hours": 0.018401011692153083
    },
    "14": {
      "val_acc": 0.743,
      "gpu_hours": 0.0196831872065862
    },
    "15": {
      "val_acc": 0.7382,
      "gpu_hours": 0.020964065856403775
    },
    "16": {
      "val_acc": 0.7502,
      "gpu_hours": 0.02224713577164544
    },
    "17": {
      "val_acc": 0.7564,
      "gpu_hours": 0.023530743850602043
    },
    "18": {
      "val_acc": 0.7616,
      "gpu_hours": 0.024825654096073575
    },
    "19": {
      "val_acc": 0.7613,
      "gpu_hours": 0.02611647261513604
    },
    "20": {
      "val_acc": 0.7561,
      "gpu_hours": 0.027411876651975843
    },
    "21": {
      "val_acc": 0.7713,
      "gpu_hours": 0.02869579063521491
    },
    "22": {
      "val_acc": 0.7677,
      "gpu_hours": 0.029984636902809142
    },
    "23": {
      "val_acc": 0.7722,
      "gpu_hours": 0.031275900536113316
    },
    "24": {
      "val_acc": 0.7717,
      "gpu_hours": 0.03256680925687154
    },
    "25": {
      "val_acc": 0.7774,
      "gpu_hours": 0.033851168751716613
    },
    "26": {
      "val_acc": 0.7771,
      "gpu_hours": 0.035137662026617264
    },
    "27": {
      "val_acc": 0.7774,
      "gpu_hours": 0.036424989170498315
    },
    "28": {
      "val_acc": 0.779,
      "gpu_hours": 0.03772066142823961
    },
    "29": {
      "val_acc": 0.7782,
      "gpu_hours": 0.03900649077362484
    }
  }
}