{
  "trial_number": 17,
  "params": {
    "lr": 0.0033831807824948926,
    "weight_decay": 7.155177925779767e-06,
    "batch_size": 128,
    "dropout": 0.19288487826453463,
    "optimizer": "AdamW",
    "scheduler": "cosine",
    "model": "efficientnet_b1"
  },
  "best_val_acc": 0.8279,
  "total_gpu_hours": 0.12603131790955863,
  "slurm_task": 6,
  "parallel_workers": 5,
  "sampler": "tpe",
  "dataset": "cifar10",
  "device": "cuda",
  "accuracy_thresholds": {
    "gpu_h_to_80pct": 0.0758366686768002
  },
  "accuracy_curve": {
    "0": {
      "val_acc": 0.2832,
      "gpu_hours": 0.004677387674649557
    },
    "1": {
      "val_acc": 0.3826,
      "gpu_hours": 0.008859860234790379
    },
    "2": {
      "val_acc": 0.4592,
      "gpu_hours": 0.013055337932374742
    },
    "3": {
      "val_acc": 0.532,
      "gpu_hours": 0.017236897746721904
    },
    "4": {
      "val_acc": 0.6056,
      "gpu_hours": 0.021425656808747185
    },
    "5": {
      "val_acc": 0.6309,
      "gpu_hours": 0.025613131523132323
    },
    "6": {
      "val_acc": 0.6747,
      "gpu_hours": 0.029794861806763544
    },
    "7": {
      "val_acc": 0.6999,
      "gpu_hours": 0.033978966077168785
    },
    "8": {
      "val_acc": 0.6849,
      "gpu_hours": 0.03815660622384813
    },
    "9": {
      "val_acc": 0.7368,
      "gpu_hours": 0.042347295615408155
    },
    "10": {
      "val_acc": 0.7412,
      "gpu_hours": 0.046558415955967374
    },
    "11": {
      "val_acc": 0.7662,
      "gpu_hours": 0.0507400639851888
    },
    "12": {
      "val_acc": 0.7674,
      "gpu_hours": 0.05492851244078742
    },
    "13": {
      "val_acc": 0.78,
      "gpu_hours": 0.059111868076854285
    },
    "14": {
      "val_acc": 0.7852,
      "gpu_hours": 0.06329016917281681
    },
    "15": {
      "val_acc": 0.7904,
      "gpu_hours": 0.06746789899137284
    },
    "16": {
      "val_acc": 0.79,
      "gpu_hours": 0.07165056659115686
    },
    "17": {
      "val_acc": 0.8054,
      "gpu_hours": 0.0758366686768002
    },
    "18": {
      "val_acc": 0.8033,
      "gpu_hours": 0.08000805576642354
    },
    "19": {
      "val_acc": 0.8131,
      "gpu_hours": 0.08418529828389486
    },
    "20": {
      "val_acc": 0.8126,
      "gpu_hours": 0.08837301088704003
    },
    "21": {
      "val_acc": 0.8139,
      "gpu_hours": 0.09255983803007338
    },
    "22": {
      "val_acc": 0.8134,
      "gpu_hours": 0.0967459656794866
    },
    "23": {
      "val_acc": 0.8224,
      "gpu_hours": 0.10093079408009847
    },
    "24": {
      "val_acc": 0.8229,
      "gpu_hours": 0.10512264861000908
    },
    "25": {
      "val_acc": 0.8279,
      "gpu_hours": 0.10929155959023369
    },
    "26": {
      "val_acc": 0.827,
      "gpu_hours": 0.11347055713335673
    },
    "27": {
      "val_acc": 0.8252,
      "gpu_hours": 0.11766836841901143
    },
    "28": {
      "val_acc": 0.8268,
      "gpu_hours": 0.12185182703865899
    },
    "29": {
      "val_acc": 0.8254,
      "gpu_hours": 0.12601864874362945
    }
  }
}