{
  "trial_number": 29,
  "params": {
    "lr": 0.00016294945676674554,
    "weight_decay": 4.775356266457373e-06,
    "batch_size": 128,
    "dropout": 0.020791688496357,
    "optimizer": "AdamW",
    "scheduler": "step",
    "model": "resnet18"
  },
  "best_val_acc": 0.8916,
  "total_gpu_hours": 0.12513713353210026,
  "slurm_task": 12,
  "parallel_workers": 5,
  "sampler": "tpe",
  "dataset": "cifar10",
  "device": "cuda",
  "accuracy_thresholds": {
    "gpu_h_to_80pct": 0.04198031968540616,
    "gpu_h_to_85pct": 0.04613985704051124
  },
  "accuracy_curve": {
    "0": {
      "val_acc": 0.5751,
      "gpu_hours": 0.004626780351003011
    },
    "1": {
      "val_acc": 0.6185,
      "gpu_hours": 0.008799815840191311
    },
    "2": {
      "val_acc": 0.7021,
      "gpu_hours": 0.01294255534807841
    },
    "3": {
      "val_acc": 0.7278,
      "gpu_hours": 0.017096650799115497
    },
    "4": {
      "val_acc": 0.771,
      "gpu_hours": 0.02124041861957974
    },
    "5": {
      "val_acc": 0.7759,
      "gpu_hours": 0.02539896825949351
    },
    "6": {
      "val_acc": 0.7989,
      "gpu_hours": 0.029536503752072653
    },
    "7": {
      "val_acc": 0.7958,
      "gpu_hours": 0.03369389116764068
    },
    "8": {
      "val_acc": 0.7978,
      "gpu_hours": 0.0378422337770462
    },
    "9": {
      "val_acc": 0.8296,
      "gpu_hours": 0.04198031968540616
    },
    "10": {
      "val_acc": 0.8521,
      "gpu_hours": 0.04613985704051124
    },
    "11": {
      "val_acc": 0.8553,
      "gpu_hours": 0.05031140234735277
    },
    "12": {
      "val_acc": 0.8603,
      "gpu_hours": 0.05446876221232944
    },
    "13": {
      "val_acc": 0.8629,
      "gpu_hours": 0.058617966373761494
    },
    "14": {
      "val_acc": 0.8716,
      "gpu_hours": 0.06276873654789394
    },
    "15": {
      "val_acc": 0.865,
      "gpu_hours": 0.06694111784299214
    },
    "16": {
      "val_acc": 0.8723,
      "gpu_hours": 0.07110829995738135
    },
    "17": {
      "val_acc": 0.8745,
      "gpu_hours": 0.07526722080177731
    },
    "18": {
      "val_acc": 0.874,
      "gpu_hours": 0.07943009926213158
    },
    "19": {
      "val_acc": 0.8717,
      "gpu_hours": 0.08359521236684588
    },
    "20": {
      "val_acc": 0.8851,
      "gpu_hours": 0.08773055586549972
    },
    "21": {
      "val_acc": 0.8872,
      "gpu_hours": 0.09188321597046323
    },
    "22": {
      "val_acc": 0.8904,
      "gpu_hours": 0.09604545533657075
    },
    "23": {
      "val_acc": 0.8916,
      "gpu_hours": 0.10020891037252214
    },
    "24": {
      "val_acc": 0.8879,
      "gpu_hours": 0.10436302648650275
    },
    "25": {
      "val_acc": 0.8873,
      "gpu_hours": 0.10853110571702321
    },
    "26": {
      "val_acc": 0.8873,
      "gpu_hours": 0.11266478108035194
    },
    "27": {
      "val_acc": 0.8873,
      "gpu_hours": 0.11680895679526859
    },
    "28": {
      "val_acc": 0.8887,
      "gpu_hours": 0.12096235884560479
    },
    "29": {
      "val_acc": 0.8911,
      "gpu_hours": 0.12511818289756774
    }
  }
}