{
  "trial_number": 32,
  "params": {
    "lr": 0.010412827338426928,
    "weight_decay": 0.0011265856011108426,
    "batch_size": 256,
    "dropout": 0.13807798610238947,
    "optimizer": "AdamW",
    "scheduler": "cosine",
    "model": "resnet34"
  },
  "best_val_acc": 0.9123,
  "total_gpu_hours": 0.2052479096253713,
  "slurm_task": 18,
  "parallel_workers": 5,
  "sampler": "tpe",
  "dataset": "cifar10",
  "device": "cuda",
  "accuracy_thresholds": {
    "gpu_h_to_80pct": 0.05515015059047275,
    "gpu_h_to_85pct": 0.07562081601884629,
    "gpu_h_to_90pct": 0.15068241675694782
  },
  "accuracy_curve": {
    "0": {
      "val_acc": 0.338,
      "gpu_hours": 0.007436793910132514
    },
    "1": {
      "val_acc": 0.4406,
      "gpu_hours": 0.014243837197621663
    },
    "2": {
      "val_acc": 0.5978,
      "gpu_hours": 0.02105293267303043
    },
    "3": {
      "val_acc": 0.6301,
      "gpu_hours": 0.027866853475570677
    },
    "4": {
      "val_acc": 0.7438,
      "gpu_hours": 0.03468607478671604
    },
    "5": {
      "val_acc": 0.7357,
      "gpu_hours": 0.04150679369767507
    },
    "6": {
      "val_acc": 0.7934,
      "gpu_hours": 0.04832532849576738
    },
    "7": {
      "val_acc": 0.816,
      "gpu_hours": 0.05515015059047275
    },
    "8": {
      "val_acc": 0.838,
      "gpu_hours": 0.061975835164388024
    },
    "9": {
      "val_acc": 0.8446,
      "gpu_hours": 0.06879473255740272
    },
    "10": {
      "val_acc": 0.8518,
      "gpu_hours": 0.07562081601884629
    },
    "11": {
      "val_acc": 0.868,
      "gpu_hours": 0.08244521564907498
    },
    "12": {
      "val_acc": 0.8478,
      "gpu_hours": 0.08926859769556257
    },
    "13": {
      "val_acc": 0.868,
      "gpu_hours": 0.09609417299429576
    },
    "14": {
      "val_acc": 0.8786,
      "gpu_hours": 0.10292392604880862
    },
    "15": {
      "val_acc": 0.8922,
      "gpu_hours": 0.1097435306178199
    },
    "16": {
      "val_acc": 0.8791,
      "gpu_hours": 0.11656527585453458
    },
    "17": {
      "val_acc": 0.8952,
      "gpu_hours": 0.12339116480615404
    },
    "18": {
      "val_acc": 0.8989,
      "gpu_hours": 0.13021448479758368
    },
    "19": {
      "val_acc": 0.8942,
      "gpu_hours": 0.13703557749589285
    },
    "20": {
      "val_acc": 0.8983,
      "gpu_hours": 0.14385924723413254
    },
    "21": {
      "val_acc": 0.904,
      "gpu_hours": 0.15068241675694782
    },
    "22": {
      "val_acc": 0.906,
      "gpu_hours": 0.1574978029065662
    },
    "23": {
      "val_acc": 0.907,
      "gpu_hours": 0.16431230339739059
    },
    "24": {
      "val_acc": 0.9096,
      "gpu_hours": 0.17113010896576775
    },
    "25": {
      "val_acc": 0.9095,
      "gpu_hours": 0.1779493162367079
    },
    "26": {
      "val_acc": 0.9116,
      "gpu_hours": 0.18477558030022515
    },
    "27": {
      "val_acc": 0.9111,
      "gpu_hours": 0.19159254623783958
    },
    "28": {
      "val_acc": 0.9123,
      "gpu_hours": 0.1984161442518234
    },
    "29": {
      "val_acc": 0.9103,
      "gpu_hours": 0.20523476117187076
    }
  }
}