{
  "trial_number": 5,
  "params": {
    "lr": 0.0008179499475211679,
    "weight_decay": 0.0001256104370001356,
    "batch_size": 256,
    "dropout": 0.06974693032602092,
    "optimizer": "AdamW",
    "scheduler": "cosine",
    "model": "efficientnet_b0"
  },
  "best_val_acc": 0.7783,
  "total_gpu_hours": 0.0757745533519321,
  "slurm_task": 1,
  "parallel_workers": 5,
  "sampler": "tpe",
  "dataset": "cifar10",
  "device": "cuda",
  "accuracy_thresholds": {},
  "accuracy_curve": {
    "0": {
      "val_acc": 0.3431,
      "gpu_hours": 0.0029723772075441147
    },
    "1": {
      "val_acc": 0.4634,
      "gpu_hours": 0.005466612643665738
    },
    "2": {
      "val_acc": 0.5358,
      "gpu_hours": 0.007961219681633843
    },
    "3": {
      "val_acc": 0.5779,
      "gpu_hours": 0.010480072961913214
    },
    "4": {
      "val_acc": 0.6011,
      "gpu_hours": 0.012993730571534898
    },
    "5": {
      "val_acc": 0.6203,
      "gpu_hours": 0.015492878754933674
    },
    "6": {
      "val_acc": 0.6533,
      "gpu_hours": 0.018007994691530863
    },
    "7": {
      "val_acc": 0.6699,
      "gpu_hours": 0.020504586961534288
    },
    "8": {
      "val_acc": 0.6873,
      "gpu_hours": 0.02301845285627577
    },
    "9": {
      "val_acc": 0.7039,
      "gpu_hours": 0.025529068377282884
    },
    "10": {
      "val_acc": 0.7109,
      "gpu_hours": 0.028029903968175254
    },
    "11": {
      "val_acc": 0.717,
      "gpu_hours": 0.030546744929419622
    },
    "12": {
      "val_acc": 0.7233,
      "gpu_hours": 0.03304877744780647
    },
    "13": {
      "val_acc": 0.7362,
      "gpu_hours": 0.035560508635309004
    },
    "14": {
      "val_acc": 0.7434,
      "gpu_hours": 0.03805988570054372
    },
    "15": {
      "val_acc": 0.7474,
      "gpu_hours": 0.040577493839793734
    },
    "16": {
      "val_acc": 0.7519,
      "gpu_hours": 0.04309941185845269
    },
    "17": {
      "val_acc": 0.7569,
      "gpu_hours": 0.04559823897149828
    },
    "18": {
      "val_acc": 0.7623,
      "gpu_hours": 0.04810433818234338
    },
    "19": {
      "val_acc": 0.7646,
      "gpu_hours": 0.05063646594683329
    },
    "20": {
      "val_acc": 0.7699,
      "gpu_hours": 0.05315827058421241
    },
    "21": {
      "val_acc": 0.7719,
      "gpu_hours": 0.055670174294047886
    },
    "22": {
      "val_acc": 0.7705,
      "gpu_hours": 0.05817043589221107
    },
    "23": {
      "val_acc": 0.7738,
      "gpu_hours": 0.060677720506985985
    },
    "24": {
      "val_acc": 0.7766,
      "gpu_hours": 0.06318784998522864
    },
    "25": {
      "val_acc": 0.7755,
      "gpu_hours": 0.06570092936356862
    },
    "26": {
      "val_acc": 0.7771,
      "gpu_hours": 0.06820770144462586
    },
    "27": {
      "val_acc": 0.7783,
      "gpu_hours": 0.07073239684104919
    },
    "28": {
      "val_acc": 0.7782,
      "gpu_hours": 0.07325380477640364
    },
    "29": {
      "val_acc": 0.7776,
      "gpu_hours": 0.07576170716020796
    }
  }
}