{
  "trial_number": 2,
  "params": {
    "lr": 0.0013292918943162175,
    "weight_decay": 0.006351221010640704,
    "batch_size": 64,
    "dropout": 0.07799726016810132,
    "optimizer": "Adam",
    "scheduler": "plateau",
    "model": "resnet18"
  },
  "best_val_acc": 0.4231,
  "total_gpu_hours": 0.13367179811000823,
  "slurm_task": 5,
  "parallel_workers": 5,
  "sampler": "tpe",
  "dataset": "cifar10",
  "device": "cuda",
  "accuracy_thresholds": {},
  "accuracy_curve": {
    "0": {
      "val_acc": 0.2193,
      "gpu_hours": 0.005095945398012797
    },
    "1": {
      "val_acc": 0.2904,
      "gpu_hours": 0.009532968865500556
    },
    "2": {
      "val_acc": 0.2553,
      "gpu_hours": 0.013976991640196907
    },
    "3": {
      "val_acc": 0.2864,
      "gpu_hours": 0.01839644796318478
    },
    "4": {
      "val_acc": 0.3245,
      "gpu_hours": 0.022839708063337537
    },
    "5": {
      "val_acc": 0.4004,
      "gpu_hours": 0.027270774443944296
    },
    "6": {
      "val_acc": 0.4114,
      "gpu_hours": 0.03171116186512841
    },
    "7": {
      "val_acc": 0.4003,
      "gpu_hours": 0.03613950815465715
    },
    "8": {
      "val_acc": 0.4017,
      "gpu_hours": 0.04056691507498423
    },
    "9": {
      "val_acc": 0.4146,
      "gpu_hours": 0.04500888970163133
    },
    "10": {
      "val_acc": 0.42,
      "gpu_hours": 0.04944217397107018
    },
    "11": {
      "val_acc": 0.4202,
      "gpu_hours": 0.05387298074033525
    },
    "12": {
      "val_acc": 0.4148,
      "gpu_hours": 0.05830422262350718
    },
    "13": {
      "val_acc": 0.4184,
      "gpu_hours": 0.06272626903322008
    },
    "14": {
      "val_acc": 0.4207,
      "gpu_hours": 0.06719728344016605
    },
    "15": {
      "val_acc": 0.4228,
      "gpu_hours": 0.07163459208276536
    },
    "16": {
      "val_acc": 0.4184,
      "gpu_hours": 0.076069482366244
    },
    "17": {
      "val_acc": 0.4231,
      "gpu_hours": 0.08050006224049462
    },
    "18": {
      "val_acc": 0.4145,
      "gpu_hours": 0.0849292669693629
    },
    "19": {
      "val_acc": 0.4173,
      "gpu_hours": 0.08937143418524
    },
    "20": {
      "val_acc": 0.4221,
      "gpu_hours": 0.09380415995915731
    },
    "21": {
      "val_acc": 0.4185,
      "gpu_hours": 0.09823238975471921
    },
    "22": {
      "val_acc": 0.4226,
      "gpu_hours": 0.10266106612152523
    },
    "23": {
      "val_acc": 0.4164,
      "gpu_hours": 0.10709504385789236
    },
    "24": {
      "val_acc": 0.4184,
      "gpu_hours": 0.11151474800374772
    },
    "25": {
      "val_acc": 0.4162,
      "gpu_hours": 0.11595505873362223
    },
    "26": {
      "val_acc": 0.4231,
      "gpu_hours": 0.12036397682295905
    },
    "27": {
      "val_acc": 0.4206,
      "gpu_hours": 0.12479473776287503
    },
    "28": {
      "val_acc": 0.4143,
      "gpu_hours": 0.12921977976957957
    },
    "29": {
      "val_acc": 0.4167,
      "gpu_hours": 0.1336603269312117
    }
  }
}