{
  "trial_number": 41,
  "params": {
    "lr": 0.00273021412014409,
    "weight_decay": 0.0008764074243885885,
    "batch_size": 128,
    "dropout": 0.2827110363781546,
    "optimizer": "AdamW",
    "scheduler": "cosine",
    "model": "resnet18"
  },
  "best_val_acc": 0.9232,
  "total_gpu_hours": 0.12627628922462464,
  "slurm_task": 18,
  "parallel_workers": 5,
  "sampler": "tpe",
  "dataset": "cifar10",
  "device": "cuda",
  "accuracy_thresholds": {
    "gpu_h_to_80pct": 0.02563955220911238,
    "gpu_h_to_85pct": 0.03822364826997121,
    "gpu_h_to_90pct": 0.06758735636870067
  },
  "accuracy_curve": {
    "0": {
      "val_acc": 0.556,
      "gpu_hours": 0.00464744508266449
    },
    "1": {
      "val_acc": 0.5881,
      "gpu_hours": 0.008852255940437316
    },
    "2": {
      "val_acc": 0.691,
      "gpu_hours": 0.013045463562011719
    },
    "3": {
      "val_acc": 0.7654,
      "gpu_hours": 0.017232244941923353
    },
    "4": {
      "val_acc": 0.7846,
      "gpu_hours": 0.021429380509588453
    },
    "5": {
      "val_acc": 0.82,
      "gpu_hours": 0.02563955220911238
    },
    "6": {
      "val_acc": 0.8159,
      "gpu_hours": 0.029825287593735587
    },
    "7": {
      "val_acc": 0.8419,
      "gpu_hours": 0.034024387531810335
    },
    "8": {
      "val_acc": 0.8638,
      "gpu_hours": 0.03822364826997121
    },
    "9": {
      "val_acc": 0.8668,
      "gpu_hours": 0.04241834157043033
    },
    "10": {
      "val_acc": 0.8704,
      "gpu_hours": 0.046612705124749076
    },
    "11": {
      "val_acc": 0.8773,
      "gpu_hours": 0.05080801281664107
    },
    "12": {
      "val_acc": 0.8866,
      "gpu_hours": 0.0550025259786182
    },
    "13": {
      "val_acc": 0.8867,
      "gpu_hours": 0.05919491608937581
    },
    "14": {
      "val_acc": 0.8911,
      "gpu_hours": 0.06339474260807038
    },
    "15": {
      "val_acc": 0.9001,
      "gpu_hours": 0.06758735636870067
    },
    "16": {
      "val_acc": 0.901,
      "gpu_hours": 0.07178600920571221
    },
    "17": {
      "val_acc": 0.9112,
      "gpu_hours": 0.0759894358449512
    },
    "18": {
      "val_acc": 0.9118,
      "gpu_hours": 0.08019170098834567
    },
    "19": {
      "val_acc": 0.9123,
      "gpu_hours": 0.08437094449996949
    },
    "20": {
      "val_acc": 0.915,
      "gpu_hours": 0.08855728129545848
    },
    "21": {
      "val_acc": 0.9159,
      "gpu_hours": 0.09275161412027147
    },
    "22": {
      "val_acc": 0.9191,
      "gpu_hours": 0.09694017900360954
    },
    "23": {
      "val_acc": 0.918,
      "gpu_hours": 0.10113106283876631
    },
    "24": {
      "val_acc": 0.9187,
      "gpu_hours": 0.10532355931070116
    },
    "25": {
      "val_acc": 0.9207,
      "gpu_hours": 0.10949575854672326
    },
    "26": {
      "val_acc": 0.9213,
      "gpu_hours": 0.11368611170185937
    },
    "27": {
      "val_acc": 0.9224,
      "gpu_hours": 0.11788329958915711
    },
    "28": {
      "val_acc": 0.9232,
      "gpu_hours": 0.1220702537563112
    },
    "29": {
      "val_acc": 0.9221,
      "gpu_hours": 0.12626122064060635
    }
  }
}