{
  "trial_number": 34,
  "params": {
    "lr": 0.014087558729065747,
    "weight_decay": 0.0031690601961956,
    "batch_size": 128,
    "dropout": 0.4044533945974599,
    "optimizer": "AdamW",
    "scheduler": "cosine",
    "model": "resnet18"
  },
  "best_val_acc": 0.916,
  "total_gpu_hours": 0.12583997408548991,
  "slurm_task": 20,
  "parallel_workers": 5,
  "sampler": "tpe",
  "dataset": "cifar10",
  "device": "cuda",
  "accuracy_thresholds": {
    "gpu_h_to_80pct": 0.033849656383196515,
    "gpu_h_to_85pct": 0.05469989154073927,
    "gpu_h_to_90pct": 0.08397920118437872
  },
  "accuracy_curve": {
    "0": {
      "val_acc": 0.3714,
      "gpu_hours": 0.004770519468519423
    },
    "1": {
      "val_acc": 0.5153,
      "gpu_hours": 0.008933233353826734
    },
    "2": {
      "val_acc": 0.6069,
      "gpu_hours": 0.013088450696733263
    },
    "3": {
      "val_acc": 0.6289,
      "gpu_hours": 0.017229120598898993
    },
    "4": {
      "val_acc": 0.7138,
      "gpu_hours": 0.02137217707104153
    },
    "5": {
      "val_acc": 0.7638,
      "gpu_hours": 0.025516634980837505
    },
    "6": {
      "val_acc": 0.7861,
      "gpu_hours": 0.029676772819625007
    },
    "7": {
      "val_acc": 0.8057,
      "gpu_hours": 0.033849656383196515
    },
    "8": {
      "val_acc": 0.8152,
      "gpu_hours": 0.038016351328955755
    },
    "9": {
      "val_acc": 0.8082,
      "gpu_hours": 0.04217467473612891
    },
    "10": {
      "val_acc": 0.8365,
      "gpu_hours": 0.04633938676781125
    },
    "11": {
      "val_acc": 0.8369,
      "gpu_hours": 0.05051496499114566
    },
    "12": {
      "val_acc": 0.8652,
      "gpu_hours": 0.05469989154073927
    },
    "13": {
      "val_acc": 0.864,
      "gpu_hours": 0.058879343072573344
    },
    "14": {
      "val_acc": 0.8714,
      "gpu_hours": 0.06306274566385481
    },
    "15": {
      "val_acc": 0.8855,
      "gpu_hours": 0.06724629898866018
    },
    "16": {
      "val_acc": 0.8909,
      "gpu_hours": 0.07143293758233388
    },
    "17": {
      "val_acc": 0.8971,
      "gpu_hours": 0.07561525324980418
    },
    "18": {
      "val_acc": 0.8926,
      "gpu_hours": 0.07980188508828481
    },
    "19": {
      "val_acc": 0.9018,
      "gpu_hours": 0.08397920118437872
    },
    "20": {
      "val_acc": 0.8994,
      "gpu_hours": 0.08816115425692664
    },
    "21": {
      "val_acc": 0.9071,
      "gpu_hours": 0.09235032074981266
    },
    "22": {
      "val_acc": 0.9102,
      "gpu_hours": 0.09653932319747077
    },
    "23": {
      "val_acc": 0.9118,
      "gpu_hours": 0.10072362932893965
    },
    "24": {
      "val_acc": 0.9115,
      "gpu_hours": 0.10489185194174448
    },
    "25": {
      "val_acc": 0.9135,
      "gpu_hours": 0.1090761767493354
    },
    "26": {
      "val_acc": 0.9153,
      "gpu_hours": 0.1132603598303265
    },
    "27": {
      "val_acc": 0.9143,
      "gpu_hours": 0.11745198567708333
    },
    "28": {
      "val_acc": 0.9152,
      "gpu_hours": 0.12163490083482531
    },
    "29": {
      "val_acc": 0.916,
      "gpu_hours": 0.1258269610007604
    }
  }
}