{
  "trial_number": 71,
  "params": {
    "lr": 0.0038678131655902116,
    "weight_decay": 0.001687156425051689,
    "batch_size": 256,
    "dropout": 0.140299750655198,
    "optimizer": "AdamW",
    "scheduler": "cosine",
    "model": "resnet18"
  },
  "best_val_acc": 0.919,
  "total_gpu_hours": 0.11902778698338402,
  "slurm_task": 38,
  "parallel_workers": 5,
  "sampler": "tpe",
  "dataset": "cifar10",
  "device": "cuda",
  "accuracy_thresholds": {
    "gpu_h_to_80pct": 0.028341560165087383,
    "gpu_h_to_85pct": 0.03624722765551673,
    "gpu_h_to_90pct": 0.07180160032378302
  },
  "accuracy_curve": {
    "0": {
      "val_acc": 0.4629,
      "gpu_hours": 0.004583562877443102
    },
    "1": {
      "val_acc": 0.5623,
      "gpu_hours": 0.008541769650247362
    },
    "2": {
      "val_acc": 0.6546,
      "gpu_hours": 0.012495583494504293
    },
    "3": {
      "val_acc": 0.6698,
      "gpu_hours": 0.01645812425348494
    },
    "4": {
      "val_acc": 0.7708,
      "gpu_hours": 0.020410537785953947
    },
    "5": {
      "val_acc": 0.7562,
      "gpu_hours": 0.024374884963035585
    },
    "6": {
      "val_acc": 0.8288,
      "gpu_hours": 0.028341560165087383
    },
    "7": {
      "val_acc": 0.7966,
      "gpu_hours": 0.03229076034492916
    },
    "8": {
      "val_acc": 0.8504,
      "gpu_hours": 0.03624722765551673
    },
    "9": {
      "val_acc": 0.8714,
      "gpu_hours": 0.04021818545129564
    },
    "10": {
      "val_acc": 0.8517,
      "gpu_hours": 0.044186863435639274
    },
    "11": {
      "val_acc": 0.8541,
      "gpu_hours": 0.04814685695701175
    },
    "12": {
      "val_acc": 0.887,
      "gpu_hours": 0.05210857411225637
    },
    "13": {
      "val_acc": 0.8887,
      "gpu_hours": 0.05606420954068502
    },
    "14": {
      "val_acc": 0.8894,
      "gpu_hours": 0.059995489782757226
    },
    "15": {
      "val_acc": 0.8971,
      "gpu_hours": 0.06393795894251929
    },
    "16": {
      "val_acc": 0.8988,
      "gpu_hours": 0.06786749223868052
    },
    "17": {
      "val_acc": 0.9038,
      "gpu_hours": 0.07180160032378302
    },
    "18": {
      "val_acc": 0.9048,
      "gpu_hours": 0.07574272851149241
    },
    "19": {
      "val_acc": 0.9091,
      "gpu_hours": 0.07968039512634277
    },
    "20": {
      "val_acc": 0.9083,
      "gpu_hours": 0.08361916038725112
    },
    "21": {
      "val_acc": 0.9118,
      "gpu_hours": 0.08754869096808963
    },
    "22": {
      "val_acc": 0.9128,
      "gpu_hours": 0.09149689820077685
    },
    "23": {
      "val_acc": 0.9155,
      "gpu_hours": 0.09542673548062643
    },
    "24": {
      "val_acc": 0.9142,
      "gpu_hours": 0.09935351153214772
    },
    "25": {
      "val_acc": 0.917,
      "gpu_hours": 0.10327850898106893
    },
    "26": {
      "val_acc": 0.919,
      "gpu_hours": 0.10720799936188592
    },
    "27": {
      "val_acc": 0.9182,
      "gpu_hours": 0.11113283899095323
    },
    "28": {
      "val_acc": 0.9184,
      "gpu_hours": 0.1150635372267829
    },
    "29": {
      "val_acc": 0.9175,
      "gpu_hours": 0.11901328616672092
    }
  }
}