{
  "trial_number": 51,
  "params": {
    "lr": 0.007309411795004358,
    "weight_decay": 0.00037849185601295844,
    "batch_size": 128,
    "dropout": 0.29438047522943367,
    "optimizer": "AdamW",
    "scheduler": "step",
    "model": "resnet18"
  },
  "best_val_acc": 0.9104,
  "total_gpu_hours": 0.12585355420907338,
  "slurm_task": 23,
  "parallel_workers": 5,
  "sampler": "tpe",
  "dataset": "cifar10",
  "device": "cuda",
  "accuracy_thresholds": {
    "gpu_h_to_80pct": 0.02555262247721354,
    "gpu_h_to_85pct": 0.04226877583397759,
    "gpu_h_to_90pct": 0.0798789871401257
  },
  "accuracy_curve": {
    "0": {
      "val_acc": 0.4425,
      "gpu_hours": 0.004652083913485209
    },
    "1": {
      "val_acc": 0.586,
      "gpu_hours": 0.008832575016551547
    },
    "2": {
      "val_acc": 0.6657,
      "gpu_hours": 0.013024572796291775
    },
    "3": {
      "val_acc": 0.7301,
      "gpu_hours": 0.017200036578708226
    },
    "4": {
      "val_acc": 0.7825,
      "gpu_hours": 0.021370388004514906
    },
    "5": {
      "val_acc": 0.8107,
      "gpu_hours": 0.02555262247721354
    },
    "6": {
      "val_acc": 0.8317,
      "gpu_hours": 0.029732552501890393
    },
    "7": {
      "val_acc": 0.8402,
      "gpu_hours": 0.033914750814437865
    },
    "8": {
      "val_acc": 0.8468,
      "gpu_hours": 0.038093550867504544
    },
    "9": {
      "val_acc": 0.8512,
      "gpu_hours": 0.04226877583397759
    },
    "10": {
      "val_acc": 0.8753,
      "gpu_hours": 0.04643860525555081
    },
    "11": {
      "val_acc": 0.8744,
      "gpu_hours": 0.05062903748618232
    },
    "12": {
      "val_acc": 0.8774,
      "gpu_hours": 0.0548166463110182
    },
    "13": {
      "val_acc": 0.889,
      "gpu_hours": 0.05899357722865211
    },
    "14": {
      "val_acc": 0.8924,
      "gpu_hours": 0.0631738410393397
    },
    "15": {
      "val_acc": 0.8868,
      "gpu_hours": 0.06734903640217252
    },
    "16": {
      "val_acc": 0.8919,
      "gpu_hours": 0.0715345252222485
    },
    "17": {
      "val_acc": 0.8847,
      "gpu_hours": 0.07570407523049248
    },
    "18": {
      "val_acc": 0.9006,
      "gpu_hours": 0.0798789871401257
    },
    "19": {
      "val_acc": 0.8977,
      "gpu_hours": 0.0840660055478414
    },
    "20": {
      "val_acc": 0.9085,
      "gpu_hours": 0.08823739932643043
    },
    "21": {
      "val_acc": 0.903,
      "gpu_hours": 0.09240428202682072
    },
    "22": {
      "val_acc": 0.9031,
      "gpu_hours": 0.09659298717975616
    },
    "23": {
      "val_acc": 0.9072,
      "gpu_hours": 0.10077438751856486
    },
    "24": {
      "val_acc": 0.9092,
      "gpu_hours": 0.10494270112779405
    },
    "25": {
      "val_acc": 0.9058,
      "gpu_hours": 0.10912836849689483
    },
    "26": {
      "val_acc": 0.9025,
      "gpu_hours": 0.11330615712536705
    },
    "27": {
      "val_acc": 0.9104,
      "gpu_hours": 0.11749118281735314
    },
    "28": {
      "val_acc": 0.9074,
      "gpu_hours": 0.1216593207915624
    },
    "29": {
      "val_acc": 0.9091,
      "gpu_hours": 0.1258384159538481
    }
  }
}