{
  "trial_number": 54,
  "params": {
    "lr": 0.002418525168823972,
    "weight_decay": 4.943125666034455e-05,
    "batch_size": 64,
    "dropout": 0.20671347644818344,
    "optimizer": "AdamW",
    "scheduler": "step",
    "model": "resnet34"
  },
  "best_val_acc": 0.9122,
  "total_gpu_hours": 0.23562406692239973,
  "slurm_task": 26,
  "parallel_workers": 5,
  "sampler": "tpe",
  "dataset": "cifar10",
  "device": "cuda",
  "accuracy_thresholds": {
    "gpu_h_to_80pct": 0.05531528320577409,
    "gpu_h_to_85pct": 0.07100447840160794,
    "gpu_h_to_90pct": 0.1493798565864563
  },
  "accuracy_curve": {
    "0": {
      "val_acc": 0.4129,
      "gpu_hours": 0.008327519562509324
    },
    "1": {
      "val_acc": 0.5856,
      "gpu_hours": 0.01613914125495487
    },
    "2": {
      "val_acc": 0.6504,
      "gpu_hours": 0.023963863121138677
    },
    "3": {
      "val_acc": 0.7403,
      "gpu_hours": 0.031813248727056716
    },
    "4": {
      "val_acc": 0.7566,
      "gpu_hours": 0.039643398854467604
    },
    "5": {
      "val_acc": 0.7815,
      "gpu_hours": 0.04747148036956787
    },
    "6": {
      "val_acc": 0.8003,
      "gpu_hours": 0.05531528320577409
    },
    "7": {
      "val_acc": 0.8211,
      "gpu_hours": 0.0631607770257526
    },
    "8": {
      "val_acc": 0.8509,
      "gpu_hours": 0.07100447840160794
    },
    "9": {
      "val_acc": 0.8443,
      "gpu_hours": 0.07883889628781213
    },
    "10": {
      "val_acc": 0.8819,
      "gpu_hours": 0.08667211492856343
    },
    "11": {
      "val_acc": 0.883,
      "gpu_hours": 0.0945182936721378
    },
    "12": {
      "val_acc": 0.8858,
      "gpu_hours": 0.10235733032226563
    },
    "13": {
      "val_acc": 0.8914,
      "gpu_hours": 0.11019625398847792
    },
    "14": {
      "val_acc": 0.8871,
      "gpu_hours": 0.1180331712298923
    },
    "15": {
      "val_acc": 0.8861,
      "gpu_hours": 0.12588426523738439
    },
    "16": {
      "val_acc": 0.8972,
      "gpu_hours": 0.13371735115845998
    },
    "17": {
      "val_acc": 0.8988,
      "gpu_hours": 0.14154654290941027
    },
    "18": {
      "val_acc": 0.9,
      "gpu_hours": 0.1493798565864563
    },
    "19": {
      "val_acc": 0.891,
      "gpu_hours": 0.15721588260597652
    },
    "20": {
      "val_acc": 0.9027,
      "gpu_hours": 0.16505792041619619
    },
    "21": {
      "val_acc": 0.9018,
      "gpu_hours": 0.17290522224373286
    },
    "22": {
      "val_acc": 0.9044,
      "gpu_hours": 0.18075222750504813
    },
    "23": {
      "val_acc": 0.905,
      "gpu_hours": 0.1885884548558129
    },
    "24": {
      "val_acc": 0.9079,
      "gpu_hours": 0.19643095288011764
    },
    "25": {
      "val_acc": 0.9093,
      "gpu_hours": 0.20427438914775847
    },
    "26": {
      "val_acc": 0.9094,
      "gpu_hours": 0.21210864226023357
    },
    "27": {
      "val_acc": 0.9071,
      "gpu_hours": 0.21992358081870608
    },
    "28": {
      "val_acc": 0.9122,
      "gpu_hours": 0.227741440071
    },
    "29": {
      "val_acc": 0.9078,
      "gpu_hours": 0.2356029604540931
    }
  }
}