{
  "trial_number": 4,
  "params": {
    "lr": 0.0013292918943162175,
    "weight_decay": 0.006351221010640704,
    "batch_size": 64,
    "dropout": 0.07799726016810132,
    "optimizer": "Adam",
    "scheduler": "plateau",
    "model": "resnet18"
  },
  "best_val_acc": 0.4324,
  "total_gpu_hours": 0.13454822858174642,
  "slurm_task": 3,
  "parallel_workers": 5,
  "sampler": "tpe",
  "dataset": "cifar10",
  "device": "cuda",
  "accuracy_thresholds": {},
  "accuracy_curve": {
    "0": {
      "val_acc": 0.228,
      "gpu_hours": 0.005098067985640632
    },
    "1": {
      "val_acc": 0.2857,
      "gpu_hours": 0.009560997949706183
    },
    "2": {
      "val_acc": 0.2944,
      "gpu_hours": 0.014072279002931383
    },
    "3": {
      "val_acc": 0.3049,
      "gpu_hours": 0.018546566036012437
    },
    "4": {
      "val_acc": 0.3382,
      "gpu_hours": 0.023012701008054946
    },
    "5": {
      "val_acc": 0.4069,
      "gpu_hours": 0.027501929468578764
    },
    "6": {
      "val_acc": 0.4246,
      "gpu_hours": 0.03199589557117886
    },
    "7": {
      "val_acc": 0.4167,
      "gpu_hours": 0.03646220068136851
    },
    "8": {
      "val_acc": 0.4183,
      "gpu_hours": 0.040928623874982195
    },
    "9": {
      "val_acc": 0.4269,
      "gpu_hours": 0.04538280546665192
    },
    "10": {
      "val_acc": 0.4266,
      "gpu_hours": 0.04984345747364892
    },
    "11": {
      "val_acc": 0.4256,
      "gpu_hours": 0.05431021339363522
    },
    "12": {
      "val_acc": 0.4271,
      "gpu_hours": 0.05877094242307875
    },
    "13": {
      "val_acc": 0.4265,
      "gpu_hours": 0.06321387873755561
    },
    "14": {
      "val_acc": 0.4251,
      "gpu_hours": 0.06767897294627295
    },
    "15": {
      "val_acc": 0.4266,
      "gpu_hours": 0.07212378594610426
    },
    "16": {
      "val_acc": 0.4278,
      "gpu_hours": 0.07658193866411844
    },
    "17": {
      "val_acc": 0.4298,
      "gpu_hours": 0.08104344831572638
    },
    "18": {
      "val_acc": 0.4231,
      "gpu_hours": 0.08550204051865472
    },
    "19": {
      "val_acc": 0.4307,
      "gpu_hours": 0.08994575202465058
    },
    "20": {
      "val_acc": 0.4291,
      "gpu_hours": 0.09439756340450711
    },
    "21": {
      "val_acc": 0.4324,
      "gpu_hours": 0.09885619242986043
    },
    "22": {
      "val_acc": 0.4284,
      "gpu_hours": 0.10332667423619164
    },
    "23": {
      "val_acc": 0.4286,
      "gpu_hours": 0.10778496715757582
    },
    "24": {
      "val_acc": 0.4236,
      "gpu_hours": 0.1122425553533766
    },
    "25": {
      "val_acc": 0.4264,
      "gpu_hours": 0.11670232951641082
    },
    "26": {
      "val_acc": 0.4256,
      "gpu_hours": 0.1211660279168023
    },
    "27": {
      "val_acc": 0.4236,
      "gpu_hours": 0.125620465543535
    },
    "28": {
      "val_acc": 0.4206,
      "gpu_hours": 0.13008059190379248
    },
    "29": {
      "val_acc": 0.424,
      "gpu_hours": 0.13453005890051523
    }
  }
}