{
  "trial_number": 58,
  "params": {
    "lr": 0.004127719712269371,
    "weight_decay": 5.6668482582609196e-05,
    "batch_size": 64,
    "dropout": 0.019887325407924608,
    "optimizer": "AdamW",
    "scheduler": "cosine",
    "model": "resnet34"
  },
  "best_val_acc": 0.9148,
  "total_gpu_hours": 0.23530237442917293,
  "slurm_task": 31,
  "parallel_workers": 5,
  "sampler": "tpe",
  "dataset": "cifar10",
  "device": "cuda",
  "accuracy_thresholds": {
    "gpu_h_to_80pct": 0.055559919211599564,
    "gpu_h_to_85pct": 0.07909065220091079,
    "gpu_h_to_90pct": 0.14155627330144246
  },
  "accuracy_curve": {
    "0": {
      "val_acc": 0.385,
      "gpu_hours": 0.008498828742239211
    },
    "1": {
      "val_acc": 0.5543,
      "gpu_hours": 0.0163430298699273
    },
    "2": {
      "val_acc": 0.6533,
      "gpu_hours": 0.0241879102256563
    },
    "3": {
      "val_acc": 0.7185,
      "gpu_hours": 0.03202977617581686
    },
    "4": {
      "val_acc": 0.731,
      "gpu_hours": 0.039878431095017326
    },
    "5": {
      "val_acc": 0.7896,
      "gpu_hours": 0.04772008571359846
    },
    "6": {
      "val_acc": 0.8273,
      "gpu_hours": 0.055559919211599564
    },
    "7": {
      "val_acc": 0.8309,
      "gpu_hours": 0.06339667578538259
    },
    "8": {
      "val_acc": 0.8271,
      "gpu_hours": 0.07124092559019725
    },
    "9": {
      "val_acc": 0.8568,
      "gpu_hours": 0.07909065220091079
    },
    "10": {
      "val_acc": 0.8549,
      "gpu_hours": 0.08692625092135535
    },
    "11": {
      "val_acc": 0.8711,
      "gpu_hours": 0.09475604269239638
    },
    "12": {
      "val_acc": 0.8766,
      "gpu_hours": 0.10255027141835954
    },
    "13": {
      "val_acc": 0.876,
      "gpu_hours": 0.11035467021995121
    },
    "14": {
      "val_acc": 0.8943,
      "gpu_hours": 0.11816066854529911
    },
    "15": {
      "val_acc": 0.8955,
      "gpu_hours": 0.12594765431351132
    },
    "16": {
      "val_acc": 0.8974,
      "gpu_hours": 0.13375001033147177
    },
    "17": {
      "val_acc": 0.9,
      "gpu_hours": 0.14155627330144246
    },
    "18": {
      "val_acc": 0.9015,
      "gpu_hours": 0.14934833877616457
    },
    "19": {
      "val_acc": 0.9024,
      "gpu_hours": 0.15714644392331442
    },
    "20": {
      "val_acc": 0.9048,
      "gpu_hours": 0.16494808077812195
    },
    "21": {
      "val_acc": 0.9061,
      "gpu_hours": 0.17275202691555022
    },
    "22": {
      "val_acc": 0.9075,
      "gpu_hours": 0.18055892520480685
    },
    "23": {
      "val_acc": 0.9089,
      "gpu_hours": 0.18836137308014764
    },
    "24": {
      "val_acc": 0.9117,
      "gpu_hours": 0.1961891578303443
    },
    "25": {
      "val_acc": 0.9117,
      "gpu_hours": 0.20402005718814
    },
    "26": {
      "val_acc": 0.9139,
      "gpu_hours": 0.21183923926618364
    },
    "27": {
      "val_acc": 0.9136,
      "gpu_hours": 0.2196529855993059
    },
    "28": {
      "val_acc": 0.9148,
      "gpu_hours": 0.2274643627802531
    },
    "29": {
      "val_acc": 0.9128,
      "gpu_hours": 0.2352877147992452
    }
  }
}