{
  "trial_number": 30,
  "params": {
    "lr": 0.012759502671527805,
    "weight_decay": 1.585823158761059e-05,
    "batch_size": 256,
    "dropout": 0.29909956671012217,
    "optimizer": "AdamW",
    "scheduler": "step",
    "model": "resnet18"
  },
  "best_val_acc": 0.9035,
  "total_gpu_hours": 0.11905801978376176,
  "slurm_task": 16,
  "parallel_workers": 5,
  "sampler": "tpe",
  "dataset": "cifar10",
  "device": "cuda",
  "accuracy_thresholds": {
    "gpu_h_to_80pct": 0.03217515574561225,
    "gpu_h_to_85pct": 0.04401548147201538,
    "gpu_h_to_90pct": 0.08347530848450131
  },
  "accuracy_curve": {
    "0": {
      "val_acc": 0.3997,
      "gpu_hours": 0.0045727702644136215
    },
    "1": {
      "val_acc": 0.543,
      "gpu_hours": 0.008522953258620368
    },
    "2": {
      "val_acc": 0.5998,
      "gpu_hours": 0.012477290034294129
    },
    "3": {
      "val_acc": 0.6561,
      "gpu_hours": 0.016412343316608007
    },
    "4": {
      "val_acc": 0.7175,
      "gpu_hours": 0.020358721945020888
    },
    "5": {
      "val_acc": 0.755,
      "gpu_hours": 0.024294313788414002
    },
    "6": {
      "val_acc": 0.7796,
      "gpu_hours": 0.028233465287420486
    },
    "7": {
      "val_acc": 0.8071,
      "gpu_hours": 0.03217515574561225
    },
    "8": {
      "val_acc": 0.8235,
      "gpu_hours": 0.03611056327819824
    },
    "9": {
      "val_acc": 0.8238,
      "gpu_hours": 0.04006846653090583
    },
    "10": {
      "val_acc": 0.8578,
      "gpu_hours": 0.04401548147201538
    },
    "11": {
      "val_acc": 0.8599,
      "gpu_hours": 0.04795443250073327
    },
    "12": {
      "val_acc": 0.8618,
      "gpu_hours": 0.05188686940405104
    },
    "13": {
      "val_acc": 0.8728,
      "gpu_hours": 0.05584532214535607
    },
    "14": {
      "val_acc": 0.8768,
      "gpu_hours": 0.05979016780853272
    },
    "15": {
      "val_acc": 0.8791,
      "gpu_hours": 0.06372182488441468
    },
    "16": {
      "val_acc": 0.8831,
      "gpu_hours": 0.06767228583494822
    },
    "17": {
      "val_acc": 0.8831,
      "gpu_hours": 0.07162508991029527
    },
    "18": {
      "val_acc": 0.8787,
      "gpu_hours": 0.0755725924173991
    },
    "19": {
      "val_acc": 0.8865,
      "gpu_hours": 0.07953242745664385
    },
    "20": {
      "val_acc": 0.9003,
      "gpu_hours": 0.08347530848450131
    },
    "21": {
      "val_acc": 0.8967,
      "gpu_hours": 0.08742897768815358
    },
    "22": {
      "val_acc": 0.9016,
      "gpu_hours": 0.09138573620054458
    },
    "23": {
      "val_acc": 0.9011,
      "gpu_hours": 0.09534121804767184
    },
    "24": {
      "val_acc": 0.8958,
      "gpu_hours": 0.09928397390577529
    },
    "25": {
      "val_acc": 0.8989,
      "gpu_hours": 0.1032386886411243
    },
    "26": {
      "val_acc": 0.9034,
      "gpu_hours": 0.10718692382176717
    },
    "27": {
      "val_acc": 0.9014,
      "gpu_hours": 0.11113009055455526
    },
    "28": {
      "val_acc": 0.8927,
      "gpu_hours": 0.11508298847410414
    },
    "29": {
      "val_acc": 0.9035,
      "gpu_hours": 0.11904296106762356
    }
  }
}