{
  "trial_number": 65,
  "params": {
    "lr": 0.0011561503781069603,
    "weight_decay": 0.0006301821953284911,
    "batch_size": 128,
    "dropout": 0.32835252205719995,
    "optimizer": "AdamW",
    "scheduler": "cosine",
    "model": "resnet18"
  },
  "best_val_acc": 0.9248,
  "total_gpu_hours": 0.1259750962919659,
  "slurm_task": 35,
  "parallel_workers": 5,
  "sampler": "tpe",
  "dataset": "cifar10",
  "device": "cuda",
  "accuracy_thresholds": {
    "gpu_h_to_80pct": 0.021543835202852885,
    "gpu_h_to_85pct": 0.03409211264716255,
    "gpu_h_to_90pct": 0.06331374128659566
  },
  "accuracy_curve": {
    "0": {
      "val_acc": 0.5919,
      "gpu_hours": 0.004821955627865262
    },
    "1": {
      "val_acc": 0.681,
      "gpu_hours": 0.009011160069041782
    },
    "2": {
      "val_acc": 0.7092,
      "gpu_hours": 0.013200984398523966
    },
    "3": {
      "val_acc": 0.7664,
      "gpu_hours": 0.017377950217988755
    },
    "4": {
      "val_acc": 0.8109,
      "gpu_hours": 0.021543835202852885
    },
    "5": {
      "val_acc": 0.8222,
      "gpu_hours": 0.02572740177313487
    },
    "6": {
      "val_acc": 0.8464,
      "gpu_hours": 0.029908013343811036
    },
    "7": {
      "val_acc": 0.8541,
      "gpu_hours": 0.03409211264716255
    },
    "8": {
      "val_acc": 0.8738,
      "gpu_hours": 0.03826709270477295
    },
    "9": {
      "val_acc": 0.8682,
      "gpu_hours": 0.04244920266999139
    },
    "10": {
      "val_acc": 0.8774,
      "gpu_hours": 0.046619648668501115
    },
    "11": {
      "val_acc": 0.8873,
      "gpu_hours": 0.05079577962557475
    },
    "12": {
      "val_acc": 0.8792,
      "gpu_hours": 0.054967827929390804
    },
    "13": {
      "val_acc": 0.8918,
      "gpu_hours": 0.05914102163579729
    },
    "14": {
      "val_acc": 0.9064,
      "gpu_hours": 0.06331374128659566
    },
    "15": {
      "val_acc": 0.9033,
      "gpu_hours": 0.06749348123868307
    },
    "16": {
      "val_acc": 0.9014,
      "gpu_hours": 0.07165753179126316
    },
    "17": {
      "val_acc": 0.9099,
      "gpu_hours": 0.07582869940333896
    },
    "18": {
      "val_acc": 0.9121,
      "gpu_hours": 0.07999884161684248
    },
    "19": {
      "val_acc": 0.9113,
      "gpu_hours": 0.08417101542154948
    },
    "20": {
      "val_acc": 0.912,
      "gpu_hours": 0.08834606448809305
    },
    "21": {
      "val_acc": 0.9187,
      "gpu_hours": 0.09253751536210378
    },
    "22": {
      "val_acc": 0.9205,
      "gpu_hours": 0.09671065469582875
    },
    "23": {
      "val_acc": 0.9248,
      "gpu_hours": 0.10088929209444258
    },
    "24": {
      "val_acc": 0.9208,
      "gpu_hours": 0.10505417803923289
    },
    "25": {
      "val_acc": 0.9226,
      "gpu_hours": 0.10923644112216102
    },
    "26": {
      "val_acc": 0.923,
      "gpu_hours": 0.11342068791389465
    },
    "27": {
      "val_acc": 0.9226,
      "gpu_hours": 0.11760084874100156
    },
    "28": {
      "val_acc": 0.9218,
      "gpu_hours": 0.12178534143500858
    },
    "29": {
      "val_acc": 0.9229,
      "gpu_hours": 0.12596163630485535
    }
  }
}