{
  "trial_number": 25,
  "params": {
    "lr": 0.007180846732331945,
    "weight_decay": 0.0032676496134922055,
    "batch_size": 256,
    "dropout": 0.2198706027856311,
    "optimizer": "AdamW",
    "scheduler": "cosine",
    "model": "resnet34"
  },
  "best_val_acc": 0.9148,
  "total_gpu_hours": 0.20424648847844865,
  "slurm_task": 10,
  "parallel_workers": 5,
  "sampler": "tpe",
  "dataset": "cifar10",
  "device": "cuda",
  "accuracy_thresholds": {
    "gpu_h_to_80pct": 0.06159683797094557,
    "gpu_h_to_85pct": 0.08875767535633511,
    "gpu_h_to_90pct": 0.14991138517856598
  },
  "accuracy_curve": {
    "0": {
      "val_acc": 0.3611,
      "gpu_hours": 0.007269581821229723
    },
    "1": {
      "val_acc": 0.5018,
      "gpu_hours": 0.0140624205271403
    },
    "2": {
      "val_acc": 0.559,
      "gpu_hours": 0.020850458012686836
    },
    "3": {
      "val_acc": 0.6521,
      "gpu_hours": 0.02764394223690033
    },
    "4": {
      "val_acc": 0.6674,
      "gpu_hours": 0.034436122443940904
    },
    "5": {
      "val_acc": 0.751,
      "gpu_hours": 0.04121442258358002
    },
    "6": {
      "val_acc": 0.7774,
      "gpu_hours": 0.04800759394963582
    },
    "7": {
      "val_acc": 0.7943,
      "gpu_hours": 0.054800172381930884
    },
    "8": {
      "val_acc": 0.8261,
      "gpu_hours": 0.06159683797094557
    },
    "9": {
      "val_acc": 0.8224,
      "gpu_hours": 0.06838632067044575
    },
    "10": {
      "val_acc": 0.8419,
      "gpu_hours": 0.07517553137408363
    },
    "11": {
      "val_acc": 0.8335,
      "gpu_hours": 0.08196236325634851
    },
    "12": {
      "val_acc": 0.8725,
      "gpu_hours": 0.08875767535633511
    },
    "13": {
      "val_acc": 0.8724,
      "gpu_hours": 0.09555686208936903
    },
    "14": {
      "val_acc": 0.8644,
      "gpu_hours": 0.10235959907372792
    },
    "15": {
      "val_acc": 0.8866,
      "gpu_hours": 0.1091553881433275
    },
    "16": {
      "val_acc": 0.8883,
      "gpu_hours": 0.1159467856089274
    },
    "17": {
      "val_acc": 0.8912,
      "gpu_hours": 0.12273989094628228
    },
    "18": {
      "val_acc": 0.8937,
      "gpu_hours": 0.12953051037258573
    },
    "19": {
      "val_acc": 0.899,
      "gpu_hours": 0.13632333007123734
    },
    "20": {
      "val_acc": 0.8988,
      "gpu_hours": 0.14311868223879073
    },
    "21": {
      "val_acc": 0.9053,
      "gpu_hours": 0.14991138517856598
    },
    "22": {
      "val_acc": 0.9082,
      "gpu_hours": 0.15670514391528237
    },
    "23": {
      "val_acc": 0.9054,
      "gpu_hours": 0.16350541326734755
    },
    "24": {
      "val_acc": 0.9104,
      "gpu_hours": 0.17030978871716393
    },
    "25": {
      "val_acc": 0.9103,
      "gpu_hours": 0.17711054921150207
    },
    "26": {
      "val_acc": 0.9132,
      "gpu_hours": 0.18389401170942518
    },
    "27": {
      "val_acc": 0.9135,
      "gpu_hours": 0.19067791097693973
    },
    "28": {
      "val_acc": 0.9148,
      "gpu_hours": 0.19745552321275076
    },
    "29": {
      "val_acc": 0.9147,
      "gpu_hours": 0.20423354844252267
    }
  }
}