{
  "trial_number": 39,
  "params": {
    "lr": 0.00020409043441465207,
    "weight_decay": 0.0004529098271872246,
    "batch_size": 64,
    "dropout": 0.022375835147337254,
    "optimizer": "AdamW",
    "scheduler": "step",
    "model": "resnet18"
  },
  "best_val_acc": 0.9098,
  "total_gpu_hours": 0.13417384313212502,
  "slurm_task": 21,
  "parallel_workers": 5,
  "sampler": "tpe",
  "dataset": "cifar10",
  "device": "cuda",
  "accuracy_thresholds": {
    "gpu_h_to_80pct": 0.02291709687974718,
    "gpu_h_to_85pct": 0.0496702938609653,
    "gpu_h_to_90pct": 0.09417725404103597
  },
  "accuracy_curve": {
    "0": {
      "val_acc": 0.6191,
      "gpu_hours": 0.0050835520029068
    },
    "1": {
      "val_acc": 0.6871,
      "gpu_hours": 0.009539166424009536
    },
    "2": {
      "val_acc": 0.7368,
      "gpu_hours": 0.013993305166562399
    },
    "3": {
      "val_acc": 0.7841,
      "gpu_hours": 0.01844693620999654
    },
    "4": {
      "val_acc": 0.8172,
      "gpu_hours": 0.02291709687974718
    },
    "5": {
      "val_acc": 0.8231,
      "gpu_hours": 0.027376075983047487
    },
    "6": {
      "val_acc": 0.8337,
      "gpu_hours": 0.031837567422125075
    },
    "7": {
      "val_acc": 0.8309,
      "gpu_hours": 0.03629023657904731
    },
    "8": {
      "val_acc": 0.8366,
      "gpu_hours": 0.04074753734800551
    },
    "9": {
      "val_acc": 0.8463,
      "gpu_hours": 0.04521105031172434
    },
    "10": {
      "val_acc": 0.8795,
      "gpu_hours": 0.0496702938609653
    },
    "11": {
      "val_acc": 0.8829,
      "gpu_hours": 0.054130991167492336
    },
    "12": {
      "val_acc": 0.8832,
      "gpu_hours": 0.05859224730067783
    },
    "13": {
      "val_acc": 0.8885,
      "gpu_hours": 0.06303930381933848
    },
    "14": {
      "val_acc": 0.8873,
      "gpu_hours": 0.06750837392277188
    },
    "15": {
      "val_acc": 0.8942,
      "gpu_hours": 0.07195318188932207
    },
    "16": {
      "val_acc": 0.8858,
      "gpu_hours": 0.07639613846937815
    },
    "17": {
      "val_acc": 0.8907,
      "gpu_hours": 0.08085216383139292
    },
    "18": {
      "val_acc": 0.8905,
      "gpu_hours": 0.08529035713937548
    },
    "19": {
      "val_acc": 0.8987,
      "gpu_hours": 0.08973456395996941
    },
    "20": {
      "val_acc": 0.9062,
      "gpu_hours": 0.09417725404103597
    },
    "21": {
      "val_acc": 0.9061,
      "gpu_hours": 0.0986144510904948
    },
    "22": {
      "val_acc": 0.9098,
      "gpu_hours": 0.10304109546873305
    },
    "23": {
      "val_acc": 0.9079,
      "gpu_hours": 0.10747578508324093
    },
    "24": {
      "val_acc": 0.9041,
      "gpu_hours": 0.11192378772629633
    },
    "25": {
      "val_acc": 0.9048,
      "gpu_hours": 0.11637513213687473
    },
    "26": {
      "val_acc": 0.9045,
      "gpu_hours": 0.12081268376774258
    },
    "27": {
      "val_acc": 0.9059,
      "gpu_hours": 0.12526389870378707
    },
    "28": {
      "val_acc": 0.9059,
      "gpu_hours": 0.1297170690033171
    },
    "29": {
      "val_acc": 0.9087,
      "gpu_hours": 0.134161184363895
    }
  }
}