{
  "trial_number": 56,
  "params": {
    "lr": 0.0026862961480780306,
    "weight_decay": 0.004250130151289162,
    "batch_size": 128,
    "dropout": 0.21059651461160855,
    "optimizer": "AdamW",
    "scheduler": "cosine",
    "model": "resnet18"
  },
  "best_val_acc": 0.9221,
  "total_gpu_hours": 0.12581956499152713,
  "slurm_task": 30,
  "parallel_workers": 5,
  "sampler": "tpe",
  "dataset": "cifar10",
  "device": "cuda",
  "accuracy_thresholds": {
    "gpu_h_to_80pct": 0.021526157061258953,
    "gpu_h_to_85pct": 0.029873871472146776,
    "gpu_h_to_90pct": 0.06322550747129652
  },
  "accuracy_curve": {
    "0": {
      "val_acc": 0.4923,
      "gpu_hours": 0.004803892374038696
    },
    "1": {
      "val_acc": 0.5916,
      "gpu_hours": 0.008981560468673705
    },
    "2": {
      "val_acc": 0.6947,
      "gpu_hours": 0.013156536155276828
    },
    "3": {
      "val_acc": 0.7709,
      "gpu_hours": 0.01734176602628496
    },
    "4": {
      "val_acc": 0.8045,
      "gpu_hours": 0.021526157061258953
    },
    "5": {
      "val_acc": 0.8202,
      "gpu_hours": 0.02570461908976237
    },
    "6": {
      "val_acc": 0.8506,
      "gpu_hours": 0.029873871472146776
    },
    "7": {
      "val_acc": 0.8433,
      "gpu_hours": 0.034049741228421526
    },
    "8": {
      "val_acc": 0.8649,
      "gpu_hours": 0.03821356978681353
    },
    "9": {
      "val_acc": 0.8472,
      "gpu_hours": 0.042387264437145654
    },
    "10": {
      "val_acc": 0.8612,
      "gpu_hours": 0.04654951777723101
    },
    "11": {
      "val_acc": 0.8785,
      "gpu_hours": 0.050719691448741486
    },
    "12": {
      "val_acc": 0.8871,
      "gpu_hours": 0.05489635136392382
    },
    "13": {
      "val_acc": 0.887,
      "gpu_hours": 0.05906334141890208
    },
    "14": {
      "val_acc": 0.9042,
      "gpu_hours": 0.06322550747129652
    },
    "15": {
      "val_acc": 0.8948,
      "gpu_hours": 0.06739165617360009
    },
    "16": {
      "val_acc": 0.8985,
      "gpu_hours": 0.07155294477939605
    },
    "17": {
      "val_acc": 0.8974,
      "gpu_hours": 0.07573555833763547
    },
    "18": {
      "val_acc": 0.9095,
      "gpu_hours": 0.07990156014760336
    },
    "19": {
      "val_acc": 0.911,
      "gpu_hours": 0.08407919605573018
    },
    "20": {
      "val_acc": 0.9125,
      "gpu_hours": 0.08825478619999355
    },
    "21": {
      "val_acc": 0.9145,
      "gpu_hours": 0.09242533577813042
    },
    "22": {
      "val_acc": 0.9164,
      "gpu_hours": 0.09659201403458913
    },
    "23": {
      "val_acc": 0.917,
      "gpu_hours": 0.1007714984814326
    },
    "24": {
      "val_acc": 0.9181,
      "gpu_hours": 0.1049447387456894
    },
    "25": {
      "val_acc": 0.9186,
      "gpu_hours": 0.10911647266811794
    },
    "26": {
      "val_acc": 0.9221,
      "gpu_hours": 0.11328153192996979
    },
    "27": {
      "val_acc": 0.9191,
      "gpu_hours": 0.11744937784141965
    },
    "28": {
      "val_acc": 0.9204,
      "gpu_hours": 0.12162349581718444
    },
    "29": {
      "val_acc": 0.9206,
      "gpu_hours": 0.12580111768510607
    }
  }
}