{
  "trial_number": 53,
  "params": {
    "lr": 0.0020052909076707153,
    "weight_decay": 3.267958805641679e-06,
    "batch_size": 64,
    "dropout": 0.2808536405091892,
    "optimizer": "AdamW",
    "scheduler": "step",
    "model": "resnet18"
  },
  "best_val_acc": 0.9193,
  "total_gpu_hours": 0.13383682588736215,
  "slurm_task": 27,
  "parallel_workers": 5,
  "sampler": "tpe",
  "dataset": "cifar10",
  "device": "cuda",
  "accuracy_thresholds": {
    "gpu_h_to_80pct": 0.022690022124184504,
    "gpu_h_to_85pct": 0.040456702576743234,
    "gpu_h_to_90pct": 0.06267571363184188
  },
  "accuracy_curve": {
    "0": {
      "val_acc": 0.5142,
      "gpu_hours": 0.004899534450636969
    },
    "1": {
      "val_acc": 0.6454,
      "gpu_hours": 0.00935352901617686
    },
    "2": {
      "val_acc": 0.7542,
      "gpu_hours": 0.0137953210539288
    },
    "3": {
      "val_acc": 0.7932,
      "gpu_hours": 0.018239749206437006
    },
    "4": {
      "val_acc": 0.811,
      "gpu_hours": 0.022690022124184504
    },
    "5": {
      "val_acc": 0.8222,
      "gpu_hours": 0.02713395913441976
    },
    "6": {
      "val_acc": 0.8449,
      "gpu_hours": 0.031571977734565736
    },
    "7": {
      "val_acc": 0.8457,
      "gpu_hours": 0.03601086311870151
    },
    "8": {
      "val_acc": 0.8724,
      "gpu_hours": 0.040456702576743234
    },
    "9": {
      "val_acc": 0.857,
      "gpu_hours": 0.04489775902695126
    },
    "10": {
      "val_acc": 0.8905,
      "gpu_hours": 0.04934539768430922
    },
    "11": {
      "val_acc": 0.8945,
      "gpu_hours": 0.05378357774681515
    },
    "12": {
      "val_acc": 0.8935,
      "gpu_hours": 0.058242378301090664
    },
    "13": {
      "val_acc": 0.903,
      "gpu_hours": 0.06267571363184188
    },
    "14": {
      "val_acc": 0.9012,
      "gpu_hours": 0.06712926480505202
    },
    "15": {
      "val_acc": 0.8978,
      "gpu_hours": 0.07157046496868133
    },
    "16": {
      "val_acc": 0.901,
      "gpu_hours": 0.07599387771553463
    },
    "17": {
      "val_acc": 0.9045,
      "gpu_hours": 0.08043748517831166
    },
    "18": {
      "val_acc": 0.9044,
      "gpu_hours": 0.08489168537987603
    },
    "19": {
      "val_acc": 0.9051,
      "gpu_hours": 0.0893286622232861
    },
    "20": {
      "val_acc": 0.9142,
      "gpu_hours": 0.09377747999297248
    },
    "21": {
      "val_acc": 0.9162,
      "gpu_hours": 0.09821404404110379
    },
    "22": {
      "val_acc": 0.9158,
      "gpu_hours": 0.1026659037007226
    },
    "23": {
      "val_acc": 0.9155,
      "gpu_hours": 0.10709805680645837
    },
    "24": {
      "val_acc": 0.913,
      "gpu_hours": 0.11153981122705671
    },
    "25": {
      "val_acc": 0.913,
      "gpu_hours": 0.11599934134218427
    },
    "26": {
      "val_acc": 0.9178,
      "gpu_hours": 0.12045952286985186
    },
    "27": {
      "val_acc": 0.9193,
      "gpu_hours": 0.12490691191620297
    },
    "28": {
      "val_acc": 0.9184,
      "gpu_hours": 0.12936969174279106
    },
    "29": {
      "val_acc": 0.9158,
      "gpu_hours": 0.13382408930195702
    }
  }
}