{
  "trial_number": 14,
  "params": {
    "lr": 0.004317772643750122,
    "weight_decay": 0.0033629253901769716,
    "batch_size": 256,
    "dropout": 0.267687928315081,
    "optimizer": "AdamW",
    "scheduler": "cosine",
    "model": "resnet34"
  },
  "best_val_acc": 0.914,
  "total_gpu_hours": 0.20388149585988785,
  "slurm_task": 10,
  "parallel_workers": 5,
  "sampler": "tpe",
  "dataset": "cifar10",
  "device": "cuda",
  "accuracy_thresholds": {
    "gpu_h_to_80pct": 0.06160936302608914,
    "gpu_h_to_85pct": 0.07514600826634302,
    "gpu_h_to_90pct": 0.14284629974100324
  },
  "accuracy_curve": {
    "0": {
      "val_acc": 0.356,
      "gpu_hours": 0.007409027351273431
    },
    "1": {
      "val_acc": 0.4818,
      "gpu_hours": 0.014174410965707568
    },
    "2": {
      "val_acc": 0.5645,
      "gpu_hours": 0.020941756831275093
    },
    "3": {
      "val_acc": 0.6666,
      "gpu_hours": 0.027709332505861918
    },
    "4": {
      "val_acc": 0.7353,
      "gpu_hours": 0.03447562350167169
    },
    "5": {
      "val_acc": 0.7517,
      "gpu_hours": 0.041244353585773046
    },
    "6": {
      "val_acc": 0.7902,
      "gpu_hours": 0.0480192189084159
    },
    "7": {
      "val_acc": 0.7939,
      "gpu_hours": 0.05479024754630195
    },
    "8": {
      "val_acc": 0.8088,
      "gpu_hours": 0.06160936302608914
    },
    "9": {
      "val_acc": 0.8433,
      "gpu_hours": 0.06837777952353159
    },
    "10": {
      "val_acc": 0.8564,
      "gpu_hours": 0.07514600826634302
    },
    "11": {
      "val_acc": 0.8568,
      "gpu_hours": 0.08191684583822886
    },
    "12": {
      "val_acc": 0.8638,
      "gpu_hours": 0.08868823071320851
    },
    "13": {
      "val_acc": 0.8581,
      "gpu_hours": 0.09545779830879635
    },
    "14": {
      "val_acc": 0.8601,
      "gpu_hours": 0.10222378644678327
    },
    "15": {
      "val_acc": 0.8784,
      "gpu_hours": 0.10899243758784401
    },
    "16": {
      "val_acc": 0.8903,
      "gpu_hours": 0.11576621035734812
    },
    "17": {
      "val_acc": 0.8898,
      "gpu_hours": 0.12253808041413625
    },
    "18": {
      "val_acc": 0.8965,
      "gpu_hours": 0.12930534693929885
    },
    "19": {
      "val_acc": 0.8946,
      "gpu_hours": 0.13607750938998328
    },
    "20": {
      "val_acc": 0.9055,
      "gpu_hours": 0.14284629974100324
    },
    "21": {
      "val_acc": 0.9047,
      "gpu_hours": 0.1496170661184523
    },
    "22": {
      "val_acc": 0.907,
      "gpu_hours": 0.15639001263512506
    },
    "23": {
      "val_acc": 0.9083,
      "gpu_hours": 0.16316056748231253
    },
    "24": {
      "val_acc": 0.9093,
      "gpu_hours": 0.1699370089504454
    },
    "25": {
      "val_acc": 0.911,
      "gpu_hours": 0.17670870436562433
    },
    "26": {
      "val_acc": 0.9112,
      "gpu_hours": 0.18347997817728254
    },
    "27": {
      "val_acc": 0.9123,
      "gpu_hours": 0.19029791096846263
    },
    "28": {
      "val_acc": 0.9124,
      "gpu_hours": 0.197082716094123
    },
    "29": {
      "val_acc": 0.914,
      "gpu_hours": 0.20386874867810142
    }
  }
}