{
  "trial_number": 20,
  "params": {
    "lr": 0.0005275283814558359,
    "weight_decay": 8.994801758311122e-06,
    "batch_size": 64,
    "dropout": 0.06392817210553589,
    "optimizer": "AdamW",
    "scheduler": "step",
    "model": "resnet18"
  },
  "best_val_acc": 0.9214,
  "total_gpu_hours": 0.1333672629462348,
  "slurm_task": 12,
  "parallel_workers": 5,
  "sampler": "tpe",
  "dataset": "cifar10",
  "device": "cuda",
  "accuracy_thresholds": {
    "gpu_h_to_80pct": 0.022762011422051323,
    "gpu_h_to_85pct": 0.036018695169025,
    "gpu_h_to_90pct": 0.053727955023447675
  },
  "accuracy_curve": {
    "0": {
      "val_acc": 0.6097,
      "gpu_hours": 0.005048392481274075
    },
    "1": {
      "val_acc": 0.7198,
      "gpu_hours": 0.009473806884553697
    },
    "2": {
      "val_acc": 0.7305,
      "gpu_hours": 0.013906638820966084
    },
    "3": {
      "val_acc": 0.7989,
      "gpu_hours": 0.018334565824932522
    },
    "4": {
      "val_acc": 0.8319,
      "gpu_hours": 0.022762011422051323
    },
    "5": {
      "val_acc": 0.8371,
      "gpu_hours": 0.02716224365764194
    },
    "6": {
      "val_acc": 0.8365,
      "gpu_hours": 0.03158622860908508
    },
    "7": {
      "val_acc": 0.8537,
      "gpu_hours": 0.036018695169025
    },
    "8": {
      "val_acc": 0.8483,
      "gpu_hours": 0.040449859698613484
    },
    "9": {
      "val_acc": 0.8588,
      "gpu_hours": 0.04487849964035882
    },
    "10": {
      "val_acc": 0.8926,
      "gpu_hours": 0.04930398424466451
    },
    "11": {
      "val_acc": 0.9002,
      "gpu_hours": 0.053727955023447675
    },
    "12": {
      "val_acc": 0.9018,
      "gpu_hours": 0.05815824548403422
    },
    "13": {
      "val_acc": 0.9022,
      "gpu_hours": 0.06258180916309357
    },
    "14": {
      "val_acc": 0.9039,
      "gpu_hours": 0.06700338383515676
    },
    "15": {
      "val_acc": 0.9054,
      "gpu_hours": 0.07145761105749342
    },
    "16": {
      "val_acc": 0.9079,
      "gpu_hours": 0.07586756209532419
    },
    "17": {
      "val_acc": 0.908,
      "gpu_hours": 0.08029592242505815
    },
    "18": {
      "val_acc": 0.9028,
      "gpu_hours": 0.08472289515866174
    },
    "19": {
      "val_acc": 0.9082,
      "gpu_hours": 0.08914988875389099
    },
    "20": {
      "val_acc": 0.9156,
      "gpu_hours": 0.09356012933784061
    },
    "21": {
      "val_acc": 0.9214,
      "gpu_hours": 0.09798756341139475
    },
    "22": {
      "val_acc": 0.9212,
      "gpu_hours": 0.10240793274508582
    },
    "23": {
      "val_acc": 0.9188,
      "gpu_hours": 0.10682436989413367
    },
    "24": {
      "val_acc": 0.9129,
      "gpu_hours": 0.11125335733095805
    },
    "25": {
      "val_acc": 0.9203,
      "gpu_hours": 0.11569236324893103
    },
    "26": {
      "val_acc": 0.9175,
      "gpu_hours": 0.12009662952688005
    },
    "27": {
      "val_acc": 0.9203,
      "gpu_hours": 0.12452225585778555
    },
    "28": {
      "val_acc": 0.9186,
      "gpu_hours": 0.12894577615790898
    },
    "29": {
      "val_acc": 0.9208,
      "gpu_hours": 0.13335401005215114
    }
  }
}