{
  "trial_number": 2,
  "params": {
    "lr": 0.0013292918943162175,
    "weight_decay": 0.006351221010640704,
    "batch_size": 64,
    "dropout": 0.07799726016810132,
    "optimizer": "Adam",
    "scheduler": "plateau",
    "model": "resnet18"
  },
  "best_val_acc": 0.4171,
  "total_gpu_hours": 0.04678460134400262,
  "slurm_task": 2,
  "parallel_workers": 5,
  "sampler": "tpe",
  "dataset": "cifar10",
  "device": "cuda",
  "accuracy_thresholds": {},
  "accuracy_curve": {
    "0": {
      "val_acc": 0.2543,
      "gpu_hours": 0.0021222860945595634
    },
    "1": {
      "val_acc": 0.2378,
      "gpu_hours": 0.003666831652323405
    },
    "2": {
      "val_acc": 0.3017,
      "gpu_hours": 0.00520390702618493
    },
    "3": {
      "val_acc": 0.3421,
      "gpu_hours": 0.006748374833001031
    },
    "4": {
      "val_acc": 0.3206,
      "gpu_hours": 0.008289509548081293
    },
    "5": {
      "val_acc": 0.2855,
      "gpu_hours": 0.009815316531393264
    },
    "6": {
      "val_acc": 0.3861,
      "gpu_hours": 0.01133609288268619
    },
    "7": {
      "val_acc": 0.4132,
      "gpu_hours": 0.012870874007542927
    },
    "8": {
      "val_acc": 0.3996,
      "gpu_hours": 0.014423997534645929
    },
    "9": {
      "val_acc": 0.3989,
      "gpu_hours": 0.01595413386821747
    },
    "10": {
      "val_acc": 0.412,
      "gpu_hours": 0.017519524759716458
    },
    "11": {
      "val_acc": 0.4081,
      "gpu_hours": 0.019070694711473254
    },
    "12": {
      "val_acc": 0.4116,
      "gpu_hours": 0.020589591794543796
    },
    "13": {
      "val_acc": 0.4112,
      "gpu_hours": 0.022131730715433756
    },
    "14": {
      "val_acc": 0.4137,
      "gpu_hours": 0.023710333042674593
    },
    "15": {
      "val_acc": 0.4149,
      "gpu_hours": 0.02522589451736874
    },
    "16": {
      "val_acc": 0.4125,
      "gpu_hours": 0.026752670142385696
    },
    "17": {
      "val_acc": 0.4133,
      "gpu_hours": 0.028278762035899692
    },
    "18": {
      "val_acc": 0.4145,
      "gpu_hours": 0.029819983111487494
    },
    "19": {
      "val_acc": 0.4171,
      "gpu_hours": 0.03137088676293691
    },
    "20": {
      "val_acc": 0.4098,
      "gpu_hours": 0.032909966243637935
    },
    "21": {
      "val_acc": 0.4152,
      "gpu_hours": 0.034462973674138385
    },
    "22": {
      "val_acc": 0.4116,
      "gpu_hours": 0.03599020315541161
    },
    "23": {
      "val_acc": 0.4129,
      "gpu_hours": 0.03754332019223107
    },
    "24": {
      "val_acc": 0.414,
      "gpu_hours": 0.03907601131333245
    },
    "25": {
      "val_acc": 0.4137,
      "gpu_hours": 0.040628597537676496
    },
    "26": {
      "val_acc": 0.4147,
      "gpu_hours": 0.04216423253218333
    },
    "27": {
      "val_acc": 0.4106,
      "gpu_hours": 0.04369742837217119
    },
    "28": {
      "val_acc": 0.4133,
      "gpu_hours": 0.04523458037111494
    },
    "29": {
      "val_acc": 0.4131,
      "gpu_hours": 0.04676238662666744
    }
  }
}