{
  "trial_number": 57,
  "params": {
    "lr": 0.004737604262424522,
    "weight_decay": 2.4325727095878092e-05,
    "batch_size": 64,
    "dropout": 0.11291268946202108,
    "optimizer": "AdamW",
    "scheduler": "step",
    "model": "resnet18"
  },
  "best_val_acc": 0.912,
  "total_gpu_hours": 0.13323952972888947,
  "slurm_task": 28,
  "parallel_workers": 5,
  "sampler": "tpe",
  "dataset": "cifar10",
  "device": "cuda",
  "accuracy_thresholds": {
    "gpu_h_to_80pct": 0.027027747631072997,
    "gpu_h_to_85pct": 0.044721924000316195,
    "gpu_h_to_90pct": 0.08896030902862549
  },
  "accuracy_curve": {
    "0": {
      "val_acc": 0.4777,
      "gpu_hours": 0.004880358245637682
    },
    "1": {
      "val_acc": 0.5918,
      "gpu_hours": 0.009308765530586243
    },
    "2": {
      "val_acc": 0.6639,
      "gpu_hours": 0.013733568986256918
    },
    "3": {
      "val_acc": 0.7607,
      "gpu_hours": 0.01818257106675042
    },
    "4": {
      "val_acc": 0.7728,
      "gpu_hours": 0.022613060805532666
    },
    "5": {
      "val_acc": 0.8261,
      "gpu_hours": 0.027027747631072997
    },
    "6": {
      "val_acc": 0.7926,
      "gpu_hours": 0.03145231664180756
    },
    "7": {
      "val_acc": 0.8333,
      "gpu_hours": 0.03587259160147773
    },
    "8": {
      "val_acc": 0.8408,
      "gpu_hours": 0.04030166506767273
    },
    "9": {
      "val_acc": 0.8583,
      "gpu_hours": 0.044721924000316195
    },
    "10": {
      "val_acc": 0.8832,
      "gpu_hours": 0.0491439633236991
    },
    "11": {
      "val_acc": 0.8844,
      "gpu_hours": 0.053572111792034575
    },
    "12": {
      "val_acc": 0.8904,
      "gpu_hours": 0.057992671529452006
    },
    "13": {
      "val_acc": 0.8905,
      "gpu_hours": 0.062420632309383814
    },
    "14": {
      "val_acc": 0.8949,
      "gpu_hours": 0.06685338252120548
    },
    "15": {
      "val_acc": 0.8919,
      "gpu_hours": 0.07127262188328637
    },
    "16": {
      "val_acc": 0.8974,
      "gpu_hours": 0.07570341481102838
    },
    "17": {
      "val_acc": 0.8965,
      "gpu_hours": 0.08011882457468245
    },
    "18": {
      "val_acc": 0.8975,
      "gpu_hours": 0.08454421301682791
    },
    "19": {
      "val_acc": 0.9026,
      "gpu_hours": 0.08896030902862549
    },
    "20": {
      "val_acc": 0.9075,
      "gpu_hours": 0.09339590582582685
    },
    "21": {
      "val_acc": 0.9106,
      "gpu_hours": 0.09782878478368123
    },
    "22": {
      "val_acc": 0.9112,
      "gpu_hours": 0.10225166141986847
    },
    "23": {
      "val_acc": 0.9104,
      "gpu_hours": 0.10668312648932139
    },
    "24": {
      "val_acc": 0.9077,
      "gpu_hours": 0.11110314892397986
    },
    "25": {
      "val_acc": 0.9118,
      "gpu_hours": 0.1155266805489858
    },
    "26": {
      "val_acc": 0.9103,
      "gpu_hours": 0.11994669881131914
    },
    "27": {
      "val_acc": 0.9117,
      "gpu_hours": 0.12438009944227006
    },
    "28": {
      "val_acc": 0.9092,
      "gpu_hours": 0.12879021293587156
    },
    "29": {
      "val_acc": 0.912,
      "gpu_hours": 0.13321903063191307
    }
  }
}