{
  "trial_number": 48,
  "params": {
    "lr": 0.004120883819332364,
    "weight_decay": 0.0003722520441924746,
    "batch_size": 64,
    "dropout": 0.16827437259794223,
    "optimizer": "AdamW",
    "scheduler": "cosine",
    "model": "resnet18"
  },
  "best_val_acc": 0.9174,
  "total_gpu_hours": 0.1340832201639811,
  "slurm_task": 26,
  "parallel_workers": 5,
  "sampler": "tpe",
  "dataset": "cifar10",
  "device": "cuda",
  "accuracy_thresholds": {
    "gpu_h_to_80pct": 0.027347400850719877,
    "gpu_h_to_85pct": 0.036225126650598315,
    "gpu_h_to_90pct": 0.07626319924990337
  },
  "accuracy_curve": {
    "0": {
      "val_acc": 0.4715,
      "gpu_hours": 0.005092410180303785
    },
    "1": {
      "val_acc": 0.6234,
      "gpu_hours": 0.009538036319944593
    },
    "2": {
      "val_acc": 0.7043,
      "gpu_hours": 0.013992872039477031
    },
    "3": {
      "val_acc": 0.7638,
      "gpu_hours": 0.018443042702145047
    },
    "4": {
      "val_acc": 0.7922,
      "gpu_hours": 0.022896044121848213
    },
    "5": {
      "val_acc": 0.8134,
      "gpu_hours": 0.027347400850719877
    },
    "6": {
      "val_acc": 0.8329,
      "gpu_hours": 0.0317818158864975
    },
    "7": {
      "val_acc": 0.8518,
      "gpu_hours": 0.036225126650598315
    },
    "8": {
      "val_acc": 0.8608,
      "gpu_hours": 0.04066481596893735
    },
    "9": {
      "val_acc": 0.8695,
      "gpu_hours": 0.04512841390238868
    },
    "10": {
      "val_acc": 0.881,
      "gpu_hours": 0.04956991771856944
    },
    "11": {
      "val_acc": 0.8775,
      "gpu_hours": 0.05401674297120836
    },
    "12": {
      "val_acc": 0.8887,
      "gpu_hours": 0.05845967431863149
    },
    "13": {
      "val_acc": 0.8919,
      "gpu_hours": 0.06291377286116283
    },
    "14": {
      "val_acc": 0.8935,
      "gpu_hours": 0.06736276083522373
    },
    "15": {
      "val_acc": 0.8968,
      "gpu_hours": 0.07181417855951522
    },
    "16": {
      "val_acc": 0.9001,
      "gpu_hours": 0.07626319924990337
    },
    "17": {
      "val_acc": 0.9049,
      "gpu_hours": 0.08072797152731154
    },
    "18": {
      "val_acc": 0.9053,
      "gpu_hours": 0.08516677611403996
    },
    "19": {
      "val_acc": 0.9048,
      "gpu_hours": 0.08959492451614803
    },
    "20": {
      "val_acc": 0.9076,
      "gpu_hours": 0.09401635222964817
    },
    "21": {
      "val_acc": 0.9103,
      "gpu_hours": 0.09845609923203787
    },
    "22": {
      "val_acc": 0.9108,
      "gpu_hours": 0.10291762517558203
    },
    "23": {
      "val_acc": 0.9126,
      "gpu_hours": 0.10736728807290395
    },
    "24": {
      "val_acc": 0.9121,
      "gpu_hours": 0.11181647830539279
    },
    "25": {
      "val_acc": 0.9152,
      "gpu_hours": 0.11626671983136071
    },
    "26": {
      "val_acc": 0.9168,
      "gpu_hours": 0.12071415497197045
    },
    "27": {
      "val_acc": 0.9164,
      "gpu_hours": 0.1251684205399619
    },
    "28": {
      "val_acc": 0.9174,
      "gpu_hours": 0.1296206992202335
    },
    "29": {
      "val_acc": 0.9152,
      "gpu_hours": 0.1340706949101554
    }
  }
}