{
  "trial_number": 4,
  "params": {
    "lr": 0.0013292918943162175,
    "weight_decay": 0.006351221010640704,
    "batch_size": 64,
    "dropout": 0.07799726016810132,
    "optimizer": "Adam",
    "scheduler": "plateau",
    "model": "resnet18"
  },
  "best_val_acc": 0.415,
  "total_gpu_hours": 0.04717966496944428,
  "slurm_task": 4,
  "parallel_workers": 5,
  "sampler": "tpe",
  "dataset": "cifar10",
  "device": "cuda",
  "accuracy_thresholds": {},
  "accuracy_curve": {
    "0": {
      "val_acc": 0.2384,
      "gpu_hours": 0.0020650576882892185
    },
    "1": {
      "val_acc": 0.2183,
      "gpu_hours": 0.0036125565899742976
    },
    "2": {
      "val_acc": 0.3056,
      "gpu_hours": 0.005141611827744378
    },
    "3": {
      "val_acc": 0.3338,
      "gpu_hours": 0.006687921616766188
    },
    "4": {
      "val_acc": 0.2725,
      "gpu_hours": 0.008250669240951539
    },
    "5": {
      "val_acc": 0.3164,
      "gpu_hours": 0.009803185595406426
    },
    "6": {
      "val_acc": 0.3939,
      "gpu_hours": 0.011347535914844937
    },
    "7": {
      "val_acc": 0.4123,
      "gpu_hours": 0.012911525633600023
    },
    "8": {
      "val_acc": 0.4135,
      "gpu_hours": 0.014461409515804715
    },
    "9": {
      "val_acc": 0.4052,
      "gpu_hours": 0.016006421579254998
    },
    "10": {
      "val_acc": 0.4111,
      "gpu_hours": 0.01758376227484809
    },
    "11": {
      "val_acc": 0.4134,
      "gpu_hours": 0.019126966132058037
    },
    "12": {
      "val_acc": 0.4135,
      "gpu_hours": 0.020729101300239562
    },
    "13": {
      "val_acc": 0.4083,
      "gpu_hours": 0.022273135781288148
    },
    "14": {
      "val_acc": 0.4143,
      "gpu_hours": 0.023869326048427158
    },
    "15": {
      "val_acc": 0.4085,
      "gpu_hours": 0.025417414042684768
    },
    "16": {
      "val_acc": 0.407,
      "gpu_hours": 0.026994350420104132
    },
    "17": {
      "val_acc": 0.4128,
      "gpu_hours": 0.028558934860759312
    },
    "18": {
      "val_acc": 0.4111,
      "gpu_hours": 0.03013389441702101
    },
    "19": {
      "val_acc": 0.415,
      "gpu_hours": 0.031695168680614894
    },
    "20": {
      "val_acc": 0.4092,
      "gpu_hours": 0.033244388169712494
    },
    "21": {
      "val_acc": 0.4094,
      "gpu_hours": 0.03479579402340783
    },
    "22": {
      "val_acc": 0.411,
      "gpu_hours": 0.03634423752625783
    },
    "23": {
      "val_acc": 0.4143,
      "gpu_hours": 0.03787875268194411
    },
    "24": {
      "val_acc": 0.4111,
      "gpu_hours": 0.039413489633136324
    },
    "25": {
      "val_acc": 0.4141,
      "gpu_hours": 0.04097406360838148
    },
    "26": {
      "val_acc": 0.4126,
      "gpu_hours": 0.042541293435626557
    },
    "27": {
      "val_acc": 0.412,
      "gpu_hours": 0.04409813351101345
    },
    "28": {
      "val_acc": 0.4059,
      "gpu_hours": 0.045630454421043395
    },
    "29": {
      "val_acc": 0.4116,
      "gpu_hours": 0.04715943316618602
    }
  }
}