{
  "trial_number": 16,
  "params": {
    "lr": 0.0033831807824948926,
    "weight_decay": 7.155177925779767e-06,
    "batch_size": 128,
    "dropout": 0.19288487826453463,
    "optimizer": "AdamW",
    "scheduler": "cosine",
    "model": "efficientnet_b1"
  },
  "best_val_acc": 0.805,
  "total_gpu_hours": 0.12632893535825943,
  "slurm_task": 8,
  "parallel_workers": 5,
  "sampler": "tpe",
  "dataset": "cifar10",
  "device": "cuda",
  "accuracy_thresholds": {
    "gpu_h_to_80pct": 0.10115654316213396
  },
  "accuracy_curve": {
    "0": {
      "val_acc": 0.232,
      "gpu_hours": 0.00466005437903934
    },
    "1": {
      "val_acc": 0.2821,
      "gpu_hours": 0.008846419983439975
    },
    "2": {
      "val_acc": 0.3702,
      "gpu_hours": 0.013047638800409106
    },
    "3": {
      "val_acc": 0.4387,
      "gpu_hours": 0.017247549692789712
    },
    "4": {
      "val_acc": 0.5162,
      "gpu_hours": 0.021443983912467955
    },
    "5": {
      "val_acc": 0.5797,
      "gpu_hours": 0.025646312501695422
    },
    "6": {
      "val_acc": 0.6066,
      "gpu_hours": 0.029830135703086853
    },
    "7": {
      "val_acc": 0.6379,
      "gpu_hours": 0.03401258952087826
    },
    "8": {
      "val_acc": 0.6568,
      "gpu_hours": 0.03821146892176734
    },
    "9": {
      "val_acc": 0.6903,
      "gpu_hours": 0.04241363187630971
    },
    "10": {
      "val_acc": 0.6926,
      "gpu_hours": 0.04660658054881626
    },
    "11": {
      "val_acc": 0.7183,
      "gpu_hours": 0.0507974072959688
    },
    "12": {
      "val_acc": 0.7312,
      "gpu_hours": 0.055002430213822256
    },
    "13": {
      "val_acc": 0.7478,
      "gpu_hours": 0.059196614755524526
    },
    "14": {
      "val_acc": 0.7559,
      "gpu_hours": 0.06340889559851752
    },
    "15": {
      "val_acc": 0.7667,
      "gpu_hours": 0.06760885304874845
    },
    "16": {
      "val_acc": 0.7735,
      "gpu_hours": 0.07180561482906342
    },
    "17": {
      "val_acc": 0.775,
      "gpu_hours": 0.07600964546203613
    },
    "18": {
      "val_acc": 0.784,
      "gpu_hours": 0.08020219027996063
    },
    "19": {
      "val_acc": 0.7878,
      "gpu_hours": 0.0843943163421419
    },
    "20": {
      "val_acc": 0.7884,
      "gpu_hours": 0.08858188854323493
    },
    "21": {
      "val_acc": 0.7928,
      "gpu_hours": 0.09277592983510759
    },
    "22": {
      "val_acc": 0.7987,
      "gpu_hours": 0.09697589106029934
    },
    "23": {
      "val_acc": 0.8024,
      "gpu_hours": 0.10115654316213396
    },
    "24": {
      "val_acc": 0.8002,
      "gpu_hours": 0.10534955335987939
    },
    "25": {
      "val_acc": 0.7986,
      "gpu_hours": 0.10955057329601711
    },
    "26": {
      "val_acc": 0.8035,
      "gpu_hours": 0.11374953971968757
    },
    "27": {
      "val_acc": 0.8023,
      "gpu_hours": 0.11793294721179538
    },
    "28": {
      "val_acc": 0.8037,
      "gpu_hours": 0.12214111619525486
    },
    "29": {
      "val_acc": 0.805,
      "gpu_hours": 0.12631658779250252
    }
  }
}