{
  "trial_number": 64,
  "params": {
    "lr": 0.0014113407257968322,
    "weight_decay": 0.00035055647909868447,
    "batch_size": 128,
    "dropout": 0.05931124606897435,
    "optimizer": "AdamW",
    "scheduler": "cosine",
    "model": "resnet34"
  },
  "best_val_acc": 0.9227,
  "total_gpu_hours": 0.2175765632920795,
  "slurm_task": 34,
  "parallel_workers": 5,
  "sampler": "tpe",
  "dataset": "cifar10",
  "device": "cuda",
  "accuracy_thresholds": {
    "gpu_h_to_80pct": 0.03678845617506239,
    "gpu_h_to_85pct": 0.06572190198633406,
    "gpu_h_to_90pct": 0.13081097695562574
  },
  "accuracy_curve": {
    "0": {
      "val_acc": 0.5242,
      "gpu_hours": 0.007878503468301561
    },
    "1": {
      "val_acc": 0.6632,
      "gpu_hours": 0.015108189582824706
    },
    "2": {
      "val_acc": 0.7211,
      "gpu_hours": 0.022335936427116395
    },
    "3": {
      "val_acc": 0.7861,
      "gpu_hours": 0.02955966803762648
    },
    "4": {
      "val_acc": 0.805,
      "gpu_hours": 0.03678845617506239
    },
    "5": {
      "val_acc": 0.819,
      "gpu_hours": 0.044023642473750645
    },
    "6": {
      "val_acc": 0.8344,
      "gpu_hours": 0.051246349745326575
    },
    "7": {
      "val_acc": 0.8341,
      "gpu_hours": 0.05847239931424459
    },
    "8": {
      "val_acc": 0.8627,
      "gpu_hours": 0.06572190198633406
    },
    "9": {
      "val_acc": 0.8708,
      "gpu_hours": 0.07296630832884046
    },
    "10": {
      "val_acc": 0.8788,
      "gpu_hours": 0.08020989451143477
    },
    "11": {
      "val_acc": 0.8777,
      "gpu_hours": 0.08744386076927185
    },
    "12": {
      "val_acc": 0.8833,
      "gpu_hours": 0.09467409544520908
    },
    "13": {
      "val_acc": 0.8957,
      "gpu_hours": 0.10190123862690396
    },
    "14": {
      "val_acc": 0.8956,
      "gpu_hours": 0.10912591305043962
    },
    "15": {
      "val_acc": 0.8948,
      "gpu_hours": 0.11635790295071072
    },
    "16": {
      "val_acc": 0.8976,
      "gpu_hours": 0.12358589794900682
    },
    "17": {
      "val_acc": 0.9037,
      "gpu_hours": 0.13081097695562574
    },
    "18": {
      "val_acc": 0.9037,
      "gpu_hours": 0.1380345102151235
    },
    "19": {
      "val_acc": 0.9127,
      "gpu_hours": 0.14526575836870406
    },
    "20": {
      "val_acc": 0.9136,
      "gpu_hours": 0.15250459439224667
    },
    "21": {
      "val_acc": 0.9155,
      "gpu_hours": 0.15972767531871795
    },
    "22": {
      "val_acc": 0.9163,
      "gpu_hours": 0.1669508534669876
    },
    "23": {
      "val_acc": 0.9171,
      "gpu_hours": 0.17418208519617717
    },
    "24": {
      "val_acc": 0.9202,
      "gpu_hours": 0.1814078825712204
    },
    "25": {
      "val_acc": 0.9197,
      "gpu_hours": 0.18863331490092808
    },
    "26": {
      "val_acc": 0.9193,
      "gpu_hours": 0.19586254477500917
    },
    "27": {
      "val_acc": 0.9222,
      "gpu_hours": 0.20309262295564015
    },
    "28": {
      "val_acc": 0.9211,
      "gpu_hours": 0.2103261168797811
    },
    "29": {
      "val_acc": 0.9227,
      "gpu_hours": 0.21755697588125864
    }
  }
}