{
  "trial_number": 66,
  "params": {
    "lr": 0.0036380016962401446,
    "weight_decay": 2.237745191965952e-06,
    "batch_size": 64,
    "dropout": 0.15898055326896737,
    "optimizer": "Adam",
    "scheduler": "step",
    "model": "resnet18"
  },
  "best_val_acc": 0.9181,
  "total_gpu_hours": 0.13340187138981288,
  "slurm_task": 36,
  "parallel_workers": 5,
  "sampler": "tpe",
  "dataset": "cifar10",
  "device": "cuda",
  "accuracy_thresholds": {
    "gpu_h_to_80pct": 0.027147592571046618,
    "gpu_h_to_85pct": 0.04040459136168162,
    "gpu_h_to_90pct": 0.08466390662723118
  },
  "accuracy_curve": {
    "0": {
      "val_acc": 0.5117,
      "gpu_hours": 0.005042709906895955
    },
    "1": {
      "val_acc": 0.6679,
      "gpu_hours": 0.009444445239173042
    },
    "2": {
      "val_acc": 0.7066,
      "gpu_hours": 0.013884371916453043
    },
    "3": {
      "val_acc": 0.7581,
      "gpu_hours": 0.018307749297883775
    },
    "4": {
      "val_acc": 0.7842,
      "gpu_hours": 0.02273395770125919
    },
    "5": {
      "val_acc": 0.8208,
      "gpu_hours": 0.027147592571046618
    },
    "6": {
      "val_acc": 0.8353,
      "gpu_hours": 0.03156699140866597
    },
    "7": {
      "val_acc": 0.8412,
      "gpu_hours": 0.03598747001753913
    },
    "8": {
      "val_acc": 0.8527,
      "gpu_hours": 0.04040459136168162
    },
    "9": {
      "val_acc": 0.8487,
      "gpu_hours": 0.04483027756214142
    },
    "10": {
      "val_acc": 0.8859,
      "gpu_hours": 0.049245959652794734
    },
    "11": {
      "val_acc": 0.8992,
      "gpu_hours": 0.053665145503150095
    },
    "12": {
      "val_acc": 0.8949,
      "gpu_hours": 0.05808123648166656
    },
    "13": {
      "val_acc": 0.8893,
      "gpu_hours": 0.06249378588464525
    },
    "14": {
      "val_acc": 0.895,
      "gpu_hours": 0.06692884895536634
    },
    "15": {
      "val_acc": 0.8971,
      "gpu_hours": 0.07136814170413547
    },
    "16": {
      "val_acc": 0.8967,
      "gpu_hours": 0.07579762803183662
    },
    "17": {
      "val_acc": 0.8997,
      "gpu_hours": 0.08024015022648705
    },
    "18": {
      "val_acc": 0.9039,
      "gpu_hours": 0.08466390662723118
    },
    "19": {
      "val_acc": 0.9009,
      "gpu_hours": 0.08909810099336836
    },
    "20": {
      "val_acc": 0.9087,
      "gpu_hours": 0.09353832814428542
    },
    "21": {
      "val_acc": 0.9116,
      "gpu_hours": 0.09796820117367638
    },
    "22": {
      "val_acc": 0.913,
      "gpu_hours": 0.1023891399304072
    },
    "23": {
      "val_acc": 0.9139,
      "gpu_hours": 0.10680418166849348
    },
    "24": {
      "val_acc": 0.9152,
      "gpu_hours": 0.1112353660662969
    },
    "25": {
      "val_acc": 0.9181,
      "gpu_hours": 0.11566536287466685
    },
    "26": {
      "val_acc": 0.9106,
      "gpu_hours": 0.12010247747103374
    },
    "27": {
      "val_acc": 0.9126,
      "gpu_hours": 0.12453564829296536
    },
    "28": {
      "val_acc": 0.9126,
      "gpu_hours": 0.12895934191015032
    },
    "29": {
      "val_acc": 0.9173,
      "gpu_hours": 0.1333885552485784
    }
  }
}