{
  "trial_number": 41,
  "params": {
    "lr": 0.013433346773817377,
    "weight_decay": 7.127514786828404e-06,
    "batch_size": 256,
    "dropout": 0.4661451709558936,
    "optimizer": "AdamW",
    "scheduler": "step",
    "model": "efficientnet_b0"
  },
  "best_val_acc": 0.7187,
  "total_gpu_hours": 0.039248193436198765,
  "slurm_task": 12,
  "parallel_workers": 40,
  "sampler": "hyperband",
  "dataset": "cifar10",
  "device": "cuda",
  "accuracy_thresholds": {},
  "accuracy_curve": {
    "0": {
      "val_acc": 0.1953,
      "gpu_hours": 0.0016524278455310399
    },
    "1": {
      "val_acc": 0.2405,
      "gpu_hours": 0.0029136820634206137
    },
    "2": {
      "val_acc": 0.2647,
      "gpu_hours": 0.004205717113282946
    },
    "3": {
      "val_acc": 0.3057,
      "gpu_hours": 0.005472997029622396
    },
    "4": {
      "val_acc": 0.3056,
      "gpu_hours": 0.006746230589018928
    },
    "5": {
      "val_acc": 0.3215,
      "gpu_hours": 0.008010573056009081
    },
    "6": {
      "val_acc": 0.4152,
      "gpu_hours": 0.009277631507979498
    },
    "7": {
      "val_acc": 0.4357,
      "gpu_hours": 0.010565351711379158
    },
    "8": {
      "val_acc": 0.4285,
      "gpu_hours": 0.01185407472981347
    },
    "9": {
      "val_acc": 0.5112,
      "gpu_hours": 0.013155646059248183
    },
    "10": {
      "val_acc": 0.5484,
      "gpu_hours": 0.014447490572929383
    },
    "11": {
      "val_acc": 0.5121,
      "gpu_hours": 0.015752442214224074
    },
    "12": {
      "val_acc": 0.586,
      "gpu_hours": 0.017044239574008517
    },
    "13": {
      "val_acc": 0.6092,
      "gpu_hours": 0.01834333042303721
    },
    "14": {
      "val_acc": 0.6193,
      "gpu_hours": 0.019637189838621352
    },
    "15": {
      "val_acc": 0.6303,
      "gpu_hours": 0.02094878468248579
    },
    "16": {
      "val_acc": 0.6334,
      "gpu_hours": 0.022250737879011367
    },
    "17": {
      "val_acc": 0.6527,
      "gpu_hours": 0.023594541549682616
    },
    "18": {
      "val_acc": 0.65,
      "gpu_hours": 0.024895959430270724
    },
    "19": {
      "val_acc": 0.6627,
      "gpu_hours": 0.026196498738394844
    },
    "20": {
      "val_acc": 0.6801,
      "gpu_hours": 0.027490719689263237
    },
    "21": {
      "val_acc": 0.6796,
      "gpu_hours": 0.028793514635827806
    },
    "22": {
      "val_acc": 0.693,
      "gpu_hours": 0.030122377872467042
    },
    "23": {
      "val_acc": 0.6976,
      "gpu_hours": 0.03142369409402212
    },
    "24": {
      "val_acc": 0.7027,
      "gpu_hours": 0.03271327621406979
    },
    "25": {
      "val_acc": 0.705,
      "gpu_hours": 0.03401740418540107
    },
    "26": {
      "val_acc": 0.7023,
      "gpu_hours": 0.035310360789299014
    },
    "27": {
      "val_acc": 0.6946,
      "gpu_hours": 0.036617571711540224
    },
    "28": {
      "val_acc": 0.7146,
      "gpu_hours": 0.03793874131308662
    },
    "29": {
      "val_acc": 0.7187,
      "gpu_hours": 0.039224291112687854
    }
  }
}