{
  "trial_number": 50,
  "params": {
    "lr": 0.013433346773817377,
    "weight_decay": 0.0026805119163969553,
    "batch_size": 128,
    "dropout": 0.14341414827246382,
    "optimizer": "AdamW",
    "scheduler": "step",
    "model": "resnet34"
  },
  "best_val_acc": 0.9061,
  "total_gpu_hours": 0.05026876787344615,
  "slurm_task": 15,
  "parallel_workers": 40,
  "sampler": "hyperband",
  "dataset": "cifar10",
  "device": "cuda",
  "accuracy_thresholds": {
    "gpu_h_to_80pct": 0.01361605127652486,
    "gpu_h_to_85pct": 0.018689875536494784,
    "gpu_h_to_90pct": 0.03533733242087894
  },
  "accuracy_curve": {
    "0": {
      "val_acc": 0.3922,
      "gpu_hours": 0.001994657980071174
    },
    "1": {
      "val_acc": 0.5149,
      "gpu_hours": 0.00363951669798957
    },
    "2": {
      "val_acc": 0.6151,
      "gpu_hours": 0.0052771823273764715
    },
    "3": {
      "val_acc": 0.67,
      "gpu_hours": 0.006920506755510966
    },
    "4": {
      "val_acc": 0.6975,
      "gpu_hours": 0.008589406609535217
    },
    "5": {
      "val_acc": 0.7714,
      "gpu_hours": 0.010258978671497769
    },
    "6": {
      "val_acc": 0.7711,
      "gpu_hours": 0.011938889424006144
    },
    "7": {
      "val_acc": 0.8117,
      "gpu_hours": 0.01361605127652486
    },
    "8": {
      "val_acc": 0.8336,
      "gpu_hours": 0.015300692319869994
    },
    "9": {
      "val_acc": 0.8423,
      "gpu_hours": 0.016987743311458164
    },
    "10": {
      "val_acc": 0.8752,
      "gpu_hours": 0.018689875536494784
    },
    "11": {
      "val_acc": 0.8711,
      "gpu_hours": 0.020365011162228053
    },
    "12": {
      "val_acc": 0.8791,
      "gpu_hours": 0.0220468450917138
    },
    "13": {
      "val_acc": 0.8789,
      "gpu_hours": 0.023722215758429633
    },
    "14": {
      "val_acc": 0.8797,
      "gpu_hours": 0.02539439539114634
    },
    "15": {
      "val_acc": 0.8802,
      "gpu_hours": 0.027063110603226557
    },
    "16": {
      "val_acc": 0.8875,
      "gpu_hours": 0.02872061252593994
    },
    "17": {
      "val_acc": 0.8872,
      "gpu_hours": 0.03037677658928765
    },
    "18": {
      "val_acc": 0.8739,
      "gpu_hours": 0.03203336742189195
    },
    "19": {
      "val_acc": 0.8932,
      "gpu_hours": 0.03368390202522278
    },
    "20": {
      "val_acc": 0.9034,
      "gpu_hours": 0.03533733242087894
    },
    "21": {
      "val_acc": 0.9022,
      "gpu_hours": 0.03699449433220758
    },
    "22": {
      "val_acc": 0.9019,
      "gpu_hours": 0.0386525919702318
    },
    "23": {
      "val_acc": 0.9039,
      "gpu_hours": 0.04031285676691267
    },
    "24": {
      "val_acc": 0.9016,
      "gpu_hours": 0.041967051757706535
    },
    "25": {
      "val_acc": 0.9061,
      "gpu_hours": 0.043619355029529995
    },
    "26": {
      "val_acc": 0.9044,
      "gpu_hours": 0.04527487218379975
    },
    "27": {
      "val_acc": 0.9051,
      "gpu_hours": 0.04693324108918508
    },
    "28": {
      "val_acc": 0.9035,
      "gpu_hours": 0.04860285547044542
    },
    "29": {
      "val_acc": 0.9059,
      "gpu_hours": 0.05025118907292684
    }
  }
}