{
  "trial_number": 1,
  "params": {
    "lr": 0.0013292918943162175,
    "weight_decay": 0.006351221010640704,
    "batch_size": 64,
    "dropout": 0.07799726016810132,
    "optimizer": "Adam",
    "scheduler": "plateau",
    "model": "resnet18"
  },
  "best_val_acc": 0.4437,
  "total_gpu_hours": 0.04724159293704563,
  "slurm_task": 11,
  "parallel_workers": 40,
  "sampler": "hyperband",
  "dataset": "cifar10",
  "device": "cuda",
  "accuracy_thresholds": {},
  "accuracy_curve": {
    "0": {
      "val_acc": 0.1854,
      "gpu_hours": 0.002097250090705024
    },
    "1": {
      "val_acc": 0.3316,
      "gpu_hours": 0.0037499994039535524
    },
    "2": {
      "val_acc": 0.3193,
      "gpu_hours": 0.005309583478503757
    },
    "3": {
      "val_acc": 0.3647,
      "gpu_hours": 0.006848543352550931
    },
    "4": {
      "val_acc": 0.3178,
      "gpu_hours": 0.008376022113694086
    },
    "5": {
      "val_acc": 0.4137,
      "gpu_hours": 0.009896687070528666
    },
    "6": {
      "val_acc": 0.4294,
      "gpu_hours": 0.011402559081713358
    },
    "7": {
      "val_acc": 0.4193,
      "gpu_hours": 0.012911436491542392
    },
    "8": {
      "val_acc": 0.4103,
      "gpu_hours": 0.014424661662843492
    },
    "9": {
      "val_acc": 0.4379,
      "gpu_hours": 0.015934808055559795
    },
    "10": {
      "val_acc": 0.4402,
      "gpu_hours": 0.017450619472397698
    },
    "11": {
      "val_acc": 0.4409,
      "gpu_hours": 0.018982798390918307
    },
    "12": {
      "val_acc": 0.4285,
      "gpu_hours": 0.02059431513150533
    },
    "13": {
      "val_acc": 0.4399,
      "gpu_hours": 0.022157078915172154
    },
    "14": {
      "val_acc": 0.4392,
      "gpu_hours": 0.023749776350127327
    },
    "15": {
      "val_acc": 0.4398,
      "gpu_hours": 0.025285937388737998
    },
    "16": {
      "val_acc": 0.4374,
      "gpu_hours": 0.02685250653160943
    },
    "17": {
      "val_acc": 0.4371,
      "gpu_hours": 0.02840337057908376
    },
    "18": {
      "val_acc": 0.4356,
      "gpu_hours": 0.029941669901212057
    },
    "19": {
      "val_acc": 0.4371,
      "gpu_hours": 0.0314983010954327
    },
    "20": {
      "val_acc": 0.4377,
      "gpu_hours": 0.033043931457731456
    },
    "21": {
      "val_acc": 0.44,
      "gpu_hours": 0.03466713236437904
    },
    "22": {
      "val_acc": 0.4369,
      "gpu_hours": 0.03624163521660699
    },
    "23": {
      "val_acc": 0.4384,
      "gpu_hours": 0.03780500657028622
    },
    "24": {
      "val_acc": 0.4418,
      "gpu_hours": 0.039362700647777984
    },
    "25": {
      "val_acc": 0.4414,
      "gpu_hours": 0.04091938171121809
    },
    "26": {
      "val_acc": 0.4389,
      "gpu_hours": 0.04247535294956631
    },
    "27": {
      "val_acc": 0.44,
      "gpu_hours": 0.04403442945745256
    },
    "28": {
      "val_acc": 0.4437,
      "gpu_hours": 0.04565523829725054
    },
    "29": {
      "val_acc": 0.4394,
      "gpu_hours": 0.04721577399306827
    }
  }
}