{
  "trial_number": 60,
  "params": {
    "lr": 0.00027385418507797137,
    "weight_decay": 0.0007741240057404019,
    "batch_size": 64,
    "dropout": 0.03557639001383643,
    "optimizer": "Adam",
    "scheduler": "plateau",
    "model": "resnet18"
  },
  "best_val_acc": 0.8832,
  "total_gpu_hours": 0.04584185189670987,
  "slurm_task": 26,
  "parallel_workers": 40,
  "sampler": "hyperband",
  "dataset": "cifar10",
  "device": "cuda",
  "accuracy_thresholds": {
    "gpu_h_to_80pct": 0.009533812006314596,
    "gpu_h_to_85pct": 0.009533812006314596
  },
  "accuracy_curve": {
    "0": {
      "val_acc": 0.5601,
      "gpu_hours": 0.0018689603937996758
    },
    "1": {
      "val_acc": 0.6938,
      "gpu_hours": 0.00342885779009925
    },
    "2": {
      "val_acc": 0.6851,
      "gpu_hours": 0.004958257145351834
    },
    "3": {
      "val_acc": 0.6644,
      "gpu_hours": 0.006486953298250834
    },
    "4": {
      "val_acc": 0.7572,
      "gpu_hours": 0.008009861376550463
    },
    "5": {
      "val_acc": 0.8548,
      "gpu_hours": 0.009533812006314596
    },
    "6": {
      "val_acc": 0.8575,
      "gpu_hours": 0.011060648229387071
    },
    "7": {
      "val_acc": 0.8684,
      "gpu_hours": 0.012585281067424351
    },
    "8": {
      "val_acc": 0.8685,
      "gpu_hours": 0.014136480490366617
    },
    "9": {
      "val_acc": 0.8763,
      "gpu_hours": 0.015681627194086712
    },
    "10": {
      "val_acc": 0.8776,
      "gpu_hours": 0.017158978978792826
    },
    "11": {
      "val_acc": 0.8809,
      "gpu_hours": 0.018631005816989475
    },
    "12": {
      "val_acc": 0.8805,
      "gpu_hours": 0.02010021679931217
    },
    "13": {
      "val_acc": 0.882,
      "gpu_hours": 0.021578744053840637
    },
    "14": {
      "val_acc": 0.8813,
      "gpu_hours": 0.02305019623703427
    },
    "15": {
      "val_acc": 0.8828,
      "gpu_hours": 0.02452473474873437
    },
    "16": {
      "val_acc": 0.8823,
      "gpu_hours": 0.025990411241849264
    },
    "17": {
      "val_acc": 0.8802,
      "gpu_hours": 0.027474355830086603
    },
    "18": {
      "val_acc": 0.8826,
      "gpu_hours": 0.02899986962477366
    },
    "19": {
      "val_acc": 0.8817,
      "gpu_hours": 0.030532272259394328
    },
    "20": {
      "val_acc": 0.8802,
      "gpu_hours": 0.03206731233331892
    },
    "21": {
      "val_acc": 0.8817,
      "gpu_hours": 0.033608660499254865
    },
    "22": {
      "val_acc": 0.882,
      "gpu_hours": 0.03513622555467818
    },
    "23": {
      "val_acc": 0.8807,
      "gpu_hours": 0.036646074189080134
    },
    "24": {
      "val_acc": 0.8826,
      "gpu_hours": 0.03815618402428097
    },
    "25": {
      "val_acc": 0.8826,
      "gpu_hours": 0.0396770844856898
    },
    "26": {
      "val_acc": 0.8823,
      "gpu_hours": 0.04120538055896759
    },
    "27": {
      "val_acc": 0.8808,
      "gpu_hours": 0.0427536975675159
    },
    "28": {
      "val_acc": 0.8832,
      "gpu_hours": 0.04430384861098396
    },
    "29": {
      "val_acc": 0.8821,
      "gpu_hours": 0.04582464986377292
    }
  }
}