{
  "trial_number": 48,
  "params": {
    "lr": 0.0005560051794694414,
    "weight_decay": 2.0708485661206462e-06,
    "batch_size": 256,
    "dropout": 0.0052575103624639685,
    "optimizer": "AdamW",
    "scheduler": "cosine",
    "model": "efficientnet_b0"
  },
  "best_val_acc": 0.7493,
  "total_gpu_hours": 0.03897237459818522,
  "slurm_task": 19,
  "parallel_workers": 40,
  "sampler": "hyperband",
  "dataset": "cifar10",
  "device": "cuda",
  "accuracy_thresholds": {},
  "accuracy_curve": {
    "0": {
      "val_acc": 0.2556,
      "gpu_hours": 0.0016423410839504667
    },
    "1": {
      "val_acc": 0.392,
      "gpu_hours": 0.0029327904515796237
    },
    "2": {
      "val_acc": 0.4662,
      "gpu_hours": 0.004215814802381727
    },
    "3": {
      "val_acc": 0.5075,
      "gpu_hours": 0.005497044457329644
    },
    "4": {
      "val_acc": 0.5463,
      "gpu_hours": 0.00680461863676707
    },
    "5": {
      "val_acc": 0.5757,
      "gpu_hours": 0.008108947806888157
    },
    "6": {
      "val_acc": 0.6064,
      "gpu_hours": 0.009385706981023152
    },
    "7": {
      "val_acc": 0.6225,
      "gpu_hours": 0.01067880392074585
    },
    "8": {
      "val_acc": 0.64,
      "gpu_hours": 0.01196633689933353
    },
    "9": {
      "val_acc": 0.6591,
      "gpu_hours": 0.013255559603373209
    },
    "10": {
      "val_acc": 0.6699,
      "gpu_hours": 0.014579691357082791
    },
    "11": {
      "val_acc": 0.6795,
      "gpu_hours": 0.01588337474399143
    },
    "12": {
      "val_acc": 0.6897,
      "gpu_hours": 0.017169809208975897
    },
    "13": {
      "val_acc": 0.695,
      "gpu_hours": 0.018474768532647026
    },
    "14": {
      "val_acc": 0.706,
      "gpu_hours": 0.019763519300354852
    },
    "15": {
      "val_acc": 0.7178,
      "gpu_hours": 0.02106235398186578
    },
    "16": {
      "val_acc": 0.7217,
      "gpu_hours": 0.022361573841836718
    },
    "17": {
      "val_acc": 0.7221,
      "gpu_hours": 0.023657870954937404
    },
    "18": {
      "val_acc": 0.73,
      "gpu_hours": 0.024929353992144267
    },
    "19": {
      "val_acc": 0.7349,
      "gpu_hours": 0.026209156844351027
    },
    "20": {
      "val_acc": 0.7359,
      "gpu_hours": 0.02748420516649882
    },
    "21": {
      "val_acc": 0.74,
      "gpu_hours": 0.028747149573432076
    },
    "22": {
      "val_acc": 0.7416,
      "gpu_hours": 0.030014671285947165
    },
    "23": {
      "val_acc": 0.7408,
      "gpu_hours": 0.03127921654118432
    },
    "24": {
      "val_acc": 0.7416,
      "gpu_hours": 0.032557172311676874
    },
    "25": {
      "val_acc": 0.7467,
      "gpu_hours": 0.033823272122277155
    },
    "26": {
      "val_acc": 0.7454,
      "gpu_hours": 0.03508047938346863
    },
    "27": {
      "val_acc": 0.7491,
      "gpu_hours": 0.03636147101720174
    },
    "28": {
      "val_acc": 0.7493,
      "gpu_hours": 0.03766624006960127
    },
    "29": {
      "val_acc": 0.7485,
      "gpu_hours": 0.03895217140515645
    }
  }
}