{
  "trial_number": 3,
  "params": {
    "lr": 0.0013292918943162175,
    "weight_decay": 0.006351221010640704,
    "batch_size": 64,
    "dropout": 0.07799726016810132,
    "optimizer": "Adam",
    "scheduler": "plateau",
    "model": "resnet18"
  },
  "best_val_acc": 0.4523,
  "total_gpu_hours": 0.046953208910094364,
  "slurm_task": 9,
  "parallel_workers": 40,
  "sampler": "hyperband",
  "dataset": "cifar10",
  "device": "cuda",
  "accuracy_thresholds": {},
  "accuracy_curve": {
    "0": {
      "val_acc": 0.1932,
      "gpu_hours": 0.002054056723912557
    },
    "1": {
      "val_acc": 0.1822,
      "gpu_hours": 0.0036310372749964394
    },
    "2": {
      "val_acc": 0.2963,
      "gpu_hours": 0.005160809225506253
    },
    "3": {
      "val_acc": 0.3688,
      "gpu_hours": 0.006700043413374159
    },
    "4": {
      "val_acc": 0.3498,
      "gpu_hours": 0.008290868798891703
    },
    "5": {
      "val_acc": 0.3181,
      "gpu_hours": 0.009859230981932745
    },
    "6": {
      "val_acc": 0.4208,
      "gpu_hours": 0.011378281315167745
    },
    "7": {
      "val_acc": 0.4299,
      "gpu_hours": 0.012897798551453484
    },
    "8": {
      "val_acc": 0.4386,
      "gpu_hours": 0.014433453745312162
    },
    "9": {
      "val_acc": 0.4286,
      "gpu_hours": 0.015999782549010383
    },
    "10": {
      "val_acc": 0.4427,
      "gpu_hours": 0.017566691637039184
    },
    "11": {
      "val_acc": 0.4511,
      "gpu_hours": 0.01910206185446845
    },
    "12": {
      "val_acc": 0.4487,
      "gpu_hours": 0.02062302052974701
    },
    "13": {
      "val_acc": 0.4482,
      "gpu_hours": 0.02216042399406433
    },
    "14": {
      "val_acc": 0.4476,
      "gpu_hours": 0.02368682987160153
    },
    "15": {
      "val_acc": 0.4523,
      "gpu_hours": 0.02529476695590549
    },
    "16": {
      "val_acc": 0.4484,
      "gpu_hours": 0.02687379088666704
    },
    "17": {
      "val_acc": 0.4508,
      "gpu_hours": 0.02840707845158047
    },
    "18": {
      "val_acc": 0.4477,
      "gpu_hours": 0.02997350878185696
    },
    "19": {
      "val_acc": 0.4457,
      "gpu_hours": 0.03150413890679677
    },
    "20": {
      "val_acc": 0.4481,
      "gpu_hours": 0.033063878814379374
    },
    "21": {
      "val_acc": 0.4453,
      "gpu_hours": 0.03462097876601749
    },
    "22": {
      "val_acc": 0.4458,
      "gpu_hours": 0.03615061495039198
    },
    "23": {
      "val_acc": 0.4514,
      "gpu_hours": 0.03769558999273512
    },
    "24": {
      "val_acc": 0.45,
      "gpu_hours": 0.03921797997421689
    },
    "25": {
      "val_acc": 0.4492,
      "gpu_hours": 0.0407308965921402
    },
    "26": {
      "val_acc": 0.4479,
      "gpu_hours": 0.04227268874645233
    },
    "27": {
      "val_acc": 0.4522,
      "gpu_hours": 0.04381823612584008
    },
    "28": {
      "val_acc": 0.4497,
      "gpu_hours": 0.04539565993679894
    },
    "29": {
      "val_acc": 0.4487,
      "gpu_hours": 0.04692292418744829
    }
  }
}