{
  "trial_number": 2,
  "params": {
    "lr": 0.0013292918943162175,
    "weight_decay": 0.006351221010640704,
    "batch_size": 64,
    "dropout": 0.07799726016810132,
    "optimizer": "Adam",
    "scheduler": "plateau",
    "model": "resnet18"
  },
  "best_val_acc": 0.4222,
  "total_gpu_hours": 0.046649336616198224,
  "slurm_task": 7,
  "parallel_workers": 40,
  "sampler": "hyperband",
  "dataset": "cifar10",
  "device": "cuda",
  "accuracy_thresholds": {},
  "accuracy_curve": {
    "0": {
      "val_acc": 0.2466,
      "gpu_hours": 0.0020498029390970864
    },
    "1": {
      "val_acc": 0.2458,
      "gpu_hours": 0.0035948073201709325
    },
    "2": {
      "val_acc": 0.2877,
      "gpu_hours": 0.005140465034378899
    },
    "3": {
      "val_acc": 0.353,
      "gpu_hours": 0.006640727784898546
    },
    "4": {
      "val_acc": 0.341,
      "gpu_hours": 0.008160388867060343
    },
    "5": {
      "val_acc": 0.3103,
      "gpu_hours": 0.009682375523779128
    },
    "6": {
      "val_acc": 0.4004,
      "gpu_hours": 0.011256302330229017
    },
    "7": {
      "val_acc": 0.4222,
      "gpu_hours": 0.012788707481490242
    },
    "8": {
      "val_acc": 0.4064,
      "gpu_hours": 0.014325723316934373
    },
    "9": {
      "val_acc": 0.4109,
      "gpu_hours": 0.015875318315294054
    },
    "10": {
      "val_acc": 0.4144,
      "gpu_hours": 0.017388390832477146
    },
    "11": {
      "val_acc": 0.4064,
      "gpu_hours": 0.01891990535789066
    },
    "12": {
      "val_acc": 0.4134,
      "gpu_hours": 0.02043457415368822
    },
    "13": {
      "val_acc": 0.4144,
      "gpu_hours": 0.021953595678011577
    },
    "14": {
      "val_acc": 0.4119,
      "gpu_hours": 0.023497756785816615
    },
    "15": {
      "val_acc": 0.4116,
      "gpu_hours": 0.025017325811915927
    },
    "16": {
      "val_acc": 0.4095,
      "gpu_hours": 0.026542054348521762
    },
    "17": {
      "val_acc": 0.4149,
      "gpu_hours": 0.02806646505991618
    },
    "18": {
      "val_acc": 0.4149,
      "gpu_hours": 0.029588686095343694
    },
    "19": {
      "val_acc": 0.4152,
      "gpu_hours": 0.031153189142545064
    },
    "20": {
      "val_acc": 0.4119,
      "gpu_hours": 0.03266931354999542
    },
    "21": {
      "val_acc": 0.4149,
      "gpu_hours": 0.03424489325947232
    },
    "22": {
      "val_acc": 0.4132,
      "gpu_hours": 0.03579033970832825
    },
    "23": {
      "val_acc": 0.4112,
      "gpu_hours": 0.0373115470012029
    },
    "24": {
      "val_acc": 0.4149,
      "gpu_hours": 0.03889136162069109
    },
    "25": {
      "val_acc": 0.4142,
      "gpu_hours": 0.04045568532413907
    },
    "26": {
      "val_acc": 0.4147,
      "gpu_hours": 0.04200841188430786
    },
    "27": {
      "val_acc": 0.4123,
      "gpu_hours": 0.043537123335732356
    },
    "28": {
      "val_acc": 0.4144,
      "gpu_hours": 0.045097750690248274
    },
    "29": {
      "val_acc": 0.4131,
      "gpu_hours": 0.04663098216056824
    }
  }
}