{
  "trial_number": 54,
  "params": {
    "lr": 0.0007024342558771288,
    "weight_decay": 1.8803285678963717e-05,
    "batch_size": 64,
    "dropout": 0.17342544570331087,
    "optimizer": "Adam",
    "scheduler": "plateau",
    "model": "resnet34"
  },
  "best_val_acc": 0.8829,
  "total_gpu_hours": 0.07007479223940108,
  "slurm_task": 3,
  "parallel_workers": 40,
  "sampler": "hyperband",
  "dataset": "cifar10",
  "device": "cuda",
  "accuracy_thresholds": {
    "gpu_h_to_80pct": 0.014371664391623603,
    "gpu_h_to_85pct": 0.014371664391623603
  },
  "accuracy_curve": {
    "0": {
      "val_acc": 0.5656,
      "gpu_hours": 0.002671147452460395
    },
    "1": {
      "val_acc": 0.6957,
      "gpu_hours": 0.005003489322132534
    },
    "2": {
      "val_acc": 0.7448,
      "gpu_hours": 0.007337143884764777
    },
    "3": {
      "val_acc": 0.7187,
      "gpu_hours": 0.009672079682350159
    },
    "4": {
      "val_acc": 0.7846,
      "gpu_hours": 0.01203836977481842
    },
    "5": {
      "val_acc": 0.863,
      "gpu_hours": 0.014371664391623603
    },
    "6": {
      "val_acc": 0.8679,
      "gpu_hours": 0.016695264180501303
    },
    "7": {
      "val_acc": 0.8675,
      "gpu_hours": 0.018991713987456426
    },
    "8": {
      "val_acc": 0.8768,
      "gpu_hours": 0.021303842465082806
    },
    "9": {
      "val_acc": 0.8756,
      "gpu_hours": 0.023594443400700885
    },
    "10": {
      "val_acc": 0.88,
      "gpu_hours": 0.025902682542800905
    },
    "11": {
      "val_acc": 0.8797,
      "gpu_hours": 0.028189989063474866
    },
    "12": {
      "val_acc": 0.8826,
      "gpu_hours": 0.030507806142171225
    },
    "13": {
      "val_acc": 0.8789,
      "gpu_hours": 0.032840669221348234
    },
    "14": {
      "val_acc": 0.8821,
      "gpu_hours": 0.035173539519309995
    },
    "15": {
      "val_acc": 0.8814,
      "gpu_hours": 0.037501201894548204
    },
    "16": {
      "val_acc": 0.8796,
      "gpu_hours": 0.0398335940308041
    },
    "17": {
      "val_acc": 0.8804,
      "gpu_hours": 0.04216196947627597
    },
    "18": {
      "val_acc": 0.882,
      "gpu_hours": 0.044488480819596186
    },
    "19": {
      "val_acc": 0.8804,
      "gpu_hours": 0.046808223790592615
    },
    "20": {
      "val_acc": 0.88,
      "gpu_hours": 0.049130475057495966
    },
    "21": {
      "val_acc": 0.8804,
      "gpu_hours": 0.051453336874643964
    },
    "22": {
      "val_acc": 0.8829,
      "gpu_hours": 0.053770686785380044
    },
    "23": {
      "val_acc": 0.8812,
      "gpu_hours": 0.05609663228193919
    },
    "24": {
      "val_acc": 0.8795,
      "gpu_hours": 0.05842167827818129
    },
    "25": {
      "val_acc": 0.8794,
      "gpu_hours": 0.06075075606505076
    },
    "26": {
      "val_acc": 0.8812,
      "gpu_hours": 0.06306809259785547
    },
    "27": {
      "val_acc": 0.879,
      "gpu_hours": 0.06539410617616441
    },
    "28": {
      "val_acc": 0.8788,
      "gpu_hours": 0.06774189088079664
    },
    "29": {
      "val_acc": 0.8809,
      "gpu_hours": 0.07005633254845937
    }
  }
}