{
  "trial_number": 56,
  "params": {
    "lr": 0.0023589426035199833,
    "weight_decay": 0.0009705030062412697,
    "batch_size": 256,
    "dropout": 0.12342147927614565,
    "optimizer": "Adam",
    "scheduler": "plateau",
    "model": "resnet18"
  },
  "best_val_acc": 0.8592,
  "total_gpu_hours": 0.03688682880666521,
  "slurm_task": 14,
  "parallel_workers": 40,
  "sampler": "hyperband",
  "dataset": "cifar10",
  "device": "cuda",
  "accuracy_thresholds": {
    "gpu_h_to_80pct": 0.010149377120865716,
    "gpu_h_to_85pct": 0.015048945347468059
  },
  "accuracy_curve": {
    "0": {
      "val_acc": 0.3925,
      "gpu_hours": 0.0015335664484235976
    },
    "1": {
      "val_acc": 0.4863,
      "gpu_hours": 0.0027529246277279325
    },
    "2": {
      "val_acc": 0.2988,
      "gpu_hours": 0.003979785376124912
    },
    "3": {
      "val_acc": 0.6053,
      "gpu_hours": 0.005186868972248501
    },
    "4": {
      "val_acc": 0.5382,
      "gpu_hours": 0.0064915413326687285
    },
    "5": {
      "val_acc": 0.6246,
      "gpu_hours": 0.0077086087067921956
    },
    "6": {
      "val_acc": 0.6675,
      "gpu_hours": 0.008920136160320705
    },
    "7": {
      "val_acc": 0.8161,
      "gpu_hours": 0.010149377120865716
    },
    "8": {
      "val_acc": 0.8209,
      "gpu_hours": 0.011358696553442214
    },
    "9": {
      "val_acc": 0.8368,
      "gpu_hours": 0.012570181753900317
    },
    "10": {
      "val_acc": 0.8412,
      "gpu_hours": 0.013850264218118455
    },
    "11": {
      "val_acc": 0.8536,
      "gpu_hours": 0.015048945347468059
    },
    "12": {
      "val_acc": 0.857,
      "gpu_hours": 0.01626024948226081
    },
    "13": {
      "val_acc": 0.8564,
      "gpu_hours": 0.017480893466207716
    },
    "14": {
      "val_acc": 0.8583,
      "gpu_hours": 0.01870374434524112
    },
    "15": {
      "val_acc": 0.8582,
      "gpu_hours": 0.01991459674305386
    },
    "16": {
      "val_acc": 0.8574,
      "gpu_hours": 0.021116125252511768
    },
    "17": {
      "val_acc": 0.8586,
      "gpu_hours": 0.022345603505770365
    },
    "18": {
      "val_acc": 0.8588,
      "gpu_hours": 0.023542573319541082
    },
    "19": {
      "val_acc": 0.8575,
      "gpu_hours": 0.024753242598639594
    },
    "20": {
      "val_acc": 0.857,
      "gpu_hours": 0.02595072951581743
    },
    "21": {
      "val_acc": 0.8577,
      "gpu_hours": 0.027161862519052293
    },
    "22": {
      "val_acc": 0.8592,
      "gpu_hours": 0.02839799933963352
    },
    "23": {
      "val_acc": 0.8575,
      "gpu_hours": 0.02963113201989068
    },
    "24": {
      "val_acc": 0.8575,
      "gpu_hours": 0.03084882934888204
    },
    "25": {
      "val_acc": 0.8584,
      "gpu_hours": 0.0320382152001063
    },
    "26": {
      "val_acc": 0.8585,
      "gpu_hours": 0.03325754503409068
    },
    "27": {
      "val_acc": 0.8583,
      "gpu_hours": 0.034449959927135045
    },
    "28": {
      "val_acc": 0.8579,
      "gpu_hours": 0.03567121512360043
    },
    "29": {
      "val_acc": 0.8574,
      "gpu_hours": 0.0368660122818417
    }
  }
}