{
  "trial_number": 65,
  "params": {
    "lr": 0.002182323466620134,
    "weight_decay": 0.004185021628261319,
    "batch_size": 64,
    "dropout": 0.048478350962394806,
    "optimizer": "Adam",
    "scheduler": "plateau",
    "model": "resnet18"
  },
  "best_val_acc": 0.5902,
  "total_gpu_hours": 0.04539254473315345,
  "slurm_task": 10,
  "parallel_workers": 40,
  "sampler": "hyperband",
  "dataset": "cifar10",
  "device": "cuda",
  "accuracy_thresholds": {},
  "accuracy_curve": {
    "0": {
      "val_acc": 0.2721,
      "gpu_hours": 0.0018538919422361585
    },
    "1": {
      "val_acc": 0.3509,
      "gpu_hours": 0.0033758198552661474
    },
    "2": {
      "val_acc": 0.3585,
      "gpu_hours": 0.0048960233396954005
    },
    "3": {
      "val_acc": 0.2945,
      "gpu_hours": 0.006433439254760742
    },
    "4": {
      "val_acc": 0.3692,
      "gpu_hours": 0.007974952591790093
    },
    "5": {
      "val_acc": 0.5096,
      "gpu_hours": 0.00950172781944275
    },
    "6": {
      "val_acc": 0.5296,
      "gpu_hours": 0.011062475310431587
    },
    "7": {
      "val_acc": 0.5394,
      "gpu_hours": 0.01260681927204132
    },
    "8": {
      "val_acc": 0.5546,
      "gpu_hours": 0.014133147001266479
    },
    "9": {
      "val_acc": 0.5775,
      "gpu_hours": 0.01565767758422428
    },
    "10": {
      "val_acc": 0.5813,
      "gpu_hours": 0.017136054833730062
    },
    "11": {
      "val_acc": 0.5797,
      "gpu_hours": 0.018617666893535192
    },
    "12": {
      "val_acc": 0.5823,
      "gpu_hours": 0.0200817561811871
    },
    "13": {
      "val_acc": 0.5832,
      "gpu_hours": 0.02155534201198154
    },
    "14": {
      "val_acc": 0.5841,
      "gpu_hours": 0.023034594588809545
    },
    "15": {
      "val_acc": 0.5859,
      "gpu_hours": 0.02452742510371738
    },
    "16": {
      "val_acc": 0.5854,
      "gpu_hours": 0.026005410883161755
    },
    "17": {
      "val_acc": 0.5869,
      "gpu_hours": 0.027499821649657356
    },
    "18": {
      "val_acc": 0.5841,
      "gpu_hours": 0.02897519356674618
    },
    "19": {
      "val_acc": 0.581,
      "gpu_hours": 0.030460008647706774
    },
    "20": {
      "val_acc": 0.5814,
      "gpu_hours": 0.03194471008247799
    },
    "21": {
      "val_acc": 0.5864,
      "gpu_hours": 0.03345839454068078
    },
    "22": {
      "val_acc": 0.5862,
      "gpu_hours": 0.03494987097051409
    },
    "23": {
      "val_acc": 0.588,
      "gpu_hours": 0.036436980101797314
    },
    "24": {
      "val_acc": 0.5852,
      "gpu_hours": 0.03792151775625017
    },
    "25": {
      "val_acc": 0.5865,
      "gpu_hours": 0.03940535750654009
    },
    "26": {
      "val_acc": 0.585,
      "gpu_hours": 0.040899343954192265
    },
    "27": {
      "val_acc": 0.5902,
      "gpu_hours": 0.04238491952419281
    },
    "28": {
      "val_acc": 0.5884,
      "gpu_hours": 0.04389879624048869
    },
    "29": {
      "val_acc": 0.5873,
      "gpu_hours": 0.04537319600582123
    }
  }
}