{
  "trial_number": 63,
  "params": {
    "lr": 0.0008590847395090276,
    "weight_decay": 0.001950368501549132,
    "batch_size": 64,
    "dropout": 0.048478350962394806,
    "optimizer": "Adam",
    "scheduler": "plateau",
    "model": "resnet18"
  },
  "best_val_acc": 0.8043,
  "total_gpu_hours": 0.04606804417239295,
  "slurm_task": 9,
  "parallel_workers": 40,
  "sampler": "hyperband",
  "dataset": "cifar10",
  "device": "cuda",
  "accuracy_thresholds": {
    "gpu_h_to_80pct": 0.021682359907362198
  },
  "accuracy_curve": {
    "0": {
      "val_acc": 0.3702,
      "gpu_hours": 0.0018437871005800035
    },
    "1": {
      "val_acc": 0.4087,
      "gpu_hours": 0.003372541334893968
    },
    "2": {
      "val_acc": 0.5037,
      "gpu_hours": 0.0048893880844116215
    },
    "3": {
      "val_acc": 0.6093,
      "gpu_hours": 0.006411208775308397
    },
    "4": {
      "val_acc": 0.5842,
      "gpu_hours": 0.007911290791299609
    },
    "5": {
      "val_acc": 0.729,
      "gpu_hours": 0.009442853331565857
    },
    "6": {
      "val_acc": 0.7386,
      "gpu_hours": 0.010985442929797702
    },
    "7": {
      "val_acc": 0.7527,
      "gpu_hours": 0.012504513992203606
    },
    "8": {
      "val_acc": 0.7138,
      "gpu_hours": 0.0140313853820165
    },
    "9": {
      "val_acc": 0.7916,
      "gpu_hours": 0.015539311236805386
    },
    "10": {
      "val_acc": 0.7951,
      "gpu_hours": 0.017112672924995423
    },
    "11": {
      "val_acc": 0.7957,
      "gpu_hours": 0.018634384671847026
    },
    "12": {
      "val_acc": 0.7982,
      "gpu_hours": 0.020153619911935594
    },
    "13": {
      "val_acc": 0.8008,
      "gpu_hours": 0.021682359907362198
    },
    "14": {
      "val_acc": 0.8012,
      "gpu_hours": 0.02321370840072632
    },
    "15": {
      "val_acc": 0.8011,
      "gpu_hours": 0.0247603616449568
    },
    "16": {
      "val_acc": 0.8,
      "gpu_hours": 0.0262837823232015
    },
    "17": {
      "val_acc": 0.8016,
      "gpu_hours": 0.02780995481544071
    },
    "18": {
      "val_acc": 0.8021,
      "gpu_hours": 0.02931190080112881
    },
    "19": {
      "val_acc": 0.8043,
      "gpu_hours": 0.030837056438128153
    },
    "20": {
      "val_acc": 0.8022,
      "gpu_hours": 0.03237042334344652
    },
    "21": {
      "val_acc": 0.801,
      "gpu_hours": 0.03390391382906172
    },
    "22": {
      "val_acc": 0.8017,
      "gpu_hours": 0.035417173438602026
    },
    "23": {
      "val_acc": 0.8009,
      "gpu_hours": 0.03693009853363037
    },
    "24": {
      "val_acc": 0.7967,
      "gpu_hours": 0.038463620411025155
    },
    "25": {
      "val_acc": 0.8027,
      "gpu_hours": 0.039966966509819034
    },
    "26": {
      "val_acc": 0.8032,
      "gpu_hours": 0.04149472249878777
    },
    "27": {
      "val_acc": 0.8024,
      "gpu_hours": 0.04305728223588732
    },
    "28": {
      "val_acc": 0.802,
      "gpu_hours": 0.04456179896990458
    },
    "29": {
      "val_acc": 0.8019,
      "gpu_hours": 0.04605203655030992
    }
  }
}