{
  "trial_number": 66,
  "params": {
    "lr": 0.00036904642203340463,
    "weight_decay": 0.001950368501549132,
    "batch_size": 64,
    "dropout": 0.10166389681544875,
    "optimizer": "Adam",
    "scheduler": "plateau",
    "model": "resnet18"
  },
  "best_val_acc": 0.8804,
  "total_gpu_hours": 0.04693198369608985,
  "slurm_task": 5,
  "parallel_workers": 40,
  "sampler": "hyperband",
  "dataset": "cifar10",
  "device": "cuda",
  "accuracy_thresholds": {
    "gpu_h_to_80pct": 0.011125758488972981,
    "gpu_h_to_85pct": 0.014230505956543817
  },
  "accuracy_curve": {
    "0": {
      "val_acc": 0.4492,
      "gpu_hours": 0.0018673033184475368
    },
    "1": {
      "val_acc": 0.4377,
      "gpu_hours": 0.0034128600358963013
    },
    "2": {
      "val_acc": 0.5449,
      "gpu_hours": 0.004934141635894776
    },
    "3": {
      "val_acc": 0.6477,
      "gpu_hours": 0.0064816707372665405
    },
    "4": {
      "val_acc": 0.57,
      "gpu_hours": 0.00804786781469981
    },
    "5": {
      "val_acc": 0.7122,
      "gpu_hours": 0.009586666623751322
    },
    "6": {
      "val_acc": 0.8392,
      "gpu_hours": 0.011125758488972981
    },
    "7": {
      "val_acc": 0.8448,
      "gpu_hours": 0.012686351537704468
    },
    "8": {
      "val_acc": 0.8552,
      "gpu_hours": 0.014230505956543817
    },
    "9": {
      "val_acc": 0.8604,
      "gpu_hours": 0.015783905188242596
    },
    "10": {
      "val_acc": 0.874,
      "gpu_hours": 0.017355538739098442
    },
    "11": {
      "val_acc": 0.8728,
      "gpu_hours": 0.018917764955096776
    },
    "12": {
      "val_acc": 0.8765,
      "gpu_hours": 0.020481157501538595
    },
    "13": {
      "val_acc": 0.8771,
      "gpu_hours": 0.022029039727316964
    },
    "14": {
      "val_acc": 0.8757,
      "gpu_hours": 0.023581853840086195
    },
    "15": {
      "val_acc": 0.8767,
      "gpu_hours": 0.02514923095703125
    },
    "16": {
      "val_acc": 0.8796,
      "gpu_hours": 0.02671080125702752
    },
    "17": {
      "val_acc": 0.8783,
      "gpu_hours": 0.028260845144589743
    },
    "18": {
      "val_acc": 0.8763,
      "gpu_hours": 0.029823570317692227
    },
    "19": {
      "val_acc": 0.8765,
      "gpu_hours": 0.03138195170296563
    },
    "20": {
      "val_acc": 0.8786,
      "gpu_hours": 0.03293507112397088
    },
    "21": {
      "val_acc": 0.8763,
      "gpu_hours": 0.034505415028995935
    },
    "22": {
      "val_acc": 0.8772,
      "gpu_hours": 0.03606099976433648
    },
    "23": {
      "val_acc": 0.8757,
      "gpu_hours": 0.0376104246907764
    },
    "24": {
      "val_acc": 0.8766,
      "gpu_hours": 0.0391993205414878
    },
    "25": {
      "val_acc": 0.8788,
      "gpu_hours": 0.040741126669777764
    },
    "26": {
      "val_acc": 0.8786,
      "gpu_hours": 0.04228190759817759
    },
    "27": {
      "val_acc": 0.8794,
      "gpu_hours": 0.04380379411909315
    },
    "28": {
      "val_acc": 0.877,
      "gpu_hours": 0.04537984907627106
    },
    "29": {
      "val_acc": 0.8804,
      "gpu_hours": 0.046917896336979334
    }
  }
}