{
  "trial_number": 0,
  "params": {
    "lr": 0.0013292918943162175,
    "weight_decay": 0.006351221010640704,
    "batch_size": 64,
    "dropout": 0.07799726016810132,
    "optimizer": "Adam",
    "scheduler": "plateau",
    "model": "resnet18"
  },
  "best_val_acc": 0.4334,
  "total_gpu_hours": 0.04673448966609107,
  "slurm_task": 8,
  "parallel_workers": 40,
  "sampler": "hyperband",
  "dataset": "cifar10",
  "device": "cuda",
  "accuracy_thresholds": {},
  "accuracy_curve": {
    "0": {
      "val_acc": 0.2101,
      "gpu_hours": 0.0022216499514049956
    },
    "1": {
      "val_acc": 0.2126,
      "gpu_hours": 0.0037724077039294774
    },
    "2": {
      "val_acc": 0.3186,
      "gpu_hours": 0.005369825892978244
    },
    "3": {
      "val_acc": 0.3348,
      "gpu_hours": 0.006908659736315409
    },
    "4": {
      "val_acc": 0.3553,
      "gpu_hours": 0.008480161163542006
    },
    "5": {
      "val_acc": 0.3948,
      "gpu_hours": 0.010000173846880595
    },
    "6": {
      "val_acc": 0.4116,
      "gpu_hours": 0.011542086336347792
    },
    "7": {
      "val_acc": 0.4176,
      "gpu_hours": 0.013080363074938456
    },
    "8": {
      "val_acc": 0.4178,
      "gpu_hours": 0.014593333866861131
    },
    "9": {
      "val_acc": 0.4265,
      "gpu_hours": 0.016104655199580722
    },
    "10": {
      "val_acc": 0.4285,
      "gpu_hours": 0.01763950831360287
    },
    "11": {
      "val_acc": 0.4281,
      "gpu_hours": 0.01917926165792677
    },
    "12": {
      "val_acc": 0.4257,
      "gpu_hours": 0.020702143642637463
    },
    "13": {
      "val_acc": 0.4277,
      "gpu_hours": 0.022206225593884785
    },
    "14": {
      "val_acc": 0.4273,
      "gpu_hours": 0.023752214246326023
    },
    "15": {
      "val_acc": 0.4315,
      "gpu_hours": 0.02530119385984209
    },
    "16": {
      "val_acc": 0.4334,
      "gpu_hours": 0.026822553277015687
    },
    "17": {
      "val_acc": 0.4268,
      "gpu_hours": 0.028358779483371312
    },
    "18": {
      "val_acc": 0.4297,
      "gpu_hours": 0.02986953748597039
    },
    "19": {
      "val_acc": 0.4306,
      "gpu_hours": 0.0313707466257943
    },
    "20": {
      "val_acc": 0.4301,
      "gpu_hours": 0.032869687146610684
    },
    "21": {
      "val_acc": 0.4307,
      "gpu_hours": 0.03441705584526062
    },
    "22": {
      "val_acc": 0.4318,
      "gpu_hours": 0.03595687707265218
    },
    "23": {
      "val_acc": 0.4285,
      "gpu_hours": 0.0374972085820304
    },
    "24": {
      "val_acc": 0.4325,
      "gpu_hours": 0.03903980255126953
    },
    "25": {
      "val_acc": 0.4313,
      "gpu_hours": 0.040568347175916036
    },
    "26": {
      "val_acc": 0.4297,
      "gpu_hours": 0.042111205458641054
    },
    "27": {
      "val_acc": 0.4313,
      "gpu_hours": 0.043662094672520954
    },
    "28": {
      "val_acc": 0.4318,
      "gpu_hours": 0.045197892321480644
    },
    "29": {
      "val_acc": 0.4318,
      "gpu_hours": 0.04671204335159725
    }
  }
}