{
  "trial_number": 5,
  "params": {
    "lr": 0.0013292918943162175,
    "weight_decay": 0.006351221010640704,
    "batch_size": 64,
    "dropout": 0.07799726016810132,
    "optimizer": "Adam",
    "scheduler": "plateau",
    "model": "resnet18"
  },
  "best_val_acc": 0.511,
  "total_gpu_hours": 0.047213296559121876,
  "slurm_task": 10,
  "parallel_workers": 40,
  "sampler": "hyperband",
  "dataset": "cifar10",
  "device": "cuda",
  "accuracy_thresholds": {},
  "accuracy_curve": {
    "0": {
      "val_acc": 0.3018,
      "gpu_hours": 0.002089816000726488
    },
    "1": {
      "val_acc": 0.2835,
      "gpu_hours": 0.0037118368016348944
    },
    "2": {
      "val_acc": 0.3262,
      "gpu_hours": 0.005266128447320727
    },
    "3": {
      "val_acc": 0.3941,
      "gpu_hours": 0.006809698873096042
    },
    "4": {
      "val_acc": 0.4,
      "gpu_hours": 0.008361507521735298
    },
    "5": {
      "val_acc": 0.3169,
      "gpu_hours": 0.009902491966883342
    },
    "6": {
      "val_acc": 0.4718,
      "gpu_hours": 0.011448722283045451
    },
    "7": {
      "val_acc": 0.469,
      "gpu_hours": 0.012989430162641737
    },
    "8": {
      "val_acc": 0.4945,
      "gpu_hours": 0.014552898009618124
    },
    "9": {
      "val_acc": 0.4809,
      "gpu_hours": 0.016082478629218206
    },
    "10": {
      "val_acc": 0.5085,
      "gpu_hours": 0.017685122821066115
    },
    "11": {
      "val_acc": 0.5076,
      "gpu_hours": 0.0192221204439799
    },
    "12": {
      "val_acc": 0.5006,
      "gpu_hours": 0.020805491937531364
    },
    "13": {
      "val_acc": 0.504,
      "gpu_hours": 0.022318695253796046
    },
    "14": {
      "val_acc": 0.5093,
      "gpu_hours": 0.02386908895439572
    },
    "15": {
      "val_acc": 0.5074,
      "gpu_hours": 0.025412276718351577
    },
    "16": {
      "val_acc": 0.5097,
      "gpu_hours": 0.026970944868193732
    },
    "17": {
      "val_acc": 0.5064,
      "gpu_hours": 0.028502460254563225
    },
    "18": {
      "val_acc": 0.5072,
      "gpu_hours": 0.03006036447154151
    },
    "19": {
      "val_acc": 0.5089,
      "gpu_hours": 0.03162478764851888
    },
    "20": {
      "val_acc": 0.5102,
      "gpu_hours": 0.03319887922869788
    },
    "21": {
      "val_acc": 0.511,
      "gpu_hours": 0.03473014897770352
    },
    "22": {
      "val_acc": 0.5083,
      "gpu_hours": 0.036288914812935724
    },
    "23": {
      "val_acc": 0.5094,
      "gpu_hours": 0.03782999747329288
    },
    "24": {
      "val_acc": 0.508,
      "gpu_hours": 0.039391334851582846
    },
    "25": {
      "val_acc": 0.5065,
      "gpu_hours": 0.0409412466817432
    },
    "26": {
      "val_acc": 0.5073,
      "gpu_hours": 0.04249493281046549
    },
    "27": {
      "val_acc": 0.5104,
      "gpu_hours": 0.0440470908747779
    },
    "28": {
      "val_acc": 0.5035,
      "gpu_hours": 0.045638516147931414
    },
    "29": {
      "val_acc": 0.5074,
      "gpu_hours": 0.047187012831370036
    }
  }
}