{
  "trial_number": 46,
  "params": {
    "lr": 0.003307211222418516,
    "weight_decay": 1.2100861687848863e-05,
    "batch_size": 256,
    "dropout": 0.14341414827246382,
    "optimizer": "AdamW",
    "scheduler": "step",
    "model": "resnet34"
  },
  "best_val_acc": 0.9066,
  "total_gpu_hours": 0.0447447011868159,
  "slurm_task": 20,
  "parallel_workers": 40,
  "sampler": "hyperband",
  "dataset": "cifar10",
  "device": "cuda",
  "accuracy_thresholds": {
    "gpu_h_to_80pct": 0.012165382901827494,
    "gpu_h_to_85pct": 0.016612035234769184,
    "gpu_h_to_90pct": 0.031425131426917184
  },
  "accuracy_curve": {
    "0": {
      "val_acc": 0.4266,
      "gpu_hours": 0.0018258459700478448
    },
    "1": {
      "val_acc": 0.4845,
      "gpu_hours": 0.0032997279034720525
    },
    "2": {
      "val_acc": 0.632,
      "gpu_hours": 0.004765816264682346
    },
    "3": {
      "val_acc": 0.6694,
      "gpu_hours": 0.006234971616003248
    },
    "4": {
      "val_acc": 0.6614,
      "gpu_hours": 0.007727232111824883
    },
    "5": {
      "val_acc": 0.7561,
      "gpu_hours": 0.009217893216345046
    },
    "6": {
      "val_acc": 0.7828,
      "gpu_hours": 0.010689323743184407
    },
    "7": {
      "val_acc": 0.8075,
      "gpu_hours": 0.012165382901827494
    },
    "8": {
      "val_acc": 0.8223,
      "gpu_hours": 0.013642635941505433
    },
    "9": {
      "val_acc": 0.8261,
      "gpu_hours": 0.015114827089839512
    },
    "10": {
      "val_acc": 0.8663,
      "gpu_hours": 0.016612035234769184
    },
    "11": {
      "val_acc": 0.8604,
      "gpu_hours": 0.018090449770291648
    },
    "12": {
      "val_acc": 0.8735,
      "gpu_hours": 0.019564085602760316
    },
    "13": {
      "val_acc": 0.875,
      "gpu_hours": 0.021042889290385777
    },
    "14": {
      "val_acc": 0.8481,
      "gpu_hours": 0.022521954311264886
    },
    "15": {
      "val_acc": 0.8716,
      "gpu_hours": 0.024010931650797526
    },
    "16": {
      "val_acc": 0.8868,
      "gpu_hours": 0.02549771394994524
    },
    "17": {
      "val_acc": 0.8891,
      "gpu_hours": 0.026984675857755873
    },
    "18": {
      "val_acc": 0.8836,
      "gpu_hours": 0.028465655578507318
    },
    "19": {
      "val_acc": 0.8889,
      "gpu_hours": 0.029940558075904847
    },
    "20": {
      "val_acc": 0.9066,
      "gpu_hours": 0.031425131426917184
    },
    "21": {
      "val_acc": 0.9011,
      "gpu_hours": 0.03289989431699117
    },
    "22": {
      "val_acc": 0.9012,
      "gpu_hours": 0.034376300440894236
    },
    "23": {
      "val_acc": 0.9036,
      "gpu_hours": 0.0358479016356998
    },
    "24": {
      "val_acc": 0.9044,
      "gpu_hours": 0.03732346620824602
    },
    "25": {
      "val_acc": 0.9032,
      "gpu_hours": 0.03879828227890862
    },
    "26": {
      "val_acc": 0.9047,
      "gpu_hours": 0.04027522345383962
    },
    "27": {
      "val_acc": 0.8975,
      "gpu_hours": 0.041747022602293224
    },
    "28": {
      "val_acc": 0.9022,
      "gpu_hours": 0.04324416763252682
    },
    "29": {
      "val_acc": 0.9002,
      "gpu_hours": 0.044723665118217466
    }
  }
}