{
  "trial_number": 43,
  "params": {
    "lr": 0.013433346773817377,
    "weight_decay": 0.0015820782131106615,
    "batch_size": 256,
    "dropout": 0.2094250738389187,
    "optimizer": "AdamW",
    "scheduler": "step",
    "model": "efficientnet_b1"
  },
  "best_val_acc": 0.6118,
  "total_gpu_hours": 0.04449406286080678,
  "slurm_task": 4,
  "parallel_workers": 40,
  "sampler": "hyperband",
  "dataset": "cifar10",
  "device": "cuda",
  "accuracy_thresholds": {},
  "accuracy_curve": {
    "0": {
      "val_acc": 0.0998,
      "gpu_hours": 0.0018334237072202895
    },
    "1": {
      "val_acc": 0.1744,
      "gpu_hours": 0.003286752700805664
    },
    "2": {
      "val_acc": 0.2171,
      "gpu_hours": 0.0047322243452072145
    },
    "3": {
      "val_acc": 0.1994,
      "gpu_hours": 0.006202322840690613
    },
    "4": {
      "val_acc": 0.1971,
      "gpu_hours": 0.007668512860933939
    },
    "5": {
      "val_acc": 0.1867,
      "gpu_hours": 0.009087855484750535
    },
    "6": {
      "val_acc": 0.2255,
      "gpu_hours": 0.010532379282845391
    },
    "7": {
      "val_acc": 0.2593,
      "gpu_hours": 0.011973425878418816
    },
    "8": {
      "val_acc": 0.2629,
      "gpu_hours": 0.013431574039989047
    },
    "9": {
      "val_acc": 0.3185,
      "gpu_hours": 0.014937416248851353
    },
    "10": {
      "val_acc": 0.3295,
      "gpu_hours": 0.016417410638597276
    },
    "11": {
      "val_acc": 0.3401,
      "gpu_hours": 0.017920165724224515
    },
    "12": {
      "val_acc": 0.3605,
      "gpu_hours": 0.0194003865453932
    },
    "13": {
      "val_acc": 0.3771,
      "gpu_hours": 0.020902239282925925
    },
    "14": {
      "val_acc": 0.3779,
      "gpu_hours": 0.02235597246223026
    },
    "15": {
      "val_acc": 0.3907,
      "gpu_hours": 0.023839511805110507
    },
    "16": {
      "val_acc": 0.3902,
      "gpu_hours": 0.02530484351846907
    },
    "17": {
      "val_acc": 0.4215,
      "gpu_hours": 0.02681816511683994
    },
    "18": {
      "val_acc": 0.4424,
      "gpu_hours": 0.02829697132110596
    },
    "19": {
      "val_acc": 0.4628,
      "gpu_hours": 0.029777111411094667
    },
    "20": {
      "val_acc": 0.4687,
      "gpu_hours": 0.031243811580869887
    },
    "21": {
      "val_acc": 0.4879,
      "gpu_hours": 0.03271618081463708
    },
    "22": {
      "val_acc": 0.509,
      "gpu_hours": 0.03416659772396088
    },
    "23": {
      "val_acc": 0.5193,
      "gpu_hours": 0.03565894769297706
    },
    "24": {
      "val_acc": 0.5299,
      "gpu_hours": 0.0371146904097663
    },
    "25": {
      "val_acc": 0.5544,
      "gpu_hours": 0.0386193898651335
    },
    "26": {
      "val_acc": 0.5643,
      "gpu_hours": 0.04006109893321991
    },
    "27": {
      "val_acc": 0.582,
      "gpu_hours": 0.04153695629702674
    },
    "28": {
      "val_acc": 0.5895,
      "gpu_hours": 0.042991186380386355
    },
    "29": {
      "val_acc": 0.6118,
      "gpu_hours": 0.0444757862885793
    }
  }
}