{
  "trial_number": 338,
  "params": {
    "lr": 0.00019546769806310873,
    "weight_decay": 0.0008999716482940281,
    "batch_size": 256,
    "dropout": 0.23523172069545967,
    "optimizer": "Adam",
    "scheduler": "cosine",
    "model": "resnet18"
  },
  "best_val_acc": 0.9018,
  "elapsed_s": 424.2866609096527,
  "slurm_task": 187,
  "device": "cuda"
}