{
  "trial_number": 290,
  "params": {
    "lr": 0.07599449196327636,
    "weight_decay": 0.0001752945577753729,
    "batch_size": 64,
    "dropout": 0.2136619156038287,
    "optimizer": "AdamW",
    "scheduler": "plateau",
    "model": "resnet34"
  },
  "best_val_acc": 0.8004,
  "elapsed_s": 843.0251975059509,
  "slurm_task": 163,
  "device": "cuda"
}