{
  "trial_number": 190,
  "params": {
    "lr": 0.009056887587557941,
    "weight_decay": 0.004836061993624675,
    "batch_size": 128,
    "dropout": 0.0927189805828022,
    "optimizer": "Adam",
    "scheduler": "cosine",
    "model": "resnet34"
  },
  "best_val_acc": 0.472,
  "elapsed_s": 787.044438123703,
  "slurm_task": 113,
  "device": "cuda"
}