{
  "trial_number": 343,
  "params": {
    "lr": 0.0002808066575648493,
    "weight_decay": 0.003705632904244474,
    "batch_size": 128,
    "dropout": 0.07421188783293176,
    "optimizer": "AdamW",
    "scheduler": "cosine",
    "model": "resnet34"
  },
  "best_val_acc": 0.9161,
  "elapsed_s": 784.2641499042511,
  "slurm_task": 191,
  "device": "cuda"
}