{
  "trial_number": 216,
  "params": {
    "lr": 0.0007820186142720383,
    "weight_decay": 0.002037550243060214,
    "batch_size": 256,
    "dropout": 0.29797654192743395,
    "optimizer": "AdamW",
    "scheduler": "cosine",
    "model": "efficientnet_b1"
  },
  "best_val_acc": 0.7747,
  "elapsed_s": 296.6024045944214,
  "slurm_task": 124,
  "device": "cuda"
}