{
  "trial_number": 92,
  "params": {
    "lr": 0.0005911918463421064,
    "weight_decay": 1.1077875023624054e-06,
    "batch_size": 128,
    "dropout": 0.4775043967143612,
    "optimizer": "Adam",
    "scheduler": "plateau",
    "model": "resnet18"
  },
  "best_val_acc": 0.8838,
  "elapsed_s": 454.0070822238922,
  "slurm_task": 25,
  "device": "cuda"
}