{
  "trial_number": 212,
  "params": {
    "lr": 0.0012323060834777643,
    "weight_decay": 0.0002426547591029873,
    "batch_size": 128,
    "dropout": 0.133554692217143,
    "optimizer": "SGD",
    "scheduler": "plateau",
    "model": "efficientnet_b1",
    "momentum": 0.8692902601918597
  },
  "best_val_acc": 0.1053,
  "elapsed_s": 443.58508253097534,
  "slurm_task": 114,
  "device": "cuda"
}