{
  "trial_number": 315,
  "params": {
    "lr": 0.0001275438068525541,
    "weight_decay": 0.008509853042366431,
    "batch_size": 256,
    "dropout": 0.08811366891063832,
    "optimizer": "AdamW",
    "scheduler": "plateau",
    "model": "resnet18"
  },
  "best_val_acc": 0.7667,
  "elapsed_s": 423.8914771080017,
  "slurm_task": 145,
  "device": "cuda"
}