{
  "trial_number": 113,
  "params": {
    "lr": 0.00012852573186695419,
    "weight_decay": 3.9531323254577706e-05,
    "batch_size": 128,
    "dropout": 0.4831450219778281,
    "optimizer": "AdamW",
    "scheduler": "plateau",
    "model": "resnet34"
  },
  "best_val_acc": 0.8233,
  "elapsed_s": 785.7021837234497,
  "slurm_task": 54,
  "device": "cuda"
}