{
  "trial_number": 6,
  "params": {
    "lr": 0.0013292918943162175,
    "weight_decay": 0.006351221010640704,
    "batch_size": 64,
    "dropout": 0.07799726016810132,
    "optimizer": "Adam",
    "scheduler": "plateau",
    "model": "resnet18"
  },
  "best_val_acc": 0.1149,
  "total_gpu_hours": 0.13436097827222612,
  "slurm_task": 5,
  "parallel_workers": 40,
  "sampler": "tpe",
  "dataset": "cifar100",
  "device": "cuda",
  "accuracy_thresholds": {},
  "accuracy_curve": {
    "0": {
      "val_acc": 0.0403,
      "gpu_hours": 0.005118022627300686
    },
    "1": {
      "val_acc": 0.0554,
      "gpu_hours": 0.00956507662932078
    },
    "2": {
      "val_acc": 0.0708,
      "gpu_hours": 0.014048042959637111
    },
    "3": {
      "val_acc": 0.0657,
      "gpu_hours": 0.018481041590372723
    },
    "4": {
      "val_acc": 0.077,
      "gpu_hours": 0.02293326397736867
    },
    "5": {
      "val_acc": 0.1084,
      "gpu_hours": 0.02740521013736725
    },
    "6": {
      "val_acc": 0.1143,
      "gpu_hours": 0.03189150664541456
    },
    "7": {
      "val_acc": 0.1149,
      "gpu_hours": 0.036329673528671266
    },
    "8": {
      "val_acc": 0.1109,
      "gpu_hours": 0.040780100226402285
    },
    "9": {
      "val_acc": 0.1113,
      "gpu_hours": 0.04522683905230628
    },
    "10": {
      "val_acc": 0.1131,
      "gpu_hours": 0.04967922654416826
    },
    "11": {
      "val_acc": 0.1101,
      "gpu_hours": 0.054143235087394714
    },
    "12": {
      "val_acc": 0.1126,
      "gpu_hours": 0.05860916833082835
    },
    "13": {
      "val_acc": 0.1119,
      "gpu_hours": 0.06307447499699063
    },
    "14": {
      "val_acc": 0.1108,
      "gpu_hours": 0.06753269606166416
    },
    "15": {
      "val_acc": 0.1107,
      "gpu_hours": 0.07198789801862504
    },
    "16": {
      "val_acc": 0.1103,
      "gpu_hours": 0.07643503222200605
    },
    "17": {
      "val_acc": 0.1122,
      "gpu_hours": 0.0808881828520033
    },
    "18": {
      "val_acc": 0.1104,
      "gpu_hours": 0.08534748911857605
    },
    "19": {
      "val_acc": 0.1117,
      "gpu_hours": 0.08980678127871619
    },
    "20": {
      "val_acc": 0.111,
      "gpu_hours": 0.09427066392368741
    },
    "21": {
      "val_acc": 0.112,
      "gpu_hours": 0.0987260459529029
    },
    "22": {
      "val_acc": 0.1112,
      "gpu_hours": 0.10318849947717455
    },
    "23": {
      "val_acc": 0.1124,
      "gpu_hours": 0.10763366911146376
    },
    "24": {
      "val_acc": 0.1101,
      "gpu_hours": 0.11207333756817711
    },
    "25": {
      "val_acc": 0.113,
      "gpu_hours": 0.11652040322621664
    },
    "26": {
      "val_acc": 0.1118,
      "gpu_hours": 0.12097582823700374
    },
    "27": {
      "val_acc": 0.1109,
      "gpu_hours": 0.1254317792918947
    },
    "28": {
      "val_acc": 0.1116,
      "gpu_hours": 0.1298899233341217
    },
    "29": {
      "val_acc": 0.1095,
      "gpu_hours": 0.13434697806835175
    }
  }
}