{
  "trial_number": 55,
  "params": {
    "lr": 0.007175896589120969,
    "weight_decay": 3.6666653942627944e-05,
    "batch_size": 256,
    "dropout": 0.10195969554125978,
    "optimizer": "Adam",
    "scheduler": "step",
    "model": "resnet18"
  },
  "best_val_acc": 0.6266,
  "total_gpu_hours": 0.11956418361928728,
  "slurm_task": 10,
  "parallel_workers": 40,
  "sampler": "tpe",
  "dataset": "cifar100",
  "device": "cuda",
  "accuracy_thresholds": {},
  "accuracy_curve": {
    "0": {
      "val_acc": 0.0897,
      "gpu_hours": 0.004687294363975525
    },
    "1": {
      "val_acc": 0.1566,
      "gpu_hours": 0.00868406269285414
    },
    "2": {
      "val_acc": 0.2294,
      "gpu_hours": 0.012676022118992276
    },
    "3": {
      "val_acc": 0.2729,
      "gpu_hours": 0.016643775171703762
    },
    "4": {
      "val_acc": 0.3313,
      "gpu_hours": 0.020597295893563166
    },
    "5": {
      "val_acc": 0.3592,
      "gpu_hours": 0.024549931751357185
    },
    "6": {
      "val_acc": 0.3775,
      "gpu_hours": 0.028499774403042265
    },
    "7": {
      "val_acc": 0.4053,
      "gpu_hours": 0.03245724081993103
    },
    "8": {
      "val_acc": 0.4159,
      "gpu_hours": 0.03642029901345571
    },
    "9": {
      "val_acc": 0.4422,
      "gpu_hours": 0.04039022862911224
    },
    "10": {
      "val_acc": 0.4985,
      "gpu_hours": 0.044352572758992515
    },
    "11": {
      "val_acc": 0.4947,
      "gpu_hours": 0.04831266171402401
    },
    "12": {
      "val_acc": 0.5137,
      "gpu_hours": 0.052284160256385805
    },
    "13": {
      "val_acc": 0.5314,
      "gpu_hours": 0.05623661888970269
    },
    "14": {
      "val_acc": 0.5378,
      "gpu_hours": 0.06017988204956055
    },
    "15": {
      "val_acc": 0.5393,
      "gpu_hours": 0.06413180450598399
    },
    "16": {
      "val_acc": 0.5674,
      "gpu_hours": 0.06808465719223022
    },
    "17": {
      "val_acc": 0.5466,
      "gpu_hours": 0.07203256706396739
    },
    "18": {
      "val_acc": 0.5352,
      "gpu_hours": 0.07599783374203575
    },
    "19": {
      "val_acc": 0.5504,
      "gpu_hours": 0.07993315153651767
    },
    "20": {
      "val_acc": 0.6145,
      "gpu_hours": 0.08387641423278384
    },
    "21": {
      "val_acc": 0.6134,
      "gpu_hours": 0.08783057742648655
    },
    "22": {
      "val_acc": 0.6147,
      "gpu_hours": 0.09178820053736368
    },
    "23": {
      "val_acc": 0.6171,
      "gpu_hours": 0.09574064407083724
    },
    "24": {
      "val_acc": 0.6177,
      "gpu_hours": 0.0997015662988027
    },
    "25": {
      "val_acc": 0.6159,
      "gpu_hours": 0.10371303677558899
    },
    "26": {
      "val_acc": 0.6266,
      "gpu_hours": 0.10767423219150966
    },
    "27": {
      "val_acc": 0.6232,
      "gpu_hours": 0.1116216211186515
    },
    "28": {
      "val_acc": 0.6253,
      "gpu_hours": 0.11557304826047686
    },
    "29": {
      "val_acc": 0.6261,
      "gpu_hours": 0.11952822109063467
    }
  }
}