{
  "trial_number": 11,
  "params": {
    "lr": 0.0008179499475211679,
    "weight_decay": 0.0001256104370001356,
    "batch_size": 256,
    "dropout": 0.06974693032602092,
    "optimizer": "AdamW",
    "scheduler": "cosine",
    "model": "efficientnet_b0"
  },
  "best_val_acc": 0.4296,
  "total_gpu_hours": 0.07738190697299109,
  "slurm_task": 1,
  "parallel_workers": 40,
  "sampler": "tpe",
  "dataset": "cifar100",
  "device": "cuda",
  "accuracy_thresholds": {},
  "accuracy_curve": {
    "0": {
      "val_acc": 0.0653,
      "gpu_hours": 0.003019078108999464
    },
    "1": {
      "val_acc": 0.1074,
      "gpu_hours": 0.005569803979661729
    },
    "2": {
      "val_acc": 0.1492,
      "gpu_hours": 0.008098170691066319
    },
    "3": {
      "val_acc": 0.1808,
      "gpu_hours": 0.01062660144435035
    },
    "4": {
      "val_acc": 0.2108,
      "gpu_hours": 0.01318100353082021
    },
    "5": {
      "val_acc": 0.2349,
      "gpu_hours": 0.01573253015677134
    },
    "6": {
      "val_acc": 0.2555,
      "gpu_hours": 0.018291866315735712
    },
    "7": {
      "val_acc": 0.284,
      "gpu_hours": 0.020852749877505832
    },
    "8": {
      "val_acc": 0.2972,
      "gpu_hours": 0.023406417767206828
    },
    "9": {
      "val_acc": 0.3058,
      "gpu_hours": 0.02595909621980455
    },
    "10": {
      "val_acc": 0.3307,
      "gpu_hours": 0.028520806299315558
    },
    "11": {
      "val_acc": 0.3395,
      "gpu_hours": 0.031087824569808114
    },
    "12": {
      "val_acc": 0.3486,
      "gpu_hours": 0.033648190100987754
    },
    "13": {
      "val_acc": 0.3664,
      "gpu_hours": 0.03622004283799066
    },
    "14": {
      "val_acc": 0.3717,
      "gpu_hours": 0.03879203067885505
    },
    "15": {
      "val_acc": 0.383,
      "gpu_hours": 0.04134899563259549
    },
    "16": {
      "val_acc": 0.3823,
      "gpu_hours": 0.043926780886120266
    },
    "17": {
      "val_acc": 0.3921,
      "gpu_hours": 0.04649681190649668
    },
    "18": {
      "val_acc": 0.3942,
      "gpu_hours": 0.0490943099392785
    },
    "19": {
      "val_acc": 0.4098,
      "gpu_hours": 0.051665601597891915
    },
    "20": {
      "val_acc": 0.4032,
      "gpu_hours": 0.054236069454087155
    },
    "21": {
      "val_acc": 0.4196,
      "gpu_hours": 0.05679842988650004
    },
    "22": {
      "val_acc": 0.4157,
      "gpu_hours": 0.059358696738878884
    },
    "23": {
      "val_acc": 0.4191,
      "gpu_hours": 0.06193654265668657
    },
    "24": {
      "val_acc": 0.4235,
      "gpu_hours": 0.06449150072203742
    },
    "25": {
      "val_acc": 0.4257,
      "gpu_hours": 0.06704590015941196
    },
    "26": {
      "val_acc": 0.4282,
      "gpu_hours": 0.06960851377911038
    },
    "27": {
      "val_acc": 0.4264,
      "gpu_hours": 0.07217760993374718
    },
    "28": {
      "val_acc": 0.4271,
      "gpu_hours": 0.07476172354486253
    },
    "29": {
      "val_acc": 0.4296,
      "gpu_hours": 0.07733321275975968
    }
  }
}