{
  "trial_number": 9,
  "params": {
    "lr": 0.0008179499475211679,
    "weight_decay": 0.0001256104370001356,
    "batch_size": 256,
    "dropout": 0.06974693032602092,
    "optimizer": "AdamW",
    "scheduler": "cosine",
    "model": "efficientnet_b0"
  },
  "best_val_acc": 0.4334,
  "total_gpu_hours": 0.07722236315409342,
  "slurm_task": 8,
  "parallel_workers": 40,
  "sampler": "tpe",
  "dataset": "cifar100",
  "device": "cuda",
  "accuracy_thresholds": {},
  "accuracy_curve": {
    "0": {
      "val_acc": 0.066,
      "gpu_hours": 0.0030158533652623496
    },
    "1": {
      "val_acc": 0.1177,
      "gpu_hours": 0.005544206367598639
    },
    "2": {
      "val_acc": 0.1592,
      "gpu_hours": 0.008109881944126552
    },
    "3": {
      "val_acc": 0.1918,
      "gpu_hours": 0.010674576825565761
    },
    "4": {
      "val_acc": 0.2212,
      "gpu_hours": 0.013237850732273525
    },
    "5": {
      "val_acc": 0.2383,
      "gpu_hours": 0.0157721084356308
    },
    "6": {
      "val_acc": 0.2633,
      "gpu_hours": 0.01831976850827535
    },
    "7": {
      "val_acc": 0.2831,
      "gpu_hours": 0.020874536368581983
    },
    "8": {
      "val_acc": 0.3091,
      "gpu_hours": 0.0234537140528361
    },
    "9": {
      "val_acc": 0.3151,
      "gpu_hours": 0.02601481258869171
    },
    "10": {
      "val_acc": 0.3315,
      "gpu_hours": 0.028574045499165854
    },
    "11": {
      "val_acc": 0.3504,
      "gpu_hours": 0.031135917504628498
    },
    "12": {
      "val_acc": 0.358,
      "gpu_hours": 0.033684734569655525
    },
    "13": {
      "val_acc": 0.3685,
      "gpu_hours": 0.036233019232749936
    },
    "14": {
      "val_acc": 0.3828,
      "gpu_hours": 0.03880781723393334
    },
    "15": {
      "val_acc": 0.3925,
      "gpu_hours": 0.04136310941643185
    },
    "16": {
      "val_acc": 0.3961,
      "gpu_hours": 0.04393201125992669
    },
    "17": {
      "val_acc": 0.4005,
      "gpu_hours": 0.04647576292355855
    },
    "18": {
      "val_acc": 0.4069,
      "gpu_hours": 0.04902952399518755
    },
    "19": {
      "val_acc": 0.4167,
      "gpu_hours": 0.051602365838156805
    },
    "20": {
      "val_acc": 0.4198,
      "gpu_hours": 0.05415698488553365
    },
    "21": {
      "val_acc": 0.4255,
      "gpu_hours": 0.056716290248764886
    },
    "22": {
      "val_acc": 0.4219,
      "gpu_hours": 0.059273946020338274
    },
    "23": {
      "val_acc": 0.4258,
      "gpu_hours": 0.06181766450405121
    },
    "24": {
      "val_acc": 0.4268,
      "gpu_hours": 0.06439253601762984
    },
    "25": {
      "val_acc": 0.4294,
      "gpu_hours": 0.06696478035714891
    },
    "26": {
      "val_acc": 0.4284,
      "gpu_hours": 0.06953529218832652
    },
    "27": {
      "val_acc": 0.4334,
      "gpu_hours": 0.07209629509184096
    },
    "28": {
      "val_acc": 0.4307,
      "gpu_hours": 0.07464869247542487
    },
    "29": {
      "val_acc": 0.4303,
      "gpu_hours": 0.07719894607861837
    }
  }
}