{
  "trial_number": 76,
  "params": {
    "lr": 0.0003446627906188941,
    "weight_decay": 7.088945719271985e-06,
    "batch_size": 64,
    "dropout": 0.06655855012163388,
    "optimizer": "Adam",
    "scheduler": "step",
    "model": "resnet18"
  },
  "best_val_acc": 0.7045,
  "total_gpu_hours": 0.1343029953373803,
  "slurm_task": 16,
  "parallel_workers": 40,
  "sampler": "tpe",
  "dataset": "cifar100",
  "device": "cuda",
  "accuracy_thresholds": {},
  "accuracy_curve": {
    "0": {
      "val_acc": 0.2287,
      "gpu_hours": 0.004917447368303934
    },
    "1": {
      "val_acc": 0.3405,
      "gpu_hours": 0.009372234675619337
    },
    "2": {
      "val_acc": 0.4112,
      "gpu_hours": 0.01384650362862481
    },
    "3": {
      "val_acc": 0.4354,
      "gpu_hours": 0.01831694033410814
    },
    "4": {
      "val_acc": 0.5025,
      "gpu_hours": 0.022773168881734213
    },
    "5": {
      "val_acc": 0.5197,
      "gpu_hours": 0.02723961459265815
    },
    "6": {
      "val_acc": 0.537,
      "gpu_hours": 0.03170137087504069
    },
    "7": {
      "val_acc": 0.5532,
      "gpu_hours": 0.036163597371843124
    },
    "8": {
      "val_acc": 0.5638,
      "gpu_hours": 0.04062143186728159
    },
    "9": {
      "val_acc": 0.5955,
      "gpu_hours": 0.045076208975580005
    },
    "10": {
      "val_acc": 0.6503,
      "gpu_hours": 0.049547845986154346
    },
    "11": {
      "val_acc": 0.6507,
      "gpu_hours": 0.0540104087193807
    },
    "12": {
      "val_acc": 0.6579,
      "gpu_hours": 0.05847840732998318
    },
    "13": {
      "val_acc": 0.6623,
      "gpu_hours": 0.06293236321873134
    },
    "14": {
      "val_acc": 0.6634,
      "gpu_hours": 0.06739384061760373
    },
    "15": {
      "val_acc": 0.6622,
      "gpu_hours": 0.07185400234328376
    },
    "16": {
      "val_acc": 0.6715,
      "gpu_hours": 0.07631633036666446
    },
    "17": {
      "val_acc": 0.6811,
      "gpu_hours": 0.08077630956967671
    },
    "18": {
      "val_acc": 0.6735,
      "gpu_hours": 0.08523869620429145
    },
    "19": {
      "val_acc": 0.6711,
      "gpu_hours": 0.08970594545205435
    },
    "20": {
      "val_acc": 0.6972,
      "gpu_hours": 0.0941650844944848
    },
    "21": {
      "val_acc": 0.6971,
      "gpu_hours": 0.09862690852748023
    },
    "22": {
      "val_acc": 0.6999,
      "gpu_hours": 0.10309622340732151
    },
    "23": {
      "val_acc": 0.6944,
      "gpu_hours": 0.10755398412545522
    },
    "24": {
      "val_acc": 0.7027,
      "gpu_hours": 0.11201007538371616
    },
    "25": {
      "val_acc": 0.6982,
      "gpu_hours": 0.1164726037449307
    },
    "26": {
      "val_acc": 0.6987,
      "gpu_hours": 0.12092394948005676
    },
    "27": {
      "val_acc": 0.702,
      "gpu_hours": 0.12538165701760187
    },
    "28": {
      "val_acc": 0.7,
      "gpu_hours": 0.12983129700024923
    },
    "29": {
      "val_acc": 0.7045,
      "gpu_hours": 0.13428900215360853
    }
  }
}