{
  "trial_number": 42,
  "params": {
    "lr": 0.004095676584000674,
    "weight_decay": 2.907879986529897e-05,
    "batch_size": 64,
    "dropout": 0.1996279439278742,
    "optimizer": "SGD",
    "scheduler": "plateau",
    "model": "resnet18",
    "momentum": 0.9844622757771642
  },
  "best_val_acc": 0.4915,
  "total_gpu_hours": 0.13078975684112973,
  "slurm_task": 26,
  "parallel_workers": 40,
  "sampler": "tpe",
  "dataset": "cifar100",
  "device": "cuda",
  "accuracy_thresholds": {},
  "accuracy_curve": {
    "0": {
      "val_acc": 0.1569,
      "gpu_hours": 0.004808597498469883
    },
    "1": {
      "val_acc": 0.2465,
      "gpu_hours": 0.009165191385481093
    },
    "2": {
      "val_acc": 0.3176,
      "gpu_hours": 0.01350563923517863
    },
    "3": {
      "val_acc": 0.3558,
      "gpu_hours": 0.017845074203279285
    },
    "4": {
      "val_acc": 0.4025,
      "gpu_hours": 0.022192147175470987
    },
    "5": {
      "val_acc": 0.4589,
      "gpu_hours": 0.026561195850372313
    },
    "6": {
      "val_acc": 0.4669,
      "gpu_hours": 0.030916856461101108
    },
    "7": {
      "val_acc": 0.4804,
      "gpu_hours": 0.03526561710569594
    },
    "8": {
      "val_acc": 0.4815,
      "gpu_hours": 0.03960466490851508
    },
    "9": {
      "val_acc": 0.4875,
      "gpu_hours": 0.04396152953306834
    },
    "10": {
      "val_acc": 0.4881,
      "gpu_hours": 0.048320593502786426
    },
    "11": {
      "val_acc": 0.4908,
      "gpu_hours": 0.05265333765082889
    },
    "12": {
      "val_acc": 0.489,
      "gpu_hours": 0.05696492248111301
    },
    "13": {
      "val_acc": 0.4886,
      "gpu_hours": 0.061302653087510005
    },
    "14": {
      "val_acc": 0.4892,
      "gpu_hours": 0.06564505325423346
    },
    "15": {
      "val_acc": 0.4879,
      "gpu_hours": 0.0699828490946028
    },
    "16": {
      "val_acc": 0.4897,
      "gpu_hours": 0.07429995662636227
    },
    "17": {
      "val_acc": 0.491,
      "gpu_hours": 0.0786368684636222
    },
    "18": {
      "val_acc": 0.4915,
      "gpu_hours": 0.08298815276887682
    },
    "19": {
      "val_acc": 0.4879,
      "gpu_hours": 0.08733981258339352
    },
    "20": {
      "val_acc": 0.4886,
      "gpu_hours": 0.09168230811754863
    },
    "21": {
      "val_acc": 0.491,
      "gpu_hours": 0.09602339956495497
    },
    "22": {
      "val_acc": 0.49,
      "gpu_hours": 0.10035348759757148
    },
    "23": {
      "val_acc": 0.4899,
      "gpu_hours": 0.10467965635988448
    },
    "24": {
      "val_acc": 0.4909,
      "gpu_hours": 0.1090331271621916
    },
    "25": {
      "val_acc": 0.4899,
      "gpu_hours": 0.11336269802517361
    },
    "26": {
      "val_acc": 0.4896,
      "gpu_hours": 0.11770226995150249
    },
    "27": {
      "val_acc": 0.4877,
      "gpu_hours": 0.12204206751452552
    },
    "28": {
      "val_acc": 0.4863,
      "gpu_hours": 0.12638790706793468
    },
    "29": {
      "val_acc": 0.4894,
      "gpu_hours": 0.13072928898864322
    }
  }
}