{
  "trial_number": 77,
  "params": {
    "lr": 0.0003446627906188941,
    "weight_decay": 7.088945719271985e-06,
    "batch_size": 64,
    "dropout": 0.06655855012163388,
    "optimizer": "Adam",
    "scheduler": "step",
    "model": "resnet18"
  },
  "best_val_acc": 0.7054,
  "total_gpu_hours": 0.1344258502456877,
  "slurm_task": 14,
  "parallel_workers": 40,
  "sampler": "tpe",
  "dataset": "cifar100",
  "device": "cuda",
  "accuracy_thresholds": {},
  "accuracy_curve": {
    "0": {
      "val_acc": 0.2424,
      "gpu_hours": 0.004935756127039592
    },
    "1": {
      "val_acc": 0.3352,
      "gpu_hours": 0.009406538142098322
    },
    "2": {
      "val_acc": 0.3992,
      "gpu_hours": 0.013876761529180739
    },
    "3": {
      "val_acc": 0.4682,
      "gpu_hours": 0.018352474636501737
    },
    "4": {
      "val_acc": 0.4966,
      "gpu_hours": 0.022824096216095817
    },
    "5": {
      "val_acc": 0.5299,
      "gpu_hours": 0.027288762927055357
    },
    "6": {
      "val_acc": 0.5636,
      "gpu_hours": 0.03174881723192003
    },
    "7": {
      "val_acc": 0.5908,
      "gpu_hours": 0.036218479341930815
    },
    "8": {
      "val_acc": 0.5906,
      "gpu_hours": 0.04067505697409312
    },
    "9": {
      "val_acc": 0.6,
      "gpu_hours": 0.04513026813666026
    },
    "10": {
      "val_acc": 0.645,
      "gpu_hours": 0.04960649351278941
    },
    "11": {
      "val_acc": 0.663,
      "gpu_hours": 0.05407365865177578
    },
    "12": {
      "val_acc": 0.6587,
      "gpu_hours": 0.05853080689907074
    },
    "13": {
      "val_acc": 0.669,
      "gpu_hours": 0.06298347539371914
    },
    "14": {
      "val_acc": 0.6738,
      "gpu_hours": 0.06745512704054514
    },
    "15": {
      "val_acc": 0.6777,
      "gpu_hours": 0.07191681709554461
    },
    "16": {
      "val_acc": 0.6739,
      "gpu_hours": 0.07636920015017191
    },
    "17": {
      "val_acc": 0.6791,
      "gpu_hours": 0.08083183964093527
    },
    "18": {
      "val_acc": 0.6844,
      "gpu_hours": 0.08530097656779818
    },
    "19": {
      "val_acc": 0.6784,
      "gpu_hours": 0.08977255768246122
    },
    "20": {
      "val_acc": 0.6991,
      "gpu_hours": 0.09423570050133599
    },
    "21": {
      "val_acc": 0.7038,
      "gpu_hours": 0.09870403329531352
    },
    "22": {
      "val_acc": 0.7032,
      "gpu_hours": 0.10318643861346774
    },
    "23": {
      "val_acc": 0.7025,
      "gpu_hours": 0.10765361587206522
    },
    "24": {
      "val_acc": 0.7033,
      "gpu_hours": 0.11211584919028812
    },
    "25": {
      "val_acc": 0.7037,
      "gpu_hours": 0.1165797902478112
    },
    "26": {
      "val_acc": 0.703,
      "gpu_hours": 0.12103624681631724
    },
    "27": {
      "val_acc": 0.7035,
      "gpu_hours": 0.12548803554640875
    },
    "28": {
      "val_acc": 0.7054,
      "gpu_hours": 0.1299475555287467
    },
    "29": {
      "val_acc": 0.7027,
      "gpu_hours": 0.1344128636519114
    }
  }
}