{
  "trial_number": 8,
  "params": {
    "lr": 0.0008179499475211679,
    "weight_decay": 0.0001256104370001356,
    "batch_size": 256,
    "dropout": 0.06974693032602092,
    "optimizer": "AdamW",
    "scheduler": "cosine",
    "model": "efficientnet_b0"
  },
  "best_val_acc": 0.4306,
  "total_gpu_hours": 0.07962288492255741,
  "slurm_task": 2,
  "parallel_workers": 40,
  "sampler": "tpe",
  "dataset": "cifar100",
  "device": "cuda",
  "accuracy_thresholds": {},
  "accuracy_curve": {
    "0": {
      "val_acc": 0.0722,
      "gpu_hours": 0.00309525105688307
    },
    "1": {
      "val_acc": 0.1121,
      "gpu_hours": 0.005752961039543152
    },
    "2": {
      "val_acc": 0.1453,
      "gpu_hours": 0.008382152848773533
    },
    "3": {
      "val_acc": 0.1934,
      "gpu_hours": 0.011023629970020718
    },
    "4": {
      "val_acc": 0.2223,
      "gpu_hours": 0.013666009836726719
    },
    "5": {
      "val_acc": 0.2501,
      "gpu_hours": 0.016291179524527657
    },
    "6": {
      "val_acc": 0.2732,
      "gpu_hours": 0.018938858840200638
    },
    "7": {
      "val_acc": 0.2791,
      "gpu_hours": 0.021562122371461656
    },
    "8": {
      "val_acc": 0.2997,
      "gpu_hours": 0.02418981538878547
    },
    "9": {
      "val_acc": 0.3125,
      "gpu_hours": 0.02682301104068756
    },
    "10": {
      "val_acc": 0.3334,
      "gpu_hours": 0.029459534817271763
    },
    "11": {
      "val_acc": 0.339,
      "gpu_hours": 0.032111564344829986
    },
    "12": {
      "val_acc": 0.3496,
      "gpu_hours": 0.03474999838405185
    },
    "13": {
      "val_acc": 0.3616,
      "gpu_hours": 0.037389745778507656
    },
    "14": {
      "val_acc": 0.3685,
      "gpu_hours": 0.04003223803308275
    },
    "15": {
      "val_acc": 0.3825,
      "gpu_hours": 0.04267349772983127
    },
    "16": {
      "val_acc": 0.3876,
      "gpu_hours": 0.04530085722605388
    },
    "17": {
      "val_acc": 0.3956,
      "gpu_hours": 0.04794661707348294
    },
    "18": {
      "val_acc": 0.3989,
      "gpu_hours": 0.05058780120478736
    },
    "19": {
      "val_acc": 0.4083,
      "gpu_hours": 0.053219199644194706
    },
    "20": {
      "val_acc": 0.4114,
      "gpu_hours": 0.05585612879859077
    },
    "21": {
      "val_acc": 0.4125,
      "gpu_hours": 0.05850312544239892
    },
    "22": {
      "val_acc": 0.4174,
      "gpu_hours": 0.06116215513812171
    },
    "23": {
      "val_acc": 0.4224,
      "gpu_hours": 0.06377646413114335
    },
    "24": {
      "val_acc": 0.4244,
      "gpu_hours": 0.0664077537589603
    },
    "25": {
      "val_acc": 0.4259,
      "gpu_hours": 0.06905215627617306
    },
    "26": {
      "val_acc": 0.4277,
      "gpu_hours": 0.07170639342731899
    },
    "27": {
      "val_acc": 0.4298,
      "gpu_hours": 0.07433189147048526
    },
    "28": {
      "val_acc": 0.4299,
      "gpu_hours": 0.07700782795747121
    },
    "29": {
      "val_acc": 0.4306,
      "gpu_hours": 0.07959862967332204
    }
  }
}