{
  "trial_number": 4,
  "params": {
    "lr": 0.0013292918943162175,
    "weight_decay": 0.006351221010640704,
    "batch_size": 64,
    "dropout": 0.07799726016810132,
    "optimizer": "Adam",
    "scheduler": "plateau",
    "model": "resnet18"
  },
  "best_val_acc": 0.0984,
  "total_gpu_hours": 0.1345101140605079,
  "slurm_task": 6,
  "parallel_workers": 40,
  "sampler": "tpe",
  "dataset": "cifar100",
  "device": "cuda",
  "accuracy_thresholds": {},
  "accuracy_curve": {
    "0": {
      "val_acc": 0.0364,
      "gpu_hours": 0.005116958551936679
    },
    "1": {
      "val_acc": 0.0613,
      "gpu_hours": 0.009593238565656874
    },
    "2": {
      "val_acc": 0.0675,
      "gpu_hours": 0.01405409230126275
    },
    "3": {
      "val_acc": 0.0733,
      "gpu_hours": 0.018517334991031222
    },
    "4": {
      "val_acc": 0.0688,
      "gpu_hours": 0.022976452244652643
    },
    "5": {
      "val_acc": 0.094,
      "gpu_hours": 0.027441005375650192
    },
    "6": {
      "val_acc": 0.0984,
      "gpu_hours": 0.031889313724305896
    },
    "7": {
      "val_acc": 0.0952,
      "gpu_hours": 0.03634694026576148
    },
    "8": {
      "val_acc": 0.0947,
      "gpu_hours": 0.04080321643087599
    },
    "9": {
      "val_acc": 0.0947,
      "gpu_hours": 0.04527256508668264
    },
    "10": {
      "val_acc": 0.0936,
      "gpu_hours": 0.04977170440885756
    },
    "11": {
      "val_acc": 0.0942,
      "gpu_hours": 0.05423570414384206
    },
    "12": {
      "val_acc": 0.0937,
      "gpu_hours": 0.058691505723529394
    },
    "13": {
      "val_acc": 0.0948,
      "gpu_hours": 0.06314482556449043
    },
    "14": {
      "val_acc": 0.095,
      "gpu_hours": 0.06760965095625983
    },
    "15": {
      "val_acc": 0.0939,
      "gpu_hours": 0.07206927458445231
    },
    "16": {
      "val_acc": 0.0932,
      "gpu_hours": 0.07652150068018171
    },
    "17": {
      "val_acc": 0.0937,
      "gpu_hours": 0.08098627361986373
    },
    "18": {
      "val_acc": 0.094,
      "gpu_hours": 0.08543382432725695
    },
    "19": {
      "val_acc": 0.0949,
      "gpu_hours": 0.08988212121857538
    },
    "20": {
      "val_acc": 0.0929,
      "gpu_hours": 0.09434385796387991
    },
    "21": {
      "val_acc": 0.0957,
      "gpu_hours": 0.09881119310855865
    },
    "22": {
      "val_acc": 0.0923,
      "gpu_hours": 0.10327586266729567
    },
    "23": {
      "val_acc": 0.0938,
      "gpu_hours": 0.10773438937134212
    },
    "24": {
      "val_acc": 0.095,
      "gpu_hours": 0.11219549066490597
    },
    "25": {
      "val_acc": 0.0947,
      "gpu_hours": 0.11666012280517155
    },
    "26": {
      "val_acc": 0.096,
      "gpu_hours": 0.12112136960029601
    },
    "27": {
      "val_acc": 0.0944,
      "gpu_hours": 0.125582541624705
    },
    "28": {
      "val_acc": 0.0948,
      "gpu_hours": 0.13004202094342973
    },
    "29": {
      "val_acc": 0.0962,
      "gpu_hours": 0.13449732369846767
    }
  }
}