{
  "trial_number": 48,
  "params": {
    "lr": 0.004107871826676734,
    "weight_decay": 0.007757467485848162,
    "batch_size": 128,
    "dropout": 0.22121170617550623,
    "optimizer": "AdamW",
    "scheduler": "step",
    "model": "resnet18"
  },
  "best_val_acc": 0.6659,
  "total_gpu_hours": 0.1256101077132755,
  "slurm_task": 32,
  "parallel_workers": 40,
  "sampler": "tpe",
  "dataset": "cifar100",
  "device": "cuda",
  "accuracy_thresholds": {},
  "accuracy_curve": {
    "0": {
      "val_acc": 0.131,
      "gpu_hours": 0.004631780650880601
    },
    "1": {
      "val_acc": 0.2136,
      "gpu_hours": 0.00881528894106547
    },
    "2": {
      "val_acc": 0.2871,
      "gpu_hours": 0.012998136679331461
    },
    "3": {
      "val_acc": 0.346,
      "gpu_hours": 0.01718065745300717
    },
    "4": {
      "val_acc": 0.4068,
      "gpu_hours": 0.02136215693420834
    },
    "5": {
      "val_acc": 0.4167,
      "gpu_hours": 0.02555862777762943
    },
    "6": {
      "val_acc": 0.4583,
      "gpu_hours": 0.029736073348257275
    },
    "7": {
      "val_acc": 0.5106,
      "gpu_hours": 0.03391561170419057
    },
    "8": {
      "val_acc": 0.5277,
      "gpu_hours": 0.038097032970852325
    },
    "9": {
      "val_acc": 0.544,
      "gpu_hours": 0.04227540844016605
    },
    "10": {
      "val_acc": 0.5924,
      "gpu_hours": 0.04644933932357364
    },
    "11": {
      "val_acc": 0.6022,
      "gpu_hours": 0.05061987671587202
    },
    "12": {
      "val_acc": 0.6078,
      "gpu_hours": 0.05479046867953406
    },
    "13": {
      "val_acc": 0.6224,
      "gpu_hours": 0.05896025896072388
    },
    "14": {
      "val_acc": 0.6278,
      "gpu_hours": 0.06311845388677385
    },
    "15": {
      "val_acc": 0.6306,
      "gpu_hours": 0.0672947464386622
    },
    "16": {
      "val_acc": 0.6264,
      "gpu_hours": 0.07145646201239692
    },
    "17": {
      "val_acc": 0.6359,
      "gpu_hours": 0.0756312937868966
    },
    "18": {
      "val_acc": 0.6428,
      "gpu_hours": 0.07980078630977207
    },
    "19": {
      "val_acc": 0.6398,
      "gpu_hours": 0.08396771887938181
    },
    "20": {
      "val_acc": 0.6551,
      "gpu_hours": 0.08812748293081919
    },
    "21": {
      "val_acc": 0.6571,
      "gpu_hours": 0.09230076067977482
    },
    "22": {
      "val_acc": 0.6574,
      "gpu_hours": 0.09645409908559588
    },
    "23": {
      "val_acc": 0.6626,
      "gpu_hours": 0.10060931179258559
    },
    "24": {
      "val_acc": 0.664,
      "gpu_hours": 0.10477189739545187
    },
    "25": {
      "val_acc": 0.659,
      "gpu_hours": 0.10891555892096626
    },
    "26": {
      "val_acc": 0.6659,
      "gpu_hours": 0.11307450148794386
    },
    "27": {
      "val_acc": 0.6597,
      "gpu_hours": 0.11724528862370386
    },
    "28": {
      "val_acc": 0.6601,
      "gpu_hours": 0.12142278830210368
    },
    "29": {
      "val_acc": 0.6633,
      "gpu_hours": 0.12558750735388863
    }
  }
}