{
  "trial_number": 54,
  "params": {
    "lr": 0.007175896589120969,
    "weight_decay": 3.6666653942627944e-05,
    "batch_size": 256,
    "dropout": 0.10195969554125978,
    "optimizer": "Adam",
    "scheduler": "step",
    "model": "resnet18"
  },
  "best_val_acc": 0.6296,
  "total_gpu_hours": 0.11889900883038838,
  "slurm_task": 9,
  "parallel_workers": 40,
  "sampler": "tpe",
  "dataset": "cifar100",
  "device": "cuda",
  "accuracy_thresholds": {},
  "accuracy_curve": {
    "0": {
      "val_acc": 0.0938,
      "gpu_hours": 0.0046628626187642415
    },
    "1": {
      "val_acc": 0.1659,
      "gpu_hours": 0.008666838076379564
    },
    "2": {
      "val_acc": 0.2175,
      "gpu_hours": 0.012616062230534023
    },
    "3": {
      "val_acc": 0.2617,
      "gpu_hours": 0.01654475231965383
    },
    "4": {
      "val_acc": 0.3128,
      "gpu_hours": 0.020484151906437344
    },
    "5": {
      "val_acc": 0.3494,
      "gpu_hours": 0.024420273568895128
    },
    "6": {
      "val_acc": 0.3911,
      "gpu_hours": 0.02836257424619463
    },
    "7": {
      "val_acc": 0.4112,
      "gpu_hours": 0.03229058497481876
    },
    "8": {
      "val_acc": 0.4083,
      "gpu_hours": 0.03622490564982096
    },
    "9": {
      "val_acc": 0.4591,
      "gpu_hours": 0.04015570951832665
    },
    "10": {
      "val_acc": 0.5065,
      "gpu_hours": 0.044104634324709575
    },
    "11": {
      "val_acc": 0.5243,
      "gpu_hours": 0.048032095962100556
    },
    "12": {
      "val_acc": 0.5381,
      "gpu_hours": 0.05195734885003832
    },
    "13": {
      "val_acc": 0.5285,
      "gpu_hours": 0.05590065446164873
    },
    "14": {
      "val_acc": 0.5427,
      "gpu_hours": 0.059831753108236525
    },
    "15": {
      "val_acc": 0.5469,
      "gpu_hours": 0.0637608904308743
    },
    "16": {
      "val_acc": 0.5551,
      "gpu_hours": 0.06768778681755067
    },
    "17": {
      "val_acc": 0.5546,
      "gpu_hours": 0.07163468327787187
    },
    "18": {
      "val_acc": 0.5676,
      "gpu_hours": 0.07555579490131802
    },
    "19": {
      "val_acc": 0.5543,
      "gpu_hours": 0.07949035598172081
    },
    "20": {
      "val_acc": 0.6044,
      "gpu_hours": 0.08342814160717858
    },
    "21": {
      "val_acc": 0.6085,
      "gpu_hours": 0.08736141973071627
    },
    "22": {
      "val_acc": 0.6179,
      "gpu_hours": 0.09130788875950707
    },
    "23": {
      "val_acc": 0.6201,
      "gpu_hours": 0.09524454825454289
    },
    "24": {
      "val_acc": 0.6166,
      "gpu_hours": 0.09918607744905683
    },
    "25": {
      "val_acc": 0.6252,
      "gpu_hours": 0.10315485848320854
    },
    "26": {
      "val_acc": 0.6204,
      "gpu_hours": 0.10710020502408346
    },
    "27": {
      "val_acc": 0.622,
      "gpu_hours": 0.11101282563474443
    },
    "28": {
      "val_acc": 0.6296,
      "gpu_hours": 0.11495210594601102
    },
    "29": {
      "val_acc": 0.6149,
      "gpu_hours": 0.11888492617342207
    }
  }
}