{
  "trial_number": 66,
  "params": {
    "lr": 0.0013027521834828306,
    "weight_decay": 0.0007827607672927537,
    "batch_size": 256,
    "dropout": 0.06794100042062703,
    "optimizer": "AdamW",
    "scheduler": "cosine",
    "model": "resnet34"
  },
  "best_val_acc": 0.6889,
  "total_gpu_hours": 0.20326700826485952,
  "slurm_task": 37,
  "parallel_workers": 40,
  "sampler": "tpe",
  "dataset": "cifar100",
  "device": "cuda",
  "accuracy_thresholds": {},
  "accuracy_curve": {
    "0": {
      "val_acc": 0.1188,
      "gpu_hours": 0.0072505766153335574
    },
    "1": {
      "val_acc": 0.1973,
      "gpu_hours": 0.014019577966796027
    },
    "2": {
      "val_acc": 0.3083,
      "gpu_hours": 0.020789597365591262
    },
    "3": {
      "val_acc": 0.3779,
      "gpu_hours": 0.02756402459409502
    },
    "4": {
      "val_acc": 0.3809,
      "gpu_hours": 0.034326983160442776
    },
    "5": {
      "val_acc": 0.4107,
      "gpu_hours": 0.041092407438490124
    },
    "6": {
      "val_acc": 0.45,
      "gpu_hours": 0.04784238497416178
    },
    "7": {
      "val_acc": 0.4529,
      "gpu_hours": 0.05460248801443312
    },
    "8": {
      "val_acc": 0.506,
      "gpu_hours": 0.06136371148957147
    },
    "9": {
      "val_acc": 0.4979,
      "gpu_hours": 0.06811246633529663
    },
    "10": {
      "val_acc": 0.5517,
      "gpu_hours": 0.07487241758240594
    },
    "11": {
      "val_acc": 0.5418,
      "gpu_hours": 0.08163112567530738
    },
    "12": {
      "val_acc": 0.5757,
      "gpu_hours": 0.08837817105982039
    },
    "13": {
      "val_acc": 0.5887,
      "gpu_hours": 0.0951301368077596
    },
    "14": {
      "val_acc": 0.615,
      "gpu_hours": 0.10189268522792393
    },
    "15": {
      "val_acc": 0.6209,
      "gpu_hours": 0.1086483316289054
    },
    "16": {
      "val_acc": 0.6232,
      "gpu_hours": 0.11540540595849355
    },
    "17": {
      "val_acc": 0.6485,
      "gpu_hours": 0.12215144157409669
    },
    "18": {
      "val_acc": 0.6406,
      "gpu_hours": 0.12891574766900804
    },
    "19": {
      "val_acc": 0.6554,
      "gpu_hours": 0.13567509677675035
    },
    "20": {
      "val_acc": 0.6667,
      "gpu_hours": 0.14243213335673013
    },
    "21": {
      "val_acc": 0.6612,
      "gpu_hours": 0.14919187406698864
    },
    "22": {
      "val_acc": 0.6757,
      "gpu_hours": 0.15594776901933882
    },
    "23": {
      "val_acc": 0.6791,
      "gpu_hours": 0.162702366511027
    },
    "24": {
      "val_acc": 0.6789,
      "gpu_hours": 0.16946221629778543
    },
    "25": {
      "val_acc": 0.6847,
      "gpu_hours": 0.17621908048788706
    },
    "26": {
      "val_acc": 0.6858,
      "gpu_hours": 0.1829752242565155
    },
    "27": {
      "val_acc": 0.6877,
      "gpu_hours": 0.1897335178984536
    },
    "28": {
      "val_acc": 0.6889,
      "gpu_hours": 0.1964897272321913
    },
    "29": {
      "val_acc": 0.6889,
      "gpu_hours": 0.20325355019834307
    }
  }
}