{
  "trial_number": 58,
  "params": {
    "lr": 0.007175896589120969,
    "weight_decay": 3.6666653942627944e-05,
    "batch_size": 256,
    "dropout": 0.10195969554125978,
    "optimizer": "Adam",
    "scheduler": "step",
    "model": "resnet18"
  },
  "best_val_acc": 0.6041,
  "total_gpu_hours": 0.1192329447136985,
  "slurm_task": 16,
  "parallel_workers": 40,
  "sampler": "tpe",
  "dataset": "cifar100",
  "device": "cuda",
  "accuracy_thresholds": {},
  "accuracy_curve": {
    "0": {
      "val_acc": 0.0898,
      "gpu_hours": 0.0047039057811101275
    },
    "1": {
      "val_acc": 0.1529,
      "gpu_hours": 0.008685853216383193
    },
    "2": {
      "val_acc": 0.2131,
      "gpu_hours": 0.012648588352733189
    },
    "3": {
      "val_acc": 0.2476,
      "gpu_hours": 0.01659673790136973
    },
    "4": {
      "val_acc": 0.2648,
      "gpu_hours": 0.020540077884991962
    },
    "5": {
      "val_acc": 0.2889,
      "gpu_hours": 0.024504471752378677
    },
    "6": {
      "val_acc": 0.3434,
      "gpu_hours": 0.028447269598642987
    },
    "7": {
      "val_acc": 0.3816,
      "gpu_hours": 0.03239077428976695
    },
    "8": {
      "val_acc": 0.3783,
      "gpu_hours": 0.03632886509100596
    },
    "9": {
      "val_acc": 0.371,
      "gpu_hours": 0.04028103159533607
    },
    "10": {
      "val_acc": 0.4349,
      "gpu_hours": 0.0442290414041943
    },
    "11": {
      "val_acc": 0.4785,
      "gpu_hours": 0.04816947314474318
    },
    "12": {
      "val_acc": 0.4582,
      "gpu_hours": 0.05212078346146477
    },
    "13": {
      "val_acc": 0.4441,
      "gpu_hours": 0.056072575979762604
    },
    "14": {
      "val_acc": 0.5088,
      "gpu_hours": 0.05999530427985721
    },
    "15": {
      "val_acc": 0.4856,
      "gpu_hours": 0.06394098579883575
    },
    "16": {
      "val_acc": 0.5154,
      "gpu_hours": 0.0678966130150689
    },
    "17": {
      "val_acc": 0.5204,
      "gpu_hours": 0.07184677428669399
    },
    "18": {
      "val_acc": 0.5296,
      "gpu_hours": 0.07579319205549029
    },
    "19": {
      "val_acc": 0.5167,
      "gpu_hours": 0.07975581910875108
    },
    "20": {
      "val_acc": 0.5676,
      "gpu_hours": 0.08369153983063168
    },
    "21": {
      "val_acc": 0.5728,
      "gpu_hours": 0.08762789838843875
    },
    "22": {
      "val_acc": 0.5674,
      "gpu_hours": 0.09156124088499282
    },
    "23": {
      "val_acc": 0.58,
      "gpu_hours": 0.09549745625919766
    },
    "24": {
      "val_acc": 0.5783,
      "gpu_hours": 0.09943645166026222
    },
    "25": {
      "val_acc": 0.5877,
      "gpu_hours": 0.10343779385089874
    },
    "26": {
      "val_acc": 0.5958,
      "gpu_hours": 0.1073838609457016
    },
    "27": {
      "val_acc": 0.5982,
      "gpu_hours": 0.11133363001876408
    },
    "28": {
      "val_acc": 0.5964,
      "gpu_hours": 0.11527441521485647
    },
    "29": {
      "val_acc": 0.6041,
      "gpu_hours": 0.11921099411116706
    }
  }
}