{
  "trial_number": 1,
  "params": {
    "lr": 0.0013292918943162175,
    "weight_decay": 0.006351221010640704,
    "batch_size": 64,
    "dropout": 0.07799726016810132,
    "optimizer": "Adam",
    "scheduler": "plateau",
    "model": "resnet18"
  },
  "best_val_acc": 0.0792,
  "total_gpu_hours": 0.13444053583674961,
  "slurm_task": 8,
  "parallel_workers": 40,
  "sampler": "tpe",
  "dataset": "cifar100",
  "device": "cuda",
  "accuracy_thresholds": {},
  "accuracy_curve": {
    "0": {
      "val_acc": 0.023,
      "gpu_hours": 0.005205107861095005
    },
    "1": {
      "val_acc": 0.0506,
      "gpu_hours": 0.009707563387023077
    },
    "2": {
      "val_acc": 0.0511,
      "gpu_hours": 0.014158720771471659
    },
    "3": {
      "val_acc": 0.0639,
      "gpu_hours": 0.01860621319876777
    },
    "4": {
      "val_acc": 0.0593,
      "gpu_hours": 0.023066113856103684
    },
    "5": {
      "val_acc": 0.0778,
      "gpu_hours": 0.027522247168752883
    },
    "6": {
      "val_acc": 0.0768,
      "gpu_hours": 0.031979386342896356
    },
    "7": {
      "val_acc": 0.0723,
      "gpu_hours": 0.03643651836448246
    },
    "8": {
      "val_acc": 0.0792,
      "gpu_hours": 0.04089962071842618
    },
    "9": {
      "val_acc": 0.0772,
      "gpu_hours": 0.0453520667552948
    },
    "10": {
      "val_acc": 0.0765,
      "gpu_hours": 0.04979305684566498
    },
    "11": {
      "val_acc": 0.0776,
      "gpu_hours": 0.054247515665160284
    },
    "12": {
      "val_acc": 0.0754,
      "gpu_hours": 0.05869184606605106
    },
    "13": {
      "val_acc": 0.0758,
      "gpu_hours": 0.06314399580160777
    },
    "14": {
      "val_acc": 0.0756,
      "gpu_hours": 0.06759363909562428
    },
    "15": {
      "val_acc": 0.0755,
      "gpu_hours": 0.07203780988852183
    },
    "16": {
      "val_acc": 0.0767,
      "gpu_hours": 0.07649428877565596
    },
    "17": {
      "val_acc": 0.0753,
      "gpu_hours": 0.08095133602619171
    },
    "18": {
      "val_acc": 0.0759,
      "gpu_hours": 0.08540500846174028
    },
    "19": {
      "val_acc": 0.0752,
      "gpu_hours": 0.08986808465586768
    },
    "20": {
      "val_acc": 0.0774,
      "gpu_hours": 0.09431910521454281
    },
    "21": {
      "val_acc": 0.0757,
      "gpu_hours": 0.09878251479731666
    },
    "22": {
      "val_acc": 0.0773,
      "gpu_hours": 0.10323465532726711
    },
    "23": {
      "val_acc": 0.0753,
      "gpu_hours": 0.10766671339670818
    },
    "24": {
      "val_acc": 0.0761,
      "gpu_hours": 0.11213058027956221
    },
    "25": {
      "val_acc": 0.0766,
      "gpu_hours": 0.11659030848079258
    },
    "26": {
      "val_acc": 0.077,
      "gpu_hours": 0.12104735136032105
    },
    "27": {
      "val_acc": 0.0762,
      "gpu_hours": 0.1255030714803272
    },
    "28": {
      "val_acc": 0.0759,
      "gpu_hours": 0.12996377189954122
    },
    "29": {
      "val_acc": 0.0763,
      "gpu_hours": 0.13442472875118255
    }
  }
}