{
  "trial_number": 10,
  "params": {
    "lr": 0.0008179499475211679,
    "weight_decay": 0.0001256104370001356,
    "batch_size": 256,
    "dropout": 0.06974693032602092,
    "optimizer": "AdamW",
    "scheduler": "cosine",
    "model": "efficientnet_b0"
  },
  "best_val_acc": 0.4328,
  "total_gpu_hours": 0.07746393660704295,
  "slurm_task": 4,
  "parallel_workers": 40,
  "sampler": "tpe",
  "dataset": "cifar100",
  "device": "cuda",
  "accuracy_thresholds": {},
  "accuracy_curve": {
    "0": {
      "val_acc": 0.0653,
      "gpu_hours": 0.003032192654079861
    },
    "1": {
      "val_acc": 0.1157,
      "gpu_hours": 0.005579843057526483
    },
    "2": {
      "val_acc": 0.1474,
      "gpu_hours": 0.008143636319372389
    },
    "3": {
      "val_acc": 0.1833,
      "gpu_hours": 0.010704122516844009
    },
    "4": {
      "val_acc": 0.2191,
      "gpu_hours": 0.013264449040095012
    },
    "5": {
      "val_acc": 0.2344,
      "gpu_hours": 0.01581555035379198
    },
    "6": {
      "val_acc": 0.2587,
      "gpu_hours": 0.018392569290267096
    },
    "7": {
      "val_acc": 0.2827,
      "gpu_hours": 0.020945649875534905
    },
    "8": {
      "val_acc": 0.2998,
      "gpu_hours": 0.02351272059811486
    },
    "9": {
      "val_acc": 0.3115,
      "gpu_hours": 0.02608473877112071
    },
    "10": {
      "val_acc": 0.3313,
      "gpu_hours": 0.02864205135239495
    },
    "11": {
      "val_acc": 0.3418,
      "gpu_hours": 0.031203078826268514
    },
    "12": {
      "val_acc": 0.352,
      "gpu_hours": 0.03376215166515774
    },
    "13": {
      "val_acc": 0.3642,
      "gpu_hours": 0.03631970438692305
    },
    "14": {
      "val_acc": 0.3734,
      "gpu_hours": 0.03886849913332197
    },
    "15": {
      "val_acc": 0.3878,
      "gpu_hours": 0.04142984800868564
    },
    "16": {
      "val_acc": 0.3904,
      "gpu_hours": 0.043995822535620795
    },
    "17": {
      "val_acc": 0.396,
      "gpu_hours": 0.0465622831053204
    },
    "18": {
      "val_acc": 0.4011,
      "gpu_hours": 0.049153694046868215
    },
    "19": {
      "val_acc": 0.4095,
      "gpu_hours": 0.051711211999257406
    },
    "20": {
      "val_acc": 0.4114,
      "gpu_hours": 0.054270610478189256
    },
    "21": {
      "val_acc": 0.4192,
      "gpu_hours": 0.05685412155257331
    },
    "22": {
      "val_acc": 0.423,
      "gpu_hours": 0.05942026502556271
    },
    "23": {
      "val_acc": 0.4315,
      "gpu_hours": 0.061975372831026714
    },
    "24": {
      "val_acc": 0.4259,
      "gpu_hours": 0.06454200095600553
    },
    "25": {
      "val_acc": 0.4314,
      "gpu_hours": 0.06710637874073452
    },
    "26": {
      "val_acc": 0.4294,
      "gpu_hours": 0.06968123687638177
    },
    "27": {
      "val_acc": 0.4314,
      "gpu_hours": 0.07226008574167887
    },
    "28": {
      "val_acc": 0.4328,
      "gpu_hours": 0.07485709322823418
    },
    "29": {
      "val_acc": 0.43,
      "gpu_hours": 0.0774214588271247
    }
  }
}