{
  "trial_number": 3,
  "params": {
    "lr": 0.0013292918943162175,
    "weight_decay": 0.006351221010640704,
    "batch_size": 64,
    "dropout": 0.07799726016810132,
    "optimizer": "Adam",
    "scheduler": "plateau",
    "model": "resnet18"
  },
  "best_val_acc": 0.0954,
  "total_gpu_hours": 0.13439356353547838,
  "slurm_task": 1,
  "parallel_workers": 40,
  "sampler": "tpe",
  "dataset": "cifar100",
  "device": "cuda",
  "accuracy_thresholds": {},
  "accuracy_curve": {
    "0": {
      "val_acc": 0.0448,
      "gpu_hours": 0.005083869629436069
    },
    "1": {
      "val_acc": 0.0385,
      "gpu_hours": 0.009542354676458571
    },
    "2": {
      "val_acc": 0.0634,
      "gpu_hours": 0.013995409541659886
    },
    "3": {
      "val_acc": 0.0765,
      "gpu_hours": 0.01843891229894426
    },
    "4": {
      "val_acc": 0.0579,
      "gpu_hours": 0.022895535628000896
    },
    "5": {
      "val_acc": 0.0705,
      "gpu_hours": 0.027351614303059046
    },
    "6": {
      "val_acc": 0.0899,
      "gpu_hours": 0.031855217085944285
    },
    "7": {
      "val_acc": 0.0904,
      "gpu_hours": 0.0363133250342475
    },
    "8": {
      "val_acc": 0.0889,
      "gpu_hours": 0.04076417121622297
    },
    "9": {
      "val_acc": 0.0906,
      "gpu_hours": 0.045218165847990245
    },
    "10": {
      "val_acc": 0.0952,
      "gpu_hours": 0.0496715161535475
    },
    "11": {
      "val_acc": 0.0934,
      "gpu_hours": 0.05412814027733273
    },
    "12": {
      "val_acc": 0.0918,
      "gpu_hours": 0.05858987463845147
    },
    "13": {
      "val_acc": 0.0937,
      "gpu_hours": 0.06305652009116279
    },
    "14": {
      "val_acc": 0.0919,
      "gpu_hours": 0.06750861883163452
    },
    "15": {
      "val_acc": 0.0947,
      "gpu_hours": 0.07196394039524925
    },
    "16": {
      "val_acc": 0.0951,
      "gpu_hours": 0.07641566024886237
    },
    "17": {
      "val_acc": 0.0931,
      "gpu_hours": 0.08086014661524031
    },
    "18": {
      "val_acc": 0.0939,
      "gpu_hours": 0.08532258245680067
    },
    "19": {
      "val_acc": 0.0933,
      "gpu_hours": 0.08978567176394993
    },
    "20": {
      "val_acc": 0.0938,
      "gpu_hours": 0.09424923373593225
    },
    "21": {
      "val_acc": 0.0938,
      "gpu_hours": 0.09870896266566383
    },
    "22": {
      "val_acc": 0.0918,
      "gpu_hours": 0.1031786408689287
    },
    "23": {
      "val_acc": 0.0926,
      "gpu_hours": 0.1076454230149587
    },
    "24": {
      "val_acc": 0.0924,
      "gpu_hours": 0.11209422853257921
    },
    "25": {
      "val_acc": 0.0925,
      "gpu_hours": 0.116560085217158
    },
    "26": {
      "val_acc": 0.0926,
      "gpu_hours": 0.12101966573132408
    },
    "27": {
      "val_acc": 0.0947,
      "gpu_hours": 0.1254557904932234
    },
    "28": {
      "val_acc": 0.094,
      "gpu_hours": 0.12991122643152872
    },
    "29": {
      "val_acc": 0.0954,
      "gpu_hours": 0.1343806747595469
    }
  }
}