{
  "trial_number": 40,
  "params": {
    "lr": 0.00010683692784777876,
    "weight_decay": 6.593521713867221e-05,
    "batch_size": 64,
    "dropout": 0.1320318391449698,
    "optimizer": "Adam",
    "scheduler": "step",
    "model": "resnet18"
  },
  "best_val_acc": 0.6559,
  "total_gpu_hours": 0.13091615743107266,
  "slurm_task": 24,
  "parallel_workers": 40,
  "sampler": "tpe",
  "dataset": "cifar100",
  "device": "cuda",
  "accuracy_thresholds": {},
  "accuracy_curve": {
    "0": {
      "val_acc": 0.2031,
      "gpu_hours": 0.004809295866224501
    },
    "1": {
      "val_acc": 0.2921,
      "gpu_hours": 0.009172624680731031
    },
    "2": {
      "val_acc": 0.3475,
      "gpu_hours": 0.013537089890903896
    },
    "3": {
      "val_acc": 0.3888,
      "gpu_hours": 0.017891178329785665
    },
    "4": {
      "val_acc": 0.4305,
      "gpu_hours": 0.02223184863726298
    },
    "5": {
      "val_acc": 0.4423,
      "gpu_hours": 0.026593757271766664
    },
    "6": {
      "val_acc": 0.4903,
      "gpu_hours": 0.030962785217497082
    },
    "7": {
      "val_acc": 0.5044,
      "gpu_hours": 0.035295776062541535
    },
    "8": {
      "val_acc": 0.5229,
      "gpu_hours": 0.03964398980140686
    },
    "9": {
      "val_acc": 0.5311,
      "gpu_hours": 0.044000052346123586
    },
    "10": {
      "val_acc": 0.583,
      "gpu_hours": 0.048343524005677964
    },
    "11": {
      "val_acc": 0.5877,
      "gpu_hours": 0.052695254352357654
    },
    "12": {
      "val_acc": 0.5944,
      "gpu_hours": 0.05704465442233615
    },
    "13": {
      "val_acc": 0.6018,
      "gpu_hours": 0.06140213674969143
    },
    "14": {
      "val_acc": 0.6082,
      "gpu_hours": 0.0657581149869495
    },
    "15": {
      "val_acc": 0.6154,
      "gpu_hours": 0.07007840196291605
    },
    "16": {
      "val_acc": 0.6148,
      "gpu_hours": 0.07442064609792498
    },
    "17": {
      "val_acc": 0.6245,
      "gpu_hours": 0.07875778052541944
    },
    "18": {
      "val_acc": 0.622,
      "gpu_hours": 0.08310787989033593
    },
    "19": {
      "val_acc": 0.6192,
      "gpu_hours": 0.08744866556591457
    },
    "20": {
      "val_acc": 0.647,
      "gpu_hours": 0.09179675651921167
    },
    "21": {
      "val_acc": 0.6473,
      "gpu_hours": 0.09614590154753791
    },
    "22": {
      "val_acc": 0.6495,
      "gpu_hours": 0.10050799171129862
    },
    "23": {
      "val_acc": 0.6521,
      "gpu_hours": 0.10482822411590152
    },
    "24": {
      "val_acc": 0.6497,
      "gpu_hours": 0.10915948251883188
    },
    "25": {
      "val_acc": 0.6548,
      "gpu_hours": 0.1135031267007192
    },
    "26": {
      "val_acc": 0.6529,
      "gpu_hours": 0.11782385441992017
    },
    "27": {
      "val_acc": 0.6539,
      "gpu_hours": 0.12216686937544081
    },
    "28": {
      "val_acc": 0.6559,
      "gpu_hours": 0.1265121958653132
    },
    "29": {
      "val_acc": 0.6531,
      "gpu_hours": 0.1308550328016281
    }
  }
}