{
  "trial_number": 56,
  "params": {
    "lr": 0.007175896589120969,
    "weight_decay": 3.6666653942627944e-05,
    "batch_size": 256,
    "dropout": 0.10195969554125978,
    "optimizer": "Adam",
    "scheduler": "step",
    "model": "resnet18"
  },
  "best_val_acc": 0.6077,
  "total_gpu_hours": 0.11882617718643612,
  "slurm_task": 11,
  "parallel_workers": 40,
  "sampler": "tpe",
  "dataset": "cifar100",
  "device": "cuda",
  "accuracy_thresholds": {},
  "accuracy_curve": {
    "0": {
      "val_acc": 0.1019,
      "gpu_hours": 0.004632072117593553
    },
    "1": {
      "val_acc": 0.1677,
      "gpu_hours": 0.008585528333981832
    },
    "2": {
      "val_acc": 0.2028,
      "gpu_hours": 0.012539453506469726
    },
    "3": {
      "val_acc": 0.2635,
      "gpu_hours": 0.016485806438657973
    },
    "4": {
      "val_acc": 0.2834,
      "gpu_hours": 0.020418631301985846
    },
    "5": {
      "val_acc": 0.3148,
      "gpu_hours": 0.02435093018743727
    },
    "6": {
      "val_acc": 0.3527,
      "gpu_hours": 0.028293563458654615
    },
    "7": {
      "val_acc": 0.3451,
      "gpu_hours": 0.03221340086725023
    },
    "8": {
      "val_acc": 0.369,
      "gpu_hours": 0.03613826036453247
    },
    "9": {
      "val_acc": 0.4239,
      "gpu_hours": 0.04006434784995185
    },
    "10": {
      "val_acc": 0.4699,
      "gpu_hours": 0.043994577394591436
    },
    "11": {
      "val_acc": 0.4865,
      "gpu_hours": 0.047923790944947135
    },
    "12": {
      "val_acc": 0.5022,
      "gpu_hours": 0.051854186322953966
    },
    "13": {
      "val_acc": 0.5138,
      "gpu_hours": 0.055774810645315386
    },
    "14": {
      "val_acc": 0.5086,
      "gpu_hours": 0.059723382658428616
    },
    "15": {
      "val_acc": 0.5348,
      "gpu_hours": 0.06366238044367896
    },
    "16": {
      "val_acc": 0.5229,
      "gpu_hours": 0.06758950048022801
    },
    "17": {
      "val_acc": 0.5267,
      "gpu_hours": 0.0715184893210729
    },
    "18": {
      "val_acc": 0.5258,
      "gpu_hours": 0.07547056741184659
    },
    "19": {
      "val_acc": 0.5358,
      "gpu_hours": 0.07941185798909929
    },
    "20": {
      "val_acc": 0.5834,
      "gpu_hours": 0.08334668887986077
    },
    "21": {
      "val_acc": 0.5718,
      "gpu_hours": 0.08727881517675187
    },
    "22": {
      "val_acc": 0.5897,
      "gpu_hours": 0.09121720837222205
    },
    "23": {
      "val_acc": 0.5898,
      "gpu_hours": 0.09513646774821811
    },
    "24": {
      "val_acc": 0.5882,
      "gpu_hours": 0.09906918055481381
    },
    "25": {
      "val_acc": 0.6004,
      "gpu_hours": 0.10305074128839704
    },
    "26": {
      "val_acc": 0.5985,
      "gpu_hours": 0.1070095674859153
    },
    "27": {
      "val_acc": 0.6076,
      "gpu_hours": 0.11093726072046492
    },
    "28": {
      "val_acc": 0.6002,
      "gpu_hours": 0.11487028128570981
    },
    "29": {
      "val_acc": 0.6077,
      "gpu_hours": 0.11881141775184208
    }
  }
}