{
  "trial_number": 67,
  "params": {
    "lr": 0.0013027521834828306,
    "weight_decay": 0.0007827607672927537,
    "batch_size": 256,
    "dropout": 0.06794100042062703,
    "optimizer": "AdamW",
    "scheduler": "cosine",
    "model": "resnet34"
  },
  "best_val_acc": 0.7061,
  "total_gpu_hours": 0.2030240899324417,
  "slurm_task": 38,
  "parallel_workers": 40,
  "sampler": "tpe",
  "dataset": "cifar100",
  "device": "cuda",
  "accuracy_thresholds": {},
  "accuracy_curve": {
    "0": {
      "val_acc": 0.136,
      "gpu_hours": 0.007256976829634772
    },
    "1": {
      "val_acc": 0.2233,
      "gpu_hours": 0.014026643633842468
    },
    "2": {
      "val_acc": 0.294,
      "gpu_hours": 0.02079444064034356
    },
    "3": {
      "val_acc": 0.3022,
      "gpu_hours": 0.027557702793015375
    },
    "4": {
      "val_acc": 0.4191,
      "gpu_hours": 0.0343159070942137
    },
    "5": {
      "val_acc": 0.4549,
      "gpu_hours": 0.0410828353299035
    },
    "6": {
      "val_acc": 0.4701,
      "gpu_hours": 0.0478341113196479
    },
    "7": {
      "val_acc": 0.5322,
      "gpu_hours": 0.05459416237142351
    },
    "8": {
      "val_acc": 0.5315,
      "gpu_hours": 0.061353052324718896
    },
    "9": {
      "val_acc": 0.5729,
      "gpu_hours": 0.06810016824139489
    },
    "10": {
      "val_acc": 0.5856,
      "gpu_hours": 0.0748537669579188
    },
    "11": {
      "val_acc": 0.5998,
      "gpu_hours": 0.08160880459679498
    },
    "12": {
      "val_acc": 0.6214,
      "gpu_hours": 0.08836114532417721
    },
    "13": {
      "val_acc": 0.6294,
      "gpu_hours": 0.09511097013950348
    },
    "14": {
      "val_acc": 0.6486,
      "gpu_hours": 0.10187336610423194
    },
    "15": {
      "val_acc": 0.6524,
      "gpu_hours": 0.1086258899503284
    },
    "16": {
      "val_acc": 0.665,
      "gpu_hours": 0.11538254724608528
    },
    "17": {
      "val_acc": 0.6666,
      "gpu_hours": 0.12212616735034519
    },
    "18": {
      "val_acc": 0.6779,
      "gpu_hours": 0.12887798329194386
    },
    "19": {
      "val_acc": 0.6883,
      "gpu_hours": 0.13561612877580856
    },
    "20": {
      "val_acc": 0.6859,
      "gpu_hours": 0.14235551993052165
    },
    "21": {
      "val_acc": 0.6989,
      "gpu_hours": 0.1490987817446391
    },
    "22": {
      "val_acc": 0.701,
      "gpu_hours": 0.15583582997322082
    },
    "23": {
      "val_acc": 0.701,
      "gpu_hours": 0.16257473581367068
    },
    "24": {
      "val_acc": 0.7017,
      "gpu_hours": 0.16931265585952335
    },
    "25": {
      "val_acc": 0.7026,
      "gpu_hours": 0.176052289141549
    },
    "26": {
      "val_acc": 0.7061,
      "gpu_hours": 0.1827919891145494
    },
    "27": {
      "val_acc": 0.7059,
      "gpu_hours": 0.1895293951034546
    },
    "28": {
      "val_acc": 0.7047,
      "gpu_hours": 0.19626685864395566
    },
    "29": {
      "val_acc": 0.7054,
      "gpu_hours": 0.20300869438383315
    }
  }
}