{
  "trial_number": 74,
  "params": {
    "lr": 0.00010560711706062792,
    "weight_decay": 0.00014639169077016375,
    "batch_size": 64,
    "dropout": 0.3289536288951146,
    "optimizer": "Adam",
    "scheduler": "step",
    "model": "resnet18"
  },
  "best_val_acc": 0.6625,
  "total_gpu_hours": 0.13389098452197182,
  "slurm_task": 11,
  "parallel_workers": 40,
  "sampler": "tpe",
  "dataset": "cifar100",
  "device": "cuda",
  "accuracy_thresholds": {},
  "accuracy_curve": {
    "0": {
      "val_acc": 0.1843,
      "gpu_hours": 0.004918331835005019
    },
    "1": {
      "val_acc": 0.2574,
      "gpu_hours": 0.009392132957776387
    },
    "2": {
      "val_acc": 0.3179,
      "gpu_hours": 0.01384958412912157
    },
    "3": {
      "val_acc": 0.392,
      "gpu_hours": 0.018316007322735257
    },
    "4": {
      "val_acc": 0.4125,
      "gpu_hours": 0.022778173751301235
    },
    "5": {
      "val_acc": 0.4494,
      "gpu_hours": 0.027243131796518962
    },
    "6": {
      "val_acc": 0.4744,
      "gpu_hours": 0.03170014891359541
    },
    "7": {
      "val_acc": 0.5025,
      "gpu_hours": 0.0361278823349211
    },
    "8": {
      "val_acc": 0.499,
      "gpu_hours": 0.040571839809417726
    },
    "9": {
      "val_acc": 0.5182,
      "gpu_hours": 0.045021965238783095
    },
    "10": {
      "val_acc": 0.58,
      "gpu_hours": 0.04947399185763465
    },
    "11": {
      "val_acc": 0.5824,
      "gpu_hours": 0.05392352640628815
    },
    "12": {
      "val_acc": 0.5813,
      "gpu_hours": 0.05836681518289778
    },
    "13": {
      "val_acc": 0.5983,
      "gpu_hours": 0.0628000392516454
    },
    "14": {
      "val_acc": 0.6048,
      "gpu_hours": 0.06723060806592306
    },
    "15": {
      "val_acc": 0.6122,
      "gpu_hours": 0.07166334867477417
    },
    "16": {
      "val_acc": 0.6136,
      "gpu_hours": 0.07612145450380113
    },
    "17": {
      "val_acc": 0.6018,
      "gpu_hours": 0.08056245969401465
    },
    "18": {
      "val_acc": 0.6229,
      "gpu_hours": 0.08501788516839345
    },
    "19": {
      "val_acc": 0.6274,
      "gpu_hours": 0.08945582191149394
    },
    "20": {
      "val_acc": 0.6511,
      "gpu_hours": 0.09388387660185496
    },
    "21": {
      "val_acc": 0.6543,
      "gpu_hours": 0.09832740008831024
    },
    "22": {
      "val_acc": 0.6515,
      "gpu_hours": 0.10276442190011342
    },
    "23": {
      "val_acc": 0.6543,
      "gpu_hours": 0.1072138594256507
    },
    "24": {
      "val_acc": 0.6571,
      "gpu_hours": 0.11166675839159224
    },
    "25": {
      "val_acc": 0.6569,
      "gpu_hours": 0.1161096042394638
    },
    "26": {
      "val_acc": 0.6556,
      "gpu_hours": 0.12055782092942131
    },
    "27": {
      "val_acc": 0.6574,
      "gpu_hours": 0.12500065624713896
    },
    "28": {
      "val_acc": 0.6617,
      "gpu_hours": 0.1294276429547204
    },
    "29": {
      "val_acc": 0.6625,
      "gpu_hours": 0.13387806289725834
    }
  }
}