{
  "trial_number": 15,
  "params": {
    "lr": 0.0008179499475211679,
    "weight_decay": 0.0001256104370001356,
    "batch_size": 256,
    "dropout": 0.06974693032602092,
    "optimizer": "AdamW",
    "scheduler": "cosine",
    "model": "efficientnet_b0"
  },
  "best_val_acc": 0.4439,
  "total_gpu_hours": 0.0768898731470108,
  "slurm_task": 3,
  "parallel_workers": 40,
  "sampler": "tpe",
  "dataset": "cifar100",
  "device": "cuda",
  "accuracy_thresholds": {},
  "accuracy_curve": {
    "0": {
      "val_acc": 0.0589,
      "gpu_hours": 0.0030279081397586397
    },
    "1": {
      "val_acc": 0.1181,
      "gpu_hours": 0.005575732588768006
    },
    "2": {
      "val_acc": 0.15,
      "gpu_hours": 0.008117539948887295
    },
    "3": {
      "val_acc": 0.1942,
      "gpu_hours": 0.01067405919233958
    },
    "4": {
      "val_acc": 0.2203,
      "gpu_hours": 0.013231677677896288
    },
    "5": {
      "val_acc": 0.2444,
      "gpu_hours": 0.015771364039844936
    },
    "6": {
      "val_acc": 0.2682,
      "gpu_hours": 0.018322552773687575
    },
    "7": {
      "val_acc": 0.2838,
      "gpu_hours": 0.020856383641560873
    },
    "8": {
      "val_acc": 0.303,
      "gpu_hours": 0.02343460546599494
    },
    "9": {
      "val_acc": 0.3181,
      "gpu_hours": 0.02598419686158498
    },
    "10": {
      "val_acc": 0.3389,
      "gpu_hours": 0.028533343076705932
    },
    "11": {
      "val_acc": 0.3435,
      "gpu_hours": 0.031076017816861472
    },
    "12": {
      "val_acc": 0.3556,
      "gpu_hours": 0.03364292237493727
    },
    "13": {
      "val_acc": 0.3715,
      "gpu_hours": 0.03620298577679528
    },
    "14": {
      "val_acc": 0.3815,
      "gpu_hours": 0.03874894022941589
    },
    "15": {
      "val_acc": 0.3995,
      "gpu_hours": 0.04130660229259067
    },
    "16": {
      "val_acc": 0.4002,
      "gpu_hours": 0.043884726828998986
    },
    "17": {
      "val_acc": 0.4022,
      "gpu_hours": 0.04642707606156667
    },
    "18": {
      "val_acc": 0.4133,
      "gpu_hours": 0.04899017592271169
    },
    "19": {
      "val_acc": 0.4223,
      "gpu_hours": 0.051523756914668616
    },
    "20": {
      "val_acc": 0.4284,
      "gpu_hours": 0.054069237377908495
    },
    "21": {
      "val_acc": 0.4278,
      "gpu_hours": 0.05661860227584839
    },
    "22": {
      "val_acc": 0.4334,
      "gpu_hours": 0.05917247388097975
    },
    "23": {
      "val_acc": 0.4353,
      "gpu_hours": 0.06173707511689928
    },
    "24": {
      "val_acc": 0.4415,
      "gpu_hours": 0.06429448478751712
    },
    "25": {
      "val_acc": 0.4409,
      "gpu_hours": 0.06682193093829684
    },
    "26": {
      "val_acc": 0.4406,
      "gpu_hours": 0.0693707827727
    },
    "27": {
      "val_acc": 0.4439,
      "gpu_hours": 0.07187855925824907
    },
    "28": {
      "val_acc": 0.443,
      "gpu_hours": 0.07436837262577481
    },
    "29": {
      "val_acc": 0.4429,
      "gpu_hours": 0.07686860382556915
    }
  }
}