{
  "trial_number": 60,
  "params": {
    "lr": 0.0005190509405120298,
    "weight_decay": 1.8474408829931937e-05,
    "batch_size": 64,
    "dropout": 0.053225848053943356,
    "optimizer": "AdamW",
    "scheduler": "cosine",
    "model": "resnet18"
  },
  "best_val_acc": 0.7206,
  "total_gpu_hours": 0.1335193453894721,
  "slurm_task": 21,
  "parallel_workers": 40,
  "sampler": "tpe",
  "dataset": "cifar100",
  "device": "cuda",
  "accuracy_thresholds": {},
  "accuracy_curve": {
    "0": {
      "val_acc": 0.2112,
      "gpu_hours": 0.004897925919956631
    },
    "1": {
      "val_acc": 0.3097,
      "gpu_hours": 0.009349394308196174
    },
    "2": {
      "val_acc": 0.4043,
      "gpu_hours": 0.013785532779163785
    },
    "3": {
      "val_acc": 0.478,
      "gpu_hours": 0.018233529660436842
    },
    "4": {
      "val_acc": 0.4994,
      "gpu_hours": 0.022686417698860168
    },
    "5": {
      "val_acc": 0.5469,
      "gpu_hours": 0.027136493656370376
    },
    "6": {
      "val_acc": 0.5716,
      "gpu_hours": 0.03158834755420685
    },
    "7": {
      "val_acc": 0.5948,
      "gpu_hours": 0.03603360487355126
    },
    "8": {
      "val_acc": 0.604,
      "gpu_hours": 0.040497463941574094
    },
    "9": {
      "val_acc": 0.6242,
      "gpu_hours": 0.044966433379385204
    },
    "10": {
      "val_acc": 0.6368,
      "gpu_hours": 0.04938963413238526
    },
    "11": {
      "val_acc": 0.646,
      "gpu_hours": 0.053813688556353254
    },
    "12": {
      "val_acc": 0.6638,
      "gpu_hours": 0.058246414396497935
    },
    "13": {
      "val_acc": 0.6701,
      "gpu_hours": 0.06267586158381568
    },
    "14": {
      "val_acc": 0.6747,
      "gpu_hours": 0.06711385097768571
    },
    "15": {
      "val_acc": 0.686,
      "gpu_hours": 0.0715458173222012
    },
    "16": {
      "val_acc": 0.6927,
      "gpu_hours": 0.07596755676799351
    },
    "17": {
      "val_acc": 0.6971,
      "gpu_hours": 0.08040958947605557
    },
    "18": {
      "val_acc": 0.7009,
      "gpu_hours": 0.08482786562707689
    },
    "19": {
      "val_acc": 0.7088,
      "gpu_hours": 0.08926090154382918
    },
    "20": {
      "val_acc": 0.7087,
      "gpu_hours": 0.09367543915907542
    },
    "21": {
      "val_acc": 0.7142,
      "gpu_hours": 0.09809352311823104
    },
    "22": {
      "val_acc": 0.7145,
      "gpu_hours": 0.10249885598818462
    },
    "23": {
      "val_acc": 0.7155,
      "gpu_hours": 0.10693965368800692
    },
    "24": {
      "val_acc": 0.7175,
      "gpu_hours": 0.11137147665023804
    },
    "25": {
      "val_acc": 0.7206,
      "gpu_hours": 0.11580625613530476
    },
    "26": {
      "val_acc": 0.7193,
      "gpu_hours": 0.12023161907990773
    },
    "27": {
      "val_acc": 0.7203,
      "gpu_hours": 0.12465551886293623
    },
    "28": {
      "val_acc": 0.7193,
      "gpu_hours": 0.12908140851391686
    },
    "29": {
      "val_acc": 0.7204,
      "gpu_hours": 0.13349875695175595
    }
  }
}