{
  "trial_number": 52,
  "params": {
    "lr": 0.007175896589120969,
    "weight_decay": 3.6666653942627944e-05,
    "batch_size": 256,
    "dropout": 0.10195969554125978,
    "optimizer": "Adam",
    "scheduler": "step",
    "model": "resnet18"
  },
  "best_val_acc": 0.6262,
  "total_gpu_hours": 0.11916917562484741,
  "slurm_task": 14,
  "parallel_workers": 40,
  "sampler": "tpe",
  "dataset": "cifar100",
  "device": "cuda",
  "accuracy_thresholds": {},
  "accuracy_curve": {
    "0": {
      "val_acc": 0.0957,
      "gpu_hours": 0.004594428737958272
    },
    "1": {
      "val_acc": 0.157,
      "gpu_hours": 0.008582884007030063
    },
    "2": {
      "val_acc": 0.2146,
      "gpu_hours": 0.012538038690884908
    },
    "3": {
      "val_acc": 0.2552,
      "gpu_hours": 0.01648191405667199
    },
    "4": {
      "val_acc": 0.261,
      "gpu_hours": 0.020446256068017747
    },
    "5": {
      "val_acc": 0.3438,
      "gpu_hours": 0.024401104582680595
    },
    "6": {
      "val_acc": 0.3596,
      "gpu_hours": 0.028357784615622626
    },
    "7": {
      "val_acc": 0.3676,
      "gpu_hours": 0.0322917115688324
    },
    "8": {
      "val_acc": 0.4043,
      "gpu_hours": 0.036239463885625205
    },
    "9": {
      "val_acc": 0.4385,
      "gpu_hours": 0.040181983841790093
    },
    "10": {
      "val_acc": 0.4832,
      "gpu_hours": 0.04414503117402395
    },
    "11": {
      "val_acc": 0.4929,
      "gpu_hours": 0.048097386823760135
    },
    "12": {
      "val_acc": 0.5297,
      "gpu_hours": 0.05203663435247209
    },
    "13": {
      "val_acc": 0.5113,
      "gpu_hours": 0.05597194221284654
    },
    "14": {
      "val_acc": 0.5205,
      "gpu_hours": 0.05990866078270806
    },
    "15": {
      "val_acc": 0.5272,
      "gpu_hours": 0.06384240766366323
    },
    "16": {
      "val_acc": 0.5496,
      "gpu_hours": 0.06777552909321255
    },
    "17": {
      "val_acc": 0.5439,
      "gpu_hours": 0.07171192149321239
    },
    "18": {
      "val_acc": 0.5263,
      "gpu_hours": 0.07566951294740042
    },
    "19": {
      "val_acc": 0.5649,
      "gpu_hours": 0.07961442788441976
    },
    "20": {
      "val_acc": 0.6038,
      "gpu_hours": 0.08356187091933356
    },
    "21": {
      "val_acc": 0.6114,
      "gpu_hours": 0.08751098745399051
    },
    "22": {
      "val_acc": 0.6135,
      "gpu_hours": 0.09147840738296509
    },
    "23": {
      "val_acc": 0.6179,
      "gpu_hours": 0.09543052123652564
    },
    "24": {
      "val_acc": 0.6085,
      "gpu_hours": 0.09938358618153466
    },
    "25": {
      "val_acc": 0.6171,
      "gpu_hours": 0.10332353618409898
    },
    "26": {
      "val_acc": 0.6256,
      "gpu_hours": 0.1072603487306171
    },
    "27": {
      "val_acc": 0.6175,
      "gpu_hours": 0.1112430308924781
    },
    "28": {
      "val_acc": 0.6262,
      "gpu_hours": 0.11519844637976752
    },
    "29": {
      "val_acc": 0.6162,
      "gpu_hours": 0.11914362357722388
    }
  }
}