{
  "trial_number": 73,
  "params": {
    "lr": 0.010601152316468875,
    "weight_decay": 0.0018923544730044624,
    "batch_size": 128,
    "dropout": 0.23351966232560378,
    "optimizer": "AdamW",
    "scheduler": "step",
    "model": "resnet18"
  },
  "best_val_acc": 0.642,
  "total_gpu_hours": 0.12545228070682948,
  "slurm_task": 13,
  "parallel_workers": 40,
  "sampler": "tpe",
  "dataset": "cifar100",
  "device": "cuda",
  "accuracy_thresholds": {},
  "accuracy_curve": {
    "0": {
      "val_acc": 0.0896,
      "gpu_hours": 0.004667482044961717
    },
    "1": {
      "val_acc": 0.1609,
      "gpu_hours": 0.008835033310784234
    },
    "2": {
      "val_acc": 0.2273,
      "gpu_hours": 0.012995556394259134
    },
    "3": {
      "val_acc": 0.2753,
      "gpu_hours": 0.017168714072969226
    },
    "4": {
      "val_acc": 0.3236,
      "gpu_hours": 0.021352055139011807
    },
    "5": {
      "val_acc": 0.3716,
      "gpu_hours": 0.025520655976401435
    },
    "6": {
      "val_acc": 0.4082,
      "gpu_hours": 0.02968156357606252
    },
    "7": {
      "val_acc": 0.4475,
      "gpu_hours": 0.0338595575094223
    },
    "8": {
      "val_acc": 0.4783,
      "gpu_hours": 0.03802292797300551
    },
    "9": {
      "val_acc": 0.4976,
      "gpu_hours": 0.042205081317159866
    },
    "10": {
      "val_acc": 0.5475,
      "gpu_hours": 0.0463733051220576
    },
    "11": {
      "val_acc": 0.5581,
      "gpu_hours": 0.05054316719373067
    },
    "12": {
      "val_acc": 0.5689,
      "gpu_hours": 0.05469465765688154
    },
    "13": {
      "val_acc": 0.5765,
      "gpu_hours": 0.05883823706044091
    },
    "14": {
      "val_acc": 0.5873,
      "gpu_hours": 0.0630102586083942
    },
    "15": {
      "val_acc": 0.5931,
      "gpu_hours": 0.06716697818703121
    },
    "16": {
      "val_acc": 0.5952,
      "gpu_hours": 0.0713269751601749
    },
    "17": {
      "val_acc": 0.603,
      "gpu_hours": 0.075489545000924
    },
    "18": {
      "val_acc": 0.6137,
      "gpu_hours": 0.07964819689591726
    },
    "19": {
      "val_acc": 0.6118,
      "gpu_hours": 0.08380585802925958
    },
    "20": {
      "val_acc": 0.6296,
      "gpu_hours": 0.08796989414427016
    },
    "21": {
      "val_acc": 0.633,
      "gpu_hours": 0.09212503095467885
    },
    "22": {
      "val_acc": 0.6357,
      "gpu_hours": 0.09629507217142318
    },
    "23": {
      "val_acc": 0.6388,
      "gpu_hours": 0.10045371148321364
    },
    "24": {
      "val_acc": 0.6387,
      "gpu_hours": 0.10462893750932481
    },
    "25": {
      "val_acc": 0.6384,
      "gpu_hours": 0.10880168106820848
    },
    "26": {
      "val_acc": 0.642,
      "gpu_hours": 0.11295379526085324
    },
    "27": {
      "val_acc": 0.64,
      "gpu_hours": 0.11711748898029327
    },
    "28": {
      "val_acc": 0.6361,
      "gpu_hours": 0.12128096335464053
    },
    "29": {
      "val_acc": 0.642,
      "gpu_hours": 0.12543928066889445
    }
  }
}