{
  "trial_number": 5,
  "params": {
    "lr": 0.0013292918943162175,
    "weight_decay": 0.006351221010640704,
    "batch_size": 64,
    "dropout": 0.07799726016810132,
    "optimizer": "Adam",
    "scheduler": "plateau",
    "model": "resnet18"
  },
  "best_val_acc": 0.1021,
  "total_gpu_hours": 0.13454408360852135,
  "slurm_task": 7,
  "parallel_workers": 40,
  "sampler": "tpe",
  "dataset": "cifar100",
  "device": "cuda",
  "accuracy_thresholds": {},
  "accuracy_curve": {
    "0": {
      "val_acc": 0.0419,
      "gpu_hours": 0.0051307721932729086
    },
    "1": {
      "val_acc": 0.0537,
      "gpu_hours": 0.009577195445696513
    },
    "2": {
      "val_acc": 0.0725,
      "gpu_hours": 0.01408247411251068
    },
    "3": {
      "val_acc": 0.0775,
      "gpu_hours": 0.018526514636145696
    },
    "4": {
      "val_acc": 0.0744,
      "gpu_hours": 0.022977847788068984
    },
    "5": {
      "val_acc": 0.0969,
      "gpu_hours": 0.027463859452141654
    },
    "6": {
      "val_acc": 0.0983,
      "gpu_hours": 0.031954702138900754
    },
    "7": {
      "val_acc": 0.0986,
      "gpu_hours": 0.036407801972495185
    },
    "8": {
      "val_acc": 0.0978,
      "gpu_hours": 0.0408514490392473
    },
    "9": {
      "val_acc": 0.0997,
      "gpu_hours": 0.04529755744669173
    },
    "10": {
      "val_acc": 0.102,
      "gpu_hours": 0.049741437435150145
    },
    "11": {
      "val_acc": 0.1001,
      "gpu_hours": 0.054196708997090656
    },
    "12": {
      "val_acc": 0.0979,
      "gpu_hours": 0.05865798546208276
    },
    "13": {
      "val_acc": 0.1013,
      "gpu_hours": 0.06311099853780534
    },
    "14": {
      "val_acc": 0.0994,
      "gpu_hours": 0.06757686389817132
    },
    "15": {
      "val_acc": 0.0992,
      "gpu_hours": 0.07204403373930189
    },
    "16": {
      "val_acc": 0.1004,
      "gpu_hours": 0.0765083024236891
    },
    "17": {
      "val_acc": 0.1013,
      "gpu_hours": 0.08097322132852343
    },
    "18": {
      "val_acc": 0.1009,
      "gpu_hours": 0.08544341882069906
    },
    "19": {
      "val_acc": 0.0984,
      "gpu_hours": 0.08990543935034011
    },
    "20": {
      "val_acc": 0.1004,
      "gpu_hours": 0.0943757830063502
    },
    "21": {
      "val_acc": 0.1007,
      "gpu_hours": 0.09884512186050415
    },
    "22": {
      "val_acc": 0.1002,
      "gpu_hours": 0.10331310192743937
    },
    "23": {
      "val_acc": 0.0983,
      "gpu_hours": 0.1077796565161811
    },
    "24": {
      "val_acc": 0.1016,
      "gpu_hours": 0.11222605559560987
    },
    "25": {
      "val_acc": 0.1004,
      "gpu_hours": 0.11668953504827287
    },
    "26": {
      "val_acc": 0.1004,
      "gpu_hours": 0.12114877740542095
    },
    "27": {
      "val_acc": 0.0976,
      "gpu_hours": 0.12561619546678332
    },
    "28": {
      "val_acc": 0.1016,
      "gpu_hours": 0.13007374743620553
    },
    "29": {
      "val_acc": 0.1021,
      "gpu_hours": 0.13452540066507127
    }
  }
}