{
  "trial_number": 0,
  "params": {
    "lr": 0.0013292918943162175,
    "weight_decay": 0.006351221010640704,
    "batch_size": 64,
    "dropout": 0.07799726016810132,
    "optimizer": "Adam",
    "scheduler": "plateau",
    "model": "resnet18"
  },
  "best_val_acc": 0.1114,
  "total_gpu_hours": 0.13439834389421676,
  "slurm_task": 2,
  "parallel_workers": 40,
  "sampler": "tpe",
  "dataset": "cifar100",
  "device": "cuda",
  "accuracy_thresholds": {},
  "accuracy_curve": {
    "0": {
      "val_acc": 0.0487,
      "gpu_hours": 0.005278060568703545
    },
    "1": {
      "val_acc": 0.0548,
      "gpu_hours": 0.009748553435007731
    },
    "2": {
      "val_acc": 0.0669,
      "gpu_hours": 0.014199346767531502
    },
    "3": {
      "val_acc": 0.0721,
      "gpu_hours": 0.018652540180418228
    },
    "4": {
      "val_acc": 0.0793,
      "gpu_hours": 0.023118544220924377
    },
    "5": {
      "val_acc": 0.1042,
      "gpu_hours": 0.027575434115197923
    },
    "6": {
      "val_acc": 0.1101,
      "gpu_hours": 0.0320276493496365
    },
    "7": {
      "val_acc": 0.1092,
      "gpu_hours": 0.036465374959839716
    },
    "8": {
      "val_acc": 0.1093,
      "gpu_hours": 0.040927065081066555
    },
    "9": {
      "val_acc": 0.1065,
      "gpu_hours": 0.04538802484671275
    },
    "10": {
      "val_acc": 0.1078,
      "gpu_hours": 0.049829214612642926
    },
    "11": {
      "val_acc": 0.1077,
      "gpu_hours": 0.05427484340137906
    },
    "12": {
      "val_acc": 0.1071,
      "gpu_hours": 0.05873407993051741
    },
    "13": {
      "val_acc": 0.1108,
      "gpu_hours": 0.06318927069505055
    },
    "14": {
      "val_acc": 0.1114,
      "gpu_hours": 0.06763545943631066
    },
    "15": {
      "val_acc": 0.1074,
      "gpu_hours": 0.07208852065934075
    },
    "16": {
      "val_acc": 0.1098,
      "gpu_hours": 0.07654227912425995
    },
    "17": {
      "val_acc": 0.1056,
      "gpu_hours": 0.08098597990141974
    },
    "18": {
      "val_acc": 0.1087,
      "gpu_hours": 0.08544942266411251
    },
    "19": {
      "val_acc": 0.1084,
      "gpu_hours": 0.08990058455202314
    },
    "20": {
      "val_acc": 0.1112,
      "gpu_hours": 0.09434993147850036
    },
    "21": {
      "val_acc": 0.1103,
      "gpu_hours": 0.09879987862375048
    },
    "22": {
      "val_acc": 0.1109,
      "gpu_hours": 0.10324938668145074
    },
    "23": {
      "val_acc": 0.1099,
      "gpu_hours": 0.10768913825352987
    },
    "24": {
      "val_acc": 0.1097,
      "gpu_hours": 0.11213844623830584
    },
    "25": {
      "val_acc": 0.1101,
      "gpu_hours": 0.11659579416116078
    },
    "26": {
      "val_acc": 0.1105,
      "gpu_hours": 0.12104286087883843
    },
    "27": {
      "val_acc": 0.1097,
      "gpu_hours": 0.12547990335358514
    },
    "28": {
      "val_acc": 0.1076,
      "gpu_hours": 0.12993304272492726
    },
    "29": {
      "val_acc": 0.1059,
      "gpu_hours": 0.1343861734204822
    }
  }
}