{
  "trial_number": 2,
  "params": {
    "lr": 0.0013292918943162175,
    "weight_decay": 0.006351221010640704,
    "batch_size": 64,
    "dropout": 0.07799726016810132,
    "optimizer": "Adam",
    "scheduler": "plateau",
    "model": "resnet18"
  },
  "best_val_acc": 0.0955,
  "total_gpu_hours": 0.1344824994272656,
  "slurm_task": 4,
  "parallel_workers": 40,
  "sampler": "tpe",
  "dataset": "cifar100",
  "device": "cuda",
  "accuracy_thresholds": {},
  "accuracy_curve": {
    "0": {
      "val_acc": 0.0515,
      "gpu_hours": 0.005096464819378323
    },
    "1": {
      "val_acc": 0.0542,
      "gpu_hours": 0.00956123153368632
    },
    "2": {
      "val_acc": 0.0723,
      "gpu_hours": 0.014017965462472705
    },
    "3": {
      "val_acc": 0.0598,
      "gpu_hours": 0.01846355630291833
    },
    "4": {
      "val_acc": 0.0653,
      "gpu_hours": 0.02293343676461114
    },
    "5": {
      "val_acc": 0.0862,
      "gpu_hours": 0.027390435139338174
    },
    "6": {
      "val_acc": 0.0885,
      "gpu_hours": 0.031893689963552685
    },
    "7": {
      "val_acc": 0.0937,
      "gpu_hours": 0.036363547841707866
    },
    "8": {
      "val_acc": 0.089,
      "gpu_hours": 0.040814464688301084
    },
    "9": {
      "val_acc": 0.0929,
      "gpu_hours": 0.045275346835454304
    },
    "10": {
      "val_acc": 0.0917,
      "gpu_hours": 0.049731220139397514
    },
    "11": {
      "val_acc": 0.0941,
      "gpu_hours": 0.054197415113449096
    },
    "12": {
      "val_acc": 0.0955,
      "gpu_hours": 0.058661832478311325
    },
    "13": {
      "val_acc": 0.0931,
      "gpu_hours": 0.06310664349132114
    },
    "14": {
      "val_acc": 0.094,
      "gpu_hours": 0.06756295283635458
    },
    "15": {
      "val_acc": 0.0933,
      "gpu_hours": 0.0720254201359219
    },
    "16": {
      "val_acc": 0.0927,
      "gpu_hours": 0.0764829835626814
    },
    "17": {
      "val_acc": 0.0928,
      "gpu_hours": 0.08093980736202663
    },
    "18": {
      "val_acc": 0.0936,
      "gpu_hours": 0.08540170914596981
    },
    "19": {
      "val_acc": 0.0935,
      "gpu_hours": 0.0898646409644021
    },
    "20": {
      "val_acc": 0.0952,
      "gpu_hours": 0.09432364271746742
    },
    "21": {
      "val_acc": 0.0935,
      "gpu_hours": 0.09878412677182091
    },
    "22": {
      "val_acc": 0.093,
      "gpu_hours": 0.1032435339026981
    },
    "23": {
      "val_acc": 0.0935,
      "gpu_hours": 0.10770745542314318
    },
    "24": {
      "val_acc": 0.0925,
      "gpu_hours": 0.11216599424680074
    },
    "25": {
      "val_acc": 0.0907,
      "gpu_hours": 0.11662386304802365
    },
    "26": {
      "val_acc": 0.0933,
      "gpu_hours": 0.12108620716465844
    },
    "27": {
      "val_acc": 0.0942,
      "gpu_hours": 0.1255474654171202
    },
    "28": {
      "val_acc": 0.0938,
      "gpu_hours": 0.130006582736969
    },
    "29": {
      "val_acc": 0.0918,
      "gpu_hours": 0.13446956853071848
    }
  }
}