{
  "trial_number": 63,
  "params": {
    "lr": 0.002057439383060776,
    "weight_decay": 0.0001313253081150373,
    "batch_size": 256,
    "dropout": 0.2137089636713845,
    "optimizer": "AdamW",
    "scheduler": "cosine",
    "model": "resnet18"
  },
  "best_val_acc": 0.694,
  "total_gpu_hours": 0.11820682300461663,
  "slurm_task": 36,
  "parallel_workers": 40,
  "sampler": "tpe",
  "dataset": "cifar100",
  "device": "cuda",
  "accuracy_thresholds": {},
  "accuracy_curve": {
    "0": {
      "val_acc": 0.1557,
      "gpu_hours": 0.004380374881956312
    },
    "1": {
      "val_acc": 0.2504,
      "gpu_hours": 0.00830794956949022
    },
    "2": {
      "val_acc": 0.3168,
      "gpu_hours": 0.012243042919370863
    },
    "3": {
      "val_acc": 0.3537,
      "gpu_hours": 0.016162680917316014
    },
    "4": {
      "val_acc": 0.3657,
      "gpu_hours": 0.020085454516940646
    },
    "5": {
      "val_acc": 0.423,
      "gpu_hours": 0.024012913240326776
    },
    "6": {
      "val_acc": 0.448,
      "gpu_hours": 0.027932316462198892
    },
    "7": {
      "val_acc": 0.4589,
      "gpu_hours": 0.031871141857571075
    },
    "8": {
      "val_acc": 0.5048,
      "gpu_hours": 0.03579477369785309
    },
    "9": {
      "val_acc": 0.5328,
      "gpu_hours": 0.039726295073827106
    },
    "10": {
      "val_acc": 0.5347,
      "gpu_hours": 0.04364353319009145
    },
    "11": {
      "val_acc": 0.565,
      "gpu_hours": 0.04756889853212568
    },
    "12": {
      "val_acc": 0.5624,
      "gpu_hours": 0.051490023732185364
    },
    "13": {
      "val_acc": 0.5945,
      "gpu_hours": 0.05544718126455943
    },
    "14": {
      "val_acc": 0.6251,
      "gpu_hours": 0.05937801672352685
    },
    "15": {
      "val_acc": 0.6251,
      "gpu_hours": 0.06329089760780335
    },
    "16": {
      "val_acc": 0.6448,
      "gpu_hours": 0.06718881673283048
    },
    "17": {
      "val_acc": 0.652,
      "gpu_hours": 0.07110853208435906
    },
    "18": {
      "val_acc": 0.6593,
      "gpu_hours": 0.07503813664118449
    },
    "19": {
      "val_acc": 0.6717,
      "gpu_hours": 0.07897325767411126
    },
    "20": {
      "val_acc": 0.671,
      "gpu_hours": 0.08290082858668434
    },
    "21": {
      "val_acc": 0.6772,
      "gpu_hours": 0.08682844546106126
    },
    "22": {
      "val_acc": 0.6796,
      "gpu_hours": 0.09074593875143264
    },
    "23": {
      "val_acc": 0.6828,
      "gpu_hours": 0.09467005636956957
    },
    "24": {
      "val_acc": 0.6895,
      "gpu_hours": 0.0985946206914054
    },
    "25": {
      "val_acc": 0.6909,
      "gpu_hours": 0.10251322421762678
    },
    "26": {
      "val_acc": 0.6884,
      "gpu_hours": 0.10643113222387102
    },
    "27": {
      "val_acc": 0.6901,
      "gpu_hours": 0.11034495737817553
    },
    "28": {
      "val_acc": 0.694,
      "gpu_hours": 0.1142602766222424
    },
    "29": {
      "val_acc": 0.6915,
      "gpu_hours": 0.11818441152572631
    }
  }
}