{
  "trial_number": 57,
  "params": {
    "lr": 0.007175896589120969,
    "weight_decay": 3.6666653942627944e-05,
    "batch_size": 256,
    "dropout": 0.10195969554125978,
    "optimizer": "Adam",
    "scheduler": "step",
    "model": "resnet18"
  },
  "best_val_acc": 0.6198,
  "total_gpu_hours": 0.11861230340268877,
  "slurm_task": 13,
  "parallel_workers": 40,
  "sampler": "tpe",
  "dataset": "cifar100",
  "device": "cuda",
  "accuracy_thresholds": {},
  "accuracy_curve": {
    "0": {
      "val_acc": 0.0855,
      "gpu_hours": 0.004796775711907281
    },
    "1": {
      "val_acc": 0.1522,
      "gpu_hours": 0.008748642139964633
    },
    "2": {
      "val_acc": 0.2013,
      "gpu_hours": 0.012680574258168539
    },
    "3": {
      "val_acc": 0.2453,
      "gpu_hours": 0.01659790701336331
    },
    "4": {
      "val_acc": 0.3061,
      "gpu_hours": 0.02052504969967736
    },
    "5": {
      "val_acc": 0.3368,
      "gpu_hours": 0.024447065326902603
    },
    "6": {
      "val_acc": 0.3567,
      "gpu_hours": 0.02837377303176456
    },
    "7": {
      "val_acc": 0.3938,
      "gpu_hours": 0.032281835873921715
    },
    "8": {
      "val_acc": 0.4263,
      "gpu_hours": 0.0361940054098765
    },
    "9": {
      "val_acc": 0.4269,
      "gpu_hours": 0.04012559665573968
    },
    "10": {
      "val_acc": 0.4953,
      "gpu_hours": 0.04404049687915378
    },
    "11": {
      "val_acc": 0.5035,
      "gpu_hours": 0.04796338803238339
    },
    "12": {
      "val_acc": 0.5075,
      "gpu_hours": 0.051872469319237606
    },
    "13": {
      "val_acc": 0.5024,
      "gpu_hours": 0.0557922504345576
    },
    "14": {
      "val_acc": 0.4866,
      "gpu_hours": 0.05971461481518216
    },
    "15": {
      "val_acc": 0.5269,
      "gpu_hours": 0.06362745106220245
    },
    "16": {
      "val_acc": 0.5447,
      "gpu_hours": 0.06755378385384878
    },
    "17": {
      "val_acc": 0.5565,
      "gpu_hours": 0.07148551563421886
    },
    "18": {
      "val_acc": 0.5493,
      "gpu_hours": 0.0754105418920517
    },
    "19": {
      "val_acc": 0.572,
      "gpu_hours": 0.07933184497886234
    },
    "20": {
      "val_acc": 0.6015,
      "gpu_hours": 0.08324538323614332
    },
    "21": {
      "val_acc": 0.5989,
      "gpu_hours": 0.08716943760712942
    },
    "22": {
      "val_acc": 0.5956,
      "gpu_hours": 0.09109598868423038
    },
    "23": {
      "val_acc": 0.6077,
      "gpu_hours": 0.09501911527580685
    },
    "24": {
      "val_acc": 0.6079,
      "gpu_hours": 0.09894549429416656
    },
    "25": {
      "val_acc": 0.5982,
      "gpu_hours": 0.1028698115878635
    },
    "26": {
      "val_acc": 0.6088,
      "gpu_hours": 0.10679459459251828
    },
    "27": {
      "val_acc": 0.5981,
      "gpu_hours": 0.11070881042215559
    },
    "28": {
      "val_acc": 0.6198,
      "gpu_hours": 0.11463486552238464
    },
    "29": {
      "val_acc": 0.6162,
      "gpu_hours": 0.11859407153394487
    }
  }
}