{
  "trial_number": 53,
  "params": {
    "lr": 0.007175896589120969,
    "weight_decay": 3.6666653942627944e-05,
    "batch_size": 256,
    "dropout": 0.10195969554125978,
    "optimizer": "Adam",
    "scheduler": "step",
    "model": "resnet18"
  },
  "best_val_acc": 0.6358,
  "total_gpu_hours": 0.11955084674888188,
  "slurm_task": 12,
  "parallel_workers": 40,
  "sampler": "tpe",
  "dataset": "cifar100",
  "device": "cuda",
  "accuracy_thresholds": {},
  "accuracy_curve": {
    "0": {
      "val_acc": 0.0931,
      "gpu_hours": 0.004899685250388252
    },
    "1": {
      "val_acc": 0.1514,
      "gpu_hours": 0.00892224027050866
    },
    "2": {
      "val_acc": 0.197,
      "gpu_hours": 0.012893049253357781
    },
    "3": {
      "val_acc": 0.2429,
      "gpu_hours": 0.016842503547668457
    },
    "4": {
      "val_acc": 0.287,
      "gpu_hours": 0.020792507727940876
    },
    "5": {
      "val_acc": 0.3473,
      "gpu_hours": 0.024734946952925788
    },
    "6": {
      "val_acc": 0.3568,
      "gpu_hours": 0.028692582117186654
    },
    "7": {
      "val_acc": 0.4168,
      "gpu_hours": 0.03263660503758325
    },
    "8": {
      "val_acc": 0.4109,
      "gpu_hours": 0.0365931236743927
    },
    "9": {
      "val_acc": 0.4389,
      "gpu_hours": 0.04053246292803023
    },
    "10": {
      "val_acc": 0.5056,
      "gpu_hours": 0.04446946442127228
    },
    "11": {
      "val_acc": 0.5176,
      "gpu_hours": 0.04841269738144345
    },
    "12": {
      "val_acc": 0.536,
      "gpu_hours": 0.052359977761904396
    },
    "13": {
      "val_acc": 0.5522,
      "gpu_hours": 0.05630521562364366
    },
    "14": {
      "val_acc": 0.548,
      "gpu_hours": 0.060255381729867726
    },
    "15": {
      "val_acc": 0.5571,
      "gpu_hours": 0.0642104360792372
    },
    "16": {
      "val_acc": 0.5675,
      "gpu_hours": 0.06816127088334825
    },
    "17": {
      "val_acc": 0.5735,
      "gpu_hours": 0.07210591355959574
    },
    "18": {
      "val_acc": 0.5844,
      "gpu_hours": 0.07607355097929637
    },
    "19": {
      "val_acc": 0.5728,
      "gpu_hours": 0.08000938912232716
    },
    "20": {
      "val_acc": 0.6091,
      "gpu_hours": 0.0839603136645423
    },
    "21": {
      "val_acc": 0.6133,
      "gpu_hours": 0.08791235360834333
    },
    "22": {
      "val_acc": 0.6204,
      "gpu_hours": 0.09186464111010234
    },
    "23": {
      "val_acc": 0.6257,
      "gpu_hours": 0.09580968446201749
    },
    "24": {
      "val_acc": 0.6269,
      "gpu_hours": 0.09973965035544502
    },
    "25": {
      "val_acc": 0.6198,
      "gpu_hours": 0.10368568234973484
    },
    "26": {
      "val_acc": 0.6321,
      "gpu_hours": 0.10763838046126896
    },
    "27": {
      "val_acc": 0.6358,
      "gpu_hours": 0.1116309470600552
    },
    "28": {
      "val_acc": 0.6294,
      "gpu_hours": 0.11558301707108816
    },
    "29": {
      "val_acc": 0.624,
      "gpu_hours": 0.11952494833204481
    }
  }
}