{
  "trial_number": 12,
  "params": {
    "lr": 0.0008179499475211679,
    "weight_decay": 0.0001256104370001356,
    "batch_size": 256,
    "dropout": 0.06974693032602092,
    "optimizer": "AdamW",
    "scheduler": "cosine",
    "model": "efficientnet_b0"
  },
  "best_val_acc": 0.439,
  "total_gpu_hours": 0.07689822283056047,
  "slurm_task": 6,
  "parallel_workers": 40,
  "sampler": "tpe",
  "dataset": "cifar100",
  "device": "cuda",
  "accuracy_thresholds": {},
  "accuracy_curve": {
    "0": {
      "val_acc": 0.0658,
      "gpu_hours": 0.0030030970440970525
    },
    "1": {
      "val_acc": 0.1107,
      "gpu_hours": 0.005554841624365913
    },
    "2": {
      "val_acc": 0.1506,
      "gpu_hours": 0.008088544673389859
    },
    "3": {
      "val_acc": 0.1815,
      "gpu_hours": 0.010628862579663594
    },
    "4": {
      "val_acc": 0.2124,
      "gpu_hours": 0.013171756002638075
    },
    "5": {
      "val_acc": 0.2304,
      "gpu_hours": 0.015718311468760172
    },
    "6": {
      "val_acc": 0.258,
      "gpu_hours": 0.01826212492254045
    },
    "7": {
      "val_acc": 0.2692,
      "gpu_hours": 0.020784293942981296
    },
    "8": {
      "val_acc": 0.292,
      "gpu_hours": 0.02331139365832011
    },
    "9": {
      "val_acc": 0.3,
      "gpu_hours": 0.025846906701723734
    },
    "10": {
      "val_acc": 0.326,
      "gpu_hours": 0.02839237246248457
    },
    "11": {
      "val_acc": 0.3316,
      "gpu_hours": 0.030950720707575482
    },
    "12": {
      "val_acc": 0.3471,
      "gpu_hours": 0.03349300212330288
    },
    "13": {
      "val_acc": 0.3541,
      "gpu_hours": 0.03603132519457075
    },
    "14": {
      "val_acc": 0.3718,
      "gpu_hours": 0.03856769051816728
    },
    "15": {
      "val_acc": 0.3765,
      "gpu_hours": 0.04110794570710924
    },
    "16": {
      "val_acc": 0.3879,
      "gpu_hours": 0.04366746597819858
    },
    "17": {
      "val_acc": 0.3956,
      "gpu_hours": 0.04620511816607581
    },
    "18": {
      "val_acc": 0.4101,
      "gpu_hours": 0.04874753713607788
    },
    "19": {
      "val_acc": 0.4111,
      "gpu_hours": 0.051290511687596636
    },
    "20": {
      "val_acc": 0.4171,
      "gpu_hours": 0.05384575910038418
    },
    "21": {
      "val_acc": 0.4221,
      "gpu_hours": 0.05637999521361457
    },
    "22": {
      "val_acc": 0.4285,
      "gpu_hours": 0.0589108372396893
    },
    "23": {
      "val_acc": 0.4257,
      "gpu_hours": 0.061470785803265045
    },
    "24": {
      "val_acc": 0.4301,
      "gpu_hours": 0.0640189395348231
    },
    "25": {
      "val_acc": 0.4347,
      "gpu_hours": 0.0665616785817676
    },
    "26": {
      "val_acc": 0.4344,
      "gpu_hours": 0.06911821193165249
    },
    "27": {
      "val_acc": 0.439,
      "gpu_hours": 0.07168183955881331
    },
    "28": {
      "val_acc": 0.438,
      "gpu_hours": 0.07423630098501842
    },
    "29": {
      "val_acc": 0.4368,
      "gpu_hours": 0.07682746218310463
    }
  }
}