{
  "trial_number": 11,
  "params": {
    "lr": 0.0013292918943162175,
    "weight_decay": 0.006351221010640704,
    "batch_size": 64,
    "dropout": 0.07799726016810132,
    "optimizer": "Adam",
    "scheduler": "plateau",
    "model": "resnet18"
  },
  "best_val_acc": 0.4257,
  "total_gpu_hours": 0.04702421506245931,
  "slurm_task": 11,
  "parallel_workers": 40,
  "sampler": "cmaes",
  "dataset": "cifar10",
  "device": "cuda",
  "accuracy_thresholds": {},
  "accuracy_curve": {
    "0": {
      "val_acc": 0.2581,
      "gpu_hours": 0.0020491968260871038
    },
    "1": {
      "val_acc": 0.1303,
      "gpu_hours": 0.0035539407200283475
    },
    "2": {
      "val_acc": 0.2616,
      "gpu_hours": 0.005068260100152757
    },
    "3": {
      "val_acc": 0.2873,
      "gpu_hours": 0.006675394972165426
    },
    "4": {
      "val_acc": 0.32,
      "gpu_hours": 0.008213678068584866
    },
    "5": {
      "val_acc": 0.3431,
      "gpu_hours": 0.00974878172079722
    },
    "6": {
      "val_acc": 0.398,
      "gpu_hours": 0.011314293808407254
    },
    "7": {
      "val_acc": 0.4067,
      "gpu_hours": 0.012866953412691753
    },
    "8": {
      "val_acc": 0.4165,
      "gpu_hours": 0.01440791580412123
    },
    "9": {
      "val_acc": 0.4042,
      "gpu_hours": 0.015967220531569588
    },
    "10": {
      "val_acc": 0.4177,
      "gpu_hours": 0.017536222206221686
    },
    "11": {
      "val_acc": 0.4178,
      "gpu_hours": 0.019099576340781316
    },
    "12": {
      "val_acc": 0.4216,
      "gpu_hours": 0.020686796175109014
    },
    "13": {
      "val_acc": 0.4237,
      "gpu_hours": 0.022251811623573304
    },
    "14": {
      "val_acc": 0.4257,
      "gpu_hours": 0.023783563706609938
    },
    "15": {
      "val_acc": 0.414,
      "gpu_hours": 0.025325024988916187
    },
    "16": {
      "val_acc": 0.4219,
      "gpu_hours": 0.02685795187950134
    },
    "17": {
      "val_acc": 0.4198,
      "gpu_hours": 0.028390730420748394
    },
    "18": {
      "val_acc": 0.4182,
      "gpu_hours": 0.02992523769537608
    },
    "19": {
      "val_acc": 0.4141,
      "gpu_hours": 0.03150117390685611
    },
    "20": {
      "val_acc": 0.4196,
      "gpu_hours": 0.03303471412923601
    },
    "21": {
      "val_acc": 0.4203,
      "gpu_hours": 0.034580276476012334
    },
    "22": {
      "val_acc": 0.4178,
      "gpu_hours": 0.03612887581189474
    },
    "23": {
      "val_acc": 0.4124,
      "gpu_hours": 0.03768008927504222
    },
    "24": {
      "val_acc": 0.4183,
      "gpu_hours": 0.0392191971010632
    },
    "25": {
      "val_acc": 0.4224,
      "gpu_hours": 0.04077930119302538
    },
    "26": {
      "val_acc": 0.4189,
      "gpu_hours": 0.04235162032975091
    },
    "27": {
      "val_acc": 0.4196,
      "gpu_hours": 0.04391919083065457
    },
    "28": {
      "val_acc": 0.4247,
      "gpu_hours": 0.04544970406426324
    },
    "29": {
      "val_acc": 0.4222,
      "gpu_hours": 0.04699541548887889
    }
  }
}