{
  "trial_number": 8,
  "params": {
    "lr": 0.0013292918943162175,
    "weight_decay": 0.006351221010640704,
    "batch_size": 64,
    "dropout": 0.07799726016810132,
    "optimizer": "Adam",
    "scheduler": "plateau",
    "model": "resnet18"
  },
  "best_val_acc": 0.4406,
  "total_gpu_hours": 0.04695631550418006,
  "slurm_task": 6,
  "parallel_workers": 40,
  "sampler": "cmaes",
  "dataset": "cifar10",
  "device": "cuda",
  "accuracy_thresholds": {},
  "accuracy_curve": {
    "0": {
      "val_acc": 0.2524,
      "gpu_hours": 0.0020362740092807344
    },
    "1": {
      "val_acc": 0.1832,
      "gpu_hours": 0.003573137786653307
    },
    "2": {
      "val_acc": 0.3497,
      "gpu_hours": 0.005131222936842176
    },
    "3": {
      "val_acc": 0.366,
      "gpu_hours": 0.0067544279495875045
    },
    "4": {
      "val_acc": 0.369,
      "gpu_hours": 0.008308671712875366
    },
    "5": {
      "val_acc": 0.3069,
      "gpu_hours": 0.009891822073194716
    },
    "6": {
      "val_acc": 0.4042,
      "gpu_hours": 0.011457905968030294
    },
    "7": {
      "val_acc": 0.4172,
      "gpu_hours": 0.012989562816090055
    },
    "8": {
      "val_acc": 0.4375,
      "gpu_hours": 0.014524109496010674
    },
    "9": {
      "val_acc": 0.4242,
      "gpu_hours": 0.01608289698759715
    },
    "10": {
      "val_acc": 0.4364,
      "gpu_hours": 0.017626638412475585
    },
    "11": {
      "val_acc": 0.4316,
      "gpu_hours": 0.019144787655936347
    },
    "12": {
      "val_acc": 0.4382,
      "gpu_hours": 0.020679572224617006
    },
    "13": {
      "val_acc": 0.4352,
      "gpu_hours": 0.022222969267103408
    },
    "14": {
      "val_acc": 0.4351,
      "gpu_hours": 0.023770234982172646
    },
    "15": {
      "val_acc": 0.4375,
      "gpu_hours": 0.02532044079568651
    },
    "16": {
      "val_acc": 0.4335,
      "gpu_hours": 0.026858593887752958
    },
    "17": {
      "val_acc": 0.4395,
      "gpu_hours": 0.028378822538587783
    },
    "18": {
      "val_acc": 0.4381,
      "gpu_hours": 0.02988460573885176
    },
    "19": {
      "val_acc": 0.439,
      "gpu_hours": 0.031422139273749455
    },
    "20": {
      "val_acc": 0.4364,
      "gpu_hours": 0.032988693051868016
    },
    "21": {
      "val_acc": 0.435,
      "gpu_hours": 0.034546495344903734
    },
    "22": {
      "val_acc": 0.436,
      "gpu_hours": 0.036078481078147887
    },
    "23": {
      "val_acc": 0.4336,
      "gpu_hours": 0.03761734445889791
    },
    "24": {
      "val_acc": 0.4397,
      "gpu_hours": 0.039164101282755534
    },
    "25": {
      "val_acc": 0.4361,
      "gpu_hours": 0.040741139451662696
    },
    "26": {
      "val_acc": 0.44,
      "gpu_hours": 0.042272941536373565
    },
    "27": {
      "val_acc": 0.437,
      "gpu_hours": 0.0438411017258962
    },
    "28": {
      "val_acc": 0.4406,
      "gpu_hours": 0.04537558562225766
    },
    "29": {
      "val_acc": 0.4333,
      "gpu_hours": 0.04692656642860837
    }
  }
}