{
  "trial_number": 33,
  "params": {
    "lr": 0.0013292918943162175,
    "weight_decay": 0.006351221010640704,
    "batch_size": 64,
    "dropout": 0.07799726016810132,
    "optimizer": "Adam",
    "scheduler": "plateau",
    "model": "resnet18"
  },
  "best_val_acc": 0.4563,
  "total_gpu_hours": 0.046781440840827096,
  "slurm_task": 28,
  "parallel_workers": 40,
  "sampler": "cmaes",
  "dataset": "cifar10",
  "device": "cuda",
  "accuracy_thresholds": {},
  "accuracy_curve": {
    "0": {
      "val_acc": 0.2638,
      "gpu_hours": 0.00201495263311598
    },
    "1": {
      "val_acc": 0.2805,
      "gpu_hours": 0.0036186349391937257
    },
    "2": {
      "val_acc": 0.2607,
      "gpu_hours": 0.005147793226771885
    },
    "3": {
      "val_acc": 0.3682,
      "gpu_hours": 0.0066861568556891545
    },
    "4": {
      "val_acc": 0.3459,
      "gpu_hours": 0.008235422637727526
    },
    "5": {
      "val_acc": 0.3224,
      "gpu_hours": 0.009768724110391406
    },
    "6": {
      "val_acc": 0.3295,
      "gpu_hours": 0.011317653788460625
    },
    "7": {
      "val_acc": 0.416,
      "gpu_hours": 0.012842007610532972
    },
    "8": {
      "val_acc": 0.424,
      "gpu_hours": 0.01438568459616767
    },
    "9": {
      "val_acc": 0.4194,
      "gpu_hours": 0.015915658672650657
    },
    "10": {
      "val_acc": 0.4335,
      "gpu_hours": 0.01746740248468187
    },
    "11": {
      "val_acc": 0.4493,
      "gpu_hours": 0.019020610517925685
    },
    "12": {
      "val_acc": 0.4527,
      "gpu_hours": 0.020560015439987183
    },
    "13": {
      "val_acc": 0.4524,
      "gpu_hours": 0.022081424329015945
    },
    "14": {
      "val_acc": 0.4504,
      "gpu_hours": 0.02362115455998315
    },
    "15": {
      "val_acc": 0.4514,
      "gpu_hours": 0.025191180838478936
    },
    "16": {
      "val_acc": 0.4515,
      "gpu_hours": 0.026740253501468234
    },
    "17": {
      "val_acc": 0.4551,
      "gpu_hours": 0.0282750231689877
    },
    "18": {
      "val_acc": 0.4544,
      "gpu_hours": 0.02980254590511322
    },
    "19": {
      "val_acc": 0.4505,
      "gpu_hours": 0.03134205487039354
    },
    "20": {
      "val_acc": 0.4473,
      "gpu_hours": 0.03287720004717509
    },
    "21": {
      "val_acc": 0.4522,
      "gpu_hours": 0.03442428833908505
    },
    "22": {
      "val_acc": 0.4517,
      "gpu_hours": 0.03597770584954156
    },
    "23": {
      "val_acc": 0.4469,
      "gpu_hours": 0.03754091315799289
    },
    "24": {
      "val_acc": 0.4517,
      "gpu_hours": 0.03910209463702308
    },
    "25": {
      "val_acc": 0.4515,
      "gpu_hours": 0.04068828384081523
    },
    "26": {
      "val_acc": 0.451,
      "gpu_hours": 0.0422216977013482
    },
    "27": {
      "val_acc": 0.4563,
      "gpu_hours": 0.04373014781210158
    },
    "28": {
      "val_acc": 0.4527,
      "gpu_hours": 0.04524253401491377
    },
    "29": {
      "val_acc": 0.4497,
      "gpu_hours": 0.04675651106569502
    }
  }
}