{
  "trial_number": 18,
  "params": {
    "lr": 0.0013292918943162175,
    "weight_decay": 0.006351221010640704,
    "batch_size": 64,
    "dropout": 0.07799726016810132,
    "optimizer": "Adam",
    "scheduler": "plateau",
    "model": "resnet18"
  },
  "best_val_acc": 0.4487,
  "total_gpu_hours": 0.04735874580012427,
  "slurm_task": 21,
  "parallel_workers": 40,
  "sampler": "cmaes",
  "dataset": "cifar10",
  "device": "cuda",
  "accuracy_thresholds": {},
  "accuracy_curve": {
    "0": {
      "val_acc": 0.2239,
      "gpu_hours": 0.002017587688234117
    },
    "1": {
      "val_acc": 0.2746,
      "gpu_hours": 0.0036115574174457126
    },
    "2": {
      "val_acc": 0.2941,
      "gpu_hours": 0.005160032709439596
    },
    "3": {
      "val_acc": 0.3379,
      "gpu_hours": 0.006715650889608595
    },
    "4": {
      "val_acc": 0.313,
      "gpu_hours": 0.008267231120003594
    },
    "5": {
      "val_acc": 0.4049,
      "gpu_hours": 0.009834656980302598
    },
    "6": {
      "val_acc": 0.4249,
      "gpu_hours": 0.011395616266462539
    },
    "7": {
      "val_acc": 0.423,
      "gpu_hours": 0.012959971030553182
    },
    "8": {
      "val_acc": 0.3988,
      "gpu_hours": 0.014524196320109897
    },
    "9": {
      "val_acc": 0.4378,
      "gpu_hours": 0.016133160061306422
    },
    "10": {
      "val_acc": 0.4434,
      "gpu_hours": 0.01769667241308424
    },
    "11": {
      "val_acc": 0.4438,
      "gpu_hours": 0.019277878403663636
    },
    "12": {
      "val_acc": 0.4467,
      "gpu_hours": 0.02080948359436459
    },
    "13": {
      "val_acc": 0.4427,
      "gpu_hours": 0.0223760281668769
    },
    "14": {
      "val_acc": 0.4412,
      "gpu_hours": 0.023914409610960218
    },
    "15": {
      "val_acc": 0.4434,
      "gpu_hours": 0.025458762645721434
    },
    "16": {
      "val_acc": 0.4447,
      "gpu_hours": 0.02706230534447564
    },
    "17": {
      "val_acc": 0.4487,
      "gpu_hours": 0.028625614311960007
    },
    "18": {
      "val_acc": 0.4429,
      "gpu_hours": 0.030183366802003647
    },
    "19": {
      "val_acc": 0.4461,
      "gpu_hours": 0.03176054530673557
    },
    "20": {
      "val_acc": 0.4432,
      "gpu_hours": 0.033304223352008396
    },
    "21": {
      "val_acc": 0.4382,
      "gpu_hours": 0.03486323813597361
    },
    "22": {
      "val_acc": 0.4453,
      "gpu_hours": 0.03642894678645664
    },
    "23": {
      "val_acc": 0.444,
      "gpu_hours": 0.037975511484675935
    },
    "24": {
      "val_acc": 0.4448,
      "gpu_hours": 0.03954589611954159
    },
    "25": {
      "val_acc": 0.447,
      "gpu_hours": 0.04110818141036564
    },
    "26": {
      "val_acc": 0.442,
      "gpu_hours": 0.042666862540774876
    },
    "27": {
      "val_acc": 0.4416,
      "gpu_hours": 0.04423758221997155
    },
    "28": {
      "val_acc": 0.4434,
      "gpu_hours": 0.04580901092953152
    },
    "29": {
      "val_acc": 0.4399,
      "gpu_hours": 0.047333262032932706
    }
  }
}