{
  "trial_number": 10,
  "params": {
    "lr": 0.0013292918943162175,
    "weight_decay": 0.006351221010640704,
    "batch_size": 64,
    "dropout": 0.07799726016810132,
    "optimizer": "Adam",
    "scheduler": "plateau",
    "model": "resnet18"
  },
  "best_val_acc": 0.4475,
  "total_gpu_hours": 0.047420544690555996,
  "slurm_task": 5,
  "parallel_workers": 40,
  "sampler": "cmaes",
  "dataset": "cifar10",
  "device": "cuda",
  "accuracy_thresholds": {},
  "accuracy_curve": {
    "0": {
      "val_acc": 0.2041,
      "gpu_hours": 0.002068406873279148
    },
    "1": {
      "val_acc": 0.2607,
      "gpu_hours": 0.0036270193258921305
    },
    "2": {
      "val_acc": 0.3184,
      "gpu_hours": 0.0051605060365464955
    },
    "3": {
      "val_acc": 0.3493,
      "gpu_hours": 0.006776908901002672
    },
    "4": {
      "val_acc": 0.3062,
      "gpu_hours": 0.008337653345531888
    },
    "5": {
      "val_acc": 0.4242,
      "gpu_hours": 0.009900232487254673
    },
    "6": {
      "val_acc": 0.4222,
      "gpu_hours": 0.011457789606518215
    },
    "7": {
      "val_acc": 0.4377,
      "gpu_hours": 0.013021318117777507
    },
    "8": {
      "val_acc": 0.4309,
      "gpu_hours": 0.014575952026579115
    },
    "9": {
      "val_acc": 0.4459,
      "gpu_hours": 0.016148923834164938
    },
    "10": {
      "val_acc": 0.4376,
      "gpu_hours": 0.017718026373121473
    },
    "11": {
      "val_acc": 0.4429,
      "gpu_hours": 0.0193011607726415
    },
    "12": {
      "val_acc": 0.4393,
      "gpu_hours": 0.02086607681380378
    },
    "13": {
      "val_acc": 0.4441,
      "gpu_hours": 0.022405084570248923
    },
    "14": {
      "val_acc": 0.442,
      "gpu_hours": 0.023986121945910984
    },
    "15": {
      "val_acc": 0.4431,
      "gpu_hours": 0.02556303706434038
    },
    "16": {
      "val_acc": 0.4449,
      "gpu_hours": 0.02712527804904514
    },
    "17": {
      "val_acc": 0.442,
      "gpu_hours": 0.028660741448402405
    },
    "18": {
      "val_acc": 0.4382,
      "gpu_hours": 0.03019046770201789
    },
    "19": {
      "val_acc": 0.4407,
      "gpu_hours": 0.03178530633449554
    },
    "20": {
      "val_acc": 0.4439,
      "gpu_hours": 0.03335525545809004
    },
    "21": {
      "val_acc": 0.4445,
      "gpu_hours": 0.03491390254762437
    },
    "22": {
      "val_acc": 0.4454,
      "gpu_hours": 0.03648352629608578
    },
    "23": {
      "val_acc": 0.4425,
      "gpu_hours": 0.03803667022122277
    },
    "24": {
      "val_acc": 0.438,
      "gpu_hours": 0.03958038343323601
    },
    "25": {
      "val_acc": 0.4475,
      "gpu_hours": 0.041156714492374
    },
    "26": {
      "val_acc": 0.4354,
      "gpu_hours": 0.04270344661341773
    },
    "27": {
      "val_acc": 0.44,
      "gpu_hours": 0.04427703950140211
    },
    "28": {
      "val_acc": 0.4472,
      "gpu_hours": 0.045834941797786286
    },
    "29": {
      "val_acc": 0.4446,
      "gpu_hours": 0.04737760967678494
    }
  }
}