{
  "trial_number": 5,
  "params": {
    "lr": 0.0013292918943162175,
    "weight_decay": 0.006351221010640704,
    "batch_size": 64,
    "dropout": 0.07799726016810132,
    "optimizer": "Adam",
    "scheduler": "plateau",
    "model": "resnet18"
  },
  "best_val_acc": 0.4099,
  "total_gpu_hours": 0.046571295658747354,
  "slurm_task": 26,
  "parallel_workers": 40,
  "sampler": "cmaes",
  "dataset": "cifar10",
  "device": "cuda",
  "accuracy_thresholds": {},
  "accuracy_curve": {
    "0": {
      "val_acc": 0.1999,
      "gpu_hours": 0.0019858488771650525
    },
    "1": {
      "val_acc": 0.2132,
      "gpu_hours": 0.003467420670721266
    },
    "2": {
      "val_acc": 0.3308,
      "gpu_hours": 0.005013346804512871
    },
    "3": {
      "val_acc": 0.3496,
      "gpu_hours": 0.006572999821768867
    },
    "4": {
      "val_acc": 0.3326,
      "gpu_hours": 0.008107974264356825
    },
    "5": {
      "val_acc": 0.3876,
      "gpu_hours": 0.009662173324161106
    },
    "6": {
      "val_acc": 0.3992,
      "gpu_hours": 0.011186970671017964
    },
    "7": {
      "val_acc": 0.393,
      "gpu_hours": 0.012694084445635478
    },
    "8": {
      "val_acc": 0.385,
      "gpu_hours": 0.014240574306911892
    },
    "9": {
      "val_acc": 0.4012,
      "gpu_hours": 0.015790695481830173
    },
    "10": {
      "val_acc": 0.4046,
      "gpu_hours": 0.01732257107893626
    },
    "11": {
      "val_acc": 0.4059,
      "gpu_hours": 0.018877156443066066
    },
    "12": {
      "val_acc": 0.4053,
      "gpu_hours": 0.020405844781133865
    },
    "13": {
      "val_acc": 0.4099,
      "gpu_hours": 0.021930606895022922
    },
    "14": {
      "val_acc": 0.4055,
      "gpu_hours": 0.023481196429994373
    },
    "15": {
      "val_acc": 0.4029,
      "gpu_hours": 0.025029338598251342
    },
    "16": {
      "val_acc": 0.4044,
      "gpu_hours": 0.02655125233862135
    },
    "17": {
      "val_acc": 0.404,
      "gpu_hours": 0.028085632589128284
    },
    "18": {
      "val_acc": 0.4077,
      "gpu_hours": 0.029659448266029356
    },
    "19": {
      "val_acc": 0.409,
      "gpu_hours": 0.031186797420183817
    },
    "20": {
      "val_acc": 0.4069,
      "gpu_hours": 0.03272466500600179
    },
    "21": {
      "val_acc": 0.4069,
      "gpu_hours": 0.034270451929834155
    },
    "22": {
      "val_acc": 0.4042,
      "gpu_hours": 0.03580744630760617
    },
    "23": {
      "val_acc": 0.4045,
      "gpu_hours": 0.03733711216184828
    },
    "24": {
      "val_acc": 0.4087,
      "gpu_hours": 0.03887289881706238
    },
    "25": {
      "val_acc": 0.4037,
      "gpu_hours": 0.04040636122226715
    },
    "26": {
      "val_acc": 0.4047,
      "gpu_hours": 0.04195575535297394
    },
    "27": {
      "val_acc": 0.4064,
      "gpu_hours": 0.043476675086551245
    },
    "28": {
      "val_acc": 0.4067,
      "gpu_hours": 0.04500832133822971
    },
    "29": {
      "val_acc": 0.4075,
      "gpu_hours": 0.046544133888350596
    }
  }
}