{
  "trial_number": 8,
  "params": {
    "lr": 0.0013292918943162175,
    "weight_decay": 0.006351221010640704,
    "batch_size": 64,
    "dropout": 0.07799726016810132,
    "optimizer": "Adam",
    "scheduler": "plateau",
    "model": "resnet18"
  },
  "best_val_acc": 0.4312,
  "total_gpu_hours": 0.04711730043093364,
  "slurm_task": 23,
  "parallel_workers": 40,
  "sampler": "cmaes",
  "dataset": "cifar10",
  "device": "cuda",
  "accuracy_thresholds": {},
  "accuracy_curve": {
    "0": {
      "val_acc": 0.1647,
      "gpu_hours": 0.0023286393615934583
    },
    "1": {
      "val_acc": 0.2662,
      "gpu_hours": 0.0039005223247740002
    },
    "2": {
      "val_acc": 0.3384,
      "gpu_hours": 0.0054468276765611435
    },
    "3": {
      "val_acc": 0.3112,
      "gpu_hours": 0.0070153084066179065
    },
    "4": {
      "val_acc": 0.2847,
      "gpu_hours": 0.00857411437564426
    },
    "5": {
      "val_acc": 0.4145,
      "gpu_hours": 0.010098980797661675
    },
    "6": {
      "val_acc": 0.4175,
      "gpu_hours": 0.011642476386494106
    },
    "7": {
      "val_acc": 0.4034,
      "gpu_hours": 0.013182630803849961
    },
    "8": {
      "val_acc": 0.4103,
      "gpu_hours": 0.014742496940824721
    },
    "9": {
      "val_acc": 0.4312,
      "gpu_hours": 0.01629973100291358
    },
    "10": {
      "val_acc": 0.4288,
      "gpu_hours": 0.017831149962213303
    },
    "11": {
      "val_acc": 0.4273,
      "gpu_hours": 0.019366831050978767
    },
    "12": {
      "val_acc": 0.4262,
      "gpu_hours": 0.020898849103185867
    },
    "13": {
      "val_acc": 0.4306,
      "gpu_hours": 0.02242598705821567
    },
    "14": {
      "val_acc": 0.4267,
      "gpu_hours": 0.023943949937820435
    },
    "15": {
      "val_acc": 0.4276,
      "gpu_hours": 0.02547222634156545
    },
    "16": {
      "val_acc": 0.429,
      "gpu_hours": 0.027023330198393928
    },
    "17": {
      "val_acc": 0.4282,
      "gpu_hours": 0.02856477333439721
    },
    "18": {
      "val_acc": 0.4278,
      "gpu_hours": 0.030099140869246588
    },
    "19": {
      "val_acc": 0.4266,
      "gpu_hours": 0.03166387339433034
    },
    "20": {
      "val_acc": 0.4266,
      "gpu_hours": 0.0332012454006407
    },
    "21": {
      "val_acc": 0.426,
      "gpu_hours": 0.034732936223347985
    },
    "22": {
      "val_acc": 0.4275,
      "gpu_hours": 0.0362688230143653
    },
    "23": {
      "val_acc": 0.423,
      "gpu_hours": 0.03781852583090464
    },
    "24": {
      "val_acc": 0.4245,
      "gpu_hours": 0.03935392876466115
    },
    "25": {
      "val_acc": 0.4269,
      "gpu_hours": 0.04089526805612776
    },
    "26": {
      "val_acc": 0.427,
      "gpu_hours": 0.042455766134791906
    },
    "27": {
      "val_acc": 0.4236,
      "gpu_hours": 0.04397776073879666
    },
    "28": {
      "val_acc": 0.4289,
      "gpu_hours": 0.04554179350535075
    },
    "29": {
      "val_acc": 0.4291,
      "gpu_hours": 0.04708509200149112
    }
  }
}