{
  "trial_number": 6,
  "params": {
    "lr": 0.0013292918943162175,
    "weight_decay": 0.006351221010640704,
    "batch_size": 64,
    "dropout": 0.07799726016810132,
    "optimizer": "Adam",
    "scheduler": "plateau",
    "model": "resnet18"
  },
  "best_val_acc": 0.4341,
  "total_gpu_hours": 0.05086643629603916,
  "slurm_task": 5,
  "parallel_workers": 40,
  "sampler": "cmaes",
  "dataset": "cifar10",
  "device": "cuda",
  "accuracy_thresholds": {},
  "accuracy_curve": {
    "0": {
      "val_acc": 0.2462,
      "gpu_hours": 0.0063728068272272745
    },
    "1": {
      "val_acc": 0.2411,
      "gpu_hours": 0.007924017111460367
    },
    "2": {
      "val_acc": 0.2829,
      "gpu_hours": 0.009459605879253812
    },
    "3": {
      "val_acc": 0.3403,
      "gpu_hours": 0.010977785388628642
    },
    "4": {
      "val_acc": 0.3343,
      "gpu_hours": 0.012504400346014235
    },
    "5": {
      "val_acc": 0.3366,
      "gpu_hours": 0.014037784536679586
    },
    "6": {
      "val_acc": 0.4242,
      "gpu_hours": 0.01554748257001241
    },
    "7": {
      "val_acc": 0.4138,
      "gpu_hours": 0.017081039945284527
    },
    "8": {
      "val_acc": 0.4341,
      "gpu_hours": 0.018601301511128744
    },
    "9": {
      "val_acc": 0.4126,
      "gpu_hours": 0.02013464742236667
    },
    "10": {
      "val_acc": 0.4232,
      "gpu_hours": 0.02166735231876373
    },
    "11": {
      "val_acc": 0.4252,
      "gpu_hours": 0.023204108344184026
    },
    "12": {
      "val_acc": 0.4196,
      "gpu_hours": 0.02474089291360643
    },
    "13": {
      "val_acc": 0.4204,
      "gpu_hours": 0.02627310077349345
    },
    "14": {
      "val_acc": 0.4211,
      "gpu_hours": 0.02780899359120263
    },
    "15": {
      "val_acc": 0.4275,
      "gpu_hours": 0.029367682602670458
    },
    "16": {
      "val_acc": 0.4294,
      "gpu_hours": 0.030916530225012038
    },
    "17": {
      "val_acc": 0.4287,
      "gpu_hours": 0.032463876141442194
    },
    "18": {
      "val_acc": 0.4302,
      "gpu_hours": 0.03400782485802968
    },
    "19": {
      "val_acc": 0.4284,
      "gpu_hours": 0.03553638054264916
    },
    "20": {
      "val_acc": 0.429,
      "gpu_hours": 0.03704629845089383
    },
    "21": {
      "val_acc": 0.4319,
      "gpu_hours": 0.038572830624050564
    },
    "22": {
      "val_acc": 0.4324,
      "gpu_hours": 0.040120023091634115
    },
    "23": {
      "val_acc": 0.4135,
      "gpu_hours": 0.04164168781704373
    },
    "24": {
      "val_acc": 0.4279,
      "gpu_hours": 0.04316451026333703
    },
    "25": {
      "val_acc": 0.426,
      "gpu_hours": 0.044708363480038114
    },
    "26": {
      "val_acc": 0.422,
      "gpu_hours": 0.04626595503754086
    },
    "27": {
      "val_acc": 0.4229,
      "gpu_hours": 0.04780885292424096
    },
    "28": {
      "val_acc": 0.4283,
      "gpu_hours": 0.04934715323978
    },
    "29": {
      "val_acc": 0.4268,
      "gpu_hours": 0.05083939227792952
    }
  }
}