{
  "trial_number": 18,
  "params": {
    "lr": 0.0013292918943162175,
    "weight_decay": 0.006351221010640704,
    "batch_size": 64,
    "dropout": 0.07799726016810132,
    "optimizer": "Adam",
    "scheduler": "plateau",
    "model": "resnet18"
  },
  "best_val_acc": 0.4541,
  "total_gpu_hours": 0.04821428901619381,
  "slurm_task": 29,
  "parallel_workers": 40,
  "sampler": "cmaes",
  "dataset": "cifar10",
  "device": "cuda",
  "accuracy_thresholds": {},
  "accuracy_curve": {
    "0": {
      "val_acc": 0.2905,
      "gpu_hours": 0.002914779451158312
    },
    "1": {
      "val_acc": 0.2439,
      "gpu_hours": 0.004519387417369418
    },
    "2": {
      "val_acc": 0.3286,
      "gpu_hours": 0.006059195465511746
    },
    "3": {
      "val_acc": 0.3451,
      "gpu_hours": 0.007607433597246806
    },
    "4": {
      "val_acc": 0.2263,
      "gpu_hours": 0.00919179015689426
    },
    "5": {
      "val_acc": 0.3078,
      "gpu_hours": 0.01074361006418864
    },
    "6": {
      "val_acc": 0.2583,
      "gpu_hours": 0.012285129494137233
    },
    "7": {
      "val_acc": 0.3267,
      "gpu_hours": 0.013837183382776048
    },
    "8": {
      "val_acc": 0.342,
      "gpu_hours": 0.01540754430823856
    },
    "9": {
      "val_acc": 0.4239,
      "gpu_hours": 0.01697664757569631
    },
    "10": {
      "val_acc": 0.4429,
      "gpu_hours": 0.018520392841762965
    },
    "11": {
      "val_acc": 0.4378,
      "gpu_hours": 0.020067253311475117
    },
    "12": {
      "val_acc": 0.4276,
      "gpu_hours": 0.021617517272631327
    },
    "13": {
      "val_acc": 0.4437,
      "gpu_hours": 0.023175623483128016
    },
    "14": {
      "val_acc": 0.4412,
      "gpu_hours": 0.02471488416194916
    },
    "15": {
      "val_acc": 0.447,
      "gpu_hours": 0.026271483302116393
    },
    "16": {
      "val_acc": 0.4541,
      "gpu_hours": 0.027833319836192662
    },
    "17": {
      "val_acc": 0.4423,
      "gpu_hours": 0.029374120367897882
    },
    "18": {
      "val_acc": 0.4504,
      "gpu_hours": 0.030914719700813293
    },
    "19": {
      "val_acc": 0.4489,
      "gpu_hours": 0.032459202077653675
    },
    "20": {
      "val_acc": 0.4471,
      "gpu_hours": 0.03402592658996582
    },
    "21": {
      "val_acc": 0.4481,
      "gpu_hours": 0.035595251123110454
    },
    "22": {
      "val_acc": 0.448,
      "gpu_hours": 0.03721425063080258
    },
    "23": {
      "val_acc": 0.4491,
      "gpu_hours": 0.03878016067875756
    },
    "24": {
      "val_acc": 0.4488,
      "gpu_hours": 0.04031939095920987
    },
    "25": {
      "val_acc": 0.4506,
      "gpu_hours": 0.04189818057749006
    },
    "26": {
      "val_acc": 0.4462,
      "gpu_hours": 0.04345155848397149
    },
    "27": {
      "val_acc": 0.4448,
      "gpu_hours": 0.0450076965490977
    },
    "28": {
      "val_acc": 0.4527,
      "gpu_hours": 0.046577937205632525
    },
    "29": {
      "val_acc": 0.4458,
      "gpu_hours": 0.048142618404494394
    }
  }
}