{
  "trial_number": 29,
  "params": {
    "lr": 0.0013292918943162175,
    "weight_decay": 0.006351221010640704,
    "batch_size": 64,
    "dropout": 0.07799726016810132,
    "optimizer": "Adam",
    "scheduler": "plateau",
    "model": "resnet18"
  },
  "best_val_acc": 0.4646,
  "total_gpu_hours": 0.04721387181017134,
  "slurm_task": 39,
  "parallel_workers": 40,
  "sampler": "cmaes",
  "dataset": "cifar10",
  "device": "cuda",
  "accuracy_thresholds": {},
  "accuracy_curve": {
    "0": {
      "val_acc": 0.2165,
      "gpu_hours": 0.0021534836292266845
    },
    "1": {
      "val_acc": 0.2047,
      "gpu_hours": 0.0037037829558054605
    },
    "2": {
      "val_acc": 0.2809,
      "gpu_hours": 0.005269600815243191
    },
    "3": {
      "val_acc": 0.3541,
      "gpu_hours": 0.0068143165111541745
    },
    "4": {
      "val_acc": 0.3826,
      "gpu_hours": 0.008379916018909878
    },
    "5": {
      "val_acc": 0.3763,
      "gpu_hours": 0.00992623402012719
    },
    "6": {
      "val_acc": 0.4283,
      "gpu_hours": 0.011464434067408243
    },
    "7": {
      "val_acc": 0.4388,
      "gpu_hours": 0.01300960898399353
    },
    "8": {
      "val_acc": 0.4329,
      "gpu_hours": 0.014572286274698046
    },
    "9": {
      "val_acc": 0.4436,
      "gpu_hours": 0.01611580855316586
    },
    "10": {
      "val_acc": 0.4524,
      "gpu_hours": 0.01766841901673211
    },
    "11": {
      "val_acc": 0.4578,
      "gpu_hours": 0.019217112329271105
    },
    "12": {
      "val_acc": 0.4605,
      "gpu_hours": 0.02076294932100508
    },
    "13": {
      "val_acc": 0.4545,
      "gpu_hours": 0.022314826713667975
    },
    "14": {
      "val_acc": 0.4594,
      "gpu_hours": 0.02387222541703118
    },
    "15": {
      "val_acc": 0.4619,
      "gpu_hours": 0.02544983963171641
    },
    "16": {
      "val_acc": 0.4615,
      "gpu_hours": 0.02701573451360067
    },
    "17": {
      "val_acc": 0.4579,
      "gpu_hours": 0.02858273857169681
    },
    "18": {
      "val_acc": 0.4646,
      "gpu_hours": 0.03012549387084113
    },
    "19": {
      "val_acc": 0.4613,
      "gpu_hours": 0.031680416928397286
    },
    "20": {
      "val_acc": 0.4628,
      "gpu_hours": 0.03324638923009237
    },
    "21": {
      "val_acc": 0.4625,
      "gpu_hours": 0.03481939719782935
    },
    "22": {
      "val_acc": 0.4622,
      "gpu_hours": 0.036365484131707086
    },
    "23": {
      "val_acc": 0.461,
      "gpu_hours": 0.03787789543469747
    },
    "24": {
      "val_acc": 0.4628,
      "gpu_hours": 0.039450738628705344
    },
    "25": {
      "val_acc": 0.4622,
      "gpu_hours": 0.040999934011035494
    },
    "26": {
      "val_acc": 0.4585,
      "gpu_hours": 0.04255746324857076
    },
    "27": {
      "val_acc": 0.4625,
      "gpu_hours": 0.0440743613243103
    },
    "28": {
      "val_acc": 0.4644,
      "gpu_hours": 0.04562630607022179
    },
    "29": {
      "val_acc": 0.461,
      "gpu_hours": 0.04718416459030575
    }
  }
}