{
  "trial_number": 27,
  "params": {
    "lr": 0.0013292918943162175,
    "weight_decay": 0.006351221010640704,
    "batch_size": 64,
    "dropout": 0.07799726016810132,
    "optimizer": "Adam",
    "scheduler": "plateau",
    "model": "resnet18"
  },
  "best_val_acc": 0.4392,
  "total_gpu_hours": 0.04710208833217621,
  "slurm_task": 38,
  "parallel_workers": 40,
  "sampler": "cmaes",
  "dataset": "cifar10",
  "device": "cuda",
  "accuracy_thresholds": {},
  "accuracy_curve": {
    "0": {
      "val_acc": 0.1368,
      "gpu_hours": 0.0020405667357974583
    },
    "1": {
      "val_acc": 0.1964,
      "gpu_hours": 0.0035954330364863078
    },
    "2": {
      "val_acc": 0.2553,
      "gpu_hours": 0.0051459347539477875
    },
    "3": {
      "val_acc": 0.3151,
      "gpu_hours": 0.00670935955312517
    },
    "4": {
      "val_acc": 0.2838,
      "gpu_hours": 0.008258120417594909
    },
    "5": {
      "val_acc": 0.4204,
      "gpu_hours": 0.00982813060283661
    },
    "6": {
      "val_acc": 0.4169,
      "gpu_hours": 0.011384594506687587
    },
    "7": {
      "val_acc": 0.4392,
      "gpu_hours": 0.01293938484456804
    },
    "8": {
      "val_acc": 0.4278,
      "gpu_hours": 0.01450070944097307
    },
    "9": {
      "val_acc": 0.4278,
      "gpu_hours": 0.01607556058300866
    },
    "10": {
      "val_acc": 0.427,
      "gpu_hours": 0.017646954390737747
    },
    "11": {
      "val_acc": 0.4238,
      "gpu_hours": 0.019216170046064587
    },
    "12": {
      "val_acc": 0.4337,
      "gpu_hours": 0.020755450261963737
    },
    "13": {
      "val_acc": 0.4278,
      "gpu_hours": 0.0223260451025433
    },
    "14": {
      "val_acc": 0.4301,
      "gpu_hours": 0.02388313604725732
    },
    "15": {
      "val_acc": 0.4304,
      "gpu_hours": 0.02541556762324439
    },
    "16": {
      "val_acc": 0.4302,
      "gpu_hours": 0.02696395350827111
    },
    "17": {
      "val_acc": 0.4298,
      "gpu_hours": 0.028518008722199333
    },
    "18": {
      "val_acc": 0.4272,
      "gpu_hours": 0.030067207283443875
    },
    "19": {
      "val_acc": 0.4294,
      "gpu_hours": 0.03162097606394026
    },
    "20": {
      "val_acc": 0.4314,
      "gpu_hours": 0.03315719015068478
    },
    "21": {
      "val_acc": 0.4257,
      "gpu_hours": 0.03469589114189148
    },
    "22": {
      "val_acc": 0.4256,
      "gpu_hours": 0.036226852536201476
    },
    "23": {
      "val_acc": 0.4275,
      "gpu_hours": 0.037760994368129304
    },
    "24": {
      "val_acc": 0.4268,
      "gpu_hours": 0.03931732541984982
    },
    "25": {
      "val_acc": 0.4313,
      "gpu_hours": 0.04086555732621087
    },
    "26": {
      "val_acc": 0.4337,
      "gpu_hours": 0.04241985241572062
    },
    "27": {
      "val_acc": 0.4271,
      "gpu_hours": 0.04394577999909719
    },
    "28": {
      "val_acc": 0.4321,
      "gpu_hours": 0.04550944785277049
    },
    "29": {
      "val_acc": 0.4268,
      "gpu_hours": 0.04708181997140248
    }
  }
}