{
  "trial_number": 7,
  "params": {
    "lr": 0.0013292918943162175,
    "weight_decay": 0.006351221010640704,
    "batch_size": 64,
    "dropout": 0.07799726016810132,
    "optimizer": "Adam",
    "scheduler": "plateau",
    "model": "resnet18"
  },
  "best_val_acc": 0.4497,
  "total_gpu_hours": 0.04728240615791745,
  "slurm_task": 8,
  "parallel_workers": 40,
  "sampler": "cmaes",
  "dataset": "cifar10",
  "device": "cuda",
  "accuracy_thresholds": {},
  "accuracy_curve": {
    "0": {
      "val_acc": 0.2279,
      "gpu_hours": 0.002136642138163249
    },
    "1": {
      "val_acc": 0.2252,
      "gpu_hours": 0.0036805256870057848
    },
    "2": {
      "val_acc": 0.3468,
      "gpu_hours": 0.005204016301367018
    },
    "3": {
      "val_acc": 0.3475,
      "gpu_hours": 0.00686999413702223
    },
    "4": {
      "val_acc": 0.3542,
      "gpu_hours": 0.008427623444133335
    },
    "5": {
      "val_acc": 0.3541,
      "gpu_hours": 0.010025145345264011
    },
    "6": {
      "val_acc": 0.4137,
      "gpu_hours": 0.011594059732225206
    },
    "7": {
      "val_acc": 0.4113,
      "gpu_hours": 0.0131381004386478
    },
    "8": {
      "val_acc": 0.4326,
      "gpu_hours": 0.01469138741493225
    },
    "9": {
      "val_acc": 0.4342,
      "gpu_hours": 0.01622971064514584
    },
    "10": {
      "val_acc": 0.4446,
      "gpu_hours": 0.01779060145219167
    },
    "11": {
      "val_acc": 0.4497,
      "gpu_hours": 0.019343435300721062
    },
    "12": {
      "val_acc": 0.4447,
      "gpu_hours": 0.020896037419637043
    },
    "13": {
      "val_acc": 0.4442,
      "gpu_hours": 0.022446383304066127
    },
    "14": {
      "val_acc": 0.4462,
      "gpu_hours": 0.023977941738234625
    },
    "15": {
      "val_acc": 0.4432,
      "gpu_hours": 0.025524581339624194
    },
    "16": {
      "val_acc": 0.4441,
      "gpu_hours": 0.02707138439019521
    },
    "17": {
      "val_acc": 0.4426,
      "gpu_hours": 0.028605234490500557
    },
    "18": {
      "val_acc": 0.4442,
      "gpu_hours": 0.030192338161998324
    },
    "19": {
      "val_acc": 0.4415,
      "gpu_hours": 0.03172702921761407
    },
    "20": {
      "val_acc": 0.4449,
      "gpu_hours": 0.03327682859367794
    },
    "21": {
      "val_acc": 0.4444,
      "gpu_hours": 0.03483588576316834
    },
    "22": {
      "val_acc": 0.441,
      "gpu_hours": 0.03639698141151004
    },
    "23": {
      "val_acc": 0.4441,
      "gpu_hours": 0.03795129491223229
    },
    "24": {
      "val_acc": 0.4409,
      "gpu_hours": 0.03949705508020189
    },
    "25": {
      "val_acc": 0.4415,
      "gpu_hours": 0.04104348295264774
    },
    "26": {
      "val_acc": 0.439,
      "gpu_hours": 0.042632912596066795
    },
    "27": {
      "val_acc": 0.4375,
      "gpu_hours": 0.04417556703090668
    },
    "28": {
      "val_acc": 0.4449,
      "gpu_hours": 0.04570405423641205
    },
    "29": {
      "val_acc": 0.446,
      "gpu_hours": 0.04725034243530697
    }
  }
}