{
  "trial_number": 4,
  "params": {
    "lr": 0.0013292918943162175,
    "weight_decay": 0.006351221010640704,
    "batch_size": 64,
    "dropout": 0.07799726016810132,
    "optimizer": "Adam",
    "scheduler": "plateau",
    "model": "resnet18"
  },
  "best_val_acc": 0.4214,
  "total_gpu_hours": 0.04692782905366686,
  "slurm_task": 19,
  "parallel_workers": 40,
  "sampler": "cmaes",
  "dataset": "cifar10",
  "device": "cuda",
  "accuracy_thresholds": {},
  "accuracy_curve": {
    "0": {
      "val_acc": 0.1589,
      "gpu_hours": 0.002053538163503011
    },
    "1": {
      "val_acc": 0.2825,
      "gpu_hours": 0.0035806167787975733
    },
    "2": {
      "val_acc": 0.2742,
      "gpu_hours": 0.005129151145617167
    },
    "3": {
      "val_acc": 0.3263,
      "gpu_hours": 0.006688408917850918
    },
    "4": {
      "val_acc": 0.3118,
      "gpu_hours": 0.008213499983151754
    },
    "5": {
      "val_acc": 0.379,
      "gpu_hours": 0.0097414943906996
    },
    "6": {
      "val_acc": 0.4081,
      "gpu_hours": 0.011287329064475165
    },
    "7": {
      "val_acc": 0.3908,
      "gpu_hours": 0.012810771995120578
    },
    "8": {
      "val_acc": 0.4031,
      "gpu_hours": 0.014370807144376966
    },
    "9": {
      "val_acc": 0.4119,
      "gpu_hours": 0.015915094282892017
    },
    "10": {
      "val_acc": 0.4155,
      "gpu_hours": 0.01746252159277598
    },
    "11": {
      "val_acc": 0.4093,
      "gpu_hours": 0.019018582105636596
    },
    "12": {
      "val_acc": 0.4165,
      "gpu_hours": 0.02056495858563317
    },
    "13": {
      "val_acc": 0.4141,
      "gpu_hours": 0.022111903097894455
    },
    "14": {
      "val_acc": 0.4168,
      "gpu_hours": 0.02364336689313253
    },
    "15": {
      "val_acc": 0.4186,
      "gpu_hours": 0.025202275779512194
    },
    "16": {
      "val_acc": 0.4192,
      "gpu_hours": 0.02675395793384976
    },
    "17": {
      "val_acc": 0.412,
      "gpu_hours": 0.02829264091120826
    },
    "18": {
      "val_acc": 0.4161,
      "gpu_hours": 0.02984615683555603
    },
    "19": {
      "val_acc": 0.4126,
      "gpu_hours": 0.031390929950608146
    },
    "20": {
      "val_acc": 0.4099,
      "gpu_hours": 0.032931072182125515
    },
    "21": {
      "val_acc": 0.4142,
      "gpu_hours": 0.034466780092981125
    },
    "22": {
      "val_acc": 0.4123,
      "gpu_hours": 0.036037928991847566
    },
    "23": {
      "val_acc": 0.4168,
      "gpu_hours": 0.03760184294647641
    },
    "24": {
      "val_acc": 0.4147,
      "gpu_hours": 0.03913436578379737
    },
    "25": {
      "val_acc": 0.4139,
      "gpu_hours": 0.04067895544899835
    },
    "26": {
      "val_acc": 0.417,
      "gpu_hours": 0.042229465908474394
    },
    "27": {
      "val_acc": 0.412,
      "gpu_hours": 0.0437774446937773
    },
    "28": {
      "val_acc": 0.4214,
      "gpu_hours": 0.045316334499253166
    },
    "29": {
      "val_acc": 0.4162,
      "gpu_hours": 0.04690261748101976
    }
  }
}