{
  "trial_number": 1,
  "params": {
    "lr": 0.0013292918943162175,
    "weight_decay": 0.006351221010640704,
    "batch_size": 64,
    "dropout": 0.07799726016810132,
    "optimizer": "Adam",
    "scheduler": "plateau",
    "model": "resnet18"
  },
  "best_val_acc": 0.4566,
  "total_gpu_hours": 0.04777371843655904,
  "slurm_task": 1,
  "parallel_workers": 40,
  "sampler": "cmaes",
  "dataset": "cifar10",
  "device": "cuda",
  "accuracy_thresholds": {},
  "accuracy_curve": {
    "0": {
      "val_acc": 0.2834,
      "gpu_hours": 0.002383014890882704
    },
    "1": {
      "val_acc": 0.3059,
      "gpu_hours": 0.003913299573792352
    },
    "2": {
      "val_acc": 0.311,
      "gpu_hours": 0.005415613585048252
    },
    "3": {
      "val_acc": 0.2511,
      "gpu_hours": 0.007774284482002259
    },
    "4": {
      "val_acc": 0.286,
      "gpu_hours": 0.00932000438372294
    },
    "5": {
      "val_acc": 0.3655,
      "gpu_hours": 0.010864178405867682
    },
    "6": {
      "val_acc": 0.2868,
      "gpu_hours": 0.01239485204219818
    },
    "7": {
      "val_acc": 0.2251,
      "gpu_hours": 0.013952451944351196
    },
    "8": {
      "val_acc": 0.2925,
      "gpu_hours": 0.015454297065734863
    },
    "9": {
      "val_acc": 0.3599,
      "gpu_hours": 0.016981062889099122
    },
    "10": {
      "val_acc": 0.3815,
      "gpu_hours": 0.018524772193696765
    },
    "11": {
      "val_acc": 0.3663,
      "gpu_hours": 0.020052965415848625
    },
    "12": {
      "val_acc": 0.4342,
      "gpu_hours": 0.02161201881037818
    },
    "13": {
      "val_acc": 0.4412,
      "gpu_hours": 0.023129333986176386
    },
    "14": {
      "val_acc": 0.449,
      "gpu_hours": 0.02466820385720995
    },
    "15": {
      "val_acc": 0.4428,
      "gpu_hours": 0.026228895121150547
    },
    "16": {
      "val_acc": 0.452,
      "gpu_hours": 0.027753173377778793
    },
    "17": {
      "val_acc": 0.4519,
      "gpu_hours": 0.029270138409402634
    },
    "18": {
      "val_acc": 0.4547,
      "gpu_hours": 0.030853495068020292
    },
    "19": {
      "val_acc": 0.4507,
      "gpu_hours": 0.032376418709754946
    },
    "20": {
      "val_acc": 0.456,
      "gpu_hours": 0.03391975687609779
    },
    "21": {
      "val_acc": 0.4505,
      "gpu_hours": 0.035433718959490455
    },
    "22": {
      "val_acc": 0.4547,
      "gpu_hours": 0.03695629398028056
    },
    "23": {
      "val_acc": 0.4566,
      "gpu_hours": 0.038508627149793834
    },
    "24": {
      "val_acc": 0.4539,
      "gpu_hours": 0.04005865924888187
    },
    "25": {
      "val_acc": 0.4548,
      "gpu_hours": 0.041577823294533627
    },
    "26": {
      "val_acc": 0.453,
      "gpu_hours": 0.04313088039557139
    },
    "27": {
      "val_acc": 0.4547,
      "gpu_hours": 0.04468378702799479
    },
    "28": {
      "val_acc": 0.4544,
      "gpu_hours": 0.04621266788906521
    },
    "29": {
      "val_acc": 0.4558,
      "gpu_hours": 0.04774397942754957
    }
  }
}