{
  "trial_number": 0,
  "params": {
    "lr": 0.0013292918943162175,
    "weight_decay": 0.006351221010640704,
    "batch_size": 64,
    "dropout": 0.07799726016810132,
    "optimizer": "Adam",
    "scheduler": "plateau",
    "model": "resnet18"
  },
  "best_val_acc": 0.4347,
  "total_gpu_hours": 0.046585176984469095,
  "slurm_task": 17,
  "parallel_workers": 40,
  "sampler": "cmaes",
  "dataset": "cifar10",
  "device": "cuda",
  "accuracy_thresholds": {},
  "accuracy_curve": {
    "0": {
      "val_acc": 0.1734,
      "gpu_hours": 0.002143858340051439
    },
    "1": {
      "val_acc": 0.3067,
      "gpu_hours": 0.0036593210034900243
    },
    "2": {
      "val_acc": 0.2556,
      "gpu_hours": 0.005175659656524658
    },
    "3": {
      "val_acc": 0.3338,
      "gpu_hours": 0.006669195956654019
    },
    "4": {
      "val_acc": 0.265,
      "gpu_hours": 0.008175223602188957
    },
    "5": {
      "val_acc": 0.4086,
      "gpu_hours": 0.009683682256274754
    },
    "6": {
      "val_acc": 0.4192,
      "gpu_hours": 0.01119282450940874
    },
    "7": {
      "val_acc": 0.4216,
      "gpu_hours": 0.0127039768298467
    },
    "8": {
      "val_acc": 0.4144,
      "gpu_hours": 0.014213867386182149
    },
    "9": {
      "val_acc": 0.4261,
      "gpu_hours": 0.015763581328921847
    },
    "10": {
      "val_acc": 0.4281,
      "gpu_hours": 0.017290105289883083
    },
    "11": {
      "val_acc": 0.4289,
      "gpu_hours": 0.018813877767986723
    },
    "12": {
      "val_acc": 0.433,
      "gpu_hours": 0.020328918364312915
    },
    "13": {
      "val_acc": 0.4323,
      "gpu_hours": 0.021866039435068766
    },
    "14": {
      "val_acc": 0.4256,
      "gpu_hours": 0.02339531964725918
    },
    "15": {
      "val_acc": 0.4314,
      "gpu_hours": 0.024932944973309834
    },
    "16": {
      "val_acc": 0.4294,
      "gpu_hours": 0.02648568676577674
    },
    "17": {
      "val_acc": 0.4312,
      "gpu_hours": 0.02802606827682919
    },
    "18": {
      "val_acc": 0.4306,
      "gpu_hours": 0.029556422366036308
    },
    "19": {
      "val_acc": 0.4312,
      "gpu_hours": 0.031077370444933573
    },
    "20": {
      "val_acc": 0.428,
      "gpu_hours": 0.03263095564312405
    },
    "21": {
      "val_acc": 0.4347,
      "gpu_hours": 0.03417446626557244
    },
    "22": {
      "val_acc": 0.4275,
      "gpu_hours": 0.03572504368093279
    },
    "23": {
      "val_acc": 0.4315,
      "gpu_hours": 0.037273223201433815
    },
    "24": {
      "val_acc": 0.4285,
      "gpu_hours": 0.03883477674590217
    },
    "25": {
      "val_acc": 0.429,
      "gpu_hours": 0.040368178089459736
    },
    "26": {
      "val_acc": 0.4305,
      "gpu_hours": 0.04189676589436001
    },
    "27": {
      "val_acc": 0.4322,
      "gpu_hours": 0.0434381671084298
    },
    "28": {
      "val_acc": 0.4308,
      "gpu_hours": 0.04501699255572425
    },
    "29": {
      "val_acc": 0.4316,
      "gpu_hours": 0.04656210872862074
    }
  }
}