{
  "trial_number": 7,
  "params": {
    "lr": 0.0013292918943162175,
    "weight_decay": 0.006351221010640704,
    "batch_size": 64,
    "dropout": 0.07799726016810132,
    "optimizer": "Adam",
    "scheduler": "plateau",
    "model": "resnet18"
  },
  "best_val_acc": 0.4294,
  "total_gpu_hours": 0.04638204415639242,
  "slurm_task": 1,
  "parallel_workers": 40,
  "sampler": "cmaes",
  "dataset": "cifar10",
  "device": "cuda",
  "accuracy_thresholds": {},
  "accuracy_curve": {
    "0": {
      "val_acc": 0.1925,
      "gpu_hours": 0.002439687384499444
    },
    "1": {
      "val_acc": 0.1648,
      "gpu_hours": 0.003979128135575188
    },
    "2": {
      "val_acc": 0.3005,
      "gpu_hours": 0.0054696213536792335
    },
    "3": {
      "val_acc": 0.361,
      "gpu_hours": 0.006985630061891344
    },
    "4": {
      "val_acc": 0.3507,
      "gpu_hours": 0.008488739530245462
    },
    "5": {
      "val_acc": 0.3681,
      "gpu_hours": 0.010000931885507372
    },
    "6": {
      "val_acc": 0.4187,
      "gpu_hours": 0.01150034209092458
    },
    "7": {
      "val_acc": 0.4213,
      "gpu_hours": 0.013005817267629836
    },
    "8": {
      "val_acc": 0.4284,
      "gpu_hours": 0.014503420326444838
    },
    "9": {
      "val_acc": 0.41,
      "gpu_hours": 0.016011293199327255
    },
    "10": {
      "val_acc": 0.4237,
      "gpu_hours": 0.017535429464446174
    },
    "11": {
      "val_acc": 0.4267,
      "gpu_hours": 0.01905039343569014
    },
    "12": {
      "val_acc": 0.4237,
      "gpu_hours": 0.020572889380984838
    },
    "13": {
      "val_acc": 0.4219,
      "gpu_hours": 0.02207856787575616
    },
    "14": {
      "val_acc": 0.4228,
      "gpu_hours": 0.02358031604025099
    },
    "15": {
      "val_acc": 0.423,
      "gpu_hours": 0.025085662139786614
    },
    "16": {
      "val_acc": 0.4279,
      "gpu_hours": 0.026581673555903965
    },
    "17": {
      "val_acc": 0.4198,
      "gpu_hours": 0.02808086123731401
    },
    "18": {
      "val_acc": 0.4249,
      "gpu_hours": 0.029586228926976522
    },
    "19": {
      "val_acc": 0.423,
      "gpu_hours": 0.031091348793771532
    },
    "20": {
      "val_acc": 0.4157,
      "gpu_hours": 0.03260895291964213
    },
    "21": {
      "val_acc": 0.4215,
      "gpu_hours": 0.03412420988082886
    },
    "22": {
      "val_acc": 0.4253,
      "gpu_hours": 0.035640493498908146
    },
    "23": {
      "val_acc": 0.4266,
      "gpu_hours": 0.0371693276696735
    },
    "24": {
      "val_acc": 0.4221,
      "gpu_hours": 0.03871324665016598
    },
    "25": {
      "val_acc": 0.4208,
      "gpu_hours": 0.04027640382448832
    },
    "26": {
      "val_acc": 0.4209,
      "gpu_hours": 0.04180828094482422
    },
    "27": {
      "val_acc": 0.4221,
      "gpu_hours": 0.04331901629765828
    },
    "28": {
      "val_acc": 0.4294,
      "gpu_hours": 0.04483166389995151
    },
    "29": {
      "val_acc": 0.4231,
      "gpu_hours": 0.04635594142807854
    }
  }
}