{
  "trial_number": 20,
  "params": {
    "lr": 0.0013292918943162175,
    "weight_decay": 0.006351221010640704,
    "batch_size": 64,
    "dropout": 0.07799726016810132,
    "optimizer": "Adam",
    "scheduler": "plateau",
    "model": "resnet18"
  },
  "best_val_acc": 0.43,
  "total_gpu_hours": 0.04680410424868266,
  "slurm_task": 31,
  "parallel_workers": 40,
  "sampler": "cmaes",
  "dataset": "cifar10",
  "device": "cuda",
  "accuracy_thresholds": {},
  "accuracy_curve": {
    "0": {
      "val_acc": 0.2163,
      "gpu_hours": 0.0020388875404993693
    },
    "1": {
      "val_acc": 0.3113,
      "gpu_hours": 0.0035982207457224526
    },
    "2": {
      "val_acc": 0.248,
      "gpu_hours": 0.005117750498983595
    },
    "3": {
      "val_acc": 0.363,
      "gpu_hours": 0.006626454061932034
    },
    "4": {
      "val_acc": 0.2757,
      "gpu_hours": 0.008163975344763862
    },
    "5": {
      "val_acc": 0.3981,
      "gpu_hours": 0.009748894969622295
    },
    "6": {
      "val_acc": 0.4085,
      "gpu_hours": 0.011289239194658067
    },
    "7": {
      "val_acc": 0.4004,
      "gpu_hours": 0.012808909217516581
    },
    "8": {
      "val_acc": 0.43,
      "gpu_hours": 0.014356131222512987
    },
    "9": {
      "val_acc": 0.4239,
      "gpu_hours": 0.015892077949311998
    },
    "10": {
      "val_acc": 0.4269,
      "gpu_hours": 0.01741672548982832
    },
    "11": {
      "val_acc": 0.4282,
      "gpu_hours": 0.018920450078116522
    },
    "12": {
      "val_acc": 0.4253,
      "gpu_hours": 0.020428350567817687
    },
    "13": {
      "val_acc": 0.4248,
      "gpu_hours": 0.021958153578970168
    },
    "14": {
      "val_acc": 0.4282,
      "gpu_hours": 0.023500513633092246
    },
    "15": {
      "val_acc": 0.422,
      "gpu_hours": 0.025023779802852208
    },
    "16": {
      "val_acc": 0.4282,
      "gpu_hours": 0.02658299426237742
    },
    "17": {
      "val_acc": 0.4216,
      "gpu_hours": 0.028124540117051865
    },
    "18": {
      "val_acc": 0.4261,
      "gpu_hours": 0.029666588107744852
    },
    "19": {
      "val_acc": 0.4235,
      "gpu_hours": 0.031196364760398866
    },
    "20": {
      "val_acc": 0.4271,
      "gpu_hours": 0.03275617924001482
    },
    "21": {
      "val_acc": 0.4237,
      "gpu_hours": 0.03432926714420319
    },
    "22": {
      "val_acc": 0.4285,
      "gpu_hours": 0.035883392757839624
    },
    "23": {
      "val_acc": 0.4284,
      "gpu_hours": 0.037441955871052215
    },
    "24": {
      "val_acc": 0.4284,
      "gpu_hours": 0.03897522038883633
    },
    "25": {
      "val_acc": 0.4235,
      "gpu_hours": 0.040490305622418725
    },
    "26": {
      "val_acc": 0.4233,
      "gpu_hours": 0.042031657497088114
    },
    "27": {
      "val_acc": 0.4275,
      "gpu_hours": 0.04361332966221704
    },
    "28": {
      "val_acc": 0.4276,
      "gpu_hours": 0.04520430306593577
    },
    "29": {
      "val_acc": 0.4235,
      "gpu_hours": 0.04677755210134718
    }
  }
}