{
  "trial_number": 9,
  "params": {
    "lr": 0.0013292918943162175,
    "weight_decay": 0.006351221010640704,
    "batch_size": 64,
    "dropout": 0.07799726016810132,
    "optimizer": "Adam",
    "scheduler": "plateau",
    "model": "resnet18"
  },
  "best_val_acc": 0.4272,
  "total_gpu_hours": 0.047285950978597,
  "slurm_task": 22,
  "parallel_workers": 40,
  "sampler": "cmaes",
  "dataset": "cifar10",
  "device": "cuda",
  "accuracy_thresholds": {},
  "accuracy_curve": {
    "0": {
      "val_acc": 0.1766,
      "gpu_hours": 0.0022643784681955974
    },
    "1": {
      "val_acc": 0.2762,
      "gpu_hours": 0.003844716151555379
    },
    "2": {
      "val_acc": 0.2578,
      "gpu_hours": 0.0053874308533138696
    },
    "3": {
      "val_acc": 0.3093,
      "gpu_hours": 0.006994187037150065
    },
    "4": {
      "val_acc": 0.2832,
      "gpu_hours": 0.008552911480267843
    },
    "5": {
      "val_acc": 0.4035,
      "gpu_hours": 0.01011431164211697
    },
    "6": {
      "val_acc": 0.4026,
      "gpu_hours": 0.011663598749372695
    },
    "7": {
      "val_acc": 0.4117,
      "gpu_hours": 0.013198930819829304
    },
    "8": {
      "val_acc": 0.3916,
      "gpu_hours": 0.01474669251177046
    },
    "9": {
      "val_acc": 0.4272,
      "gpu_hours": 0.016329504450162253
    },
    "10": {
      "val_acc": 0.4186,
      "gpu_hours": 0.017867711318863763
    },
    "11": {
      "val_acc": 0.4216,
      "gpu_hours": 0.01942418866687351
    },
    "12": {
      "val_acc": 0.4217,
      "gpu_hours": 0.02097947663731045
    },
    "13": {
      "val_acc": 0.4212,
      "gpu_hours": 0.02251262923081716
    },
    "14": {
      "val_acc": 0.4184,
      "gpu_hours": 0.024039303527937993
    },
    "15": {
      "val_acc": 0.4169,
      "gpu_hours": 0.0255874502658844
    },
    "16": {
      "val_acc": 0.4145,
      "gpu_hours": 0.027107583946651883
    },
    "17": {
      "val_acc": 0.419,
      "gpu_hours": 0.02865691860516866
    },
    "18": {
      "val_acc": 0.4192,
      "gpu_hours": 0.030209961467319066
    },
    "19": {
      "val_acc": 0.4165,
      "gpu_hours": 0.03173120611243778
    },
    "20": {
      "val_acc": 0.4169,
      "gpu_hours": 0.03327780266602834
    },
    "21": {
      "val_acc": 0.421,
      "gpu_hours": 0.034848669436242846
    },
    "22": {
      "val_acc": 0.4224,
      "gpu_hours": 0.0364175228940116
    },
    "23": {
      "val_acc": 0.4149,
      "gpu_hours": 0.03796553075313568
    },
    "24": {
      "val_acc": 0.4216,
      "gpu_hours": 0.03948203788863288
    },
    "25": {
      "val_acc": 0.4151,
      "gpu_hours": 0.04103515916400485
    },
    "26": {
      "val_acc": 0.4224,
      "gpu_hours": 0.04257570438914829
    },
    "27": {
      "val_acc": 0.4183,
      "gpu_hours": 0.04414480010668437
    },
    "28": {
      "val_acc": 0.4257,
      "gpu_hours": 0.04568107459280226
    },
    "29": {
      "val_acc": 0.4228,
      "gpu_hours": 0.04725712968243493
    }
  }
}