{
  "trial_number": 12,
  "params": {
    "lr": 0.0013292918943162175,
    "weight_decay": 0.006351221010640704,
    "batch_size": 64,
    "dropout": 0.07799726016810132,
    "optimizer": "Adam",
    "scheduler": "plateau",
    "model": "resnet18"
  },
  "best_val_acc": 0.4757,
  "total_gpu_hours": 0.05048903518252903,
  "slurm_task": 6,
  "parallel_workers": 40,
  "sampler": "cmaes",
  "dataset": "cifar10",
  "device": "cuda",
  "accuracy_thresholds": {},
  "accuracy_curve": {
    "0": {
      "val_acc": 0.2136,
      "gpu_hours": 0.006071177456114027
    },
    "1": {
      "val_acc": 0.1903,
      "gpu_hours": 0.007640871140691969
    },
    "2": {
      "val_acc": 0.3374,
      "gpu_hours": 0.009208067191971673
    },
    "3": {
      "val_acc": 0.3304,
      "gpu_hours": 0.01074822379483117
    },
    "4": {
      "val_acc": 0.342,
      "gpu_hours": 0.012270842591921488
    },
    "5": {
      "val_acc": 0.3296,
      "gpu_hours": 0.013793680071830749
    },
    "6": {
      "val_acc": 0.4186,
      "gpu_hours": 0.015295673939916822
    },
    "7": {
      "val_acc": 0.447,
      "gpu_hours": 0.016820393668280708
    },
    "8": {
      "val_acc": 0.4371,
      "gpu_hours": 0.018356382317013212
    },
    "9": {
      "val_acc": 0.4615,
      "gpu_hours": 0.019875119394726224
    },
    "10": {
      "val_acc": 0.4642,
      "gpu_hours": 0.02140039132701026
    },
    "11": {
      "val_acc": 0.4635,
      "gpu_hours": 0.022928604284922282
    },
    "12": {
      "val_acc": 0.4637,
      "gpu_hours": 0.024452314774195353
    },
    "13": {
      "val_acc": 0.4691,
      "gpu_hours": 0.025976145797305637
    },
    "14": {
      "val_acc": 0.4735,
      "gpu_hours": 0.027515239914258322
    },
    "15": {
      "val_acc": 0.4731,
      "gpu_hours": 0.02904980089929369
    },
    "16": {
      "val_acc": 0.471,
      "gpu_hours": 0.030583184427685206
    },
    "17": {
      "val_acc": 0.4684,
      "gpu_hours": 0.03210228814019097
    },
    "18": {
      "val_acc": 0.4707,
      "gpu_hours": 0.03362871196534899
    },
    "19": {
      "val_acc": 0.4695,
      "gpu_hours": 0.03516600794262356
    },
    "20": {
      "val_acc": 0.4737,
      "gpu_hours": 0.03667367531193627
    },
    "21": {
      "val_acc": 0.4724,
      "gpu_hours": 0.03820519268512726
    },
    "22": {
      "val_acc": 0.4687,
      "gpu_hours": 0.039743462403615315
    },
    "23": {
      "val_acc": 0.4705,
      "gpu_hours": 0.04127260002824995
    },
    "24": {
      "val_acc": 0.4692,
      "gpu_hours": 0.042827321489652
    },
    "25": {
      "val_acc": 0.4757,
      "gpu_hours": 0.04434183968438043
    },
    "26": {
      "val_acc": 0.464,
      "gpu_hours": 0.045882890886730615
    },
    "27": {
      "val_acc": 0.4722,
      "gpu_hours": 0.047435651222864784
    },
    "28": {
      "val_acc": 0.4738,
      "gpu_hours": 0.048962440424495275
    },
    "29": {
      "val_acc": 0.4711,
      "gpu_hours": 0.05045627772808075
    }
  }
}