{
  "trial_number": 0,
  "params": {
    "lr": 0.0013292918943162175,
    "weight_decay": 0.006351221010640704,
    "batch_size": 64,
    "dropout": 0.07799726016810132,
    "optimizer": "Adam",
    "scheduler": "plateau",
    "model": "resnet18"
  },
  "best_val_acc": 0.441,
  "total_gpu_hours": 0.047220727933777705,
  "slurm_task": 12,
  "parallel_workers": 40,
  "sampler": "cmaes",
  "dataset": "cifar10",
  "device": "cuda",
  "accuracy_thresholds": {},
  "accuracy_curve": {
    "0": {
      "val_acc": 0.1845,
      "gpu_hours": 0.002140212853749593
    },
    "1": {
      "val_acc": 0.259,
      "gpu_hours": 0.0036719566583633422
    },
    "2": {
      "val_acc": 0.2573,
      "gpu_hours": 0.005209043025970459
    },
    "3": {
      "val_acc": 0.3232,
      "gpu_hours": 0.006758057210180494
    },
    "4": {
      "val_acc": 0.2694,
      "gpu_hours": 0.008316842648718093
    },
    "5": {
      "val_acc": 0.4149,
      "gpu_hours": 0.009872572157118056
    },
    "6": {
      "val_acc": 0.4076,
      "gpu_hours": 0.01144175476498074
    },
    "7": {
      "val_acc": 0.4193,
      "gpu_hours": 0.013008264501889548
    },
    "8": {
      "val_acc": 0.4194,
      "gpu_hours": 0.014577020539177789
    },
    "9": {
      "val_acc": 0.4384,
      "gpu_hours": 0.016132826142840916
    },
    "10": {
      "val_acc": 0.4405,
      "gpu_hours": 0.017688250343004863
    },
    "11": {
      "val_acc": 0.441,
      "gpu_hours": 0.019248465630743238
    },
    "12": {
      "val_acc": 0.4307,
      "gpu_hours": 0.020807843605677286
    },
    "13": {
      "val_acc": 0.4343,
      "gpu_hours": 0.02238161716196272
    },
    "14": {
      "val_acc": 0.4406,
      "gpu_hours": 0.023939116332266065
    },
    "15": {
      "val_acc": 0.4401,
      "gpu_hours": 0.025478629734781055
    },
    "16": {
      "val_acc": 0.438,
      "gpu_hours": 0.02703359451558855
    },
    "17": {
      "val_acc": 0.4307,
      "gpu_hours": 0.028588324387868246
    },
    "18": {
      "val_acc": 0.4394,
      "gpu_hours": 0.030111494461695355
    },
    "19": {
      "val_acc": 0.4391,
      "gpu_hours": 0.031699458294444614
    },
    "20": {
      "val_acc": 0.4343,
      "gpu_hours": 0.03324378477202521
    },
    "21": {
      "val_acc": 0.4337,
      "gpu_hours": 0.03482579165034824
    },
    "22": {
      "val_acc": 0.4383,
      "gpu_hours": 0.03636685172716776
    },
    "23": {
      "val_acc": 0.4363,
      "gpu_hours": 0.03788813710212707
    },
    "24": {
      "val_acc": 0.4325,
      "gpu_hours": 0.03943612880176968
    },
    "25": {
      "val_acc": 0.4368,
      "gpu_hours": 0.040978359116448294
    },
    "26": {
      "val_acc": 0.4345,
      "gpu_hours": 0.04253872851530711
    },
    "27": {
      "val_acc": 0.4386,
      "gpu_hours": 0.04411677214834425
    },
    "28": {
      "val_acc": 0.4325,
      "gpu_hours": 0.04567021442784203
    },
    "29": {
      "val_acc": 0.4396,
      "gpu_hours": 0.04719115648004744
    }
  }
}