{
  "trial_number": 17,
  "params": {
    "lr": 0.0013292918943162175,
    "weight_decay": 0.006351221010640704,
    "batch_size": 64,
    "dropout": 0.07799726016810132,
    "optimizer": "Adam",
    "scheduler": "plateau",
    "model": "resnet18"
  },
  "best_val_acc": 0.4271,
  "total_gpu_hours": 0.04738852196269565,
  "slurm_task": 30,
  "parallel_workers": 40,
  "sampler": "cmaes",
  "dataset": "cifar10",
  "device": "cuda",
  "accuracy_thresholds": {},
  "accuracy_curve": {
    "0": {
      "val_acc": 0.2247,
      "gpu_hours": 0.003242611553933885
    },
    "1": {
      "val_acc": 0.233,
      "gpu_hours": 0.004789341423246596
    },
    "2": {
      "val_acc": 0.2854,
      "gpu_hours": 0.0062926942772335475
    },
    "3": {
      "val_acc": 0.3884,
      "gpu_hours": 0.0078039417664210005
    },
    "4": {
      "val_acc": 0.348,
      "gpu_hours": 0.009323828551504347
    },
    "5": {
      "val_acc": 0.4131,
      "gpu_hours": 0.010815399818950229
    },
    "6": {
      "val_acc": 0.4158,
      "gpu_hours": 0.012338613205485873
    },
    "7": {
      "val_acc": 0.4015,
      "gpu_hours": 0.013858998351626926
    },
    "8": {
      "val_acc": 0.4178,
      "gpu_hours": 0.015366568366686503
    },
    "9": {
      "val_acc": 0.4256,
      "gpu_hours": 0.016862153543366325
    },
    "10": {
      "val_acc": 0.4268,
      "gpu_hours": 0.018365077045228745
    },
    "11": {
      "val_acc": 0.4193,
      "gpu_hours": 0.019894182748264738
    },
    "12": {
      "val_acc": 0.4203,
      "gpu_hours": 0.0214413097831938
    },
    "13": {
      "val_acc": 0.4256,
      "gpu_hours": 0.02295048971970876
    },
    "14": {
      "val_acc": 0.4236,
      "gpu_hours": 0.024472892681757608
    },
    "15": {
      "val_acc": 0.4252,
      "gpu_hours": 0.025985109872288175
    },
    "16": {
      "val_acc": 0.4254,
      "gpu_hours": 0.027501158052020604
    },
    "17": {
      "val_acc": 0.4219,
      "gpu_hours": 0.029026268588172064
    },
    "18": {
      "val_acc": 0.4238,
      "gpu_hours": 0.03055138389269511
    },
    "19": {
      "val_acc": 0.4236,
      "gpu_hours": 0.03205972062216865
    },
    "20": {
      "val_acc": 0.4213,
      "gpu_hours": 0.033594081534279716
    },
    "21": {
      "val_acc": 0.4236,
      "gpu_hours": 0.03513333466317919
    },
    "22": {
      "val_acc": 0.4249,
      "gpu_hours": 0.03666928973462846
    },
    "23": {
      "val_acc": 0.4214,
      "gpu_hours": 0.038191702564557395
    },
    "24": {
      "val_acc": 0.4235,
      "gpu_hours": 0.03970121535989973
    },
    "25": {
      "val_acc": 0.4255,
      "gpu_hours": 0.04123803496360779
    },
    "26": {
      "val_acc": 0.4217,
      "gpu_hours": 0.04278332855966356
    },
    "27": {
      "val_acc": 0.4175,
      "gpu_hours": 0.044338856935501096
    },
    "28": {
      "val_acc": 0.4271,
      "gpu_hours": 0.045848608281877305
    },
    "29": {
      "val_acc": 0.4253,
      "gpu_hours": 0.04736055552959442
    }
  }
}