{
  "trial_number": 9,
  "params": {
    "lr": 0.0013292918943162175,
    "weight_decay": 0.006351221010640704,
    "batch_size": 64,
    "dropout": 0.07799726016810132,
    "optimizer": "Adam",
    "scheduler": "plateau",
    "model": "resnet18"
  },
  "best_val_acc": 0.4503,
  "total_gpu_hours": 0.04738690084881253,
  "slurm_task": 10,
  "parallel_workers": 40,
  "sampler": "cmaes",
  "dataset": "cifar10",
  "device": "cuda",
  "accuracy_thresholds": {},
  "accuracy_curve": {
    "0": {
      "val_acc": 0.1829,
      "gpu_hours": 0.0020457730690638222
    },
    "1": {
      "val_acc": 0.2128,
      "gpu_hours": 0.003579482369952732
    },
    "2": {
      "val_acc": 0.2859,
      "gpu_hours": 0.005133624341752794
    },
    "3": {
      "val_acc": 0.2597,
      "gpu_hours": 0.006787678864267137
    },
    "4": {
      "val_acc": 0.3453,
      "gpu_hours": 0.008333658576011658
    },
    "5": {
      "val_acc": 0.4196,
      "gpu_hours": 0.009923310014936659
    },
    "6": {
      "val_acc": 0.4261,
      "gpu_hours": 0.011502669254938761
    },
    "7": {
      "val_acc": 0.4368,
      "gpu_hours": 0.01305068572362264
    },
    "8": {
      "val_acc": 0.4143,
      "gpu_hours": 0.01463554475042555
    },
    "9": {
      "val_acc": 0.4451,
      "gpu_hours": 0.016178530653317768
    },
    "10": {
      "val_acc": 0.4438,
      "gpu_hours": 0.01776034507486555
    },
    "11": {
      "val_acc": 0.4414,
      "gpu_hours": 0.01933061718940735
    },
    "12": {
      "val_acc": 0.4475,
      "gpu_hours": 0.0208768798245324
    },
    "13": {
      "val_acc": 0.4503,
      "gpu_hours": 0.022433931761317784
    },
    "14": {
      "val_acc": 0.4481,
      "gpu_hours": 0.023992655939526028
    },
    "15": {
      "val_acc": 0.4413,
      "gpu_hours": 0.025531402031580608
    },
    "16": {
      "val_acc": 0.4455,
      "gpu_hours": 0.027073138819800485
    },
    "17": {
      "val_acc": 0.4428,
      "gpu_hours": 0.028669213983747693
    },
    "18": {
      "val_acc": 0.4469,
      "gpu_hours": 0.030200758046574062
    },
    "19": {
      "val_acc": 0.447,
      "gpu_hours": 0.031753879520628185
    },
    "20": {
      "val_acc": 0.4479,
      "gpu_hours": 0.03331395970450507
    },
    "21": {
      "val_acc": 0.4467,
      "gpu_hours": 0.03487826897038354
    },
    "22": {
      "val_acc": 0.4487,
      "gpu_hours": 0.03645118779606289
    },
    "23": {
      "val_acc": 0.4462,
      "gpu_hours": 0.03798379871580336
    },
    "24": {
      "val_acc": 0.4474,
      "gpu_hours": 0.03954628931151496
    },
    "25": {
      "val_acc": 0.4482,
      "gpu_hours": 0.041137494775984024
    },
    "26": {
      "val_acc": 0.4471,
      "gpu_hours": 0.042699828412797715
    },
    "27": {
      "val_acc": 0.45,
      "gpu_hours": 0.04425665729575687
    },
    "28": {
      "val_acc": 0.4483,
      "gpu_hours": 0.04579644958178202
    },
    "29": {
      "val_acc": 0.4466,
      "gpu_hours": 0.04734192656146156
    }
  }
}