{
  "trial_number": 15,
  "params": {
    "lr": 0.0013292918943162175,
    "weight_decay": 0.006351221010640704,
    "batch_size": 64,
    "dropout": 0.07799726016810132,
    "optimizer": "Adam",
    "scheduler": "plateau",
    "model": "resnet18"
  },
  "best_val_acc": 0.4186,
  "total_gpu_hours": 0.046650351683298744,
  "slurm_task": 24,
  "parallel_workers": 40,
  "sampler": "cmaes",
  "dataset": "cifar10",
  "device": "cuda",
  "accuracy_thresholds": {},
  "accuracy_curve": {
    "0": {
      "val_acc": 0.1791,
      "gpu_hours": 0.0020590516593721178
    },
    "1": {
      "val_acc": 0.2953,
      "gpu_hours": 0.0035920039812723796
    },
    "2": {
      "val_acc": 0.3536,
      "gpu_hours": 0.005137306385570102
    },
    "3": {
      "val_acc": 0.3003,
      "gpu_hours": 0.006675125625398424
    },
    "4": {
      "val_acc": 0.3572,
      "gpu_hours": 0.008228075570530362
    },
    "5": {
      "val_acc": 0.4005,
      "gpu_hours": 0.009773732158872816
    },
    "6": {
      "val_acc": 0.3933,
      "gpu_hours": 0.011300824946827359
    },
    "7": {
      "val_acc": 0.4053,
      "gpu_hours": 0.012844593988524543
    },
    "8": {
      "val_acc": 0.3885,
      "gpu_hours": 0.014381954405042861
    },
    "9": {
      "val_acc": 0.4116,
      "gpu_hours": 0.015920129153463577
    },
    "10": {
      "val_acc": 0.4186,
      "gpu_hours": 0.017443808052274915
    },
    "11": {
      "val_acc": 0.4123,
      "gpu_hours": 0.0190078204870224
    },
    "12": {
      "val_acc": 0.4109,
      "gpu_hours": 0.02053799569606781
    },
    "13": {
      "val_acc": 0.4167,
      "gpu_hours": 0.022106846902105542
    },
    "14": {
      "val_acc": 0.416,
      "gpu_hours": 0.023632820049921673
    },
    "15": {
      "val_acc": 0.415,
      "gpu_hours": 0.025186468296580843
    },
    "16": {
      "val_acc": 0.4174,
      "gpu_hours": 0.02676532917552524
    },
    "17": {
      "val_acc": 0.4135,
      "gpu_hours": 0.028293936053911846
    },
    "18": {
      "val_acc": 0.4168,
      "gpu_hours": 0.02982735812664032
    },
    "19": {
      "val_acc": 0.4166,
      "gpu_hours": 0.03135382168822819
    },
    "20": {
      "val_acc": 0.417,
      "gpu_hours": 0.032877534826596576
    },
    "21": {
      "val_acc": 0.4126,
      "gpu_hours": 0.03440089464187622
    },
    "22": {
      "val_acc": 0.4163,
      "gpu_hours": 0.03594844486978319
    },
    "23": {
      "val_acc": 0.4136,
      "gpu_hours": 0.03748593787352244
    },
    "24": {
      "val_acc": 0.4091,
      "gpu_hours": 0.038998264339235096
    },
    "25": {
      "val_acc": 0.4139,
      "gpu_hours": 0.04051317208343082
    },
    "26": {
      "val_acc": 0.4161,
      "gpu_hours": 0.042031052178806726
    },
    "27": {
      "val_acc": 0.4133,
      "gpu_hours": 0.043567162487241955
    },
    "28": {
      "val_acc": 0.417,
      "gpu_hours": 0.04509749624464247
    },
    "29": {
      "val_acc": 0.4131,
      "gpu_hours": 0.046619436542193096
    }
  }
}