{
  "trial_number": 2,
  "params": {
    "lr": 0.0013292918943162175,
    "weight_decay": 0.006351221010640704,
    "batch_size": 64,
    "dropout": 0.07799726016810132,
    "optimizer": "Adam",
    "scheduler": "plateau",
    "model": "resnet18"
  },
  "best_val_acc": 0.4516,
  "total_gpu_hours": 0.04792767650551266,
  "slurm_task": 3,
  "parallel_workers": 40,
  "sampler": "cmaes",
  "dataset": "cifar10",
  "device": "cuda",
  "accuracy_thresholds": {},
  "accuracy_curve": {
    "0": {
      "val_acc": 0.1742,
      "gpu_hours": 0.002225996653238932
    },
    "1": {
      "val_acc": 0.2899,
      "gpu_hours": 0.003763935102356805
    },
    "2": {
      "val_acc": 0.3135,
      "gpu_hours": 0.0052774212757746375
    },
    "3": {
      "val_acc": 0.3025,
      "gpu_hours": 0.007617173459794786
    },
    "4": {
      "val_acc": 0.3122,
      "gpu_hours": 0.009180729786554973
    },
    "5": {
      "val_acc": 0.4187,
      "gpu_hours": 0.010732403596242269
    },
    "6": {
      "val_acc": 0.4114,
      "gpu_hours": 0.012286148269971212
    },
    "7": {
      "val_acc": 0.4274,
      "gpu_hours": 0.01382133662700653
    },
    "8": {
      "val_acc": 0.4016,
      "gpu_hours": 0.01538352562321557
    },
    "9": {
      "val_acc": 0.4463,
      "gpu_hours": 0.016925193071365356
    },
    "10": {
      "val_acc": 0.4489,
      "gpu_hours": 0.0184711887439092
    },
    "11": {
      "val_acc": 0.4448,
      "gpu_hours": 0.02003923939334022
    },
    "12": {
      "val_acc": 0.4482,
      "gpu_hours": 0.021605140964190164
    },
    "13": {
      "val_acc": 0.4496,
      "gpu_hours": 0.023130705687734815
    },
    "14": {
      "val_acc": 0.4487,
      "gpu_hours": 0.02467135793632931
    },
    "15": {
      "val_acc": 0.448,
      "gpu_hours": 0.026199258632130094
    },
    "16": {
      "val_acc": 0.4471,
      "gpu_hours": 0.027740408182144165
    },
    "17": {
      "val_acc": 0.4516,
      "gpu_hours": 0.02928624868392944
    },
    "18": {
      "val_acc": 0.4477,
      "gpu_hours": 0.030840128461519876
    },
    "19": {
      "val_acc": 0.4513,
      "gpu_hours": 0.03238610214657254
    },
    "20": {
      "val_acc": 0.4507,
      "gpu_hours": 0.03393093923727671
    },
    "21": {
      "val_acc": 0.4494,
      "gpu_hours": 0.035456184479925365
    },
    "22": {
      "val_acc": 0.4488,
      "gpu_hours": 0.03702064553896586
    },
    "23": {
      "val_acc": 0.4493,
      "gpu_hours": 0.03857380515999264
    },
    "24": {
      "val_acc": 0.4502,
      "gpu_hours": 0.04013608309957716
    },
    "25": {
      "val_acc": 0.4498,
      "gpu_hours": 0.0416595905356937
    },
    "26": {
      "val_acc": 0.4448,
      "gpu_hours": 0.043229279120763145
    },
    "27": {
      "val_acc": 0.449,
      "gpu_hours": 0.04473051846027374
    },
    "28": {
      "val_acc": 0.4493,
      "gpu_hours": 0.046309588154157005
    },
    "29": {
      "val_acc": 0.4489,
      "gpu_hours": 0.04788172748353746
    }
  }
}