{
  "trial_number": 3,
  "params": {
    "lr": 0.0013292918943162175,
    "weight_decay": 0.006351221010640704,
    "batch_size": 64,
    "dropout": 0.07799726016810132,
    "optimizer": "Adam",
    "scheduler": "plateau",
    "model": "resnet18"
  },
  "best_val_acc": 0.4292,
  "total_gpu_hours": 0.047113232016563415,
  "slurm_task": 4,
  "parallel_workers": 40,
  "sampler": "cmaes",
  "dataset": "cifar10",
  "device": "cuda",
  "accuracy_thresholds": {},
  "accuracy_curve": {
    "0": {
      "val_acc": 0.1708,
      "gpu_hours": 0.0021846326854493884
    },
    "1": {
      "val_acc": 0.2196,
      "gpu_hours": 0.003743783368004693
    },
    "2": {
      "val_acc": 0.3365,
      "gpu_hours": 0.005284297466278076
    },
    "3": {
      "val_acc": 0.367,
      "gpu_hours": 0.006941388646761576
    },
    "4": {
      "val_acc": 0.3278,
      "gpu_hours": 0.00852561440732744
    },
    "5": {
      "val_acc": 0.4082,
      "gpu_hours": 0.01009332365459866
    },
    "6": {
      "val_acc": 0.4091,
      "gpu_hours": 0.01164945940176646
    },
    "7": {
      "val_acc": 0.4137,
      "gpu_hours": 0.013198267486360339
    },
    "8": {
      "val_acc": 0.4167,
      "gpu_hours": 0.014753030207422045
    },
    "9": {
      "val_acc": 0.4178,
      "gpu_hours": 0.01628821743859185
    },
    "10": {
      "val_acc": 0.4186,
      "gpu_hours": 0.017829969459109835
    },
    "11": {
      "val_acc": 0.4282,
      "gpu_hours": 0.0193732527229521
    },
    "12": {
      "val_acc": 0.4272,
      "gpu_hours": 0.02092982331911723
    },
    "13": {
      "val_acc": 0.4281,
      "gpu_hours": 0.022476858960257636
    },
    "14": {
      "val_acc": 0.42,
      "gpu_hours": 0.023993210858768887
    },
    "15": {
      "val_acc": 0.4263,
      "gpu_hours": 0.025538304249445597
    },
    "16": {
      "val_acc": 0.4264,
      "gpu_hours": 0.027096155616972182
    },
    "17": {
      "val_acc": 0.4273,
      "gpu_hours": 0.028612507714165583
    },
    "18": {
      "val_acc": 0.4266,
      "gpu_hours": 0.030145692229270934
    },
    "19": {
      "val_acc": 0.4255,
      "gpu_hours": 0.031691020064883765
    },
    "20": {
      "val_acc": 0.426,
      "gpu_hours": 0.033243523836135866
    },
    "21": {
      "val_acc": 0.425,
      "gpu_hours": 0.03478390448623234
    },
    "22": {
      "val_acc": 0.4237,
      "gpu_hours": 0.036313892338011
    },
    "23": {
      "val_acc": 0.4268,
      "gpu_hours": 0.0378508421447542
    },
    "24": {
      "val_acc": 0.4231,
      "gpu_hours": 0.0393903519709905
    },
    "25": {
      "val_acc": 0.4289,
      "gpu_hours": 0.04092666890886095
    },
    "26": {
      "val_acc": 0.426,
      "gpu_hours": 0.04247326201862759
    },
    "27": {
      "val_acc": 0.4292,
      "gpu_hours": 0.043993821409013534
    },
    "28": {
      "val_acc": 0.4248,
      "gpu_hours": 0.04554101202223036
    },
    "29": {
      "val_acc": 0.4272,
      "gpu_hours": 0.04708362970087263
    }
  }
}