{
  "trial_number": 25,
  "params": {
    "lr": 0.0013292918943162175,
    "weight_decay": 0.006351221010640704,
    "batch_size": 64,
    "dropout": 0.07799726016810132,
    "optimizer": "Adam",
    "scheduler": "plateau",
    "model": "resnet18"
  },
  "best_val_acc": 0.4649,
  "total_gpu_hours": 0.046349916524357264,
  "slurm_task": 36,
  "parallel_workers": 40,
  "sampler": "cmaes",
  "dataset": "cifar10",
  "device": "cuda",
  "accuracy_thresholds": {},
  "accuracy_curve": {
    "0": {
      "val_acc": 0.217,
      "gpu_hours": 0.002079316510094537
    },
    "1": {
      "val_acc": 0.3031,
      "gpu_hours": 0.0036311170127656723
    },
    "2": {
      "val_acc": 0.3505,
      "gpu_hours": 0.005182204710112678
    },
    "3": {
      "val_acc": 0.3167,
      "gpu_hours": 0.006740327808592054
    },
    "4": {
      "val_acc": 0.3039,
      "gpu_hours": 0.008313553002145556
    },
    "5": {
      "val_acc": 0.4379,
      "gpu_hours": 0.009865914715660944
    },
    "6": {
      "val_acc": 0.4545,
      "gpu_hours": 0.011440662874115838
    },
    "7": {
      "val_acc": 0.4196,
      "gpu_hours": 0.012934525542789035
    },
    "8": {
      "val_acc": 0.4365,
      "gpu_hours": 0.014448249737421672
    },
    "9": {
      "val_acc": 0.4607,
      "gpu_hours": 0.015949324899249606
    },
    "10": {
      "val_acc": 0.4572,
      "gpu_hours": 0.017469836605919734
    },
    "11": {
      "val_acc": 0.4613,
      "gpu_hours": 0.018971033957269456
    },
    "12": {
      "val_acc": 0.4633,
      "gpu_hours": 0.020499612556563483
    },
    "13": {
      "val_acc": 0.46,
      "gpu_hours": 0.022017910016907585
    },
    "14": {
      "val_acc": 0.4613,
      "gpu_hours": 0.023532457749048868
    },
    "15": {
      "val_acc": 0.4603,
      "gpu_hours": 0.02505719323952993
    },
    "16": {
      "val_acc": 0.4598,
      "gpu_hours": 0.026566483974456788
    },
    "17": {
      "val_acc": 0.4649,
      "gpu_hours": 0.02809295912583669
    },
    "18": {
      "val_acc": 0.4606,
      "gpu_hours": 0.029612931278016834
    },
    "19": {
      "val_acc": 0.4582,
      "gpu_hours": 0.031140376329421997
    },
    "20": {
      "val_acc": 0.4629,
      "gpu_hours": 0.03268634372287326
    },
    "21": {
      "val_acc": 0.4579,
      "gpu_hours": 0.0341726647482978
    },
    "22": {
      "val_acc": 0.4581,
      "gpu_hours": 0.03568375110626221
    },
    "23": {
      "val_acc": 0.46,
      "gpu_hours": 0.037181649605433145
    },
    "24": {
      "val_acc": 0.4589,
      "gpu_hours": 0.03869946605629391
    },
    "25": {
      "val_acc": 0.4576,
      "gpu_hours": 0.040218784544203016
    },
    "26": {
      "val_acc": 0.4638,
      "gpu_hours": 0.041744087603357106
    },
    "27": {
      "val_acc": 0.4646,
      "gpu_hours": 0.04328826513555315
    },
    "28": {
      "val_acc": 0.462,
      "gpu_hours": 0.044822391801410254
    },
    "29": {
      "val_acc": 0.4628,
      "gpu_hours": 0.04632855667008294
    }
  }
}