{
  "trial_number": 1,
  "params": {
    "lr": 0.0013292918943162175,
    "weight_decay": 0.006351221010640704,
    "batch_size": 64,
    "dropout": 0.07799726016810132,
    "optimizer": "Adam",
    "scheduler": "plateau",
    "model": "resnet18"
  },
  "best_val_acc": 0.4246,
  "total_gpu_hours": 0.04693326075871786,
  "slurm_task": 18,
  "parallel_workers": 40,
  "sampler": "cmaes",
  "dataset": "cifar10",
  "device": "cuda",
  "accuracy_thresholds": {},
  "accuracy_curve": {
    "0": {
      "val_acc": 0.2576,
      "gpu_hours": 0.0020356943209966023
    },
    "1": {
      "val_acc": 0.2057,
      "gpu_hours": 0.003579794102244907
    },
    "2": {
      "val_acc": 0.3075,
      "gpu_hours": 0.005108631783061557
    },
    "3": {
      "val_acc": 0.2766,
      "gpu_hours": 0.006645022100872464
    },
    "4": {
      "val_acc": 0.3382,
      "gpu_hours": 0.008206518358654446
    },
    "5": {
      "val_acc": 0.3537,
      "gpu_hours": 0.00976344605286916
    },
    "6": {
      "val_acc": 0.4131,
      "gpu_hours": 0.011288049221038819
    },
    "7": {
      "val_acc": 0.4017,
      "gpu_hours": 0.012821867797109816
    },
    "8": {
      "val_acc": 0.3932,
      "gpu_hours": 0.014363454514079624
    },
    "9": {
      "val_acc": 0.4104,
      "gpu_hours": 0.015889775421884324
    },
    "10": {
      "val_acc": 0.4155,
      "gpu_hours": 0.017417160736189947
    },
    "11": {
      "val_acc": 0.4184,
      "gpu_hours": 0.018957688675986396
    },
    "12": {
      "val_acc": 0.4246,
      "gpu_hours": 0.020520735846625435
    },
    "13": {
      "val_acc": 0.4205,
      "gpu_hours": 0.022069676054848567
    },
    "14": {
      "val_acc": 0.4191,
      "gpu_hours": 0.023606489499409994
    },
    "15": {
      "val_acc": 0.416,
      "gpu_hours": 0.02515920294655694
    },
    "16": {
      "val_acc": 0.4192,
      "gpu_hours": 0.02670368340280321
    },
    "17": {
      "val_acc": 0.4213,
      "gpu_hours": 0.028293495840496487
    },
    "18": {
      "val_acc": 0.4219,
      "gpu_hours": 0.029852507975366382
    },
    "19": {
      "val_acc": 0.4231,
      "gpu_hours": 0.031403885152604845
    },
    "20": {
      "val_acc": 0.4194,
      "gpu_hours": 0.03294652230209774
    },
    "21": {
      "val_acc": 0.4204,
      "gpu_hours": 0.03450646393828922
    },
    "22": {
      "val_acc": 0.4234,
      "gpu_hours": 0.036053163078096175
    },
    "23": {
      "val_acc": 0.4223,
      "gpu_hours": 0.03760561856958601
    },
    "24": {
      "val_acc": 0.4163,
      "gpu_hours": 0.03916108906269074
    },
    "25": {
      "val_acc": 0.4217,
      "gpu_hours": 0.0407110736767451
    },
    "26": {
      "val_acc": 0.4174,
      "gpu_hours": 0.042247550619973075
    },
    "27": {
      "val_acc": 0.4146,
      "gpu_hours": 0.04379835142029656
    },
    "28": {
      "val_acc": 0.4183,
      "gpu_hours": 0.04537043319808112
    },
    "29": {
      "val_acc": 0.4153,
      "gpu_hours": 0.046908711128764685
    }
  }
}