{
  "trial_number": 35,
  "params": {
    "lr": 0.0013292918943162175,
    "weight_decay": 0.006351221010640704,
    "batch_size": 64,
    "dropout": 0.07799726016810132,
    "optimizer": "Adam",
    "scheduler": "plateau",
    "model": "resnet18"
  },
  "best_val_acc": 0.5057,
  "total_gpu_hours": 0.046900484495692785,
  "slurm_task": 35,
  "parallel_workers": 40,
  "sampler": "cmaes",
  "dataset": "cifar10",
  "device": "cuda",
  "accuracy_thresholds": {},
  "accuracy_curve": {
    "0": {
      "val_acc": 0.1171,
      "gpu_hours": 0.0020374220609664915
    },
    "1": {
      "val_acc": 0.2755,
      "gpu_hours": 0.003624719116422865
    },
    "2": {
      "val_acc": 0.3696,
      "gpu_hours": 0.0052031089199913875
    },
    "3": {
      "val_acc": 0.3379,
      "gpu_hours": 0.0067431560489866465
    },
    "4": {
      "val_acc": 0.3322,
      "gpu_hours": 0.008272507455613878
    },
    "5": {
      "val_acc": 0.4577,
      "gpu_hours": 0.009835215740733677
    },
    "6": {
      "val_acc": 0.4797,
      "gpu_hours": 0.011380254626274108
    },
    "7": {
      "val_acc": 0.4709,
      "gpu_hours": 0.012927078472243414
    },
    "8": {
      "val_acc": 0.4947,
      "gpu_hours": 0.014515583978758918
    },
    "9": {
      "val_acc": 0.501,
      "gpu_hours": 0.016070722937583923
    },
    "10": {
      "val_acc": 0.4975,
      "gpu_hours": 0.01759290662076738
    },
    "11": {
      "val_acc": 0.5024,
      "gpu_hours": 0.01910898513264126
    },
    "12": {
      "val_acc": 0.5047,
      "gpu_hours": 0.02064225004778968
    },
    "13": {
      "val_acc": 0.5047,
      "gpu_hours": 0.02218132416407267
    },
    "14": {
      "val_acc": 0.5025,
      "gpu_hours": 0.02371890617741479
    },
    "15": {
      "val_acc": 0.5024,
      "gpu_hours": 0.025266789926422967
    },
    "16": {
      "val_acc": 0.5043,
      "gpu_hours": 0.026852723161379495
    },
    "17": {
      "val_acc": 0.5057,
      "gpu_hours": 0.028389237523078918
    },
    "18": {
      "val_acc": 0.5039,
      "gpu_hours": 0.029941867854860093
    },
    "19": {
      "val_acc": 0.5041,
      "gpu_hours": 0.031477840145428974
    },
    "20": {
      "val_acc": 0.504,
      "gpu_hours": 0.03300806456142002
    },
    "21": {
      "val_acc": 0.5035,
      "gpu_hours": 0.034548928803867764
    },
    "22": {
      "val_acc": 0.5044,
      "gpu_hours": 0.03607453293270535
    },
    "23": {
      "val_acc": 0.5048,
      "gpu_hours": 0.037641318241755164
    },
    "24": {
      "val_acc": 0.5018,
      "gpu_hours": 0.03920188738240136
    },
    "25": {
      "val_acc": 0.505,
      "gpu_hours": 0.04077835844622718
    },
    "26": {
      "val_acc": 0.505,
      "gpu_hours": 0.04230147533946567
    },
    "27": {
      "val_acc": 0.5014,
      "gpu_hours": 0.04384132325649261
    },
    "28": {
      "val_acc": 0.5018,
      "gpu_hours": 0.04534112685256534
    },
    "29": {
      "val_acc": 0.5047,
      "gpu_hours": 0.04684236188729604
    }
  }
}