{
  "trial_number": 3,
  "params": {
    "lr": 0.0013292918943162175,
    "weight_decay": 0.006351221010640704,
    "batch_size": 64,
    "dropout": 0.07799726016810132,
    "optimizer": "Adam",
    "scheduler": "plateau",
    "model": "resnet18"
  },
  "best_val_acc": 0.4019,
  "total_gpu_hours": 0.047163528402646385,
  "slurm_task": 20,
  "parallel_workers": 40,
  "sampler": "cmaes",
  "dataset": "cifar10",
  "device": "cuda",
  "accuracy_thresholds": {},
  "accuracy_curve": {
    "0": {
      "val_acc": 0.2495,
      "gpu_hours": 0.002085258099767897
    },
    "1": {
      "val_acc": 0.2372,
      "gpu_hours": 0.0036326358053419324
    },
    "2": {
      "val_acc": 0.2656,
      "gpu_hours": 0.00520842883321974
    },
    "3": {
      "val_acc": 0.3185,
      "gpu_hours": 0.006760903331968519
    },
    "4": {
      "val_acc": 0.3624,
      "gpu_hours": 0.00833914836247762
    },
    "5": {
      "val_acc": 0.3276,
      "gpu_hours": 0.009859779940711128
    },
    "6": {
      "val_acc": 0.3901,
      "gpu_hours": 0.011444950103759765
    },
    "7": {
      "val_acc": 0.3946,
      "gpu_hours": 0.013005987869368659
    },
    "8": {
      "val_acc": 0.3943,
      "gpu_hours": 0.014546048906114366
    },
    "9": {
      "val_acc": 0.394,
      "gpu_hours": 0.016126534872584874
    },
    "10": {
      "val_acc": 0.399,
      "gpu_hours": 0.01768480744626787
    },
    "11": {
      "val_acc": 0.4001,
      "gpu_hours": 0.019242161181237963
    },
    "12": {
      "val_acc": 0.3985,
      "gpu_hours": 0.020792208909988404
    },
    "13": {
      "val_acc": 0.4001,
      "gpu_hours": 0.022353965044021606
    },
    "14": {
      "val_acc": 0.4006,
      "gpu_hours": 0.02394767224788666
    },
    "15": {
      "val_acc": 0.3994,
      "gpu_hours": 0.025519235531489055
    },
    "16": {
      "val_acc": 0.3995,
      "gpu_hours": 0.02705768644809723
    },
    "17": {
      "val_acc": 0.3996,
      "gpu_hours": 0.028592071996794807
    },
    "18": {
      "val_acc": 0.3971,
      "gpu_hours": 0.030139470762676663
    },
    "19": {
      "val_acc": 0.3999,
      "gpu_hours": 0.031682092083825004
    },
    "20": {
      "val_acc": 0.4019,
      "gpu_hours": 0.03319964978430006
    },
    "21": {
      "val_acc": 0.4002,
      "gpu_hours": 0.03473365988996294
    },
    "22": {
      "val_acc": 0.3979,
      "gpu_hours": 0.036269476678636337
    },
    "23": {
      "val_acc": 0.3998,
      "gpu_hours": 0.03782746884557936
    },
    "24": {
      "val_acc": 0.3985,
      "gpu_hours": 0.039378070169024997
    },
    "25": {
      "val_acc": 0.3974,
      "gpu_hours": 0.04089562396208445
    },
    "26": {
      "val_acc": 0.3925,
      "gpu_hours": 0.04243969705369737
    },
    "27": {
      "val_acc": 0.4011,
      "gpu_hours": 0.043995113836394414
    },
    "28": {
      "val_acc": 0.3978,
      "gpu_hours": 0.045548832946353486
    },
    "29": {
      "val_acc": 0.3985,
      "gpu_hours": 0.04710156950685713
    }
  }
}