{
  "trial_number": 13,
  "params": {
    "lr": 0.0013292918943162175,
    "weight_decay": 0.006351221010640704,
    "batch_size": 64,
    "dropout": 0.07799726016810132,
    "optimizer": "Adam",
    "scheduler": "plateau",
    "model": "resnet18"
  },
  "best_val_acc": 0.4319,
  "total_gpu_hours": 0.047140884002049764,
  "slurm_task": 25,
  "parallel_workers": 40,
  "sampler": "cmaes",
  "dataset": "cifar10",
  "device": "cuda",
  "accuracy_thresholds": {},
  "accuracy_curve": {
    "0": {
      "val_acc": 0.2475,
      "gpu_hours": 0.002043227156003316
    },
    "1": {
      "val_acc": 0.2702,
      "gpu_hours": 0.0036399732695685492
    },
    "2": {
      "val_acc": 0.2859,
      "gpu_hours": 0.005196971164809333
    },
    "3": {
      "val_acc": 0.254,
      "gpu_hours": 0.00673729313744439
    },
    "4": {
      "val_acc": 0.3296,
      "gpu_hours": 0.008316131830215455
    },
    "5": {
      "val_acc": 0.4197,
      "gpu_hours": 0.009849939081403945
    },
    "6": {
      "val_acc": 0.4319,
      "gpu_hours": 0.011403912769423591
    },
    "7": {
      "val_acc": 0.4223,
      "gpu_hours": 0.012997550831900703
    },
    "8": {
      "val_acc": 0.4178,
      "gpu_hours": 0.0145596002207862
    },
    "9": {
      "val_acc": 0.4259,
      "gpu_hours": 0.016105382177564832
    },
    "10": {
      "val_acc": 0.4289,
      "gpu_hours": 0.017675088908937243
    },
    "11": {
      "val_acc": 0.4294,
      "gpu_hours": 0.019250479804144967
    },
    "12": {
      "val_acc": 0.426,
      "gpu_hours": 0.02079040202829573
    },
    "13": {
      "val_acc": 0.4257,
      "gpu_hours": 0.022381933331489565
    },
    "14": {
      "val_acc": 0.4272,
      "gpu_hours": 0.023938733802901374
    },
    "15": {
      "val_acc": 0.4231,
      "gpu_hours": 0.025505670772658456
    },
    "16": {
      "val_acc": 0.4283,
      "gpu_hours": 0.027070369389322068
    },
    "17": {
      "val_acc": 0.4249,
      "gpu_hours": 0.028598431017663743
    },
    "18": {
      "val_acc": 0.4268,
      "gpu_hours": 0.0301425309975942
    },
    "19": {
      "val_acc": 0.4271,
      "gpu_hours": 0.0316643226146698
    },
    "20": {
      "val_acc": 0.4235,
      "gpu_hours": 0.033202824062771266
    },
    "21": {
      "val_acc": 0.4229,
      "gpu_hours": 0.034746140109168155
    },
    "22": {
      "val_acc": 0.4294,
      "gpu_hours": 0.036292922695477806
    },
    "23": {
      "val_acc": 0.4242,
      "gpu_hours": 0.03782275630368127
    },
    "24": {
      "val_acc": 0.4246,
      "gpu_hours": 0.039370682504442006
    },
    "25": {
      "val_acc": 0.4274,
      "gpu_hours": 0.040923200978173147
    },
    "26": {
      "val_acc": 0.4202,
      "gpu_hours": 0.04246015972561307
    },
    "27": {
      "val_acc": 0.4257,
      "gpu_hours": 0.04400747901863522
    },
    "28": {
      "val_acc": 0.4216,
      "gpu_hours": 0.04555210947990417
    },
    "29": {
      "val_acc": 0.4284,
      "gpu_hours": 0.04711343500349257
    }
  }
}