{
  "trial_number": 19,
  "params": {
    "lr": 0.0013292918943162175,
    "weight_decay": 0.006351221010640704,
    "batch_size": 64,
    "dropout": 0.07799726016810132,
    "optimizer": "Adam",
    "scheduler": "plateau",
    "model": "resnet18"
  },
  "best_val_acc": 0.4618,
  "total_gpu_hours": 0.04796652058760325,
  "slurm_task": 27,
  "parallel_workers": 40,
  "sampler": "cmaes",
  "dataset": "cifar10",
  "device": "cuda",
  "accuracy_thresholds": {},
  "accuracy_curve": {
    "0": {
      "val_acc": 0.2783,
      "gpu_hours": 0.0026859898699654475
    },
    "1": {
      "val_acc": 0.2025,
      "gpu_hours": 0.004266141454378764
    },
    "2": {
      "val_acc": 0.2448,
      "gpu_hours": 0.0058075814776950415
    },
    "3": {
      "val_acc": 0.3237,
      "gpu_hours": 0.007361700667275323
    },
    "4": {
      "val_acc": 0.2552,
      "gpu_hours": 0.008950409094492594
    },
    "5": {
      "val_acc": 0.2907,
      "gpu_hours": 0.010501278440157573
    },
    "6": {
      "val_acc": 0.4349,
      "gpu_hours": 0.012070820728937785
    },
    "7": {
      "val_acc": 0.4292,
      "gpu_hours": 0.013622323407067193
    },
    "8": {
      "val_acc": 0.443,
      "gpu_hours": 0.015195609463585748
    },
    "9": {
      "val_acc": 0.439,
      "gpu_hours": 0.016764145824644302
    },
    "10": {
      "val_acc": 0.4501,
      "gpu_hours": 0.01832337518533071
    },
    "11": {
      "val_acc": 0.4515,
      "gpu_hours": 0.019844554132885404
    },
    "12": {
      "val_acc": 0.452,
      "gpu_hours": 0.02138450516594781
    },
    "13": {
      "val_acc": 0.4618,
      "gpu_hours": 0.022972774770524767
    },
    "14": {
      "val_acc": 0.4536,
      "gpu_hours": 0.024520070155461628
    },
    "15": {
      "val_acc": 0.4535,
      "gpu_hours": 0.026070298949877422
    },
    "16": {
      "val_acc": 0.453,
      "gpu_hours": 0.02764894723892212
    },
    "17": {
      "val_acc": 0.4573,
      "gpu_hours": 0.029202853706147936
    },
    "18": {
      "val_acc": 0.4557,
      "gpu_hours": 0.030748732288678488
    },
    "19": {
      "val_acc": 0.4527,
      "gpu_hours": 0.03228609277142419
    },
    "20": {
      "val_acc": 0.455,
      "gpu_hours": 0.033842275804943506
    },
    "21": {
      "val_acc": 0.455,
      "gpu_hours": 0.03541019274128808
    },
    "22": {
      "val_acc": 0.456,
      "gpu_hours": 0.03698201060295105
    },
    "23": {
      "val_acc": 0.4548,
      "gpu_hours": 0.038545008500417074
    },
    "24": {
      "val_acc": 0.4511,
      "gpu_hours": 0.040100193950865004
    },
    "25": {
      "val_acc": 0.4543,
      "gpu_hours": 0.041695704261461894
    },
    "26": {
      "val_acc": 0.4504,
      "gpu_hours": 0.04325086752573649
    },
    "27": {
      "val_acc": 0.4543,
      "gpu_hours": 0.044775196446312795
    },
    "28": {
      "val_acc": 0.4547,
      "gpu_hours": 0.04631562537617154
    },
    "29": {
      "val_acc": 0.454,
      "gpu_hours": 0.04789485388331943
    }
  }
}