{
  "trial_number": 100,
  "params": {
    "lr": 0.0354178036264835,
    "weight_decay": 1.1515141337743508e-05,
    "batch_size": 128,
    "dropout": 0.35632001870083535,
    "optimizer": "AdamW",
    "scheduler": "step",
    "model": "resnet18"
  },
  "best_val_acc": 0.5612,
  "total_gpu_hours": 0.12512079119682312,
  "slurm_task": 14,
  "parallel_workers": 40,
  "sampler": "random",
  "dataset": "cifar100",
  "device": "cuda",
  "accuracy_thresholds": {},
  "accuracy_curve": {
    "0": {
      "val_acc": 0.0329,
      "gpu_hours": 0.00464002874162462
    },
    "1": {
      "val_acc": 0.0791,
      "gpu_hours": 0.008801579607857598
    },
    "2": {
      "val_acc": 0.1074,
      "gpu_hours": 0.01295884390672048
    },
    "3": {
      "val_acc": 0.1401,
      "gpu_hours": 0.017120730214648775
    },
    "4": {
      "val_acc": 0.1625,
      "gpu_hours": 0.021278858184814453
    },
    "5": {
      "val_acc": 0.1933,
      "gpu_hours": 0.02543110688527425
    },
    "6": {
      "val_acc": 0.213,
      "gpu_hours": 0.02958824978934394
    },
    "7": {
      "val_acc": 0.2391,
      "gpu_hours": 0.03375384112199147
    },
    "8": {
      "val_acc": 0.2364,
      "gpu_hours": 0.03790935178597768
    },
    "9": {
      "val_acc": 0.2865,
      "gpu_hours": 0.042066247529453704
    },
    "10": {
      "val_acc": 0.3466,
      "gpu_hours": 0.046216975847880044
    },
    "11": {
      "val_acc": 0.3606,
      "gpu_hours": 0.050370390945010717
    },
    "12": {
      "val_acc": 0.3956,
      "gpu_hours": 0.05451726131969028
    },
    "13": {
      "val_acc": 0.4004,
      "gpu_hours": 0.05866776466369629
    },
    "14": {
      "val_acc": 0.4201,
      "gpu_hours": 0.06282731943660312
    },
    "15": {
      "val_acc": 0.4372,
      "gpu_hours": 0.06697253975603315
    },
    "16": {
      "val_acc": 0.4587,
      "gpu_hours": 0.07111588762866126
    },
    "17": {
      "val_acc": 0.467,
      "gpu_hours": 0.07527388135592143
    },
    "18": {
      "val_acc": 0.476,
      "gpu_hours": 0.07942473252614339
    },
    "19": {
      "val_acc": 0.492,
      "gpu_hours": 0.08356829464435578
    },
    "20": {
      "val_acc": 0.5171,
      "gpu_hours": 0.08772453274991777
    },
    "21": {
      "val_acc": 0.5219,
      "gpu_hours": 0.091881818373998
    },
    "22": {
      "val_acc": 0.5274,
      "gpu_hours": 0.09603425290849474
    },
    "23": {
      "val_acc": 0.5334,
      "gpu_hours": 0.10018614576922523
    },
    "24": {
      "val_acc": 0.537,
      "gpu_hours": 0.10434377743138207
    },
    "25": {
      "val_acc": 0.5427,
      "gpu_hours": 0.10850198414590624
    },
    "26": {
      "val_acc": 0.55,
      "gpu_hours": 0.11265052384800381
    },
    "27": {
      "val_acc": 0.5522,
      "gpu_hours": 0.11679641995165083
    },
    "28": {
      "val_acc": 0.553,
      "gpu_hours": 0.12095427023039924
    },
    "29": {
      "val_acc": 0.5612,
      "gpu_hours": 0.12511525783273908
    }
  }
}