{
  "trial_number": 85,
  "params": {
    "lr": 0.00031771495738117854,
    "weight_decay": 4.2542761723246944e-05,
    "batch_size": 64,
    "dropout": 0.26217754980232383,
    "optimizer": "SGD",
    "scheduler": "plateau",
    "model": "efficientnet_b0",
    "momentum": 0.9843007830191328
  },
  "best_val_acc": 0.0171,
  "total_gpu_hours": 0.16412353714307149,
  "slurm_task": 11,
  "parallel_workers": 40,
  "sampler": "random",
  "dataset": "cifar100",
  "device": "cuda",
  "accuracy_thresholds": {},
  "accuracy_curve": {
    "0": {
      "val_acc": 0.0119,
      "gpu_hours": 0.005837332738770379
    },
    "1": {
      "val_acc": 0.0144,
      "gpu_hours": 0.011231636338763767
    },
    "2": {
      "val_acc": 0.0162,
      "gpu_hours": 0.016671165492799546
    },
    "3": {
      "val_acc": 0.0162,
      "gpu_hours": 0.022106098002857632
    },
    "4": {
      "val_acc": 0.0152,
      "gpu_hours": 0.02752012272675832
    },
    "5": {
      "val_acc": 0.0143,
      "gpu_hours": 0.03295510384771559
    },
    "6": {
      "val_acc": 0.0153,
      "gpu_hours": 0.03839664326773749
    },
    "7": {
      "val_acc": 0.015,
      "gpu_hours": 0.04382725338141123
    },
    "8": {
      "val_acc": 0.0159,
      "gpu_hours": 0.049254928363694085
    },
    "9": {
      "val_acc": 0.0171,
      "gpu_hours": 0.054682974020640054
    },
    "10": {
      "val_acc": 0.0151,
      "gpu_hours": 0.06012384566995833
    },
    "11": {
      "val_acc": 0.0148,
      "gpu_hours": 0.06556712216801114
    },
    "12": {
      "val_acc": 0.0149,
      "gpu_hours": 0.07099163916375902
    },
    "13": {
      "val_acc": 0.0158,
      "gpu_hours": 0.07641430530283186
    },
    "14": {
      "val_acc": 0.0157,
      "gpu_hours": 0.08186037109957801
    },
    "15": {
      "val_acc": 0.0165,
      "gpu_hours": 0.08730066272947523
    },
    "16": {
      "val_acc": 0.0145,
      "gpu_hours": 0.09272737171914842
    },
    "17": {
      "val_acc": 0.0147,
      "gpu_hours": 0.09817104233635797
    },
    "18": {
      "val_acc": 0.0147,
      "gpu_hours": 0.10362533085876041
    },
    "19": {
      "val_acc": 0.015,
      "gpu_hours": 0.10903373526202308
    },
    "20": {
      "val_acc": 0.0142,
      "gpu_hours": 0.11446471459335751
    },
    "21": {
      "val_acc": 0.0151,
      "gpu_hours": 0.11989214340845744
    },
    "22": {
      "val_acc": 0.0148,
      "gpu_hours": 0.12538703891966077
    },
    "23": {
      "val_acc": 0.0137,
      "gpu_hours": 0.1309107741382387
    },
    "24": {
      "val_acc": 0.0154,
      "gpu_hours": 0.13644352065192328
    },
    "25": {
      "val_acc": 0.0163,
      "gpu_hours": 0.14194298419687484
    },
    "26": {
      "val_acc": 0.0133,
      "gpu_hours": 0.14745245006349353
    },
    "27": {
      "val_acc": 0.0148,
      "gpu_hours": 0.1529674533340666
    },
    "28": {
      "val_acc": 0.014,
      "gpu_hours": 0.15854413085513644
    },
    "29": {
      "val_acc": 0.0132,
      "gpu_hours": 0.16411353210608165
    }
  }
}