{
  "trial_number": 57,
  "params": {
    "lr": 0.00020903288123766024,
    "weight_decay": 0.0005462236916720299,
    "batch_size": 64,
    "dropout": 0.2939237380125903,
    "optimizer": "SGD",
    "scheduler": "plateau",
    "model": "efficientnet_b1",
    "momentum": 0.9109150227200675
  },
  "best_val_acc": 0.0117,
  "total_gpu_hours": 0.22913918455441792,
  "slurm_task": 30,
  "parallel_workers": 40,
  "sampler": "random",
  "dataset": "cifar100",
  "device": "cuda",
  "accuracy_thresholds": {},
  "accuracy_curve": {
    "0": {
      "val_acc": 0.0102,
      "gpu_hours": 0.0083078181081348
    },
    "1": {
      "val_acc": 0.0109,
      "gpu_hours": 0.015927907427152
    },
    "2": {
      "val_acc": 0.0115,
      "gpu_hours": 0.023556216359138488
    },
    "3": {
      "val_acc": 0.011,
      "gpu_hours": 0.031171700623300342
    },
    "4": {
      "val_acc": 0.0113,
      "gpu_hours": 0.038791445228788586
    },
    "5": {
      "val_acc": 0.011,
      "gpu_hours": 0.0464127771059672
    },
    "6": {
      "val_acc": 0.0095,
      "gpu_hours": 0.05403651780552334
    },
    "7": {
      "val_acc": 0.0106,
      "gpu_hours": 0.06166409618324704
    },
    "8": {
      "val_acc": 0.01,
      "gpu_hours": 0.06929726143678029
    },
    "9": {
      "val_acc": 0.0115,
      "gpu_hours": 0.07694709923532274
    },
    "10": {
      "val_acc": 0.0106,
      "gpu_hours": 0.08456304285261367
    },
    "11": {
      "val_acc": 0.0112,
      "gpu_hours": 0.09217496951421102
    },
    "12": {
      "val_acc": 0.0107,
      "gpu_hours": 0.0997902997997072
    },
    "13": {
      "val_acc": 0.0111,
      "gpu_hours": 0.10741545577843983
    },
    "14": {
      "val_acc": 0.0112,
      "gpu_hours": 0.1150174026356803
    },
    "15": {
      "val_acc": 0.0109,
      "gpu_hours": 0.12265201860004
    },
    "16": {
      "val_acc": 0.0107,
      "gpu_hours": 0.13029008620315127
    },
    "17": {
      "val_acc": 0.01,
      "gpu_hours": 0.1379255465004179
    },
    "18": {
      "val_acc": 0.0108,
      "gpu_hours": 0.14556213001410168
    },
    "19": {
      "val_acc": 0.0112,
      "gpu_hours": 0.1532393389277988
    },
    "20": {
      "val_acc": 0.0109,
      "gpu_hours": 0.16090567436483172
    },
    "21": {
      "val_acc": 0.0111,
      "gpu_hours": 0.16854683114422692
    },
    "22": {
      "val_acc": 0.0108,
      "gpu_hours": 0.17614796254369947
    },
    "23": {
      "val_acc": 0.0112,
      "gpu_hours": 0.1837615144915051
    },
    "24": {
      "val_acc": 0.0109,
      "gpu_hours": 0.19139011091656155
    },
    "25": {
      "val_acc": 0.0108,
      "gpu_hours": 0.1989748544163174
    },
    "26": {
      "val_acc": 0.0112,
      "gpu_hours": 0.20657117121749455
    },
    "27": {
      "val_acc": 0.0096,
      "gpu_hours": 0.2141748270061281
    },
    "28": {
      "val_acc": 0.0108,
      "gpu_hours": 0.22172958195209502
    },
    "29": {
      "val_acc": 0.0117,
      "gpu_hours": 0.22913271877500746
    }
  }
}