{
  "trial_number": 103,
  "params": {
    "lr": 0.00015675816264769027,
    "weight_decay": 4.958872613497764e-05,
    "batch_size": 64,
    "dropout": 0.3936680080357408,
    "optimizer": "SGD",
    "scheduler": "cosine",
    "model": "resnet34",
    "momentum": 0.9333624025361053
  },
  "best_val_acc": 0.0533,
  "total_gpu_hours": 0.2294566219382816,
  "slurm_task": 32,
  "parallel_workers": 40,
  "sampler": "random",
  "dataset": "cifar100",
  "device": "cuda",
  "accuracy_thresholds": {},
  "accuracy_curve": {
    "0": {
      "val_acc": 0.0116,
      "gpu_hours": 0.008211059305402968
    },
    "1": {
      "val_acc": 0.0186,
      "gpu_hours": 0.015852310988638135
    },
    "2": {
      "val_acc": 0.0232,
      "gpu_hours": 0.023494409256511264
    },
    "3": {
      "val_acc": 0.0234,
      "gpu_hours": 0.03114312708377838
    },
    "4": {
      "val_acc": 0.027,
      "gpu_hours": 0.03879244764645894
    },
    "5": {
      "val_acc": 0.0305,
      "gpu_hours": 0.04643282903565301
    },
    "6": {
      "val_acc": 0.0319,
      "gpu_hours": 0.05407814608679878
    },
    "7": {
      "val_acc": 0.0352,
      "gpu_hours": 0.061703191465801666
    },
    "8": {
      "val_acc": 0.0367,
      "gpu_hours": 0.06932731409867604
    },
    "9": {
      "val_acc": 0.0398,
      "gpu_hours": 0.07695883227719201
    },
    "10": {
      "val_acc": 0.0413,
      "gpu_hours": 0.08458268609311846
    },
    "11": {
      "val_acc": 0.0419,
      "gpu_hours": 0.09220883336332109
    },
    "12": {
      "val_acc": 0.0441,
      "gpu_hours": 0.09983131322595808
    },
    "13": {
      "val_acc": 0.0466,
      "gpu_hours": 0.10745183269182841
    },
    "14": {
      "val_acc": 0.0472,
      "gpu_hours": 0.11508243706491258
    },
    "15": {
      "val_acc": 0.0478,
      "gpu_hours": 0.12270650095409817
    },
    "16": {
      "val_acc": 0.0493,
      "gpu_hours": 0.13033270253075493
    },
    "17": {
      "val_acc": 0.0521,
      "gpu_hours": 0.13795607268810273
    },
    "18": {
      "val_acc": 0.0497,
      "gpu_hours": 0.14557633101940154
    },
    "19": {
      "val_acc": 0.0514,
      "gpu_hours": 0.15320024020142026
    },
    "20": {
      "val_acc": 0.0521,
      "gpu_hours": 0.16082079119152493
    },
    "21": {
      "val_acc": 0.052,
      "gpu_hours": 0.1684462520811293
    },
    "22": {
      "val_acc": 0.0521,
      "gpu_hours": 0.17607507069905598
    },
    "23": {
      "val_acc": 0.0533,
      "gpu_hours": 0.1837006328503291
    },
    "24": {
      "val_acc": 0.0524,
      "gpu_hours": 0.19132458951738146
    },
    "25": {
      "val_acc": 0.0506,
      "gpu_hours": 0.1989518145720164
    },
    "26": {
      "val_acc": 0.0531,
      "gpu_hours": 0.2065818389919069
    },
    "27": {
      "val_acc": 0.0522,
      "gpu_hours": 0.2142041974597507
    },
    "28": {
      "val_acc": 0.0528,
      "gpu_hours": 0.22182516515254974
    },
    "29": {
      "val_acc": 0.053,
      "gpu_hours": 0.22944773276646932
    }
  }
}