{
  "trial_number": 63,
  "params": {
    "lr": 0.005091205889496451,
    "weight_decay": 1.8359333475707139e-06,
    "batch_size": 128,
    "dropout": 0.27213790821241696,
    "optimizer": "Adam",
    "scheduler": "cosine",
    "model": "resnet18"
  },
  "best_val_acc": 0.6691,
  "total_gpu_hours": 0.12586700730853612,
  "slurm_task": 33,
  "parallel_workers": 40,
  "sampler": "random",
  "dataset": "cifar100",
  "device": "cuda",
  "accuracy_thresholds": {},
  "accuracy_curve": {
    "0": {
      "val_acc": 0.1234,
      "gpu_hours": 0.004858497116300795
    },
    "1": {
      "val_acc": 0.201,
      "gpu_hours": 0.009037227167023553
    },
    "2": {
      "val_acc": 0.2593,
      "gpu_hours": 0.013211135003301832
    },
    "3": {
      "val_acc": 0.3199,
      "gpu_hours": 0.017387002441618178
    },
    "4": {
      "val_acc": 0.3691,
      "gpu_hours": 0.021565836866696674
    },
    "5": {
      "val_acc": 0.4199,
      "gpu_hours": 0.02574045201142629
    },
    "6": {
      "val_acc": 0.462,
      "gpu_hours": 0.029923827714390224
    },
    "7": {
      "val_acc": 0.4841,
      "gpu_hours": 0.0341080027156406
    },
    "8": {
      "val_acc": 0.509,
      "gpu_hours": 0.03825709448920356
    },
    "9": {
      "val_acc": 0.5233,
      "gpu_hours": 0.04243041283554501
    },
    "10": {
      "val_acc": 0.5443,
      "gpu_hours": 0.046606467101309036
    },
    "11": {
      "val_acc": 0.5601,
      "gpu_hours": 0.050789063970247905
    },
    "12": {
      "val_acc": 0.5759,
      "gpu_hours": 0.054958905378977456
    },
    "13": {
      "val_acc": 0.5897,
      "gpu_hours": 0.059120273921224806
    },
    "14": {
      "val_acc": 0.6045,
      "gpu_hours": 0.06329968743854099
    },
    "15": {
      "val_acc": 0.6216,
      "gpu_hours": 0.06747975647449493
    },
    "16": {
      "val_acc": 0.6198,
      "gpu_hours": 0.07166230916976929
    },
    "17": {
      "val_acc": 0.6339,
      "gpu_hours": 0.07582996944586436
    },
    "18": {
      "val_acc": 0.6333,
      "gpu_hours": 0.08001252075036366
    },
    "19": {
      "val_acc": 0.6394,
      "gpu_hours": 0.08418651103973389
    },
    "20": {
      "val_acc": 0.6451,
      "gpu_hours": 0.08836063894960615
    },
    "21": {
      "val_acc": 0.6547,
      "gpu_hours": 0.09250859896341959
    },
    "22": {
      "val_acc": 0.6579,
      "gpu_hours": 0.09667681303289201
    },
    "23": {
      "val_acc": 0.6612,
      "gpu_hours": 0.10085970103740692
    },
    "24": {
      "val_acc": 0.6606,
      "gpu_hours": 0.10503326210710738
    },
    "25": {
      "val_acc": 0.6686,
      "gpu_hours": 0.10918873389561971
    },
    "26": {
      "val_acc": 0.669,
      "gpu_hours": 0.11335545976956686
    },
    "27": {
      "val_acc": 0.6675,
      "gpu_hours": 0.1175298309326172
    },
    "28": {
      "val_acc": 0.6691,
      "gpu_hours": 0.12168893456459046
    },
    "29": {
      "val_acc": 0.6677,
      "gpu_hours": 0.1258614464600881
    }
  }
}