{
  "trial_number": 44,
  "params": {
    "lr": 0.0005999491050740973,
    "weight_decay": 1.4908852038384752e-06,
    "batch_size": 256,
    "dropout": 0.14819397914786353,
    "optimizer": "SGD",
    "scheduler": "cosine",
    "model": "resnet18",
    "momentum": 0.9473823874330455
  },
  "best_val_acc": 0.1483,
  "total_gpu_hours": 0.1176869214243359,
  "slurm_task": 26,
  "parallel_workers": 40,
  "sampler": "random",
  "dataset": "cifar100",
  "device": "cuda",
  "accuracy_thresholds": {},
  "accuracy_curve": {
    "0": {
      "val_acc": 0.0391,
      "gpu_hours": 0.004795911378330655
    },
    "1": {
      "val_acc": 0.0565,
      "gpu_hours": 0.008666672044330173
    },
    "2": {
      "val_acc": 0.0708,
      "gpu_hours": 0.012551664511362711
    },
    "3": {
      "val_acc": 0.0802,
      "gpu_hours": 0.01642707407474518
    },
    "4": {
      "val_acc": 0.0887,
      "gpu_hours": 0.020326507091522217
    },
    "5": {
      "val_acc": 0.0977,
      "gpu_hours": 0.024220090905825296
    },
    "6": {
      "val_acc": 0.1077,
      "gpu_hours": 0.028112733165423075
    },
    "7": {
      "val_acc": 0.1133,
      "gpu_hours": 0.03203845037354364
    },
    "8": {
      "val_acc": 0.1166,
      "gpu_hours": 0.0359474739101198
    },
    "9": {
      "val_acc": 0.1215,
      "gpu_hours": 0.03983791602982415
    },
    "10": {
      "val_acc": 0.1265,
      "gpu_hours": 0.043727816939353945
    },
    "11": {
      "val_acc": 0.1306,
      "gpu_hours": 0.04762269463804033
    },
    "12": {
      "val_acc": 0.1323,
      "gpu_hours": 0.05150741544034746
    },
    "13": {
      "val_acc": 0.133,
      "gpu_hours": 0.05540494322776794
    },
    "14": {
      "val_acc": 0.1384,
      "gpu_hours": 0.05929941958851284
    },
    "15": {
      "val_acc": 0.1386,
      "gpu_hours": 0.06318914221392738
    },
    "16": {
      "val_acc": 0.139,
      "gpu_hours": 0.06706738935576545
    },
    "17": {
      "val_acc": 0.1417,
      "gpu_hours": 0.07096179299884373
    },
    "18": {
      "val_acc": 0.1443,
      "gpu_hours": 0.07485039658016629
    },
    "19": {
      "val_acc": 0.144,
      "gpu_hours": 0.07875084559122722
    },
    "20": {
      "val_acc": 0.1442,
      "gpu_hours": 0.08264382640520732
    },
    "21": {
      "val_acc": 0.1461,
      "gpu_hours": 0.08651442832416958
    },
    "22": {
      "val_acc": 0.146,
      "gpu_hours": 0.09039371364646488
    },
    "23": {
      "val_acc": 0.1472,
      "gpu_hours": 0.09429438889026642
    },
    "24": {
      "val_acc": 0.1473,
      "gpu_hours": 0.09818992753823598
    },
    "25": {
      "val_acc": 0.1468,
      "gpu_hours": 0.10208412388960521
    },
    "26": {
      "val_acc": 0.1454,
      "gpu_hours": 0.10598389804363251
    },
    "27": {
      "val_acc": 0.1466,
      "gpu_hours": 0.10988164120250278
    },
    "28": {
      "val_acc": 0.1472,
      "gpu_hours": 0.11377446525626712
    },
    "29": {
      "val_acc": 0.1483,
      "gpu_hours": 0.11768032802475824
    }
  }
}