{
  "trial_number": 15,
  "params": {
    "lr": 0.0007740116277617474,
    "weight_decay": 0.0017229428125126022,
    "batch_size": 128,
    "dropout": 0.12679447711006658,
    "optimizer": "AdamW",
    "scheduler": "plateau",
    "model": "efficientnet_b0"
  },
  "best_val_acc": 0.2442,
  "total_gpu_hours": 0.05595652249124315,
  "slurm_task": 27,
  "parallel_workers": 40,
  "sampler": "random",
  "dataset": "cifar100",
  "device": "cuda",
  "accuracy_thresholds": {},
  "accuracy_curve": {
    "0": {
      "val_acc": 0.0604,
      "gpu_hours": 0.002397620479265849
    },
    "1": {
      "val_acc": 0.0919,
      "gpu_hours": 0.004248246285650465
    },
    "2": {
      "val_acc": 0.1345,
      "gpu_hours": 0.0061359237962298925
    },
    "3": {
      "val_acc": 0.1501,
      "gpu_hours": 0.008016679022047255
    },
    "4": {
      "val_acc": 0.1809,
      "gpu_hours": 0.009859752125210232
    },
    "5": {
      "val_acc": 0.2157,
      "gpu_hours": 0.011705072919527689
    },
    "6": {
      "val_acc": 0.2242,
      "gpu_hours": 0.013548813793394301
    },
    "7": {
      "val_acc": 0.2327,
      "gpu_hours": 0.01539468460612827
    },
    "8": {
      "val_acc": 0.2367,
      "gpu_hours": 0.01722986532582177
    },
    "9": {
      "val_acc": 0.2372,
      "gpu_hours": 0.019073381026585897
    },
    "10": {
      "val_acc": 0.2376,
      "gpu_hours": 0.02091795755757226
    },
    "11": {
      "val_acc": 0.2402,
      "gpu_hours": 0.022760361830393473
    },
    "12": {
      "val_acc": 0.2405,
      "gpu_hours": 0.024609066181712682
    },
    "13": {
      "val_acc": 0.2416,
      "gpu_hours": 0.026460883683628506
    },
    "14": {
      "val_acc": 0.2394,
      "gpu_hours": 0.028310940199428133
    },
    "15": {
      "val_acc": 0.2421,
      "gpu_hours": 0.030157084398799473
    },
    "16": {
      "val_acc": 0.2417,
      "gpu_hours": 0.03201575616995494
    },
    "17": {
      "val_acc": 0.2418,
      "gpu_hours": 0.03385829932159848
    },
    "18": {
      "val_acc": 0.2408,
      "gpu_hours": 0.03569885757234362
    },
    "19": {
      "val_acc": 0.2411,
      "gpu_hours": 0.037548440363672046
    },
    "20": {
      "val_acc": 0.2432,
      "gpu_hours": 0.03939824163913727
    },
    "21": {
      "val_acc": 0.2421,
      "gpu_hours": 0.041249005529615614
    },
    "22": {
      "val_acc": 0.2403,
      "gpu_hours": 0.04308982127242618
    },
    "23": {
      "val_acc": 0.2437,
      "gpu_hours": 0.044924409190813704
    },
    "24": {
      "val_acc": 0.2437,
      "gpu_hours": 0.04676904532644484
    },
    "25": {
      "val_acc": 0.2407,
      "gpu_hours": 0.04860311216778225
    },
    "26": {
      "val_acc": 0.2415,
      "gpu_hours": 0.05044455779923333
    },
    "27": {
      "val_acc": 0.2442,
      "gpu_hours": 0.052272665169503955
    },
    "28": {
      "val_acc": 0.2421,
      "gpu_hours": 0.05410234967867533
    },
    "29": {
      "val_acc": 0.2427,
      "gpu_hours": 0.055949834320280285
    }
  }
}