{
  "trial_number": 9,
  "params": {
    "lr": 0.00018283061861044375,
    "weight_decay": 8.354267906568629e-06,
    "batch_size": 256,
    "dropout": 0.27253185189192525,
    "optimizer": "Adam",
    "scheduler": "plateau",
    "model": "resnet34"
  },
  "best_val_acc": 0.4949,
  "total_gpu_hours": 0.045180551674630906,
  "slurm_task": 15,
  "parallel_workers": 40,
  "sampler": "random",
  "dataset": "cifar100",
  "device": "cuda",
  "accuracy_thresholds": {},
  "accuracy_curve": {
    "0": {
      "val_acc": 0.1402,
      "gpu_hours": 0.0025416963630252414
    },
    "1": {
      "val_acc": 0.2377,
      "gpu_hours": 0.0040055939224031235
    },
    "2": {
      "val_acc": 0.3029,
      "gpu_hours": 0.005472346875402662
    },
    "3": {
      "val_acc": 0.3466,
      "gpu_hours": 0.00694087995423211
    },
    "4": {
      "val_acc": 0.3558,
      "gpu_hours": 0.008411704699198405
    },
    "5": {
      "val_acc": 0.4602,
      "gpu_hours": 0.00988004551993476
    },
    "6": {
      "val_acc": 0.4715,
      "gpu_hours": 0.011351565387513902
    },
    "7": {
      "val_acc": 0.4807,
      "gpu_hours": 0.01282110035419464
    },
    "8": {
      "val_acc": 0.4891,
      "gpu_hours": 0.01428749746746487
    },
    "9": {
      "val_acc": 0.4912,
      "gpu_hours": 0.015763598084449767
    },
    "10": {
      "val_acc": 0.492,
      "gpu_hours": 0.017226077914237976
    },
    "11": {
      "val_acc": 0.4935,
      "gpu_hours": 0.018720671203401353
    },
    "12": {
      "val_acc": 0.4944,
      "gpu_hours": 0.020186890562375385
    },
    "13": {
      "val_acc": 0.4942,
      "gpu_hours": 0.021655901008182103
    },
    "14": {
      "val_acc": 0.4946,
      "gpu_hours": 0.023127458095550536
    },
    "15": {
      "val_acc": 0.4935,
      "gpu_hours": 0.02459456768300798
    },
    "16": {
      "val_acc": 0.493,
      "gpu_hours": 0.026058063904444376
    },
    "17": {
      "val_acc": 0.4934,
      "gpu_hours": 0.027524749437967937
    },
    "18": {
      "val_acc": 0.4934,
      "gpu_hours": 0.028990312748485143
    },
    "19": {
      "val_acc": 0.4941,
      "gpu_hours": 0.030454710125923157
    },
    "20": {
      "val_acc": 0.4932,
      "gpu_hours": 0.0319183396630817
    },
    "21": {
      "val_acc": 0.4937,
      "gpu_hours": 0.03338887744479709
    },
    "22": {
      "val_acc": 0.4946,
      "gpu_hours": 0.034854001071718
    },
    "23": {
      "val_acc": 0.4938,
      "gpu_hours": 0.036328363749716014
    },
    "24": {
      "val_acc": 0.4949,
      "gpu_hours": 0.03779720339510176
    },
    "25": {
      "val_acc": 0.4948,
      "gpu_hours": 0.0392573043372896
    },
    "26": {
      "val_acc": 0.4945,
      "gpu_hours": 0.04072343733575609
    },
    "27": {
      "val_acc": 0.4926,
      "gpu_hours": 0.04223491304450565
    },
    "28": {
      "val_acc": 0.494,
      "gpu_hours": 0.04369875219133165
    },
    "29": {
      "val_acc": 0.4939,
      "gpu_hours": 0.045172300736109415
    }
  }
}