{
  "trial_number": 74,
  "params": {
    "lr": 0.000112842009834812,
    "weight_decay": 0.0036837747667933336,
    "batch_size": 256,
    "dropout": 0.1622352987391144,
    "optimizer": "SGD",
    "scheduler": "cosine",
    "model": "resnet34",
    "momentum": 0.8639756329115255
  },
  "best_val_acc": 0.0222,
  "total_gpu_hours": 0.2048787095811632,
  "slurm_task": 6,
  "parallel_workers": 40,
  "sampler": "random",
  "dataset": "cifar100",
  "device": "cuda",
  "accuracy_thresholds": {},
  "accuracy_curve": {
    "0": {
      "val_acc": 0.0123,
      "gpu_hours": 0.007469771239492628
    },
    "1": {
      "val_acc": 0.0137,
      "gpu_hours": 0.014243564870622423
    },
    "2": {
      "val_acc": 0.0145,
      "gpu_hours": 0.02102390593952603
    },
    "3": {
      "val_acc": 0.0162,
      "gpu_hours": 0.02780889590581258
    },
    "4": {
      "val_acc": 0.0163,
      "gpu_hours": 0.03460213230715858
    },
    "5": {
      "val_acc": 0.0181,
      "gpu_hours": 0.04138841754860348
    },
    "6": {
      "val_acc": 0.0183,
      "gpu_hours": 0.04818513790766398
    },
    "7": {
      "val_acc": 0.0182,
      "gpu_hours": 0.05496848099761539
    },
    "8": {
      "val_acc": 0.0191,
      "gpu_hours": 0.06176998198032379
    },
    "9": {
      "val_acc": 0.0188,
      "gpu_hours": 0.06856417788399591
    },
    "10": {
      "val_acc": 0.0197,
      "gpu_hours": 0.07536756608221266
    },
    "11": {
      "val_acc": 0.0195,
      "gpu_hours": 0.08216612683402168
    },
    "12": {
      "val_acc": 0.02,
      "gpu_hours": 0.08897239744663238
    },
    "13": {
      "val_acc": 0.0204,
      "gpu_hours": 0.09576241109106276
    },
    "14": {
      "val_acc": 0.0205,
      "gpu_hours": 0.10255967868698967
    },
    "15": {
      "val_acc": 0.0202,
      "gpu_hours": 0.10936715430683559
    },
    "16": {
      "val_acc": 0.0197,
      "gpu_hours": 0.11619240409798093
    },
    "17": {
      "val_acc": 0.0204,
      "gpu_hours": 0.12301300856802198
    },
    "18": {
      "val_acc": 0.0199,
      "gpu_hours": 0.1298299518558714
    },
    "19": {
      "val_acc": 0.0214,
      "gpu_hours": 0.13664585140016344
    },
    "20": {
      "val_acc": 0.0202,
      "gpu_hours": 0.14348919689655304
    },
    "21": {
      "val_acc": 0.0208,
      "gpu_hours": 0.15030944844086966
    },
    "22": {
      "val_acc": 0.0205,
      "gpu_hours": 0.15713105380535125
    },
    "23": {
      "val_acc": 0.0209,
      "gpu_hours": 0.16394739402665032
    },
    "24": {
      "val_acc": 0.0207,
      "gpu_hours": 0.17077617698245579
    },
    "25": {
      "val_acc": 0.0207,
      "gpu_hours": 0.17759229395124648
    },
    "26": {
      "val_acc": 0.0212,
      "gpu_hours": 0.1844071363740497
    },
    "27": {
      "val_acc": 0.021,
      "gpu_hours": 0.19122572408782113
    },
    "28": {
      "val_acc": 0.0222,
      "gpu_hours": 0.1980509505007002
    },
    "29": {
      "val_acc": 0.0214,
      "gpu_hours": 0.20487163431114622
    }
  }
}