{
  "trial_number": 55,
  "params": {
    "lr": 0.000574728927859342,
    "weight_decay": 0.000760101648257675,
    "batch_size": 64,
    "dropout": 0.08769226282615988,
    "optimizer": "Adam",
    "scheduler": "plateau",
    "model": "efficientnet_b0"
  },
  "best_val_acc": 0.2119,
  "total_gpu_hours": 0.09985795570744409,
  "slurm_task": 12,
  "parallel_workers": 40,
  "sampler": "random",
  "dataset": "cifar100",
  "device": "cuda",
  "accuracy_thresholds": {},
  "accuracy_curve": {
    "0": {
      "val_acc": 0.0634,
      "gpu_hours": 0.003669775724411011
    },
    "1": {
      "val_acc": 0.0755,
      "gpu_hours": 0.006985651983155145
    },
    "2": {
      "val_acc": 0.1046,
      "gpu_hours": 0.010298173758718703
    },
    "3": {
      "val_acc": 0.1417,
      "gpu_hours": 0.013610118627548217
    },
    "4": {
      "val_acc": 0.1603,
      "gpu_hours": 0.016915622486008537
    },
    "5": {
      "val_acc": 0.1937,
      "gpu_hours": 0.020230833292007446
    },
    "6": {
      "val_acc": 0.1979,
      "gpu_hours": 0.023534457484881085
    },
    "7": {
      "val_acc": 0.1978,
      "gpu_hours": 0.02684507886568705
    },
    "8": {
      "val_acc": 0.1996,
      "gpu_hours": 0.03016153613726298
    },
    "9": {
      "val_acc": 0.2038,
      "gpu_hours": 0.03347409195370144
    },
    "10": {
      "val_acc": 0.2081,
      "gpu_hours": 0.03678407046529982
    },
    "11": {
      "val_acc": 0.2072,
      "gpu_hours": 0.04017174601554871
    },
    "12": {
      "val_acc": 0.2075,
      "gpu_hours": 0.043481347693337336
    },
    "13": {
      "val_acc": 0.2114,
      "gpu_hours": 0.04680660698148939
    },
    "14": {
      "val_acc": 0.2078,
      "gpu_hours": 0.05011870046456655
    },
    "15": {
      "val_acc": 0.2106,
      "gpu_hours": 0.05343068222204844
    },
    "16": {
      "val_acc": 0.2115,
      "gpu_hours": 0.056739922828144496
    },
    "17": {
      "val_acc": 0.2095,
      "gpu_hours": 0.060048897994889154
    },
    "18": {
      "val_acc": 0.2119,
      "gpu_hours": 0.063362951013777
    },
    "19": {
      "val_acc": 0.2101,
      "gpu_hours": 0.06668694072299533
    },
    "20": {
      "val_acc": 0.211,
      "gpu_hours": 0.07000140011310578
    },
    "21": {
      "val_acc": 0.2084,
      "gpu_hours": 0.0733126884036594
    },
    "22": {
      "val_acc": 0.2056,
      "gpu_hours": 0.07662803636656867
    },
    "23": {
      "val_acc": 0.2076,
      "gpu_hours": 0.07994207527902392
    },
    "24": {
      "val_acc": 0.2088,
      "gpu_hours": 0.0832563543981976
    },
    "25": {
      "val_acc": 0.2101,
      "gpu_hours": 0.08657671060827044
    },
    "26": {
      "val_acc": 0.21,
      "gpu_hours": 0.089898162484169
    },
    "27": {
      "val_acc": 0.2062,
      "gpu_hours": 0.09321569283803303
    },
    "28": {
      "val_acc": 0.209,
      "gpu_hours": 0.09653140021695031
    },
    "29": {
      "val_acc": 0.2071,
      "gpu_hours": 0.0998473170068529
    }
  }
}