{
  "trial_number": 20,
  "params": {
    "lr": 0.004590109726898731,
    "weight_decay": 3.8458432115618485e-05,
    "batch_size": 128,
    "dropout": 0.250005080497077,
    "optimizer": "AdamW",
    "scheduler": "plateau",
    "model": "efficientnet_b0"
  },
  "best_val_acc": 0.1375,
  "total_gpu_hours": 0.05673249827490912,
  "slurm_task": 21,
  "parallel_workers": 40,
  "sampler": "random",
  "dataset": "cifar100",
  "device": "cuda",
  "accuracy_thresholds": {},
  "accuracy_curve": {
    "0": {
      "val_acc": 0.0358,
      "gpu_hours": 0.0024843954377704197
    },
    "1": {
      "val_acc": 0.0506,
      "gpu_hours": 0.004385420878728231
    },
    "2": {
      "val_acc": 0.0615,
      "gpu_hours": 0.006253084739049276
    },
    "3": {
      "val_acc": 0.0732,
      "gpu_hours": 0.008115124371316697
    },
    "4": {
      "val_acc": 0.0899,
      "gpu_hours": 0.009986026220851475
    },
    "5": {
      "val_acc": 0.1171,
      "gpu_hours": 0.01187086370256212
    },
    "6": {
      "val_acc": 0.1221,
      "gpu_hours": 0.013752612868944804
    },
    "7": {
      "val_acc": 0.124,
      "gpu_hours": 0.01561304423544142
    },
    "8": {
      "val_acc": 0.1298,
      "gpu_hours": 0.017491550313101876
    },
    "9": {
      "val_acc": 0.1287,
      "gpu_hours": 0.019366802043384975
    },
    "10": {
      "val_acc": 0.1314,
      "gpu_hours": 0.021250437564320036
    },
    "11": {
      "val_acc": 0.1319,
      "gpu_hours": 0.023133097224765354
    },
    "12": {
      "val_acc": 0.1327,
      "gpu_hours": 0.024996822476387025
    },
    "13": {
      "val_acc": 0.1341,
      "gpu_hours": 0.02688400208950043
    },
    "14": {
      "val_acc": 0.135,
      "gpu_hours": 0.028753241101900737
    },
    "15": {
      "val_acc": 0.1348,
      "gpu_hours": 0.03063279860549503
    },
    "16": {
      "val_acc": 0.1341,
      "gpu_hours": 0.032520402736134
    },
    "17": {
      "val_acc": 0.1328,
      "gpu_hours": 0.034383024838235646
    },
    "18": {
      "val_acc": 0.1359,
      "gpu_hours": 0.03626200470659468
    },
    "19": {
      "val_acc": 0.1332,
      "gpu_hours": 0.03814741300212012
    },
    "20": {
      "val_acc": 0.1341,
      "gpu_hours": 0.04001682360967
    },
    "21": {
      "val_acc": 0.133,
      "gpu_hours": 0.041920501656002467
    },
    "22": {
      "val_acc": 0.1349,
      "gpu_hours": 0.04379394484890832
    },
    "23": {
      "val_acc": 0.1329,
      "gpu_hours": 0.04563103967242771
    },
    "24": {
      "val_acc": 0.136,
      "gpu_hours": 0.04750651134385003
    },
    "25": {
      "val_acc": 0.1375,
      "gpu_hours": 0.04935340563456218
    },
    "26": {
      "val_acc": 0.1353,
      "gpu_hours": 0.05119934545622932
    },
    "27": {
      "val_acc": 0.1343,
      "gpu_hours": 0.05303919070296818
    },
    "28": {
      "val_acc": 0.1347,
      "gpu_hours": 0.05488112986087799
    },
    "29": {
      "val_acc": 0.1336,
      "gpu_hours": 0.05672472582923042
    }
  }
}