{
  "trial_number": 12,
  "params": {
    "lr": 0.022464515291385947,
    "weight_decay": 0.0003462061865130846,
    "batch_size": 128,
    "dropout": 0.46861867874419877,
    "optimizer": "AdamW",
    "scheduler": "step",
    "model": "efficientnet_b0"
  },
  "best_val_acc": 0.1507,
  "total_gpu_hours": 0.05578044533729553,
  "slurm_task": 4,
  "parallel_workers": 40,
  "sampler": "random",
  "dataset": "cifar100",
  "device": "cuda",
  "accuracy_thresholds": {},
  "accuracy_curve": {
    "0": {
      "val_acc": 0.0176,
      "gpu_hours": 0.0028168520662519665
    },
    "1": {
      "val_acc": 0.0166,
      "gpu_hours": 0.004631723629103766
    },
    "2": {
      "val_acc": 0.0142,
      "gpu_hours": 0.006505433254771762
    },
    "3": {
      "val_acc": 0.0238,
      "gpu_hours": 0.00832293709119161
    },
    "4": {
      "val_acc": 0.027,
      "gpu_hours": 0.010159597661760118
    },
    "5": {
      "val_acc": 0.0326,
      "gpu_hours": 0.01198273221651713
    },
    "6": {
      "val_acc": 0.0366,
      "gpu_hours": 0.013813520537482367
    },
    "7": {
      "val_acc": 0.0433,
      "gpu_hours": 0.015640112625228034
    },
    "8": {
      "val_acc": 0.0512,
      "gpu_hours": 0.01745824588669671
    },
    "9": {
      "val_acc": 0.0548,
      "gpu_hours": 0.019275117582745024
    },
    "10": {
      "val_acc": 0.0739,
      "gpu_hours": 0.021097274621327718
    },
    "11": {
      "val_acc": 0.0756,
      "gpu_hours": 0.02292101303736369
    },
    "12": {
      "val_acc": 0.0776,
      "gpu_hours": 0.02474449184205797
    },
    "13": {
      "val_acc": 0.1014,
      "gpu_hours": 0.026566761467191908
    },
    "14": {
      "val_acc": 0.0932,
      "gpu_hours": 0.028390914334191216
    },
    "15": {
      "val_acc": 0.0761,
      "gpu_hours": 0.030207319657007854
    },
    "16": {
      "val_acc": 0.0887,
      "gpu_hours": 0.032032569183243646
    },
    "17": {
      "val_acc": 0.0915,
      "gpu_hours": 0.033850278854370114
    },
    "18": {
      "val_acc": 0.0932,
      "gpu_hours": 0.03567485663625929
    },
    "19": {
      "val_acc": 0.084,
      "gpu_hours": 0.03750058141019609
    },
    "20": {
      "val_acc": 0.1131,
      "gpu_hours": 0.039334596263037785
    },
    "21": {
      "val_acc": 0.1258,
      "gpu_hours": 0.04115213440524207
    },
    "22": {
      "val_acc": 0.132,
      "gpu_hours": 0.042979920572704736
    },
    "23": {
      "val_acc": 0.1279,
      "gpu_hours": 0.04480962720182207
    },
    "24": {
      "val_acc": 0.1244,
      "gpu_hours": 0.046632415784729854
    },
    "25": {
      "val_acc": 0.1306,
      "gpu_hours": 0.04846203717920515
    },
    "26": {
      "val_acc": 0.1417,
      "gpu_hours": 0.05029436575041877
    },
    "27": {
      "val_acc": 0.1468,
      "gpu_hours": 0.052121842039955985
    },
    "28": {
      "val_acc": 0.1507,
      "gpu_hours": 0.05395050704479218
    },
    "29": {
      "val_acc": 0.1362,
      "gpu_hours": 0.05576990458700392
    }
  }
}