{
  "trial_number": 102,
  "params": {
    "lr": 0.00020522165797944264,
    "weight_decay": 0.00161596588262516,
    "batch_size": 128,
    "dropout": 0.1499539250107677,
    "optimizer": "Adam",
    "scheduler": "cosine",
    "model": "resnet34"
  },
  "best_val_acc": 0.7132,
  "total_gpu_hours": 0.22057134787241617,
  "slurm_task": 4,
  "parallel_workers": 40,
  "sampler": "random",
  "dataset": "cifar100",
  "device": "cuda",
  "accuracy_thresholds": {},
  "accuracy_curve": {
    "0": {
      "val_acc": 0.1466,
      "gpu_hours": 0.007879783312479655
    },
    "1": {
      "val_acc": 0.2049,
      "gpu_hours": 0.015231275492244296
    },
    "2": {
      "val_acc": 0.2498,
      "gpu_hours": 0.02258282270696428
    },
    "3": {
      "val_acc": 0.2914,
      "gpu_hours": 0.029935251143243576
    },
    "4": {
      "val_acc": 0.3617,
      "gpu_hours": 0.037297705080774096
    },
    "5": {
      "val_acc": 0.3469,
      "gpu_hours": 0.04466132382551829
    },
    "6": {
      "val_acc": 0.3961,
      "gpu_hours": 0.052022605935732526
    },
    "7": {
      "val_acc": 0.4084,
      "gpu_hours": 0.05938264416323768
    },
    "8": {
      "val_acc": 0.3428,
      "gpu_hours": 0.06674649556477864
    },
    "9": {
      "val_acc": 0.4822,
      "gpu_hours": 0.07411081009440952
    },
    "10": {
      "val_acc": 0.4788,
      "gpu_hours": 0.08147943357626597
    },
    "11": {
      "val_acc": 0.4989,
      "gpu_hours": 0.08884583764606052
    },
    "12": {
      "val_acc": 0.5283,
      "gpu_hours": 0.096212500333786
    },
    "13": {
      "val_acc": 0.464,
      "gpu_hours": 0.10355923606289757
    },
    "14": {
      "val_acc": 0.5311,
      "gpu_hours": 0.11088207105795543
    },
    "15": {
      "val_acc": 0.5627,
      "gpu_hours": 0.11820665684011247
    },
    "16": {
      "val_acc": 0.5794,
      "gpu_hours": 0.12552387290530734
    },
    "17": {
      "val_acc": 0.6128,
      "gpu_hours": 0.13283346712589264
    },
    "18": {
      "val_acc": 0.5935,
      "gpu_hours": 0.14014988124370575
    },
    "19": {
      "val_acc": 0.631,
      "gpu_hours": 0.14745273550351462
    },
    "20": {
      "val_acc": 0.6339,
      "gpu_hours": 0.15475981619622972
    },
    "21": {
      "val_acc": 0.6483,
      "gpu_hours": 0.16206847237216102
    },
    "22": {
      "val_acc": 0.6634,
      "gpu_hours": 0.16938313802083332
    },
    "23": {
      "val_acc": 0.665,
      "gpu_hours": 0.17669390029377408
    },
    "24": {
      "val_acc": 0.6799,
      "gpu_hours": 0.1840038709508048
    },
    "25": {
      "val_acc": 0.6989,
      "gpu_hours": 0.1913132232427597
    },
    "26": {
      "val_acc": 0.7027,
      "gpu_hours": 0.19862745218806796
    },
    "27": {
      "val_acc": 0.7083,
      "gpu_hours": 0.2059391986661487
    },
    "28": {
      "val_acc": 0.7103,
      "gpu_hours": 0.21325218359629314
    },
    "29": {
      "val_acc": 0.7132,
      "gpu_hours": 0.22056511137220594
    }
  }
}