{
  "trial_number": 45,
  "params": {
    "lr": 0.0025327446879214533,
    "weight_decay": 2.5266706044074715e-06,
    "batch_size": 64,
    "dropout": 0.026080028429129154,
    "optimizer": "SGD",
    "scheduler": "plateau",
    "model": "efficientnet_b1",
    "momentum": 0.8815369244785628
  },
  "best_val_acc": 0.0137,
  "total_gpu_hours": 0.1329072943660948,
  "slurm_task": 15,
  "parallel_workers": 40,
  "sampler": "random",
  "dataset": "cifar100",
  "device": "cuda",
  "accuracy_thresholds": {},
  "accuracy_curve": {
    "0": {
      "val_acc": 0.0093,
      "gpu_hours": 0.004833227462238736
    },
    "1": {
      "val_acc": 0.0107,
      "gpu_hours": 0.009306065175268385
    },
    "2": {
      "val_acc": 0.0109,
      "gpu_hours": 0.013776100211673312
    },
    "3": {
      "val_acc": 0.0103,
      "gpu_hours": 0.01824239962630802
    },
    "4": {
      "val_acc": 0.0124,
      "gpu_hours": 0.022707542247242397
    },
    "5": {
      "val_acc": 0.012,
      "gpu_hours": 0.02718357741832733
    },
    "6": {
      "val_acc": 0.0119,
      "gpu_hours": 0.03170117715994517
    },
    "7": {
      "val_acc": 0.011,
      "gpu_hours": 0.03622400058640374
    },
    "8": {
      "val_acc": 0.011,
      "gpu_hours": 0.04074860711892446
    },
    "9": {
      "val_acc": 0.0137,
      "gpu_hours": 0.045266317857636344
    },
    "10": {
      "val_acc": 0.0121,
      "gpu_hours": 0.0497775411605835
    },
    "11": {
      "val_acc": 0.0125,
      "gpu_hours": 0.05428894023100535
    },
    "12": {
      "val_acc": 0.0115,
      "gpu_hours": 0.05880357623100281
    },
    "13": {
      "val_acc": 0.0137,
      "gpu_hours": 0.06331879105832841
    },
    "14": {
      "val_acc": 0.0123,
      "gpu_hours": 0.067838387688001
    },
    "15": {
      "val_acc": 0.011,
      "gpu_hours": 0.07223847137557135
    },
    "16": {
      "val_acc": 0.01,
      "gpu_hours": 0.07656488577524821
    },
    "17": {
      "val_acc": 0.0131,
      "gpu_hours": 0.08089997867743175
    },
    "18": {
      "val_acc": 0.0124,
      "gpu_hours": 0.08524369259675343
    },
    "19": {
      "val_acc": 0.0113,
      "gpu_hours": 0.08957274244891272
    },
    "20": {
      "val_acc": 0.0116,
      "gpu_hours": 0.09390092101362016
    },
    "21": {
      "val_acc": 0.0112,
      "gpu_hours": 0.09823573761516147
    },
    "22": {
      "val_acc": 0.0109,
      "gpu_hours": 0.10255861871772343
    },
    "23": {
      "val_acc": 0.0117,
      "gpu_hours": 0.10691957804891798
    },
    "24": {
      "val_acc": 0.012,
      "gpu_hours": 0.11124971807003022
    },
    "25": {
      "val_acc": 0.0115,
      "gpu_hours": 0.11558657454119789
    },
    "26": {
      "val_acc": 0.0129,
      "gpu_hours": 0.11991986943615808
    },
    "27": {
      "val_acc": 0.0108,
      "gpu_hours": 0.12424563871489631
    },
    "28": {
      "val_acc": 0.0118,
      "gpu_hours": 0.1285713169972102
    },
    "29": {
      "val_acc": 0.0119,
      "gpu_hours": 0.13289561072985331
    }
  }
}