{
  "trial_number": 78,
  "params": {
    "lr": 0.029466667469731096,
    "weight_decay": 1.271955525513193e-06,
    "batch_size": 128,
    "dropout": 0.3100656549384294,
    "optimizer": "AdamW",
    "scheduler": "plateau",
    "model": "efficientnet_b0"
  },
  "best_val_acc": 0.0956,
  "total_gpu_hours": 0.09840954131550259,
  "slurm_task": 10,
  "parallel_workers": 40,
  "sampler": "random",
  "dataset": "cifar100",
  "device": "cuda",
  "accuracy_thresholds": {},
  "accuracy_curve": {
    "0": {
      "val_acc": 0.0227,
      "gpu_hours": 0.003937323225869073
    },
    "1": {
      "val_acc": 0.0247,
      "gpu_hours": 0.007187296681933933
    },
    "2": {
      "val_acc": 0.0354,
      "gpu_hours": 0.010454161432054307
    },
    "3": {
      "val_acc": 0.033,
      "gpu_hours": 0.01374648630619049
    },
    "4": {
      "val_acc": 0.0429,
      "gpu_hours": 0.016972817712359957
    },
    "5": {
      "val_acc": 0.0665,
      "gpu_hours": 0.020267054902182686
    },
    "6": {
      "val_acc": 0.077,
      "gpu_hours": 0.02349160525533888
    },
    "7": {
      "val_acc": 0.0777,
      "gpu_hours": 0.026734495295418634
    },
    "8": {
      "val_acc": 0.0836,
      "gpu_hours": 0.030007254282633462
    },
    "9": {
      "val_acc": 0.0893,
      "gpu_hours": 0.03322359356615279
    },
    "10": {
      "val_acc": 0.0891,
      "gpu_hours": 0.03647276123364766
    },
    "11": {
      "val_acc": 0.0893,
      "gpu_hours": 0.039704352882173326
    },
    "12": {
      "val_acc": 0.0919,
      "gpu_hours": 0.042981758912404376
    },
    "13": {
      "val_acc": 0.0915,
      "gpu_hours": 0.046260309086905586
    },
    "14": {
      "val_acc": 0.0939,
      "gpu_hours": 0.04956001255247328
    },
    "15": {
      "val_acc": 0.0927,
      "gpu_hours": 0.05279827859666612
    },
    "16": {
      "val_acc": 0.0919,
      "gpu_hours": 0.05610680924521552
    },
    "17": {
      "val_acc": 0.0936,
      "gpu_hours": 0.059341729879379274
    },
    "18": {
      "val_acc": 0.0922,
      "gpu_hours": 0.06256533973746829
    },
    "19": {
      "val_acc": 0.0932,
      "gpu_hours": 0.06581101702319252
    },
    "20": {
      "val_acc": 0.0954,
      "gpu_hours": 0.06905769268671672
    },
    "21": {
      "val_acc": 0.094,
      "gpu_hours": 0.07230014430152046
    },
    "22": {
      "val_acc": 0.0945,
      "gpu_hours": 0.07556982987456852
    },
    "23": {
      "val_acc": 0.0956,
      "gpu_hours": 0.07880226718054878
    },
    "24": {
      "val_acc": 0.0941,
      "gpu_hours": 0.0820810999472936
    },
    "25": {
      "val_acc": 0.0932,
      "gpu_hours": 0.08532785879241096
    },
    "26": {
      "val_acc": 0.0954,
      "gpu_hours": 0.08862259851561652
    },
    "27": {
      "val_acc": 0.0944,
      "gpu_hours": 0.09189166711436378
    },
    "28": {
      "val_acc": 0.094,
      "gpu_hours": 0.09515042265256246
    },
    "29": {
      "val_acc": 0.0936,
      "gpu_hours": 0.0984043358431922
    }
  }
}