{
  "trial_number": 61,
  "params": {
    "lr": 0.0036791470772989396,
    "weight_decay": 0.0006275169600020168,
    "batch_size": 256,
    "dropout": 0.34257510207970365,
    "optimizer": "Adam",
    "scheduler": "step",
    "model": "efficientnet_b0"
  },
  "best_val_acc": 0.228,
  "total_gpu_hours": 0.07622346328364478,
  "slurm_task": 38,
  "parallel_workers": 40,
  "sampler": "random",
  "dataset": "cifar100",
  "device": "cuda",
  "accuracy_thresholds": {},
  "accuracy_curve": {
    "0": {
      "val_acc": 0.0291,
      "gpu_hours": 0.0032086392905977036
    },
    "1": {
      "val_acc": 0.0422,
      "gpu_hours": 0.005731781588660346
    },
    "2": {
      "val_acc": 0.0593,
      "gpu_hours": 0.008268834948539734
    },
    "3": {
      "val_acc": 0.0872,
      "gpu_hours": 0.010792794028917948
    },
    "4": {
      "val_acc": 0.0963,
      "gpu_hours": 0.01331618328889211
    },
    "5": {
      "val_acc": 0.1007,
      "gpu_hours": 0.015827728907267254
    },
    "6": {
      "val_acc": 0.0919,
      "gpu_hours": 0.018343372543652852
    },
    "7": {
      "val_acc": 0.1087,
      "gpu_hours": 0.020850376685460408
    },
    "8": {
      "val_acc": 0.1151,
      "gpu_hours": 0.023374356230099997
    },
    "9": {
      "val_acc": 0.1153,
      "gpu_hours": 0.025904633469051783
    },
    "10": {
      "val_acc": 0.134,
      "gpu_hours": 0.02842164973417918
    },
    "11": {
      "val_acc": 0.1433,
      "gpu_hours": 0.030943590932422216
    },
    "12": {
      "val_acc": 0.1419,
      "gpu_hours": 0.033462280564837986
    },
    "13": {
      "val_acc": 0.1497,
      "gpu_hours": 0.035983143515057034
    },
    "14": {
      "val_acc": 0.1497,
      "gpu_hours": 0.038484059903356765
    },
    "15": {
      "val_acc": 0.1533,
      "gpu_hours": 0.04100143419371711
    },
    "16": {
      "val_acc": 0.1663,
      "gpu_hours": 0.04351527094841003
    },
    "17": {
      "val_acc": 0.1671,
      "gpu_hours": 0.0460394827524821
    },
    "18": {
      "val_acc": 0.164,
      "gpu_hours": 0.04855861604213715
    },
    "19": {
      "val_acc": 0.1705,
      "gpu_hours": 0.05107467591762543
    },
    "20": {
      "val_acc": 0.1953,
      "gpu_hours": 0.05357923600408766
    },
    "21": {
      "val_acc": 0.19,
      "gpu_hours": 0.0560856560866038
    },
    "22": {
      "val_acc": 0.1973,
      "gpu_hours": 0.05859097772174411
    },
    "23": {
      "val_acc": 0.1977,
      "gpu_hours": 0.06110818604628245
    },
    "24": {
      "val_acc": 0.2057,
      "gpu_hours": 0.0636213614543279
    },
    "25": {
      "val_acc": 0.212,
      "gpu_hours": 0.06614884085125393
    },
    "26": {
      "val_acc": 0.2211,
      "gpu_hours": 0.06865404711829291
    },
    "27": {
      "val_acc": 0.2205,
      "gpu_hours": 0.0711808529165056
    },
    "28": {
      "val_acc": 0.228,
      "gpu_hours": 0.07370174613263872
    },
    "29": {
      "val_acc": 0.2238,
      "gpu_hours": 0.07621780051125421
    }
  }
}