{
  "trial_number": 70,
  "params": {
    "lr": 0.022197961285320002,
    "weight_decay": 0.0002934139652329253,
    "batch_size": 64,
    "dropout": 0.3726605270001936,
    "optimizer": "Adam",
    "scheduler": "plateau",
    "model": "resnet34"
  },
  "best_val_acc": 0.1761,
  "total_gpu_hours": 0.23389266153176624,
  "slurm_task": 30,
  "parallel_workers": 40,
  "sampler": "random",
  "dataset": "cifar100",
  "device": "cuda",
  "accuracy_thresholds": {},
  "accuracy_curve": {
    "0": {
      "val_acc": 0.0285,
      "gpu_hours": 0.008336998224258423
    },
    "1": {
      "val_acc": 0.0518,
      "gpu_hours": 0.016119669675827026
    },
    "2": {
      "val_acc": 0.0337,
      "gpu_hours": 0.023911109036869473
    },
    "3": {
      "val_acc": 0.0128,
      "gpu_hours": 0.03169369167751736
    },
    "4": {
      "val_acc": 0.0488,
      "gpu_hours": 0.03948328561253018
    },
    "5": {
      "val_acc": 0.073,
      "gpu_hours": 0.047274191379547116
    },
    "6": {
      "val_acc": 0.0781,
      "gpu_hours": 0.055060064925087825
    },
    "7": {
      "val_acc": 0.0432,
      "gpu_hours": 0.06284851988156637
    },
    "8": {
      "val_acc": 0.1252,
      "gpu_hours": 0.0706311868959003
    },
    "9": {
      "val_acc": 0.1331,
      "gpu_hours": 0.07841444187694126
    },
    "10": {
      "val_acc": 0.1429,
      "gpu_hours": 0.08619072861141629
    },
    "11": {
      "val_acc": 0.1441,
      "gpu_hours": 0.09396801378991869
    },
    "12": {
      "val_acc": 0.1623,
      "gpu_hours": 0.10174124737580617
    },
    "13": {
      "val_acc": 0.1672,
      "gpu_hours": 0.10951927920182546
    },
    "14": {
      "val_acc": 0.1683,
      "gpu_hours": 0.1172993180486891
    },
    "15": {
      "val_acc": 0.1734,
      "gpu_hours": 0.1250772233804067
    },
    "16": {
      "val_acc": 0.1705,
      "gpu_hours": 0.13285655313067965
    },
    "17": {
      "val_acc": 0.1744,
      "gpu_hours": 0.14062991943624284
    },
    "18": {
      "val_acc": 0.1749,
      "gpu_hours": 0.1484057511223687
    },
    "19": {
      "val_acc": 0.1752,
      "gpu_hours": 0.1561844387319353
    },
    "20": {
      "val_acc": 0.1727,
      "gpu_hours": 0.16395557231373256
    },
    "21": {
      "val_acc": 0.1736,
      "gpu_hours": 0.17172403991222382
    },
    "22": {
      "val_acc": 0.1749,
      "gpu_hours": 0.1794951676660114
    },
    "23": {
      "val_acc": 0.1761,
      "gpu_hours": 0.18726469881004756
    },
    "24": {
      "val_acc": 0.1755,
      "gpu_hours": 0.1950347626209259
    },
    "25": {
      "val_acc": 0.1761,
      "gpu_hours": 0.20280579421255324
    },
    "26": {
      "val_acc": 0.1757,
      "gpu_hours": 0.21057409624258677
    },
    "27": {
      "val_acc": 0.1751,
      "gpu_hours": 0.21834418144490983
    },
    "28": {
      "val_acc": 0.1751,
      "gpu_hours": 0.22610956927140555
    },
    "29": {
      "val_acc": 0.1725,
      "gpu_hours": 0.23388006799750857
    }
  }
}