{
  "trial_number": 98,
  "params": {
    "lr": 0.013085542549911112,
    "weight_decay": 4.9021401204260905e-05,
    "batch_size": 128,
    "dropout": 0.08788736901566219,
    "optimizer": "Adam",
    "scheduler": "cosine",
    "model": "efficientnet_b0"
  },
  "best_val_acc": 0.1362,
  "total_gpu_hours": 0.09532313035594092,
  "slurm_task": 35,
  "parallel_workers": 40,
  "sampler": "random",
  "dataset": "cifar100",
  "device": "cuda",
  "accuracy_thresholds": {},
  "accuracy_curve": {
    "0": {
      "val_acc": 0.0264,
      "gpu_hours": 0.0037169028653038874
    },
    "1": {
      "val_acc": 0.0253,
      "gpu_hours": 0.006869755652215746
    },
    "2": {
      "val_acc": 0.0274,
      "gpu_hours": 0.009997976554764641
    },
    "3": {
      "val_acc": 0.034,
      "gpu_hours": 0.013188481397098965
    },
    "4": {
      "val_acc": 0.0284,
      "gpu_hours": 0.016358815100457932
    },
    "5": {
      "val_acc": 0.0245,
      "gpu_hours": 0.019538733959197998
    },
    "6": {
      "val_acc": 0.0068,
      "gpu_hours": 0.02269871844185723
    },
    "7": {
      "val_acc": 0.0366,
      "gpu_hours": 0.02586378534634908
    },
    "8": {
      "val_acc": 0.0532,
      "gpu_hours": 0.029037524859110514
    },
    "9": {
      "val_acc": 0.038,
      "gpu_hours": 0.032169833183288574
    },
    "10": {
      "val_acc": 0.0539,
      "gpu_hours": 0.03535778601964315
    },
    "11": {
      "val_acc": 0.0674,
      "gpu_hours": 0.03850885980659061
    },
    "12": {
      "val_acc": 0.0672,
      "gpu_hours": 0.04164569040139516
    },
    "13": {
      "val_acc": 0.08,
      "gpu_hours": 0.04482288108931647
    },
    "14": {
      "val_acc": 0.0301,
      "gpu_hours": 0.04799757639567057
    },
    "15": {
      "val_acc": 0.0805,
      "gpu_hours": 0.05115618056721157
    },
    "16": {
      "val_acc": 0.0877,
      "gpu_hours": 0.05432046512762705
    },
    "17": {
      "val_acc": 0.0959,
      "gpu_hours": 0.05744596613778008
    },
    "18": {
      "val_acc": 0.1084,
      "gpu_hours": 0.06056954132186042
    },
    "19": {
      "val_acc": 0.1129,
      "gpu_hours": 0.06374149004618326
    },
    "20": {
      "val_acc": 0.1136,
      "gpu_hours": 0.0669117342763477
    },
    "21": {
      "val_acc": 0.1212,
      "gpu_hours": 0.0700433021121555
    },
    "22": {
      "val_acc": 0.1211,
      "gpu_hours": 0.07318048735459645
    },
    "23": {
      "val_acc": 0.127,
      "gpu_hours": 0.07636093040307362
    },
    "24": {
      "val_acc": 0.1306,
      "gpu_hours": 0.07954000353813172
    },
    "25": {
      "val_acc": 0.1362,
      "gpu_hours": 0.08272348854276869
    },
    "26": {
      "val_acc": 0.1308,
      "gpu_hours": 0.08587425072987874
    },
    "27": {
      "val_acc": 0.1358,
      "gpu_hours": 0.08903639170858595
    },
    "28": {
      "val_acc": 0.1356,
      "gpu_hours": 0.09217331336604224
    },
    "29": {
      "val_acc": 0.1353,
      "gpu_hours": 0.09531683113839891
    }
  }
}