{
  "trial_number": 50,
  "params": {
    "lr": 0.0007740116277617474,
    "weight_decay": 0.0017229428125126022,
    "batch_size": 128,
    "dropout": 0.12679447711006658,
    "optimizer": "AdamW",
    "scheduler": "plateau",
    "model": "efficientnet_b0"
  },
  "best_val_acc": 0.2693,
  "total_gpu_hours": 0.09498120175467598,
  "slurm_task": 27,
  "parallel_workers": 40,
  "sampler": "random",
  "dataset": "cifar100",
  "device": "cuda",
  "accuracy_thresholds": {},
  "accuracy_curve": {
    "0": {
      "val_acc": 0.0674,
      "gpu_hours": 0.0038515926069683497
    },
    "1": {
      "val_acc": 0.1057,
      "gpu_hours": 0.007002065380414327
    },
    "2": {
      "val_acc": 0.1442,
      "gpu_hours": 0.01017425298690796
    },
    "3": {
      "val_acc": 0.1729,
      "gpu_hours": 0.013349237971835666
    },
    "4": {
      "val_acc": 0.212,
      "gpu_hours": 0.01647807558377584
    },
    "5": {
      "val_acc": 0.2495,
      "gpu_hours": 0.019613785677485996
    },
    "6": {
      "val_acc": 0.2533,
      "gpu_hours": 0.02273739278316498
    },
    "7": {
      "val_acc": 0.2598,
      "gpu_hours": 0.025835076702965632
    },
    "8": {
      "val_acc": 0.2659,
      "gpu_hours": 0.028987615174717374
    },
    "9": {
      "val_acc": 0.2631,
      "gpu_hours": 0.03211180521382226
    },
    "10": {
      "val_acc": 0.268,
      "gpu_hours": 0.03524084130922953
    },
    "11": {
      "val_acc": 0.2613,
      "gpu_hours": 0.03834254138999515
    },
    "12": {
      "val_acc": 0.2659,
      "gpu_hours": 0.04147812942663828
    },
    "13": {
      "val_acc": 0.2678,
      "gpu_hours": 0.04464331514305538
    },
    "14": {
      "val_acc": 0.2693,
      "gpu_hours": 0.047789807385868494
    },
    "15": {
      "val_acc": 0.2683,
      "gpu_hours": 0.05094134933418698
    },
    "16": {
      "val_acc": 0.2689,
      "gpu_hours": 0.054030552440219454
    },
    "17": {
      "val_acc": 0.2667,
      "gpu_hours": 0.05718245870537228
    },
    "18": {
      "val_acc": 0.2654,
      "gpu_hours": 0.0603382588757409
    },
    "19": {
      "val_acc": 0.2663,
      "gpu_hours": 0.06350689431031545
    },
    "20": {
      "val_acc": 0.2649,
      "gpu_hours": 0.06665524144967397
    },
    "21": {
      "val_acc": 0.2653,
      "gpu_hours": 0.0698101321193907
    },
    "22": {
      "val_acc": 0.2646,
      "gpu_hours": 0.07295881158775754
    },
    "23": {
      "val_acc": 0.2674,
      "gpu_hours": 0.07610605120658874
    },
    "24": {
      "val_acc": 0.268,
      "gpu_hours": 0.07928291492991978
    },
    "25": {
      "val_acc": 0.2677,
      "gpu_hours": 0.08241453925768534
    },
    "26": {
      "val_acc": 0.2679,
      "gpu_hours": 0.08557273189226787
    },
    "27": {
      "val_acc": 0.267,
      "gpu_hours": 0.08871064570215013
    },
    "28": {
      "val_acc": 0.2683,
      "gpu_hours": 0.09183812611632877
    },
    "29": {
      "val_acc": 0.262,
      "gpu_hours": 0.09497462391853333
    }
  }
}