{
  "trial_number": 76,
  "params": {
    "lr": 0.010646190829920231,
    "weight_decay": 1.5095542625161959e-06,
    "batch_size": 128,
    "dropout": 0.47466890332500256,
    "optimizer": "AdamW",
    "scheduler": "cosine",
    "model": "resnet18"
  },
  "best_val_acc": 0.6418,
  "total_gpu_hours": 0.12502717753251394,
  "slurm_task": 9,
  "parallel_workers": 40,
  "sampler": "random",
  "dataset": "cifar100",
  "device": "cuda",
  "accuracy_thresholds": {},
  "accuracy_curve": {
    "0": {
      "val_acc": 0.0796,
      "gpu_hours": 0.0047762413819630945
    },
    "1": {
      "val_acc": 0.147,
      "gpu_hours": 0.008920267754130894
    },
    "2": {
      "val_acc": 0.1965,
      "gpu_hours": 0.01305064664946662
    },
    "3": {
      "val_acc": 0.2546,
      "gpu_hours": 0.017191788819101123
    },
    "4": {
      "val_acc": 0.2833,
      "gpu_hours": 0.02133217771848043
    },
    "5": {
      "val_acc": 0.3258,
      "gpu_hours": 0.025468374689420065
    },
    "6": {
      "val_acc": 0.3724,
      "gpu_hours": 0.029610807763205634
    },
    "7": {
      "val_acc": 0.3973,
      "gpu_hours": 0.033749968740675186
    },
    "8": {
      "val_acc": 0.4354,
      "gpu_hours": 0.037898794876204595
    },
    "9": {
      "val_acc": 0.4603,
      "gpu_hours": 0.042041293780008954
    },
    "10": {
      "val_acc": 0.4973,
      "gpu_hours": 0.04619406640529632
    },
    "11": {
      "val_acc": 0.5168,
      "gpu_hours": 0.05034194952911801
    },
    "12": {
      "val_acc": 0.5247,
      "gpu_hours": 0.054495129187901815
    },
    "13": {
      "val_acc": 0.5478,
      "gpu_hours": 0.05865787267684937
    },
    "14": {
      "val_acc": 0.5622,
      "gpu_hours": 0.06280489895078871
    },
    "15": {
      "val_acc": 0.5762,
      "gpu_hours": 0.06694939732551575
    },
    "16": {
      "val_acc": 0.594,
      "gpu_hours": 0.07110638287332323
    },
    "17": {
      "val_acc": 0.5937,
      "gpu_hours": 0.0752625838915507
    },
    "18": {
      "val_acc": 0.6068,
      "gpu_hours": 0.07939721412128872
    },
    "19": {
      "val_acc": 0.6118,
      "gpu_hours": 0.08354243887795343
    },
    "20": {
      "val_acc": 0.6242,
      "gpu_hours": 0.08769960754447513
    },
    "21": {
      "val_acc": 0.6237,
      "gpu_hours": 0.09184290243519677
    },
    "22": {
      "val_acc": 0.6305,
      "gpu_hours": 0.09599895702468024
    },
    "23": {
      "val_acc": 0.6309,
      "gpu_hours": 0.10014930029710134
    },
    "24": {
      "val_acc": 0.636,
      "gpu_hours": 0.10430006762345632
    },
    "25": {
      "val_acc": 0.6384,
      "gpu_hours": 0.10845283183786604
    },
    "26": {
      "val_acc": 0.6408,
      "gpu_hours": 0.11259997877809737
    },
    "27": {
      "val_acc": 0.6416,
      "gpu_hours": 0.1167273477713267
    },
    "28": {
      "val_acc": 0.6418,
      "gpu_hours": 0.12087961349222395
    },
    "29": {
      "val_acc": 0.6403,
      "gpu_hours": 0.12502059830559625
    }
  }
}