{
  "trial_number": 49,
  "params": {
    "lr": 0.0003603510770495509,
    "weight_decay": 3.518821300049865e-05,
    "batch_size": 256,
    "dropout": 0.39415535031922466,
    "optimizer": "Adam",
    "scheduler": "plateau",
    "model": "efficientnet_b1"
  },
  "best_val_acc": 0.1774,
  "total_gpu_hours": 0.08409334546989865,
  "slurm_task": 29,
  "parallel_workers": 40,
  "sampler": "random",
  "dataset": "cifar100",
  "device": "cuda",
  "accuracy_thresholds": {},
  "accuracy_curve": {
    "0": {
      "val_acc": 0.0165,
      "gpu_hours": 0.0034642966588338217
    },
    "1": {
      "val_acc": 0.0398,
      "gpu_hours": 0.006232273711098565
    },
    "2": {
      "val_acc": 0.0729,
      "gpu_hours": 0.00901655011706882
    },
    "3": {
      "val_acc": 0.113,
      "gpu_hours": 0.011799099047978719
    },
    "4": {
      "val_acc": 0.1384,
      "gpu_hours": 0.0145284950070911
    },
    "5": {
      "val_acc": 0.1559,
      "gpu_hours": 0.017301203542285495
    },
    "6": {
      "val_acc": 0.1611,
      "gpu_hours": 0.020068760050667656
    },
    "7": {
      "val_acc": 0.1653,
      "gpu_hours": 0.022821567323472763
    },
    "8": {
      "val_acc": 0.1719,
      "gpu_hours": 0.025604273478190106
    },
    "9": {
      "val_acc": 0.1733,
      "gpu_hours": 0.02840498599741194
    },
    "10": {
      "val_acc": 0.1739,
      "gpu_hours": 0.031194561454984875
    },
    "11": {
      "val_acc": 0.1768,
      "gpu_hours": 0.033985302448272706
    },
    "12": {
      "val_acc": 0.1733,
      "gpu_hours": 0.0367507321967019
    },
    "13": {
      "val_acc": 0.1744,
      "gpu_hours": 0.03954675720797645
    },
    "14": {
      "val_acc": 0.1758,
      "gpu_hours": 0.04232614152961307
    },
    "15": {
      "val_acc": 0.1744,
      "gpu_hours": 0.04511074953609043
    },
    "16": {
      "val_acc": 0.175,
      "gpu_hours": 0.04789299017853207
    },
    "17": {
      "val_acc": 0.1748,
      "gpu_hours": 0.050690320332845054
    },
    "18": {
      "val_acc": 0.1756,
      "gpu_hours": 0.05347092866897583
    },
    "19": {
      "val_acc": 0.1764,
      "gpu_hours": 0.056254331999354895
    },
    "20": {
      "val_acc": 0.174,
      "gpu_hours": 0.059039662149217395
    },
    "21": {
      "val_acc": 0.175,
      "gpu_hours": 0.06185501860247718
    },
    "22": {
      "val_acc": 0.1755,
      "gpu_hours": 0.06462964561250474
    },
    "23": {
      "val_acc": 0.1744,
      "gpu_hours": 0.06740995473331875
    },
    "24": {
      "val_acc": 0.176,
      "gpu_hours": 0.07017860876189339
    },
    "25": {
      "val_acc": 0.1763,
      "gpu_hours": 0.07297476225429111
    },
    "26": {
      "val_acc": 0.1757,
      "gpu_hours": 0.07576699561542935
    },
    "27": {
      "val_acc": 0.1756,
      "gpu_hours": 0.07855079293251038
    },
    "28": {
      "val_acc": 0.1774,
      "gpu_hours": 0.08130718522601657
    },
    "29": {
      "val_acc": 0.1746,
      "gpu_hours": 0.08408427774906159
    }
  }
}