{
  "trial_number": 35,
  "params": {
    "lr": 0.0006693865925157984,
    "weight_decay": 0.0003605147547140157,
    "batch_size": 128,
    "dropout": 0.47956694274440353,
    "optimizer": "SGD",
    "scheduler": "step",
    "model": "resnet34",
    "momentum": 0.9274738349567399
  },
  "best_val_acc": 0.1233,
  "total_gpu_hours": 0.21550875067710876,
  "slurm_task": 40,
  "parallel_workers": 40,
  "sampler": "random",
  "dataset": "cifar100",
  "device": "cuda",
  "accuracy_thresholds": {},
  "accuracy_curve": {
    "0": {
      "val_acc": 0.0188,
      "gpu_hours": 0.007823519508043926
    },
    "1": {
      "val_acc": 0.0277,
      "gpu_hours": 0.014986634453137715
    },
    "2": {
      "val_acc": 0.0344,
      "gpu_hours": 0.022149498595131767
    },
    "3": {
      "val_acc": 0.0412,
      "gpu_hours": 0.029306023253334892
    },
    "4": {
      "val_acc": 0.0484,
      "gpu_hours": 0.03647026942835914
    },
    "5": {
      "val_acc": 0.0556,
      "gpu_hours": 0.043625077737702266
    },
    "6": {
      "val_acc": 0.0597,
      "gpu_hours": 0.0508044797844357
    },
    "7": {
      "val_acc": 0.0661,
      "gpu_hours": 0.05796629925568898
    },
    "8": {
      "val_acc": 0.0775,
      "gpu_hours": 0.06512181931071812
    },
    "9": {
      "val_acc": 0.0842,
      "gpu_hours": 0.07228161679373847
    },
    "10": {
      "val_acc": 0.0891,
      "gpu_hours": 0.07944143388006422
    },
    "11": {
      "val_acc": 0.0936,
      "gpu_hours": 0.08659845670064291
    },
    "12": {
      "val_acc": 0.0956,
      "gpu_hours": 0.09375685804420048
    },
    "13": {
      "val_acc": 0.0966,
      "gpu_hours": 0.10091515302658081
    },
    "14": {
      "val_acc": 0.1005,
      "gpu_hours": 0.1080715118514167
    },
    "15": {
      "val_acc": 0.1042,
      "gpu_hours": 0.1152324562602573
    },
    "16": {
      "val_acc": 0.1083,
      "gpu_hours": 0.12239389280478159
    },
    "17": {
      "val_acc": 0.112,
      "gpu_hours": 0.1295510674185223
    },
    "18": {
      "val_acc": 0.1116,
      "gpu_hours": 0.13671623223357732
    },
    "19": {
      "val_acc": 0.1153,
      "gpu_hours": 0.1438769488202201
    },
    "20": {
      "val_acc": 0.1162,
      "gpu_hours": 0.1510401186015871
    },
    "21": {
      "val_acc": 0.1165,
      "gpu_hours": 0.15821039809121026
    },
    "22": {
      "val_acc": 0.1163,
      "gpu_hours": 0.16537488301595052
    },
    "23": {
      "val_acc": 0.1198,
      "gpu_hours": 0.1725369875298606
    },
    "24": {
      "val_acc": 0.1202,
      "gpu_hours": 0.17970128251446618
    },
    "25": {
      "val_acc": 0.1191,
      "gpu_hours": 0.186862496998575
    },
    "26": {
      "val_acc": 0.1199,
      "gpu_hours": 0.19402181797557408
    },
    "27": {
      "val_acc": 0.1233,
      "gpu_hours": 0.20118575586213006
    },
    "28": {
      "val_acc": 0.1215,
      "gpu_hours": 0.2083502150906457
    },
    "29": {
      "val_acc": 0.1191,
      "gpu_hours": 0.2155005243089464
    }
  }
}