{
  "trial_number": 104,
  "params": {
    "lr": 0.08472468199848683,
    "weight_decay": 0.0004923477941754626,
    "batch_size": 256,
    "dropout": 0.056230447897997304,
    "optimizer": "Adam",
    "scheduler": "step",
    "model": "resnet18"
  },
  "best_val_acc": 0.0847,
  "total_gpu_hours": 0.11753828763961792,
  "slurm_task": 3,
  "parallel_workers": 40,
  "sampler": "random",
  "dataset": "cifar100",
  "device": "cuda",
  "accuracy_thresholds": {},
  "accuracy_curve": {
    "0": {
      "val_acc": 0.0325,
      "gpu_hours": 0.004402311907874213
    },
    "1": {
      "val_acc": 0.0297,
      "gpu_hours": 0.008299180600378249
    },
    "2": {
      "val_acc": 0.0269,
      "gpu_hours": 0.012210019826889039
    },
    "3": {
      "val_acc": 0.0486,
      "gpu_hours": 0.01610964192284478
    },
    "4": {
      "val_acc": 0.0586,
      "gpu_hours": 0.020018701950709025
    },
    "5": {
      "val_acc": 0.0406,
      "gpu_hours": 0.023919654422336154
    },
    "6": {
      "val_acc": 0.0597,
      "gpu_hours": 0.027850008342001173
    },
    "7": {
      "val_acc": 0.0372,
      "gpu_hours": 0.03175003892845578
    },
    "8": {
      "val_acc": 0.0467,
      "gpu_hours": 0.035648188458548655
    },
    "9": {
      "val_acc": 0.0203,
      "gpu_hours": 0.0395545404487186
    },
    "10": {
      "val_acc": 0.0492,
      "gpu_hours": 0.04345463746123844
    },
    "11": {
      "val_acc": 0.0481,
      "gpu_hours": 0.04736407591236962
    },
    "12": {
      "val_acc": 0.0265,
      "gpu_hours": 0.05126882321304745
    },
    "13": {
      "val_acc": 0.0632,
      "gpu_hours": 0.05517164243592156
    },
    "14": {
      "val_acc": 0.0464,
      "gpu_hours": 0.05907513585355547
    },
    "15": {
      "val_acc": 0.0654,
      "gpu_hours": 0.06297003712919023
    },
    "16": {
      "val_acc": 0.0788,
      "gpu_hours": 0.06687448653909896
    },
    "17": {
      "val_acc": 0.0564,
      "gpu_hours": 0.0707752607928382
    },
    "18": {
      "val_acc": 0.0712,
      "gpu_hours": 0.07466616133848826
    },
    "19": {
      "val_acc": 0.0753,
      "gpu_hours": 0.07856180250644684
    },
    "20": {
      "val_acc": 0.073,
      "gpu_hours": 0.08245814945962694
    },
    "21": {
      "val_acc": 0.0599,
      "gpu_hours": 0.08636706451574962
    },
    "22": {
      "val_acc": 0.0711,
      "gpu_hours": 0.09026172664430407
    },
    "23": {
      "val_acc": 0.0604,
      "gpu_hours": 0.09415337602297465
    },
    "24": {
      "val_acc": 0.0591,
      "gpu_hours": 0.09805136528280047
    },
    "25": {
      "val_acc": 0.082,
      "gpu_hours": 0.10194572005007002
    },
    "26": {
      "val_acc": 0.0742,
      "gpu_hours": 0.10584138320551978
    },
    "27": {
      "val_acc": 0.0722,
      "gpu_hours": 0.10973833580811819
    },
    "28": {
      "val_acc": 0.0324,
      "gpu_hours": 0.11364106681611803
    },
    "29": {
      "val_acc": 0.0847,
      "gpu_hours": 0.1175318850411309
    }
  }
}