{
  "trial_number": 105,
  "params": {
    "lr": 0.0009346411286040066,
    "weight_decay": 1.475050994912324e-05,
    "batch_size": 256,
    "dropout": 0.3643554152205867,
    "optimizer": "Adam",
    "scheduler": "plateau",
    "model": "efficientnet_b0"
  },
  "best_val_acc": 0.2516,
  "total_gpu_hours": 0.07667055732674069,
  "slurm_task": 9,
  "parallel_workers": 40,
  "sampler": "random",
  "dataset": "cifar100",
  "device": "cuda",
  "accuracy_thresholds": {},
  "accuracy_curve": {
    "0": {
      "val_acc": 0.0542,
      "gpu_hours": 0.0030186370346281266
    },
    "1": {
      "val_acc": 0.1003,
      "gpu_hours": 0.005554160608185662
    },
    "2": {
      "val_acc": 0.1434,
      "gpu_hours": 0.008093916243977017
    },
    "3": {
      "val_acc": 0.1708,
      "gpu_hours": 0.010624767541885375
    },
    "4": {
      "val_acc": 0.2019,
      "gpu_hours": 0.013162054353290134
    },
    "5": {
      "val_acc": 0.2306,
      "gpu_hours": 0.01569320844279395
    },
    "6": {
      "val_acc": 0.2397,
      "gpu_hours": 0.018217915693918865
    },
    "7": {
      "val_acc": 0.2447,
      "gpu_hours": 0.020751589470439487
    },
    "8": {
      "val_acc": 0.249,
      "gpu_hours": 0.02329104569223192
    },
    "9": {
      "val_acc": 0.2493,
      "gpu_hours": 0.02582657562361823
    },
    "10": {
      "val_acc": 0.2491,
      "gpu_hours": 0.028351592355304295
    },
    "11": {
      "val_acc": 0.2514,
      "gpu_hours": 0.03088609496752421
    },
    "12": {
      "val_acc": 0.2511,
      "gpu_hours": 0.03342115607526567
    },
    "13": {
      "val_acc": 0.2498,
      "gpu_hours": 0.035954218241903514
    },
    "14": {
      "val_acc": 0.2496,
      "gpu_hours": 0.038500565820270116
    },
    "15": {
      "val_acc": 0.2503,
      "gpu_hours": 0.04104212774170769
    },
    "16": {
      "val_acc": 0.2498,
      "gpu_hours": 0.0435787613524331
    },
    "17": {
      "val_acc": 0.249,
      "gpu_hours": 0.04611398782995012
    },
    "18": {
      "val_acc": 0.2506,
      "gpu_hours": 0.048642737997902766
    },
    "19": {
      "val_acc": 0.2488,
      "gpu_hours": 0.05117702225844065
    },
    "20": {
      "val_acc": 0.2506,
      "gpu_hours": 0.05373122539785173
    },
    "21": {
      "val_acc": 0.2495,
      "gpu_hours": 0.05627521653970083
    },
    "22": {
      "val_acc": 0.2481,
      "gpu_hours": 0.058831148478719925
    },
    "23": {
      "val_acc": 0.2493,
      "gpu_hours": 0.06136949777603149
    },
    "24": {
      "val_acc": 0.2494,
      "gpu_hours": 0.06391107214821709
    },
    "25": {
      "val_acc": 0.2505,
      "gpu_hours": 0.06646328369776408
    },
    "26": {
      "val_acc": 0.2493,
      "gpu_hours": 0.06901617050170898
    },
    "27": {
      "val_acc": 0.2516,
      "gpu_hours": 0.07156733824147118
    },
    "28": {
      "val_acc": 0.249,
      "gpu_hours": 0.07410930196444193
    },
    "29": {
      "val_acc": 0.249,
      "gpu_hours": 0.076664061082734
    }
  }
}