{
  "trial_number": 92,
  "params": {
    "lr": 0.004143014210789452,
    "weight_decay": 0.0004542658248434548,
    "batch_size": 64,
    "dropout": 0.08264491977367988,
    "optimizer": "SGD",
    "scheduler": "cosine",
    "model": "efficientnet_b0",
    "momentum": 0.8883924156565488
  },
  "best_val_acc": 0.1802,
  "total_gpu_hours": 0.1634666027625402,
  "slurm_task": 24,
  "parallel_workers": 40,
  "sampler": "random",
  "dataset": "cifar100",
  "device": "cuda",
  "accuracy_thresholds": {},
  "accuracy_curve": {
    "0": {
      "val_acc": 0.0108,
      "gpu_hours": 0.006094064911206563
    },
    "1": {
      "val_acc": 0.0126,
      "gpu_hours": 0.01177649822500017
    },
    "2": {
      "val_acc": 0.015,
      "gpu_hours": 0.017458951539463467
    },
    "3": {
      "val_acc": 0.0151,
      "gpu_hours": 0.023111558953921
    },
    "4": {
      "val_acc": 0.0134,
      "gpu_hours": 0.028775399459732905
    },
    "5": {
      "val_acc": 0.016,
      "gpu_hours": 0.03446401993433634
    },
    "6": {
      "val_acc": 0.02,
      "gpu_hours": 0.04010438707139757
    },
    "7": {
      "val_acc": 0.0266,
      "gpu_hours": 0.04580017242166731
    },
    "8": {
      "val_acc": 0.0286,
      "gpu_hours": 0.051456075376934474
    },
    "9": {
      "val_acc": 0.0395,
      "gpu_hours": 0.057127046121491325
    },
    "10": {
      "val_acc": 0.0531,
      "gpu_hours": 0.06281661517090267
    },
    "11": {
      "val_acc": 0.0742,
      "gpu_hours": 0.06845863083998362
    },
    "12": {
      "val_acc": 0.0898,
      "gpu_hours": 0.07409491744306353
    },
    "13": {
      "val_acc": 0.1019,
      "gpu_hours": 0.07968525270620982
    },
    "14": {
      "val_acc": 0.1191,
      "gpu_hours": 0.08516655339135064
    },
    "15": {
      "val_acc": 0.1329,
      "gpu_hours": 0.09065524445639717
    },
    "16": {
      "val_acc": 0.1371,
      "gpu_hours": 0.09604066577222613
    },
    "17": {
      "val_acc": 0.1436,
      "gpu_hours": 0.10127266903718313
    },
    "18": {
      "val_acc": 0.1508,
      "gpu_hours": 0.10651789181762271
    },
    "19": {
      "val_acc": 0.1594,
      "gpu_hours": 0.11178325196107229
    },
    "20": {
      "val_acc": 0.1648,
      "gpu_hours": 0.11704191227753957
    },
    "21": {
      "val_acc": 0.1687,
      "gpu_hours": 0.12228842073016696
    },
    "22": {
      "val_acc": 0.1698,
      "gpu_hours": 0.12751559058825174
    },
    "23": {
      "val_acc": 0.1729,
      "gpu_hours": 0.13267900698714785
    },
    "24": {
      "val_acc": 0.1767,
      "gpu_hours": 0.1377993686331643
    },
    "25": {
      "val_acc": 0.1786,
      "gpu_hours": 0.1429155174891154
    },
    "26": {
      "val_acc": 0.1759,
      "gpu_hours": 0.14803541481494903
    },
    "27": {
      "val_acc": 0.1768,
      "gpu_hours": 0.1531886593500773
    },
    "28": {
      "val_acc": 0.1802,
      "gpu_hours": 0.158330503238572
    },
    "29": {
      "val_acc": 0.179,
      "gpu_hours": 0.1634597800175349
    }
  }
}