{
  "trial_number": 19,
  "params": {
    "lr": 0.010646190829920231,
    "weight_decay": 1.5095542625161959e-06,
    "batch_size": 128,
    "dropout": 0.47466890332500256,
    "optimizer": "AdamW",
    "scheduler": "cosine",
    "model": "resnet18"
  },
  "best_val_acc": 0.6529,
  "total_gpu_hours": 0.03899683568212721,
  "slurm_task": 9,
  "parallel_workers": 40,
  "sampler": "random",
  "dataset": "cifar100",
  "device": "cuda",
  "accuracy_thresholds": {},
  "accuracy_curve": {
    "0": {
      "val_acc": 0.0848,
      "gpu_hours": 0.0022909746567408244
    },
    "1": {
      "val_acc": 0.1448,
      "gpu_hours": 0.0035533971256679958
    },
    "2": {
      "val_acc": 0.2009,
      "gpu_hours": 0.00481836285856035
    },
    "3": {
      "val_acc": 0.2504,
      "gpu_hours": 0.00607551634311676
    },
    "4": {
      "val_acc": 0.2879,
      "gpu_hours": 0.00733782238430447
    },
    "5": {
      "val_acc": 0.3405,
      "gpu_hours": 0.008594948649406433
    },
    "6": {
      "val_acc": 0.37,
      "gpu_hours": 0.009864452481269836
    },
    "7": {
      "val_acc": 0.4055,
      "gpu_hours": 0.011129304435518053
    },
    "8": {
      "val_acc": 0.457,
      "gpu_hours": 0.012389422721332973
    },
    "9": {
      "val_acc": 0.4744,
      "gpu_hours": 0.01366001632478502
    },
    "10": {
      "val_acc": 0.4996,
      "gpu_hours": 0.014922905829217698
    },
    "11": {
      "val_acc": 0.5285,
      "gpu_hours": 0.0161867540412479
    },
    "12": {
      "val_acc": 0.5433,
      "gpu_hours": 0.017452831268310546
    },
    "13": {
      "val_acc": 0.5642,
      "gpu_hours": 0.01871720274289449
    },
    "14": {
      "val_acc": 0.5722,
      "gpu_hours": 0.019986000392172073
    },
    "15": {
      "val_acc": 0.5906,
      "gpu_hours": 0.021252310143576727
    },
    "16": {
      "val_acc": 0.599,
      "gpu_hours": 0.02251737376054128
    },
    "17": {
      "val_acc": 0.609,
      "gpu_hours": 0.023774968319469028
    },
    "18": {
      "val_acc": 0.6177,
      "gpu_hours": 0.02504581464661492
    },
    "19": {
      "val_acc": 0.6237,
      "gpu_hours": 0.026302592290772333
    },
    "20": {
      "val_acc": 0.6267,
      "gpu_hours": 0.027570288446214463
    },
    "21": {
      "val_acc": 0.64,
      "gpu_hours": 0.02883274581697252
    },
    "22": {
      "val_acc": 0.6379,
      "gpu_hours": 0.030090361171298558
    },
    "23": {
      "val_acc": 0.6442,
      "gpu_hours": 0.03135084039635128
    },
    "24": {
      "val_acc": 0.6478,
      "gpu_hours": 0.032654005818896825
    },
    "25": {
      "val_acc": 0.6477,
      "gpu_hours": 0.033910684055752226
    },
    "26": {
      "val_acc": 0.6517,
      "gpu_hours": 0.035182908839649626
    },
    "27": {
      "val_acc": 0.6529,
      "gpu_hours": 0.03645189298523797
    },
    "28": {
      "val_acc": 0.6514,
      "gpu_hours": 0.037717072566350304
    },
    "29": {
      "val_acc": 0.6521,
      "gpu_hours": 0.03899077932039897
    }
  }
}