{
  "trial_number": 67,
  "params": {
    "lr": 0.00018283061861044375,
    "weight_decay": 8.354267906568629e-06,
    "batch_size": 256,
    "dropout": 0.27253185189192525,
    "optimizer": "Adam",
    "scheduler": "plateau",
    "model": "resnet34"
  },
  "best_val_acc": 0.4944,
  "total_gpu_hours": 0.20384105854564244,
  "slurm_task": 15,
  "parallel_workers": 40,
  "sampler": "random",
  "dataset": "cifar100",
  "device": "cuda",
  "accuracy_thresholds": {},
  "accuracy_curve": {
    "0": {
      "val_acc": 0.1663,
      "gpu_hours": 0.007664472195837233
    },
    "1": {
      "val_acc": 0.2362,
      "gpu_hours": 0.014423035052087571
    },
    "2": {
      "val_acc": 0.2921,
      "gpu_hours": 0.021190445952945284
    },
    "3": {
      "val_acc": 0.3537,
      "gpu_hours": 0.02794462952348921
    },
    "4": {
      "val_acc": 0.3848,
      "gpu_hours": 0.03470727993382348
    },
    "5": {
      "val_acc": 0.4651,
      "gpu_hours": 0.04146603829330868
    },
    "6": {
      "val_acc": 0.4745,
      "gpu_hours": 0.0482384247912301
    },
    "7": {
      "val_acc": 0.481,
      "gpu_hours": 0.05500193489922418
    },
    "8": {
      "val_acc": 0.4866,
      "gpu_hours": 0.061763771772384644
    },
    "9": {
      "val_acc": 0.4908,
      "gpu_hours": 0.06852750884162055
    },
    "10": {
      "val_acc": 0.4927,
      "gpu_hours": 0.07529745399951934
    },
    "11": {
      "val_acc": 0.4918,
      "gpu_hours": 0.0820606972111596
    },
    "12": {
      "val_acc": 0.4903,
      "gpu_hours": 0.08882482681009504
    },
    "13": {
      "val_acc": 0.4925,
      "gpu_hours": 0.09559201856454214
    },
    "14": {
      "val_acc": 0.4927,
      "gpu_hours": 0.10236480858590868
    },
    "15": {
      "val_acc": 0.4938,
      "gpu_hours": 0.1091252154774136
    },
    "16": {
      "val_acc": 0.4922,
      "gpu_hours": 0.11589255379305946
    },
    "17": {
      "val_acc": 0.4921,
      "gpu_hours": 0.1226556486553616
    },
    "18": {
      "val_acc": 0.4914,
      "gpu_hours": 0.12942724347114562
    },
    "19": {
      "val_acc": 0.4942,
      "gpu_hours": 0.1361868084801568
    },
    "20": {
      "val_acc": 0.4933,
      "gpu_hours": 0.1429477999607722
    },
    "21": {
      "val_acc": 0.4937,
      "gpu_hours": 0.14971848726272582
    },
    "22": {
      "val_acc": 0.4944,
      "gpu_hours": 0.15649272998174033
    },
    "23": {
      "val_acc": 0.4941,
      "gpu_hours": 0.16325246565871768
    },
    "24": {
      "val_acc": 0.4929,
      "gpu_hours": 0.17001728534698488
    },
    "25": {
      "val_acc": 0.4928,
      "gpu_hours": 0.17677874379687838
    },
    "26": {
      "val_acc": 0.4918,
      "gpu_hours": 0.18355011105537414
    },
    "27": {
      "val_acc": 0.4931,
      "gpu_hours": 0.1903086229827669
    },
    "28": {
      "val_acc": 0.4931,
      "gpu_hours": 0.19706911034054225
    },
    "29": {
      "val_acc": 0.4927,
      "gpu_hours": 0.20383428110016716
    }
  }
}