{
  "trial_number": 52,
  "params": {
    "lr": 0.0025729802627275276,
    "weight_decay": 5.3008177273707876e-06,
    "batch_size": 256,
    "dropout": 0.1465152743262424,
    "optimizer": "Adam",
    "scheduler": "cosine",
    "model": "efficientnet_b0"
  },
  "best_val_acc": 0.4221,
  "total_gpu_hours": 0.038600967658890616,
  "slurm_task": 27,
  "parallel_workers": 40,
  "sampler": "random",
  "dataset": "cifar100",
  "device": "cuda",
  "accuracy_thresholds": {},
  "accuracy_curve": {
    "0": {
      "val_acc": 0.0432,
      "gpu_hours": 0.0016232399145762126
    },
    "1": {
      "val_acc": 0.0706,
      "gpu_hours": 0.0029014686081144546
    },
    "2": {
      "val_acc": 0.1039,
      "gpu_hours": 0.004174769454532199
    },
    "3": {
      "val_acc": 0.1274,
      "gpu_hours": 0.0054466289944118925
    },
    "4": {
      "val_acc": 0.1514,
      "gpu_hours": 0.006718280182944404
    },
    "5": {
      "val_acc": 0.1678,
      "gpu_hours": 0.007994749281141493
    },
    "6": {
      "val_acc": 0.1905,
      "gpu_hours": 0.009279427329699198
    },
    "7": {
      "val_acc": 0.2209,
      "gpu_hours": 0.01055744018819597
    },
    "8": {
      "val_acc": 0.2448,
      "gpu_hours": 0.01183570318751865
    },
    "9": {
      "val_acc": 0.2597,
      "gpu_hours": 0.013107774125205146
    },
    "10": {
      "val_acc": 0.2747,
      "gpu_hours": 0.014391565852695042
    },
    "11": {
      "val_acc": 0.2922,
      "gpu_hours": 0.015665905939208136
    },
    "12": {
      "val_acc": 0.3183,
      "gpu_hours": 0.016949408716625636
    },
    "13": {
      "val_acc": 0.3119,
      "gpu_hours": 0.018216010067198012
    },
    "14": {
      "val_acc": 0.3267,
      "gpu_hours": 0.019488248957528008
    },
    "15": {
      "val_acc": 0.3485,
      "gpu_hours": 0.02075926058822208
    },
    "16": {
      "val_acc": 0.3463,
      "gpu_hours": 0.022038842505878873
    },
    "17": {
      "val_acc": 0.3641,
      "gpu_hours": 0.023301997582117717
    },
    "18": {
      "val_acc": 0.3792,
      "gpu_hours": 0.024578703045845033
    },
    "19": {
      "val_acc": 0.3919,
      "gpu_hours": 0.025852462781800162
    },
    "20": {
      "val_acc": 0.393,
      "gpu_hours": 0.027130892740355596
    },
    "21": {
      "val_acc": 0.4066,
      "gpu_hours": 0.028402497702174716
    },
    "22": {
      "val_acc": 0.4101,
      "gpu_hours": 0.029685448540581597
    },
    "23": {
      "val_acc": 0.4122,
      "gpu_hours": 0.03095757133430905
    },
    "24": {
      "val_acc": 0.4128,
      "gpu_hours": 0.03222820003827413
    },
    "25": {
      "val_acc": 0.4174,
      "gpu_hours": 0.03350663681825002
    },
    "26": {
      "val_acc": 0.4198,
      "gpu_hours": 0.03477824178006914
    },
    "27": {
      "val_acc": 0.42,
      "gpu_hours": 0.03605149805545807
    },
    "28": {
      "val_acc": 0.4221,
      "gpu_hours": 0.03732322805457645
    },
    "29": {
      "val_acc": 0.4217,
      "gpu_hours": 0.038591598868370054
    }
  }
}