{
  "trial_number": 69,
  "params": {
    "lr": 0.000610822040175596,
    "weight_decay": 0.0032015396256399042,
    "batch_size": 256,
    "dropout": 0.021713678729642194,
    "optimizer": "Adam",
    "scheduler": "cosine",
    "model": "resnet18"
  },
  "best_val_acc": 0.6719,
  "total_gpu_hours": 0.11832900173134274,
  "slurm_task": 31,
  "parallel_workers": 40,
  "sampler": "random",
  "dataset": "cifar100",
  "device": "cuda",
  "accuracy_thresholds": {},
  "accuracy_curve": {
    "0": {
      "val_acc": 0.119,
      "gpu_hours": 0.004410645034578112
    },
    "1": {
      "val_acc": 0.1926,
      "gpu_hours": 0.008365346391995748
    },
    "2": {
      "val_acc": 0.191,
      "gpu_hours": 0.012323033346070184
    },
    "3": {
      "val_acc": 0.1814,
      "gpu_hours": 0.016270670029852125
    },
    "4": {
      "val_acc": 0.255,
      "gpu_hours": 0.02022829274336497
    },
    "5": {
      "val_acc": 0.3076,
      "gpu_hours": 0.024183349741829768
    },
    "6": {
      "val_acc": 0.3159,
      "gpu_hours": 0.028121524254480997
    },
    "7": {
      "val_acc": 0.3219,
      "gpu_hours": 0.03204018930594126
    },
    "8": {
      "val_acc": 0.3815,
      "gpu_hours": 0.03596217883957757
    },
    "9": {
      "val_acc": 0.2693,
      "gpu_hours": 0.03989719635910458
    },
    "10": {
      "val_acc": 0.3431,
      "gpu_hours": 0.043834729393323266
    },
    "11": {
      "val_acc": 0.3737,
      "gpu_hours": 0.04774832394387987
    },
    "12": {
      "val_acc": 0.4048,
      "gpu_hours": 0.05167636977301704
    },
    "13": {
      "val_acc": 0.4301,
      "gpu_hours": 0.0555985865328047
    },
    "14": {
      "val_acc": 0.4114,
      "gpu_hours": 0.05952501661247677
    },
    "15": {
      "val_acc": 0.4439,
      "gpu_hours": 0.06345421115557352
    },
    "16": {
      "val_acc": 0.4789,
      "gpu_hours": 0.0673903359969457
    },
    "17": {
      "val_acc": 0.5006,
      "gpu_hours": 0.07131557967927721
    },
    "18": {
      "val_acc": 0.5231,
      "gpu_hours": 0.07525093893210093
    },
    "19": {
      "val_acc": 0.543,
      "gpu_hours": 0.07917694575256772
    },
    "20": {
      "val_acc": 0.566,
      "gpu_hours": 0.08308573464552561
    },
    "21": {
      "val_acc": 0.5808,
      "gpu_hours": 0.08699683666229248
    },
    "22": {
      "val_acc": 0.6028,
      "gpu_hours": 0.09092181225617726
    },
    "23": {
      "val_acc": 0.6188,
      "gpu_hours": 0.09484133985307482
    },
    "24": {
      "val_acc": 0.6359,
      "gpu_hours": 0.09874068491988712
    },
    "25": {
      "val_acc": 0.6441,
      "gpu_hours": 0.10266643888420529
    },
    "26": {
      "val_acc": 0.6603,
      "gpu_hours": 0.10658353719446394
    },
    "27": {
      "val_acc": 0.6649,
      "gpu_hours": 0.11050207217534383
    },
    "28": {
      "val_acc": 0.6719,
      "gpu_hours": 0.11442280027601454
    },
    "29": {
      "val_acc": 0.6717,
      "gpu_hours": 0.11832340319951375
    }
  }
}