{
  "trial_number": 59,
  "params": {
    "lr": 0.04173575562590305,
    "weight_decay": 0.0034062318552109325,
    "batch_size": 256,
    "dropout": 0.1949208151726045,
    "optimizer": "AdamW",
    "scheduler": "cosine",
    "model": "efficientnet_b1"
  },
  "best_val_acc": 0.0885,
  "total_gpu_hours": 0.08709940764639112,
  "slurm_task": 36,
  "parallel_workers": 40,
  "sampler": "random",
  "dataset": "cifar100",
  "device": "cuda",
  "accuracy_thresholds": {},
  "accuracy_curve": {
    "0": {
      "val_acc": 0.01,
      "gpu_hours": 0.003391585416264004
    },
    "1": {
      "val_acc": 0.01,
      "gpu_hours": 0.006301944586965773
    },
    "2": {
      "val_acc": 0.0107,
      "gpu_hours": 0.009230649140146043
    },
    "3": {
      "val_acc": 0.0173,
      "gpu_hours": 0.012179164754019842
    },
    "4": {
      "val_acc": 0.0174,
      "gpu_hours": 0.01508521854877472
    },
    "5": {
      "val_acc": 0.0141,
      "gpu_hours": 0.018013502491845024
    },
    "6": {
      "val_acc": 0.0235,
      "gpu_hours": 0.02086465471320682
    },
    "7": {
      "val_acc": 0.0288,
      "gpu_hours": 0.02372629549768236
    },
    "8": {
      "val_acc": 0.0112,
      "gpu_hours": 0.026606910758548312
    },
    "9": {
      "val_acc": 0.024,
      "gpu_hours": 0.02946948680612776
    },
    "10": {
      "val_acc": 0.0256,
      "gpu_hours": 0.03234620326095157
    },
    "11": {
      "val_acc": 0.0272,
      "gpu_hours": 0.03524306091997358
    },
    "12": {
      "val_acc": 0.0335,
      "gpu_hours": 0.03810977194044325
    },
    "13": {
      "val_acc": 0.0299,
      "gpu_hours": 0.04100966056187948
    },
    "14": {
      "val_acc": 0.0333,
      "gpu_hours": 0.04385450647936927
    },
    "15": {
      "val_acc": 0.0346,
      "gpu_hours": 0.04674283014403449
    },
    "16": {
      "val_acc": 0.0388,
      "gpu_hours": 0.04962970369391971
    },
    "17": {
      "val_acc": 0.0377,
      "gpu_hours": 0.05252534601423475
    },
    "18": {
      "val_acc": 0.0492,
      "gpu_hours": 0.0554120628701316
    },
    "19": {
      "val_acc": 0.0509,
      "gpu_hours": 0.058306393954488965
    },
    "20": {
      "val_acc": 0.0537,
      "gpu_hours": 0.06113996909724342
    },
    "21": {
      "val_acc": 0.0557,
      "gpu_hours": 0.06403782612747616
    },
    "22": {
      "val_acc": 0.0579,
      "gpu_hours": 0.0669114679760403
    },
    "23": {
      "val_acc": 0.0643,
      "gpu_hours": 0.0698029997613695
    },
    "24": {
      "val_acc": 0.0742,
      "gpu_hours": 0.072716982099745
    },
    "25": {
      "val_acc": 0.0788,
      "gpu_hours": 0.0756079641977946
    },
    "26": {
      "val_acc": 0.0836,
      "gpu_hours": 0.07850426872571309
    },
    "27": {
      "val_acc": 0.0844,
      "gpu_hours": 0.08135890344778697
    },
    "28": {
      "val_acc": 0.0885,
      "gpu_hours": 0.08419993579387665
    },
    "29": {
      "val_acc": 0.0874,
      "gpu_hours": 0.08709382467799716
    }
  }
}