{
  "trial_number": 47,
  "params": {
    "lr": 0.06059567335863839,
    "weight_decay": 0.003088198286308928,
    "batch_size": 128,
    "dropout": 0.07400405046489184,
    "optimizer": "SGD",
    "scheduler": "cosine",
    "model": "efficientnet_b1",
    "momentum": 0.8351707837590983
  },
  "best_val_acc": 0.2341,
  "total_gpu_hours": 0.13254153867562612,
  "slurm_task": 28,
  "parallel_workers": 40,
  "sampler": "random",
  "dataset": "cifar100",
  "device": "cuda",
  "accuracy_thresholds": {},
  "accuracy_curve": {
    "0": {
      "val_acc": 0.0243,
      "gpu_hours": 0.005058710442648994
    },
    "1": {
      "val_acc": 0.0797,
      "gpu_hours": 0.00948986397849189
    },
    "2": {
      "val_acc": 0.1185,
      "gpu_hours": 0.013903850449456108
    },
    "3": {
      "val_acc": 0.139,
      "gpu_hours": 0.018275016612476772
    },
    "4": {
      "val_acc": 0.111,
      "gpu_hours": 0.02257941272523668
    },
    "5": {
      "val_acc": 0.146,
      "gpu_hours": 0.02696153806315528
    },
    "6": {
      "val_acc": 0.1405,
      "gpu_hours": 0.03133396221531762
    },
    "7": {
      "val_acc": 0.1596,
      "gpu_hours": 0.035684478216701086
    },
    "8": {
      "val_acc": 0.1587,
      "gpu_hours": 0.040142751203642954
    },
    "9": {
      "val_acc": 0.1479,
      "gpu_hours": 0.044601231813430786
    },
    "10": {
      "val_acc": 0.1627,
      "gpu_hours": 0.048964996139208475
    },
    "11": {
      "val_acc": 0.1691,
      "gpu_hours": 0.053384474251005384
    },
    "12": {
      "val_acc": 0.1699,
      "gpu_hours": 0.0577422344022327
    },
    "13": {
      "val_acc": 0.159,
      "gpu_hours": 0.062111325330204435
    },
    "14": {
      "val_acc": 0.159,
      "gpu_hours": 0.06653690258661905
    },
    "15": {
      "val_acc": 0.1864,
      "gpu_hours": 0.0709148336119122
    },
    "16": {
      "val_acc": 0.1917,
      "gpu_hours": 0.07533924255106184
    },
    "17": {
      "val_acc": 0.1961,
      "gpu_hours": 0.07969263566864862
    },
    "18": {
      "val_acc": 0.2072,
      "gpu_hours": 0.08406288842360178
    },
    "19": {
      "val_acc": 0.2061,
      "gpu_hours": 0.08846676899327172
    },
    "20": {
      "val_acc": 0.205,
      "gpu_hours": 0.09282812204625872
    },
    "21": {
      "val_acc": 0.2095,
      "gpu_hours": 0.09721309509542253
    },
    "22": {
      "val_acc": 0.2214,
      "gpu_hours": 0.10164379272196028
    },
    "23": {
      "val_acc": 0.2159,
      "gpu_hours": 0.10605485286977556
    },
    "24": {
      "val_acc": 0.2217,
      "gpu_hours": 0.1104870973693
    },
    "25": {
      "val_acc": 0.2282,
      "gpu_hours": 0.11489108032650418
    },
    "26": {
      "val_acc": 0.2279,
      "gpu_hours": 0.1192802506685257
    },
    "27": {
      "val_acc": 0.2311,
      "gpu_hours": 0.12367646800147163
    },
    "28": {
      "val_acc": 0.2339,
      "gpu_hours": 0.12810174922148387
    },
    "29": {
      "val_acc": 0.2341,
      "gpu_hours": 0.13253499878777397
    }
  }
}