{
  "trial_number": 56,
  "params": {
    "lr": 0.0013718150915872562,
    "weight_decay": 0.00018552082577006233,
    "batch_size": 64,
    "dropout": 0.15582549893769776,
    "optimizer": "AdamW",
    "scheduler": "step",
    "model": "resnet18"
  },
  "best_val_acc": 0.6948,
  "total_gpu_hours": 0.134570687479443,
  "slurm_task": 22,
  "parallel_workers": 40,
  "sampler": "random",
  "dataset": "cifar100",
  "device": "cuda",
  "accuracy_thresholds": {},
  "accuracy_curve": {
    "0": {
      "val_acc": 0.159,
      "gpu_hours": 0.005255503522025215
    },
    "1": {
      "val_acc": 0.2422,
      "gpu_hours": 0.009695289863480462
    },
    "2": {
      "val_acc": 0.342,
      "gpu_hours": 0.01413987974325816
    },
    "3": {
      "val_acc": 0.4015,
      "gpu_hours": 0.01859586000442505
    },
    "4": {
      "val_acc": 0.4578,
      "gpu_hours": 0.023051291240586174
    },
    "5": {
      "val_acc": 0.4894,
      "gpu_hours": 0.027505103084776137
    },
    "6": {
      "val_acc": 0.5364,
      "gpu_hours": 0.03200862447420756
    },
    "7": {
      "val_acc": 0.529,
      "gpu_hours": 0.03646768119600084
    },
    "8": {
      "val_acc": 0.5751,
      "gpu_hours": 0.04092940800719791
    },
    "9": {
      "val_acc": 0.6021,
      "gpu_hours": 0.04537572238180373
    },
    "10": {
      "val_acc": 0.6406,
      "gpu_hours": 0.04983350104755825
    },
    "11": {
      "val_acc": 0.6497,
      "gpu_hours": 0.054302263061205544
    },
    "12": {
      "val_acc": 0.6522,
      "gpu_hours": 0.058761430647638106
    },
    "13": {
      "val_acc": 0.6596,
      "gpu_hours": 0.0632241204712126
    },
    "14": {
      "val_acc": 0.6628,
      "gpu_hours": 0.0676792389816708
    },
    "15": {
      "val_acc": 0.6636,
      "gpu_hours": 0.07213053146998087
    },
    "16": {
      "val_acc": 0.6695,
      "gpu_hours": 0.07659492916531033
    },
    "17": {
      "val_acc": 0.6718,
      "gpu_hours": 0.08105639437834422
    },
    "18": {
      "val_acc": 0.6727,
      "gpu_hours": 0.0855093201663759
    },
    "19": {
      "val_acc": 0.6704,
      "gpu_hours": 0.08997486770153046
    },
    "20": {
      "val_acc": 0.6881,
      "gpu_hours": 0.09443005449242062
    },
    "21": {
      "val_acc": 0.6935,
      "gpu_hours": 0.09888360308276282
    },
    "22": {
      "val_acc": 0.6944,
      "gpu_hours": 0.10334525141451094
    },
    "23": {
      "val_acc": 0.6905,
      "gpu_hours": 0.10779561022917429
    },
    "24": {
      "val_acc": 0.694,
      "gpu_hours": 0.11225623362594181
    },
    "25": {
      "val_acc": 0.6921,
      "gpu_hours": 0.116718703839514
    },
    "26": {
      "val_acc": 0.6923,
      "gpu_hours": 0.12118327465322283
    },
    "27": {
      "val_acc": 0.6942,
      "gpu_hours": 0.12564650105105507
    },
    "28": {
      "val_acc": 0.6948,
      "gpu_hours": 0.13010971201790703
    },
    "29": {
      "val_acc": 0.69,
      "gpu_hours": 0.13456507881482443
    }
  }
}