{
  "trial_number": 108,
  "params": {
    "lr": 0.0004589385766759428,
    "weight_decay": 0.00010193942663737419,
    "batch_size": 64,
    "dropout": 0.2907168758682257,
    "optimizer": "AdamW",
    "scheduler": "step",
    "model": "resnet34"
  },
  "best_val_acc": 0.7013,
  "total_gpu_hours": 0.22835061973995632,
  "slurm_task": 18,
  "parallel_workers": 40,
  "sampler": "random",
  "dataset": "cifar100",
  "device": "cuda",
  "accuracy_thresholds": {},
  "accuracy_curve": {
    "0": {
      "val_acc": 0.1494,
      "gpu_hours": 0.008121245437198214
    },
    "1": {
      "val_acc": 0.2843,
      "gpu_hours": 0.015720117158359952
    },
    "2": {
      "val_acc": 0.3589,
      "gpu_hours": 0.023320223689079284
    },
    "3": {
      "val_acc": 0.4143,
      "gpu_hours": 0.030928671757380167
    },
    "4": {
      "val_acc": 0.4683,
      "gpu_hours": 0.03852790117263794
    },
    "5": {
      "val_acc": 0.5022,
      "gpu_hours": 0.04613018698162503
    },
    "6": {
      "val_acc": 0.5139,
      "gpu_hours": 0.053731110559569466
    },
    "7": {
      "val_acc": 0.552,
      "gpu_hours": 0.061326093077659606
    },
    "8": {
      "val_acc": 0.5649,
      "gpu_hours": 0.06890685353014205
    },
    "9": {
      "val_acc": 0.569,
      "gpu_hours": 0.07649523344304826
    },
    "10": {
      "val_acc": 0.6464,
      "gpu_hours": 0.08408877478705512
    },
    "11": {
      "val_acc": 0.6566,
      "gpu_hours": 0.09168627752198114
    },
    "12": {
      "val_acc": 0.6519,
      "gpu_hours": 0.09927109652095371
    },
    "13": {
      "val_acc": 0.6523,
      "gpu_hours": 0.1068598731358846
    },
    "14": {
      "val_acc": 0.6621,
      "gpu_hours": 0.11445593900150723
    },
    "15": {
      "val_acc": 0.6656,
      "gpu_hours": 0.12205604718791115
    },
    "16": {
      "val_acc": 0.6736,
      "gpu_hours": 0.12965130243036482
    },
    "17": {
      "val_acc": 0.6735,
      "gpu_hours": 0.13723746796449027
    },
    "18": {
      "val_acc": 0.6739,
      "gpu_hours": 0.144828289548556
    },
    "19": {
      "val_acc": 0.683,
      "gpu_hours": 0.15242966777748532
    },
    "20": {
      "val_acc": 0.7005,
      "gpu_hours": 0.16001913421683842
    },
    "21": {
      "val_acc": 0.6999,
      "gpu_hours": 0.1676136651304033
    },
    "22": {
      "val_acc": 0.7013,
      "gpu_hours": 0.175209485689799
    },
    "23": {
      "val_acc": 0.6971,
      "gpu_hours": 0.18280921876430511
    },
    "24": {
      "val_acc": 0.6995,
      "gpu_hours": 0.1903936606645584
    },
    "25": {
      "val_acc": 0.697,
      "gpu_hours": 0.19797847986221315
    },
    "26": {
      "val_acc": 0.7006,
      "gpu_hours": 0.20556939250893064
    },
    "27": {
      "val_acc": 0.7007,
      "gpu_hours": 0.21316935234599643
    },
    "28": {
      "val_acc": 0.6968,
      "gpu_hours": 0.22075781259271834
    },
    "29": {
      "val_acc": 0.6961,
      "gpu_hours": 0.2283439087205463
    }
  }
}