{
  "trial_number": 69,
  "params": {
    "lr": 0.001245422619235683,
    "weight_decay": 6.380043849100562e-05,
    "batch_size": 256,
    "dropout": 0.1448170028869793,
    "optimizer": "AdamW",
    "scheduler": "cosine",
    "model": "efficientnet_b0"
  },
  "best_val_acc": 0.4529,
  "total_gpu_hours": 0.0760734685924318,
  "slurm_task": 16,
  "parallel_workers": 40,
  "sampler": "random",
  "dataset": "cifar100",
  "device": "cuda",
  "accuracy_thresholds": {},
  "accuracy_curve": {
    "0": {
      "val_acc": 0.0597,
      "gpu_hours": 0.003348921007580227
    },
    "1": {
      "val_acc": 0.1047,
      "gpu_hours": 0.005857845942179362
    },
    "2": {
      "val_acc": 0.1328,
      "gpu_hours": 0.008368009328842163
    },
    "3": {
      "val_acc": 0.1719,
      "gpu_hours": 0.010874492128690084
    },
    "4": {
      "val_acc": 0.2096,
      "gpu_hours": 0.013378079864713881
    },
    "5": {
      "val_acc": 0.2251,
      "gpu_hours": 0.01588611880938212
    },
    "6": {
      "val_acc": 0.2638,
      "gpu_hours": 0.018384354379442004
    },
    "7": {
      "val_acc": 0.2627,
      "gpu_hours": 0.020878321131070455
    },
    "8": {
      "val_acc": 0.296,
      "gpu_hours": 0.02339263247119056
    },
    "9": {
      "val_acc": 0.3173,
      "gpu_hours": 0.02590522938304477
    },
    "10": {
      "val_acc": 0.3366,
      "gpu_hours": 0.02840152230527666
    },
    "11": {
      "val_acc": 0.3512,
      "gpu_hours": 0.03091092050075531
    },
    "12": {
      "val_acc": 0.3651,
      "gpu_hours": 0.03341828750239478
    },
    "13": {
      "val_acc": 0.3737,
      "gpu_hours": 0.03593978126843771
    },
    "14": {
      "val_acc": 0.381,
      "gpu_hours": 0.038443624443478056
    },
    "15": {
      "val_acc": 0.3908,
      "gpu_hours": 0.04095204181141324
    },
    "16": {
      "val_acc": 0.4017,
      "gpu_hours": 0.04344862626658546
    },
    "17": {
      "val_acc": 0.4085,
      "gpu_hours": 0.04594900654421912
    },
    "18": {
      "val_acc": 0.419,
      "gpu_hours": 0.04847860793272654
    },
    "19": {
      "val_acc": 0.4159,
      "gpu_hours": 0.05098770154847039
    },
    "20": {
      "val_acc": 0.4292,
      "gpu_hours": 0.05349809176392025
    },
    "21": {
      "val_acc": 0.4331,
      "gpu_hours": 0.056012695895300973
    },
    "22": {
      "val_acc": 0.4436,
      "gpu_hours": 0.05851714856094784
    },
    "23": {
      "val_acc": 0.4425,
      "gpu_hours": 0.06103258358107673
    },
    "24": {
      "val_acc": 0.4444,
      "gpu_hours": 0.0635289924674564
    },
    "25": {
      "val_acc": 0.4495,
      "gpu_hours": 0.06603245649072859
    },
    "26": {
      "val_acc": 0.4496,
      "gpu_hours": 0.0685559708542294
    },
    "27": {
      "val_acc": 0.4507,
      "gpu_hours": 0.07105407502916124
    },
    "28": {
      "val_acc": 0.4495,
      "gpu_hours": 0.0735694350136651
    },
    "29": {
      "val_acc": 0.4529,
      "gpu_hours": 0.07606680591901144
    }
  }
}