{
  "trial_number": 73,
  "params": {
    "lr": 0.0007996378956103568,
    "weight_decay": 9.733013546865411e-06,
    "batch_size": 64,
    "dropout": 0.28344232974983613,
    "optimizer": "AdamW",
    "scheduler": "cosine",
    "model": "efficientnet_b0"
  },
  "best_val_acc": 0.4554,
  "total_gpu_hours": 0.1733552873134613,
  "slurm_task": 7,
  "parallel_workers": 40,
  "sampler": "random",
  "dataset": "cifar100",
  "device": "cuda",
  "accuracy_thresholds": {},
  "accuracy_curve": {
    "0": {
      "val_acc": 0.07,
      "gpu_hours": 0.0064357783397038775
    },
    "1": {
      "val_acc": 0.1121,
      "gpu_hours": 0.012214599516656663
    },
    "2": {
      "val_acc": 0.1387,
      "gpu_hours": 0.01797742591963874
    },
    "3": {
      "val_acc": 0.1832,
      "gpu_hours": 0.02369387580288781
    },
    "4": {
      "val_acc": 0.2096,
      "gpu_hours": 0.02939769791232215
    },
    "5": {
      "val_acc": 0.2324,
      "gpu_hours": 0.03511535969045427
    },
    "6": {
      "val_acc": 0.2533,
      "gpu_hours": 0.040862557888031004
    },
    "7": {
      "val_acc": 0.2835,
      "gpu_hours": 0.046633824441168044
    },
    "8": {
      "val_acc": 0.3045,
      "gpu_hours": 0.05237610883182949
    },
    "9": {
      "val_acc": 0.3114,
      "gpu_hours": 0.058136641316943696
    },
    "10": {
      "val_acc": 0.3312,
      "gpu_hours": 0.06388231469525231
    },
    "11": {
      "val_acc": 0.3563,
      "gpu_hours": 0.06962824119461908
    },
    "12": {
      "val_acc": 0.3571,
      "gpu_hours": 0.07535307460361057
    },
    "13": {
      "val_acc": 0.3758,
      "gpu_hours": 0.08107303347852494
    },
    "14": {
      "val_acc": 0.3761,
      "gpu_hours": 0.08686422924200694
    },
    "15": {
      "val_acc": 0.3923,
      "gpu_hours": 0.09264761262469821
    },
    "16": {
      "val_acc": 0.4074,
      "gpu_hours": 0.09840238544676039
    },
    "17": {
      "val_acc": 0.4097,
      "gpu_hours": 0.10418024639288584
    },
    "18": {
      "val_acc": 0.4247,
      "gpu_hours": 0.10991240686840481
    },
    "19": {
      "val_acc": 0.4273,
      "gpu_hours": 0.11563945353031159
    },
    "20": {
      "val_acc": 0.4341,
      "gpu_hours": 0.12139299829800923
    },
    "21": {
      "val_acc": 0.4377,
      "gpu_hours": 0.12715041902330187
    },
    "22": {
      "val_acc": 0.4414,
      "gpu_hours": 0.13294926636748844
    },
    "23": {
      "val_acc": 0.4399,
      "gpu_hours": 0.1387125622563892
    },
    "24": {
      "val_acc": 0.4403,
      "gpu_hours": 0.14450874427954355
    },
    "25": {
      "val_acc": 0.4494,
      "gpu_hours": 0.15029822687307995
    },
    "26": {
      "val_acc": 0.4517,
      "gpu_hours": 0.15604208038912878
    },
    "27": {
      "val_acc": 0.4509,
      "gpu_hours": 0.16181558390458425
    },
    "28": {
      "val_acc": 0.448,
      "gpu_hours": 0.1675570747587416
    },
    "29": {
      "val_acc": 0.4554,
      "gpu_hours": 0.17334928592046103
    }
  }
}