{
  "trial_number": 38,
  "params": {
    "lr": 0.0009346411286040066,
    "weight_decay": 1.475050994912324e-05,
    "batch_size": 256,
    "dropout": 0.3643554152205867,
    "optimizer": "Adam",
    "scheduler": "plateau",
    "model": "efficientnet_b0"
  },
  "best_val_acc": 0.2528,
  "total_gpu_hours": 0.03890792032082876,
  "slurm_task": 9,
  "parallel_workers": 40,
  "sampler": "random",
  "dataset": "cifar100",
  "device": "cuda",
  "accuracy_thresholds": {},
  "accuracy_curve": {
    "0": {
      "val_acc": 0.0613,
      "gpu_hours": 0.0016341432597902087
    },
    "1": {
      "val_acc": 0.1038,
      "gpu_hours": 0.002922695345348782
    },
    "2": {
      "val_acc": 0.1377,
      "gpu_hours": 0.004212843312157525
    },
    "3": {
      "val_acc": 0.1792,
      "gpu_hours": 0.005489367776446872
    },
    "4": {
      "val_acc": 0.1919,
      "gpu_hours": 0.006767988006273906
    },
    "5": {
      "val_acc": 0.2267,
      "gpu_hours": 0.008048963811662462
    },
    "6": {
      "val_acc": 0.2335,
      "gpu_hours": 0.009337854186693827
    },
    "7": {
      "val_acc": 0.2439,
      "gpu_hours": 0.01060856540997823
    },
    "8": {
      "val_acc": 0.2455,
      "gpu_hours": 0.011890455219480726
    },
    "9": {
      "val_acc": 0.2466,
      "gpu_hours": 0.01318055808544159
    },
    "10": {
      "val_acc": 0.248,
      "gpu_hours": 0.01446704950597551
    },
    "11": {
      "val_acc": 0.2478,
      "gpu_hours": 0.01574535376495785
    },
    "12": {
      "val_acc": 0.2501,
      "gpu_hours": 0.017025098337067498
    },
    "13": {
      "val_acc": 0.25,
      "gpu_hours": 0.01832840104897817
    },
    "14": {
      "val_acc": 0.25,
      "gpu_hours": 0.019617706338564554
    },
    "15": {
      "val_acc": 0.2497,
      "gpu_hours": 0.0209030063284768
    },
    "16": {
      "val_acc": 0.25,
      "gpu_hours": 0.0221860580974155
    },
    "17": {
      "val_acc": 0.2514,
      "gpu_hours": 0.023475967910554674
    },
    "18": {
      "val_acc": 0.2479,
      "gpu_hours": 0.024756634169154697
    },
    "19": {
      "val_acc": 0.251,
      "gpu_hours": 0.026052805847591825
    },
    "20": {
      "val_acc": 0.2494,
      "gpu_hours": 0.027345617413520814
    },
    "21": {
      "val_acc": 0.2489,
      "gpu_hours": 0.028634119431177774
    },
    "22": {
      "val_acc": 0.2496,
      "gpu_hours": 0.02992072350449032
    },
    "23": {
      "val_acc": 0.2515,
      "gpu_hours": 0.031198404365115697
    },
    "24": {
      "val_acc": 0.2528,
      "gpu_hours": 0.03248912592728933
    },
    "25": {
      "val_acc": 0.2493,
      "gpu_hours": 0.03377382430765364
    },
    "26": {
      "val_acc": 0.2477,
      "gpu_hours": 0.03506748610072666
    },
    "27": {
      "val_acc": 0.2481,
      "gpu_hours": 0.03634627143541972
    },
    "28": {
      "val_acc": 0.2502,
      "gpu_hours": 0.03761787070168389
    },
    "29": {
      "val_acc": 0.2499,
      "gpu_hours": 0.03889942877822452
    }
  }
}