{
  "trial_number": 91,
  "params": {
    "lr": 0.0007261728142731342,
    "weight_decay": 5.654044069745086e-06,
    "batch_size": 64,
    "dropout": 0.20383378702992233,
    "optimizer": "AdamW",
    "scheduler": "cosine",
    "model": "resnet34"
  },
  "best_val_acc": 0.7181,
  "total_gpu_hours": 0.23380656520525614,
  "slurm_task": 37,
  "parallel_workers": 40,
  "sampler": "random",
  "dataset": "cifar100",
  "device": "cuda",
  "accuracy_thresholds": {},
  "accuracy_curve": {
    "0": {
      "val_acc": 0.1648,
      "gpu_hours": 0.008293668826421102
    },
    "1": {
      "val_acc": 0.2561,
      "gpu_hours": 0.016088076366318597
    },
    "2": {
      "val_acc": 0.3644,
      "gpu_hours": 0.023869752751456367
    },
    "3": {
      "val_acc": 0.4142,
      "gpu_hours": 0.031659612589412266
    },
    "4": {
      "val_acc": 0.4332,
      "gpu_hours": 0.03943790958987342
    },
    "5": {
      "val_acc": 0.4848,
      "gpu_hours": 0.047217587365044486
    },
    "6": {
      "val_acc": 0.5447,
      "gpu_hours": 0.05499396178457472
    },
    "7": {
      "val_acc": 0.5661,
      "gpu_hours": 0.06279349009195964
    },
    "8": {
      "val_acc": 0.5945,
      "gpu_hours": 0.07057292766041226
    },
    "9": {
      "val_acc": 0.6036,
      "gpu_hours": 0.07834844721688164
    },
    "10": {
      "val_acc": 0.6219,
      "gpu_hours": 0.08612911793920729
    },
    "11": {
      "val_acc": 0.6328,
      "gpu_hours": 0.0939223657713996
    },
    "12": {
      "val_acc": 0.638,
      "gpu_hours": 0.10169972174697452
    },
    "13": {
      "val_acc": 0.6622,
      "gpu_hours": 0.10947928329308827
    },
    "14": {
      "val_acc": 0.6629,
      "gpu_hours": 0.11725812713305156
    },
    "15": {
      "val_acc": 0.6764,
      "gpu_hours": 0.12504287262757618
    },
    "16": {
      "val_acc": 0.6763,
      "gpu_hours": 0.13281377567185296
    },
    "17": {
      "val_acc": 0.6872,
      "gpu_hours": 0.14058127012517718
    },
    "18": {
      "val_acc": 0.6937,
      "gpu_hours": 0.14835115955935585
    },
    "19": {
      "val_acc": 0.6936,
      "gpu_hours": 0.1561223993036482
    },
    "20": {
      "val_acc": 0.6984,
      "gpu_hours": 0.1638876947429445
    },
    "21": {
      "val_acc": 0.7047,
      "gpu_hours": 0.1716563516192966
    },
    "22": {
      "val_acc": 0.7057,
      "gpu_hours": 0.17942078749338786
    },
    "23": {
      "val_acc": 0.708,
      "gpu_hours": 0.18719283574157292
    },
    "24": {
      "val_acc": 0.7131,
      "gpu_hours": 0.1949565949704912
    },
    "25": {
      "val_acc": 0.7145,
      "gpu_hours": 0.20272134794129265
    },
    "26": {
      "val_acc": 0.7146,
      "gpu_hours": 0.21048570235570271
    },
    "27": {
      "val_acc": 0.7162,
      "gpu_hours": 0.2182599758439594
    },
    "28": {
      "val_acc": 0.7181,
      "gpu_hours": 0.22602023992273543
    },
    "29": {
      "val_acc": 0.7158,
      "gpu_hours": 0.2337892703215281
    }
  }
}