{
  "trial_number": 39,
  "params": {
    "lr": 0.009088848499484348,
    "weight_decay": 1.5346032712264712e-05,
    "batch_size": 128,
    "dropout": 0.13944339730396033,
    "optimizer": "SGD",
    "scheduler": "step",
    "model": "efficientnet_b0",
    "momentum": 0.8960585543298325
  },
  "best_val_acc": 0.199,
  "total_gpu_hours": 0.05299694465266334,
  "slurm_task": 16,
  "parallel_workers": 40,
  "sampler": "random",
  "dataset": "cifar100",
  "device": "cuda",
  "accuracy_thresholds": {},
  "accuracy_curve": {
    "0": {
      "val_acc": 0.0105,
      "gpu_hours": 0.0021512351433436074
    },
    "1": {
      "val_acc": 0.0127,
      "gpu_hours": 0.003943049642774794
    },
    "2": {
      "val_acc": 0.0158,
      "gpu_hours": 0.005759361452526516
    },
    "3": {
      "val_acc": 0.017,
      "gpu_hours": 0.007543449335628086
    },
    "4": {
      "val_acc": 0.0189,
      "gpu_hours": 0.009342305064201355
    },
    "5": {
      "val_acc": 0.0173,
      "gpu_hours": 0.011134932902124193
    },
    "6": {
      "val_acc": 0.0264,
      "gpu_hours": 0.01295348432328966
    },
    "7": {
      "val_acc": 0.0355,
      "gpu_hours": 0.014760846694310506
    },
    "8": {
      "val_acc": 0.0421,
      "gpu_hours": 0.016563233335812888
    },
    "9": {
      "val_acc": 0.0525,
      "gpu_hours": 0.01835358692540063
    },
    "10": {
      "val_acc": 0.0679,
      "gpu_hours": 0.02015687108039856
    },
    "11": {
      "val_acc": 0.073,
      "gpu_hours": 0.02196785284413232
    },
    "12": {
      "val_acc": 0.0879,
      "gpu_hours": 0.023736952741940816
    },
    "13": {
      "val_acc": 0.0972,
      "gpu_hours": 0.025465969575775994
    },
    "14": {
      "val_acc": 0.0993,
      "gpu_hours": 0.027205720676316155
    },
    "15": {
      "val_acc": 0.1116,
      "gpu_hours": 0.028907540970378454
    },
    "16": {
      "val_acc": 0.1184,
      "gpu_hours": 0.030649465454949273
    },
    "17": {
      "val_acc": 0.129,
      "gpu_hours": 0.03237198445532057
    },
    "18": {
      "val_acc": 0.1367,
      "gpu_hours": 0.03407713962925805
    },
    "19": {
      "val_acc": 0.1459,
      "gpu_hours": 0.035790478653377956
    },
    "20": {
      "val_acc": 0.1572,
      "gpu_hours": 0.037518417967690364
    },
    "21": {
      "val_acc": 0.1587,
      "gpu_hours": 0.039238054818577235
    },
    "22": {
      "val_acc": 0.1673,
      "gpu_hours": 0.04094708740711212
    },
    "23": {
      "val_acc": 0.1688,
      "gpu_hours": 0.042671425143877666
    },
    "24": {
      "val_acc": 0.1762,
      "gpu_hours": 0.044396955437130396
    },
    "25": {
      "val_acc": 0.1796,
      "gpu_hours": 0.04611693792872959
    },
    "26": {
      "val_acc": 0.1868,
      "gpu_hours": 0.047835458450847204
    },
    "27": {
      "val_acc": 0.1893,
      "gpu_hours": 0.04955092125468784
    },
    "28": {
      "val_acc": 0.1957,
      "gpu_hours": 0.05127641909652286
    },
    "29": {
      "val_acc": 0.199,
      "gpu_hours": 0.05298864437474145
    }
  }
}