{
  "trial_number": 23,
  "params": {
    "lr": 0.0030465263348460093,
    "weight_decay": 8.172076393193763e-06,
    "batch_size": 128,
    "dropout": 0.49828711507732465,
    "optimizer": "Adam",
    "scheduler": "plateau",
    "model": "resnet34"
  },
  "best_val_acc": 0.4768,
  "total_gpu_hours": 0.051013606985410055,
  "slurm_task": 8,
  "parallel_workers": 40,
  "sampler": "random",
  "dataset": "cifar100",
  "device": "cuda",
  "accuracy_thresholds": {},
  "accuracy_curve": {
    "0": {
      "val_acc": 0.0913,
      "gpu_hours": 0.0024447319904963177
    },
    "1": {
      "val_acc": 0.1656,
      "gpu_hours": 0.00412578821182251
    },
    "2": {
      "val_acc": 0.2127,
      "gpu_hours": 0.005798573229047988
    },
    "3": {
      "val_acc": 0.2523,
      "gpu_hours": 0.0074650148550669355
    },
    "4": {
      "val_acc": 0.3346,
      "gpu_hours": 0.009146805670526293
    },
    "5": {
      "val_acc": 0.3982,
      "gpu_hours": 0.010828761458396912
    },
    "6": {
      "val_acc": 0.4203,
      "gpu_hours": 0.012500734859042698
    },
    "7": {
      "val_acc": 0.434,
      "gpu_hours": 0.014180267254511516
    },
    "8": {
      "val_acc": 0.4554,
      "gpu_hours": 0.01585486948490143
    },
    "9": {
      "val_acc": 0.4643,
      "gpu_hours": 0.01752501885096232
    },
    "10": {
      "val_acc": 0.4678,
      "gpu_hours": 0.019202464752727084
    },
    "11": {
      "val_acc": 0.4701,
      "gpu_hours": 0.02088704228401184
    },
    "12": {
      "val_acc": 0.4722,
      "gpu_hours": 0.022558747397528753
    },
    "13": {
      "val_acc": 0.4729,
      "gpu_hours": 0.02423316346274482
    },
    "14": {
      "val_acc": 0.4743,
      "gpu_hours": 0.025908389025264315
    },
    "15": {
      "val_acc": 0.4738,
      "gpu_hours": 0.027587583396169874
    },
    "16": {
      "val_acc": 0.474,
      "gpu_hours": 0.029259791440433926
    },
    "17": {
      "val_acc": 0.4753,
      "gpu_hours": 0.030931646360291377
    },
    "18": {
      "val_acc": 0.4753,
      "gpu_hours": 0.03261387394534217
    },
    "19": {
      "val_acc": 0.4741,
      "gpu_hours": 0.034287370906935795
    },
    "20": {
      "val_acc": 0.4747,
      "gpu_hours": 0.03596763630708059
    },
    "21": {
      "val_acc": 0.4754,
      "gpu_hours": 0.03764371713002523
    },
    "22": {
      "val_acc": 0.4742,
      "gpu_hours": 0.03931759701834785
    },
    "23": {
      "val_acc": 0.4749,
      "gpu_hours": 0.04099732663896349
    },
    "24": {
      "val_acc": 0.476,
      "gpu_hours": 0.042664930754237704
    },
    "25": {
      "val_acc": 0.4754,
      "gpu_hours": 0.04433887090947893
    },
    "26": {
      "val_acc": 0.4768,
      "gpu_hours": 0.04599288192060259
    },
    "27": {
      "val_acc": 0.4736,
      "gpu_hours": 0.047657939791679385
    },
    "28": {
      "val_acc": 0.4739,
      "gpu_hours": 0.049339668419626025
    },
    "29": {
      "val_acc": 0.4749,
      "gpu_hours": 0.05100538353125254
    }
  }
}