{
  "trial_number": 28,
  "params": {
    "lr": 0.0007996378956103568,
    "weight_decay": 9.733013546865411e-06,
    "batch_size": 64,
    "dropout": 0.28344232974983613,
    "optimizer": "AdamW",
    "scheduler": "cosine",
    "model": "efficientnet_b0"
  },
  "best_val_acc": 0.4343,
  "total_gpu_hours": 0.10020654684967464,
  "slurm_task": 7,
  "parallel_workers": 40,
  "sampler": "random",
  "dataset": "cifar100",
  "device": "cuda",
  "accuracy_thresholds": {},
  "accuracy_curve": {
    "0": {
      "val_acc": 0.063,
      "gpu_hours": 0.003985531793700324
    },
    "1": {
      "val_acc": 0.1083,
      "gpu_hours": 0.007348665065235562
    },
    "2": {
      "val_acc": 0.1408,
      "gpu_hours": 0.01070454478263855
    },
    "3": {
      "val_acc": 0.1762,
      "gpu_hours": 0.014058981736501058
    },
    "4": {
      "val_acc": 0.2001,
      "gpu_hours": 0.017423100339041816
    },
    "5": {
      "val_acc": 0.2138,
      "gpu_hours": 0.020779400401645238
    },
    "6": {
      "val_acc": 0.2366,
      "gpu_hours": 0.024133188327153523
    },
    "7": {
      "val_acc": 0.2618,
      "gpu_hours": 0.027486478487650554
    },
    "8": {
      "val_acc": 0.2776,
      "gpu_hours": 0.03084955328040653
    },
    "9": {
      "val_acc": 0.2965,
      "gpu_hours": 0.03420818209648133
    },
    "10": {
      "val_acc": 0.3144,
      "gpu_hours": 0.03756537881162431
    },
    "11": {
      "val_acc": 0.3269,
      "gpu_hours": 0.040904502471288046
    },
    "12": {
      "val_acc": 0.3374,
      "gpu_hours": 0.04424378256003062
    },
    "13": {
      "val_acc": 0.3565,
      "gpu_hours": 0.04757768246862623
    },
    "14": {
      "val_acc": 0.3639,
      "gpu_hours": 0.05091812782817417
    },
    "15": {
      "val_acc": 0.3745,
      "gpu_hours": 0.054250360992219714
    },
    "16": {
      "val_acc": 0.3792,
      "gpu_hours": 0.05758283714453379
    },
    "17": {
      "val_acc": 0.3945,
      "gpu_hours": 0.060921980672412446
    },
    "18": {
      "val_acc": 0.3979,
      "gpu_hours": 0.06425456947750516
    },
    "19": {
      "val_acc": 0.408,
      "gpu_hours": 0.0675924844874276
    },
    "20": {
      "val_acc": 0.4152,
      "gpu_hours": 0.07092937860223981
    },
    "21": {
      "val_acc": 0.4147,
      "gpu_hours": 0.07426870180500879
    },
    "22": {
      "val_acc": 0.422,
      "gpu_hours": 0.07760926087697347
    },
    "23": {
      "val_acc": 0.4237,
      "gpu_hours": 0.08084241078959571
    },
    "24": {
      "val_acc": 0.4263,
      "gpu_hours": 0.08407086657153236
    },
    "25": {
      "val_acc": 0.4295,
      "gpu_hours": 0.08729365229606628
    },
    "26": {
      "val_acc": 0.4284,
      "gpu_hours": 0.09052282710870108
    },
    "27": {
      "val_acc": 0.4311,
      "gpu_hours": 0.09374703129132589
    },
    "28": {
      "val_acc": 0.431,
      "gpu_hours": 0.09697389430469937
    },
    "29": {
      "val_acc": 0.4343,
      "gpu_hours": 0.10019900215996637
    }
  }
}