{
  "trial_number": 116,
  "params": {
    "lr": 0.0023082532859770035,
    "weight_decay": 5.604167295034012e-06,
    "batch_size": 64,
    "dropout": 0.04099391537555552,
    "optimizer": "AdamW",
    "scheduler": "cosine",
    "model": "efficientnet_b0"
  },
  "best_val_acc": 0.4137,
  "total_gpu_hours": 0.16875159111287857,
  "slurm_task": 6,
  "parallel_workers": 40,
  "sampler": "random",
  "dataset": "cifar100",
  "device": "cuda",
  "accuracy_thresholds": {},
  "accuracy_curve": {
    "0": {
      "val_acc": 0.0448,
      "gpu_hours": 0.0061907171540790135
    },
    "1": {
      "val_acc": 0.0703,
      "gpu_hours": 0.011944960488213432
    },
    "2": {
      "val_acc": 0.0945,
      "gpu_hours": 0.01773108078373803
    },
    "3": {
      "val_acc": 0.1185,
      "gpu_hours": 0.023415012690756055
    },
    "4": {
      "val_acc": 0.1341,
      "gpu_hours": 0.029039948648876615
    },
    "5": {
      "val_acc": 0.1614,
      "gpu_hours": 0.03466906633641985
    },
    "6": {
      "val_acc": 0.2027,
      "gpu_hours": 0.040306225419044495
    },
    "7": {
      "val_acc": 0.2234,
      "gpu_hours": 0.045952072739601134
    },
    "8": {
      "val_acc": 0.2359,
      "gpu_hours": 0.051566248204973006
    },
    "9": {
      "val_acc": 0.2663,
      "gpu_hours": 0.057203796241018505
    },
    "10": {
      "val_acc": 0.2893,
      "gpu_hours": 0.06284051610363854
    },
    "11": {
      "val_acc": 0.2989,
      "gpu_hours": 0.068469474779235
    },
    "12": {
      "val_acc": 0.3146,
      "gpu_hours": 0.07412428326076931
    },
    "13": {
      "val_acc": 0.3206,
      "gpu_hours": 0.07978103088008033
    },
    "14": {
      "val_acc": 0.3389,
      "gpu_hours": 0.08543814665741391
    },
    "15": {
      "val_acc": 0.3541,
      "gpu_hours": 0.0910682870944341
    },
    "16": {
      "val_acc": 0.3569,
      "gpu_hours": 0.09669711934195624
    },
    "17": {
      "val_acc": 0.368,
      "gpu_hours": 0.10232649591233996
    },
    "18": {
      "val_acc": 0.3765,
      "gpu_hours": 0.10795755035347408
    },
    "19": {
      "val_acc": 0.3822,
      "gpu_hours": 0.11360355966620975
    },
    "20": {
      "val_acc": 0.3975,
      "gpu_hours": 0.1192329070965449
    },
    "21": {
      "val_acc": 0.3942,
      "gpu_hours": 0.12478684478335911
    },
    "22": {
      "val_acc": 0.4012,
      "gpu_hours": 0.13028705272409652
    },
    "23": {
      "val_acc": 0.4053,
      "gpu_hours": 0.13573878546555837
    },
    "24": {
      "val_acc": 0.4046,
      "gpu_hours": 0.1412305058373345
    },
    "25": {
      "val_acc": 0.4087,
      "gpu_hours": 0.14674042244752247
    },
    "26": {
      "val_acc": 0.4137,
      "gpu_hours": 0.15224074893527562
    },
    "27": {
      "val_acc": 0.4076,
      "gpu_hours": 0.1577339083618588
    },
    "28": {
      "val_acc": 0.4107,
      "gpu_hours": 0.1632410165998671
    },
    "29": {
      "val_acc": 0.4118,
      "gpu_hours": 0.16874557415644328
    }
  }
}