{
  "trial_number": 59,
  "params": {
    "lr": 0.0031769061034511133,
    "weight_decay": 7.451946079635804e-05,
    "batch_size": 256,
    "dropout": 0.16068201580481895,
    "optimizer": "Adam",
    "scheduler": "plateau",
    "model": "resnet18"
  },
  "best_val_acc": 0.5539,
  "total_gpu_hours": 0.11825311693880293,
  "slurm_task": 37,
  "parallel_workers": 40,
  "sampler": "random",
  "dataset": "cifar100",
  "device": "cuda",
  "accuracy_thresholds": {},
  "accuracy_curve": {
    "0": {
      "val_acc": 0.1103,
      "gpu_hours": 0.004580007659064399
    },
    "1": {
      "val_acc": 0.1761,
      "gpu_hours": 0.00848687575923072
    },
    "2": {
      "val_acc": 0.233,
      "gpu_hours": 0.012411576641930475
    },
    "3": {
      "val_acc": 0.3034,
      "gpu_hours": 0.01630992982122633
    },
    "4": {
      "val_acc": 0.3048,
      "gpu_hours": 0.020230537321832446
    },
    "5": {
      "val_acc": 0.457,
      "gpu_hours": 0.02414294203122457
    },
    "6": {
      "val_acc": 0.4793,
      "gpu_hours": 0.028068666060765583
    },
    "7": {
      "val_acc": 0.5005,
      "gpu_hours": 0.031988505787319606
    },
    "8": {
      "val_acc": 0.5171,
      "gpu_hours": 0.03591038359536065
    },
    "9": {
      "val_acc": 0.5374,
      "gpu_hours": 0.039830209347936844
    },
    "10": {
      "val_acc": 0.543,
      "gpu_hours": 0.043743794825341964
    },
    "11": {
      "val_acc": 0.5467,
      "gpu_hours": 0.047664024631182356
    },
    "12": {
      "val_acc": 0.55,
      "gpu_hours": 0.051580540405379405
    },
    "13": {
      "val_acc": 0.5504,
      "gpu_hours": 0.05548878285619948
    },
    "14": {
      "val_acc": 0.5527,
      "gpu_hours": 0.05940668741861979
    },
    "15": {
      "val_acc": 0.5518,
      "gpu_hours": 0.06332666615645091
    },
    "16": {
      "val_acc": 0.5529,
      "gpu_hours": 0.06724777268038856
    },
    "17": {
      "val_acc": 0.5528,
      "gpu_hours": 0.07117014745871227
    },
    "18": {
      "val_acc": 0.5538,
      "gpu_hours": 0.0751028925842709
    },
    "19": {
      "val_acc": 0.5529,
      "gpu_hours": 0.07902808301978641
    },
    "20": {
      "val_acc": 0.5522,
      "gpu_hours": 0.08295300900936127
    },
    "21": {
      "val_acc": 0.5528,
      "gpu_hours": 0.08686806552939945
    },
    "22": {
      "val_acc": 0.5525,
      "gpu_hours": 0.09080475217766232
    },
    "23": {
      "val_acc": 0.553,
      "gpu_hours": 0.0947307915157742
    },
    "24": {
      "val_acc": 0.5527,
      "gpu_hours": 0.09865314973725213
    },
    "25": {
      "val_acc": 0.5538,
      "gpu_hours": 0.10257487442758348
    },
    "26": {
      "val_acc": 0.5539,
      "gpu_hours": 0.10649364325735304
    },
    "27": {
      "val_acc": 0.5523,
      "gpu_hours": 0.110411955581771
    },
    "28": {
      "val_acc": 0.5528,
      "gpu_hours": 0.11433091190126207
    },
    "29": {
      "val_acc": 0.5534,
      "gpu_hours": 0.11824607299433815
    }
  }
}