{
  "trial_number": 64,
  "params": {
    "lr": 0.00020903288123766024,
    "weight_decay": 0.0005462236916720299,
    "batch_size": 64,
    "dropout": 0.2939237380125903,
    "optimizer": "SGD",
    "scheduler": "plateau",
    "model": "efficientnet_b1",
    "momentum": 0.9109150227200675
  },
  "best_val_acc": 0.0116,
  "total_gpu_hours": 0.23199512779712678,
  "slurm_task": 30,
  "parallel_workers": 40,
  "sampler": "random",
  "dataset": "cifar100",
  "device": "cuda",
  "accuracy_thresholds": {},
  "accuracy_curve": {
    "0": {
      "val_acc": 0.0113,
      "gpu_hours": 0.008399817877345615
    },
    "1": {
      "val_acc": 0.0111,
      "gpu_hours": 0.016073053479194643
    },
    "2": {
      "val_acc": 0.0107,
      "gpu_hours": 0.023794650038083395
    },
    "3": {
      "val_acc": 0.0106,
      "gpu_hours": 0.03153219037585788
    },
    "4": {
      "val_acc": 0.0109,
      "gpu_hours": 0.03925419608751933
    },
    "5": {
      "val_acc": 0.0107,
      "gpu_hours": 0.04697556972503662
    },
    "6": {
      "val_acc": 0.0105,
      "gpu_hours": 0.054726405209965176
    },
    "7": {
      "val_acc": 0.011,
      "gpu_hours": 0.062477187514305116
    },
    "8": {
      "val_acc": 0.0115,
      "gpu_hours": 0.07020840532249875
    },
    "9": {
      "val_acc": 0.0115,
      "gpu_hours": 0.0779598421520657
    },
    "10": {
      "val_acc": 0.01,
      "gpu_hours": 0.08567328910032908
    },
    "11": {
      "val_acc": 0.0107,
      "gpu_hours": 0.09338950362470415
    },
    "12": {
      "val_acc": 0.0116,
      "gpu_hours": 0.10111795557869806
    },
    "13": {
      "val_acc": 0.0107,
      "gpu_hours": 0.10887420528464847
    },
    "14": {
      "val_acc": 0.0107,
      "gpu_hours": 0.11660729951328701
    },
    "15": {
      "val_acc": 0.0106,
      "gpu_hours": 0.12434490654203627
    },
    "16": {
      "val_acc": 0.0108,
      "gpu_hours": 0.13205157922373878
    },
    "17": {
      "val_acc": 0.0106,
      "gpu_hours": 0.13979067822297414
    },
    "18": {
      "val_acc": 0.0113,
      "gpu_hours": 0.14751850777202183
    },
    "19": {
      "val_acc": 0.0102,
      "gpu_hours": 0.15523584478431277
    },
    "20": {
      "val_acc": 0.0105,
      "gpu_hours": 0.16295304112964207
    },
    "21": {
      "val_acc": 0.0107,
      "gpu_hours": 0.1706524031692081
    },
    "22": {
      "val_acc": 0.0107,
      "gpu_hours": 0.1783515779177348
    },
    "23": {
      "val_acc": 0.0115,
      "gpu_hours": 0.1860316691133711
    },
    "24": {
      "val_acc": 0.0102,
      "gpu_hours": 0.19371653616428375
    },
    "25": {
      "val_acc": 0.0109,
      "gpu_hours": 0.20145519382423824
    },
    "26": {
      "val_acc": 0.0115,
      "gpu_hours": 0.20913488884766895
    },
    "27": {
      "val_acc": 0.0103,
      "gpu_hours": 0.21682846466700237
    },
    "28": {
      "val_acc": 0.011,
      "gpu_hours": 0.22452054308520422
    },
    "29": {
      "val_acc": 0.0109,
      "gpu_hours": 0.23198945767349666
    }
  }
}