{
  "trial_number": 45,
  "params": {
    "lr": 0.00012625951922367383,
    "weight_decay": 9.045446969815956e-05,
    "batch_size": 64,
    "dropout": 0.145471618633067,
    "optimizer": "SGD",
    "scheduler": "cosine",
    "model": "resnet18",
    "momentum": 0.8387182366395032
  },
  "best_val_acc": 0.0589,
  "total_gpu_hours": 0.13119642343786028,
  "slurm_task": 20,
  "parallel_workers": 40,
  "sampler": "random",
  "dataset": "cifar100",
  "device": "cuda",
  "accuracy_thresholds": {},
  "accuracy_curve": {
    "0": {
      "val_acc": 0.0175,
      "gpu_hours": 0.005091666314336989
    },
    "1": {
      "val_acc": 0.0219,
      "gpu_hours": 0.009443662762641906
    },
    "2": {
      "val_acc": 0.0249,
      "gpu_hours": 0.013794316583209568
    },
    "3": {
      "val_acc": 0.0287,
      "gpu_hours": 0.018146996365653145
    },
    "4": {
      "val_acc": 0.0319,
      "gpu_hours": 0.02250128858619266
    },
    "5": {
      "val_acc": 0.0366,
      "gpu_hours": 0.02684838036696116
    },
    "6": {
      "val_acc": 0.0367,
      "gpu_hours": 0.031203428904215496
    },
    "7": {
      "val_acc": 0.0412,
      "gpu_hours": 0.03555670373969608
    },
    "8": {
      "val_acc": 0.0431,
      "gpu_hours": 0.03989234719011519
    },
    "9": {
      "val_acc": 0.0466,
      "gpu_hours": 0.044275593691402014
    },
    "10": {
      "val_acc": 0.0493,
      "gpu_hours": 0.048626564277542965
    },
    "11": {
      "val_acc": 0.0488,
      "gpu_hours": 0.05297918551497989
    },
    "12": {
      "val_acc": 0.0502,
      "gpu_hours": 0.05731588847107357
    },
    "13": {
      "val_acc": 0.0528,
      "gpu_hours": 0.06167101959387462
    },
    "14": {
      "val_acc": 0.0518,
      "gpu_hours": 0.06601133578353457
    },
    "15": {
      "val_acc": 0.0522,
      "gpu_hours": 0.07034744713041517
    },
    "16": {
      "val_acc": 0.0535,
      "gpu_hours": 0.07469356093141767
    },
    "17": {
      "val_acc": 0.0561,
      "gpu_hours": 0.07904224667284224
    },
    "18": {
      "val_acc": 0.0548,
      "gpu_hours": 0.08338860862784915
    },
    "19": {
      "val_acc": 0.0577,
      "gpu_hours": 0.08772825823889838
    },
    "20": {
      "val_acc": 0.055,
      "gpu_hours": 0.09208294411500295
    },
    "21": {
      "val_acc": 0.055,
      "gpu_hours": 0.09642295784420438
    },
    "22": {
      "val_acc": 0.0564,
      "gpu_hours": 0.10077229552798801
    },
    "23": {
      "val_acc": 0.0579,
      "gpu_hours": 0.10512669146060943
    },
    "24": {
      "val_acc": 0.0579,
      "gpu_hours": 0.1094668345981174
    },
    "25": {
      "val_acc": 0.0578,
      "gpu_hours": 0.11381231983502706
    },
    "26": {
      "val_acc": 0.0578,
      "gpu_hours": 0.11814451456069947
    },
    "27": {
      "val_acc": 0.0589,
      "gpu_hours": 0.12250275466177199
    },
    "28": {
      "val_acc": 0.0578,
      "gpu_hours": 0.12684800446033478
    },
    "29": {
      "val_acc": 0.0588,
      "gpu_hours": 0.13118953896893396
    }
  }
}