{
  "trial_number": 99,
  "params": {
    "lr": 0.000574728927859342,
    "weight_decay": 0.000760101648257675,
    "batch_size": 64,
    "dropout": 0.08769226282615988,
    "optimizer": "Adam",
    "scheduler": "plateau",
    "model": "efficientnet_b0"
  },
  "best_val_acc": 0.1921,
  "total_gpu_hours": 0.17785307824611662,
  "slurm_task": 12,
  "parallel_workers": 40,
  "sampler": "random",
  "dataset": "cifar100",
  "device": "cuda",
  "accuracy_thresholds": {},
  "accuracy_curve": {
    "0": {
      "val_acc": 0.0565,
      "gpu_hours": 0.007215481864081489
    },
    "1": {
      "val_acc": 0.0809,
      "gpu_hours": 0.013235901660389371
    },
    "2": {
      "val_acc": 0.1103,
      "gpu_hours": 0.019090550475650364
    },
    "3": {
      "val_acc": 0.1244,
      "gpu_hours": 0.025062885019514296
    },
    "4": {
      "val_acc": 0.1393,
      "gpu_hours": 0.03152913259135352
    },
    "5": {
      "val_acc": 0.1727,
      "gpu_hours": 0.03752833882967631
    },
    "6": {
      "val_acc": 0.1775,
      "gpu_hours": 0.043649424182044136
    },
    "7": {
      "val_acc": 0.1766,
      "gpu_hours": 0.04936235268910726
    },
    "8": {
      "val_acc": 0.1802,
      "gpu_hours": 0.05543161537912157
    },
    "9": {
      "val_acc": 0.1872,
      "gpu_hours": 0.06126544051700168
    },
    "10": {
      "val_acc": 0.1854,
      "gpu_hours": 0.067383158604304
    },
    "11": {
      "val_acc": 0.1888,
      "gpu_hours": 0.0730454702509774
    },
    "12": {
      "val_acc": 0.1901,
      "gpu_hours": 0.0788219243950314
    },
    "13": {
      "val_acc": 0.1878,
      "gpu_hours": 0.0845390976799859
    },
    "14": {
      "val_acc": 0.1867,
      "gpu_hours": 0.0902303354607688
    },
    "15": {
      "val_acc": 0.1886,
      "gpu_hours": 0.09613425864113702
    },
    "16": {
      "val_acc": 0.1865,
      "gpu_hours": 0.10201714661386278
    },
    "17": {
      "val_acc": 0.1872,
      "gpu_hours": 0.1077659293015798
    },
    "18": {
      "val_acc": 0.1839,
      "gpu_hours": 0.11399473143948449
    },
    "19": {
      "val_acc": 0.1873,
      "gpu_hours": 0.11969788683785333
    },
    "20": {
      "val_acc": 0.1871,
      "gpu_hours": 0.1254186577267117
    },
    "21": {
      "val_acc": 0.1893,
      "gpu_hours": 0.13141856637265947
    },
    "22": {
      "val_acc": 0.1891,
      "gpu_hours": 0.13753918184174432
    },
    "23": {
      "val_acc": 0.1902,
      "gpu_hours": 0.1437092516819636
    },
    "24": {
      "val_acc": 0.1921,
      "gpu_hours": 0.1492518977324168
    },
    "25": {
      "val_acc": 0.1842,
      "gpu_hours": 0.1549276637368732
    },
    "26": {
      "val_acc": 0.19,
      "gpu_hours": 0.16062996572918362
    },
    "27": {
      "val_acc": 0.1814,
      "gpu_hours": 0.16674962924586403
    },
    "28": {
      "val_acc": 0.1894,
      "gpu_hours": 0.17227218276924558
    },
    "29": {
      "val_acc": 0.1903,
      "gpu_hours": 0.1778454444143507
    }
  }
}