{
  "trial_number": 77,
  "params": {
    "lr": 0.022464515291385947,
    "weight_decay": 0.0003462061865130846,
    "batch_size": 128,
    "dropout": 0.46861867874419877,
    "optimizer": "AdamW",
    "scheduler": "step",
    "model": "efficientnet_b0"
  },
  "best_val_acc": 0.1087,
  "total_gpu_hours": 0.10454168975353241,
  "slurm_task": 4,
  "parallel_workers": 40,
  "sampler": "random",
  "dataset": "cifar100",
  "device": "cuda",
  "accuracy_thresholds": {},
  "accuracy_curve": {
    "0": {
      "val_acc": 0.0204,
      "gpu_hours": 0.0041148649321662055
    },
    "1": {
      "val_acc": 0.022,
      "gpu_hours": 0.007607399291462368
    },
    "2": {
      "val_acc": 0.0279,
      "gpu_hours": 0.011077462567223443
    },
    "3": {
      "val_acc": 0.0247,
      "gpu_hours": 0.014533424311214023
    },
    "4": {
      "val_acc": 0.0353,
      "gpu_hours": 0.018000895844565497
    },
    "5": {
      "val_acc": 0.02,
      "gpu_hours": 0.021448378761609394
    },
    "6": {
      "val_acc": 0.0319,
      "gpu_hours": 0.024920602175924515
    },
    "7": {
      "val_acc": 0.0365,
      "gpu_hours": 0.028403783043225606
    },
    "8": {
      "val_acc": 0.0378,
      "gpu_hours": 0.031866651508543224
    },
    "9": {
      "val_acc": 0.0509,
      "gpu_hours": 0.03535540971491072
    },
    "10": {
      "val_acc": 0.0504,
      "gpu_hours": 0.03880430347389645
    },
    "11": {
      "val_acc": 0.0671,
      "gpu_hours": 0.04223568234178755
    },
    "12": {
      "val_acc": 0.0566,
      "gpu_hours": 0.0456768133242925
    },
    "13": {
      "val_acc": 0.0672,
      "gpu_hours": 0.04914242857032352
    },
    "14": {
      "val_acc": 0.0634,
      "gpu_hours": 0.052624349461661446
    },
    "15": {
      "val_acc": 0.0698,
      "gpu_hours": 0.05604226165347629
    },
    "16": {
      "val_acc": 0.0791,
      "gpu_hours": 0.05953993360201518
    },
    "17": {
      "val_acc": 0.0482,
      "gpu_hours": 0.06302544520960913
    },
    "18": {
      "val_acc": 0.0767,
      "gpu_hours": 0.06648901455932194
    },
    "19": {
      "val_acc": 0.0674,
      "gpu_hours": 0.06993818448649512
    },
    "20": {
      "val_acc": 0.0828,
      "gpu_hours": 0.0733923241827223
    },
    "21": {
      "val_acc": 0.0891,
      "gpu_hours": 0.0768495845132404
    },
    "22": {
      "val_acc": 0.0877,
      "gpu_hours": 0.08027745604515076
    },
    "23": {
      "val_acc": 0.0868,
      "gpu_hours": 0.08377482010258569
    },
    "24": {
      "val_acc": 0.0929,
      "gpu_hours": 0.08725308212969038
    },
    "25": {
      "val_acc": 0.0936,
      "gpu_hours": 0.09073461333910625
    },
    "26": {
      "val_acc": 0.0946,
      "gpu_hours": 0.09420318259133233
    },
    "27": {
      "val_acc": 0.1014,
      "gpu_hours": 0.09761666556199391
    },
    "28": {
      "val_acc": 0.1023,
      "gpu_hours": 0.10106406529744466
    },
    "29": {
      "val_acc": 0.1087,
      "gpu_hours": 0.10453506178326077
    }
  }
}