{
  "trial_number": 58,
  "params": {
    "lr": 0.0004042098387048985,
    "weight_decay": 0.0013746445558919461,
    "batch_size": 64,
    "dropout": 0.4051818581232387,
    "optimizer": "SGD",
    "scheduler": "step",
    "model": "efficientnet_b0",
    "momentum": 0.9362072138207123
  },
  "best_val_acc": 0.0165,
  "total_gpu_hours": 0.164846536649598,
  "slurm_task": 32,
  "parallel_workers": 40,
  "sampler": "random",
  "dataset": "cifar100",
  "device": "cuda",
  "accuracy_thresholds": {},
  "accuracy_curve": {
    "0": {
      "val_acc": 0.0114,
      "gpu_hours": 0.006070094969537523
    },
    "1": {
      "val_acc": 0.0116,
      "gpu_hours": 0.01150665561358134
    },
    "2": {
      "val_acc": 0.0112,
      "gpu_hours": 0.016982294453514946
    },
    "3": {
      "val_acc": 0.012,
      "gpu_hours": 0.0224559442864524
    },
    "4": {
      "val_acc": 0.0113,
      "gpu_hours": 0.027908017834027608
    },
    "5": {
      "val_acc": 0.0119,
      "gpu_hours": 0.03340112785498301
    },
    "6": {
      "val_acc": 0.0115,
      "gpu_hours": 0.038876670797665915
    },
    "7": {
      "val_acc": 0.0118,
      "gpu_hours": 0.04436059594154358
    },
    "8": {
      "val_acc": 0.0122,
      "gpu_hours": 0.04985142581992679
    },
    "9": {
      "val_acc": 0.0129,
      "gpu_hours": 0.05532747295167711
    },
    "10": {
      "val_acc": 0.014,
      "gpu_hours": 0.06081156545215183
    },
    "11": {
      "val_acc": 0.0125,
      "gpu_hours": 0.06627748019165462
    },
    "12": {
      "val_acc": 0.0148,
      "gpu_hours": 0.0717513421509001
    },
    "13": {
      "val_acc": 0.0139,
      "gpu_hours": 0.07724618878629473
    },
    "14": {
      "val_acc": 0.0145,
      "gpu_hours": 0.08272809551821815
    },
    "15": {
      "val_acc": 0.0141,
      "gpu_hours": 0.08820842987961239
    },
    "16": {
      "val_acc": 0.0132,
      "gpu_hours": 0.09365202738179101
    },
    "17": {
      "val_acc": 0.0149,
      "gpu_hours": 0.09911294354332818
    },
    "18": {
      "val_acc": 0.0139,
      "gpu_hours": 0.1045783621735043
    },
    "19": {
      "val_acc": 0.0136,
      "gpu_hours": 0.11005735768212213
    },
    "20": {
      "val_acc": 0.0137,
      "gpu_hours": 0.11551213297579023
    },
    "21": {
      "val_acc": 0.0133,
      "gpu_hours": 0.1209642200337516
    },
    "22": {
      "val_acc": 0.0127,
      "gpu_hours": 0.12644048664304947
    },
    "23": {
      "val_acc": 0.0128,
      "gpu_hours": 0.13191636032528348
    },
    "24": {
      "val_acc": 0.0132,
      "gpu_hours": 0.13737742125988006
    },
    "25": {
      "val_acc": 0.0139,
      "gpu_hours": 0.14284780846701728
    },
    "26": {
      "val_acc": 0.0165,
      "gpu_hours": 0.1483250464995702
    },
    "27": {
      "val_acc": 0.0136,
      "gpu_hours": 0.15382359577549828
    },
    "28": {
      "val_acc": 0.0145,
      "gpu_hours": 0.15934753192795648
    },
    "29": {
      "val_acc": 0.0154,
      "gpu_hours": 0.1648401070965661
    }
  }
}