{
  "trial_number": 32,
  "params": {
    "lr": 0.0031769061034511133,
    "weight_decay": 7.451946079635804e-05,
    "batch_size": 256,
    "dropout": 0.16068201580481895,
    "optimizer": "Adam",
    "scheduler": "plateau",
    "model": "resnet18"
  },
  "best_val_acc": 0.5286,
  "total_gpu_hours": 0.1182655484146542,
  "slurm_task": 37,
  "parallel_workers": 40,
  "sampler": "random",
  "dataset": "cifar100",
  "device": "cuda",
  "accuracy_thresholds": {},
  "accuracy_curve": {
    "0": {
      "val_acc": 0.1151,
      "gpu_hours": 0.00453501992755466
    },
    "1": {
      "val_acc": 0.1801,
      "gpu_hours": 0.008440193666352167
    },
    "2": {
      "val_acc": 0.2266,
      "gpu_hours": 0.012349572910202875
    },
    "3": {
      "val_acc": 0.2794,
      "gpu_hours": 0.016263462238841588
    },
    "4": {
      "val_acc": 0.3238,
      "gpu_hours": 0.020170584188567268
    },
    "5": {
      "val_acc": 0.4299,
      "gpu_hours": 0.024077910317314995
    },
    "6": {
      "val_acc": 0.4455,
      "gpu_hours": 0.0279886398712794
    },
    "7": {
      "val_acc": 0.4633,
      "gpu_hours": 0.03190479192468855
    },
    "8": {
      "val_acc": 0.4848,
      "gpu_hours": 0.035822951661215886
    },
    "9": {
      "val_acc": 0.5103,
      "gpu_hours": 0.03973000042968326
    },
    "10": {
      "val_acc": 0.516,
      "gpu_hours": 0.043654910193549265
    },
    "11": {
      "val_acc": 0.5179,
      "gpu_hours": 0.04756518887148963
    },
    "12": {
      "val_acc": 0.5233,
      "gpu_hours": 0.051473519802093505
    },
    "13": {
      "val_acc": 0.5253,
      "gpu_hours": 0.05541260580221812
    },
    "14": {
      "val_acc": 0.527,
      "gpu_hours": 0.05934027168485853
    },
    "15": {
      "val_acc": 0.5262,
      "gpu_hours": 0.06325523760583665
    },
    "16": {
      "val_acc": 0.5266,
      "gpu_hours": 0.06718050016297235
    },
    "17": {
      "val_acc": 0.5276,
      "gpu_hours": 0.07113985319932302
    },
    "18": {
      "val_acc": 0.5267,
      "gpu_hours": 0.07508153200149537
    },
    "19": {
      "val_acc": 0.527,
      "gpu_hours": 0.07899558067321777
    },
    "20": {
      "val_acc": 0.5271,
      "gpu_hours": 0.08291648321681552
    },
    "21": {
      "val_acc": 0.5286,
      "gpu_hours": 0.08684355391396417
    },
    "22": {
      "val_acc": 0.5278,
      "gpu_hours": 0.09078399744298724
    },
    "23": {
      "val_acc": 0.5272,
      "gpu_hours": 0.09471593856811523
    },
    "24": {
      "val_acc": 0.5277,
      "gpu_hours": 0.09865264515082041
    },
    "25": {
      "val_acc": 0.5274,
      "gpu_hours": 0.1025921364625295
    },
    "26": {
      "val_acc": 0.5275,
      "gpu_hours": 0.10651216202312046
    },
    "27": {
      "val_acc": 0.5269,
      "gpu_hours": 0.11042630652586619
    },
    "28": {
      "val_acc": 0.5272,
      "gpu_hours": 0.11434128608968523
    },
    "29": {
      "val_acc": 0.5282,
      "gpu_hours": 0.11825922118292914
    }
  }
}