{
  "trial_number": 54,
  "params": {
    "lr": 0.0003733753103164236,
    "weight_decay": 0.0008705550749587457,
    "batch_size": 256,
    "dropout": 0.4928623071766046,
    "optimizer": "SGD",
    "scheduler": "cosine",
    "model": "efficientnet_b1",
    "momentum": 0.9801243694131242
  },
  "best_val_acc": 0.0158,
  "total_gpu_hours": 0.04212405873669518,
  "slurm_task": 28,
  "parallel_workers": 40,
  "sampler": "random",
  "dataset": "cifar100",
  "device": "cuda",
  "accuracy_thresholds": {},
  "accuracy_curve": {
    "0": {
      "val_acc": 0.0079,
      "gpu_hours": 0.0017258475224177043
    },
    "1": {
      "val_acc": 0.0088,
      "gpu_hours": 0.0031212988164689807
    },
    "2": {
      "val_acc": 0.0097,
      "gpu_hours": 0.004501771529515584
    },
    "3": {
      "val_acc": 0.0082,
      "gpu_hours": 0.005893543362617493
    },
    "4": {
      "val_acc": 0.0105,
      "gpu_hours": 0.007275661031405131
    },
    "5": {
      "val_acc": 0.0111,
      "gpu_hours": 0.008667245242330764
    },
    "6": {
      "val_acc": 0.0102,
      "gpu_hours": 0.01004567543665568
    },
    "7": {
      "val_acc": 0.0118,
      "gpu_hours": 0.011436489423116048
    },
    "8": {
      "val_acc": 0.011,
      "gpu_hours": 0.01283127228418986
    },
    "9": {
      "val_acc": 0.0104,
      "gpu_hours": 0.014233791497018602
    },
    "10": {
      "val_acc": 0.0123,
      "gpu_hours": 0.015627579026752048
    },
    "11": {
      "val_acc": 0.0106,
      "gpu_hours": 0.017033014628622268
    },
    "12": {
      "val_acc": 0.0103,
      "gpu_hours": 0.01843478474352095
    },
    "13": {
      "val_acc": 0.012,
      "gpu_hours": 0.01982842339409722
    },
    "14": {
      "val_acc": 0.0123,
      "gpu_hours": 0.021203346848487854
    },
    "15": {
      "val_acc": 0.0117,
      "gpu_hours": 0.02259028752644857
    },
    "16": {
      "val_acc": 0.0142,
      "gpu_hours": 0.024001352190971374
    },
    "17": {
      "val_acc": 0.015,
      "gpu_hours": 0.025382675528526306
    },
    "18": {
      "val_acc": 0.0142,
      "gpu_hours": 0.026799773507648044
    },
    "19": {
      "val_acc": 0.013,
      "gpu_hours": 0.02818074021074507
    },
    "20": {
      "val_acc": 0.0115,
      "gpu_hours": 0.029580979347229003
    },
    "21": {
      "val_acc": 0.0137,
      "gpu_hours": 0.030982147256533307
    },
    "22": {
      "val_acc": 0.0111,
      "gpu_hours": 0.032375664446089004
    },
    "23": {
      "val_acc": 0.0122,
      "gpu_hours": 0.03378013928731283
    },
    "24": {
      "val_acc": 0.0148,
      "gpu_hours": 0.03516285644637214
    },
    "25": {
      "val_acc": 0.012,
      "gpu_hours": 0.03655726399686601
    },
    "26": {
      "val_acc": 0.0158,
      "gpu_hours": 0.037945219543245104
    },
    "27": {
      "val_acc": 0.0144,
      "gpu_hours": 0.0393310421705246
    },
    "28": {
      "val_acc": 0.0119,
      "gpu_hours": 0.04072987026638455
    },
    "29": {
      "val_acc": 0.013,
      "gpu_hours": 0.04211887379487356
    }
  }
}