{
  "trial_number": 95,
  "params": {
    "lr": 0.0003733753103164236,
    "weight_decay": 0.0008705550749587457,
    "batch_size": 256,
    "dropout": 0.4928623071766046,
    "optimizer": "SGD",
    "scheduler": "cosine",
    "model": "efficientnet_b1",
    "momentum": 0.9801243694131242
  },
  "best_val_acc": 0.0141,
  "total_gpu_hours": 0.08556527323193021,
  "slurm_task": 28,
  "parallel_workers": 40,
  "sampler": "random",
  "dataset": "cifar100",
  "device": "cuda",
  "accuracy_thresholds": {},
  "accuracy_curve": {
    "0": {
      "val_acc": 0.0088,
      "gpu_hours": 0.0033269348409440784
    },
    "1": {
      "val_acc": 0.0111,
      "gpu_hours": 0.006163542800479465
    },
    "2": {
      "val_acc": 0.0075,
      "gpu_hours": 0.009012492497762044
    },
    "3": {
      "val_acc": 0.0083,
      "gpu_hours": 0.0118236200677024
    },
    "4": {
      "val_acc": 0.0112,
      "gpu_hours": 0.014644951091872322
    },
    "5": {
      "val_acc": 0.0129,
      "gpu_hours": 0.01747204886542426
    },
    "6": {
      "val_acc": 0.0133,
      "gpu_hours": 0.020314364631970724
    },
    "7": {
      "val_acc": 0.0106,
      "gpu_hours": 0.0231511300139957
    },
    "8": {
      "val_acc": 0.0124,
      "gpu_hours": 0.02599601970778571
    },
    "9": {
      "val_acc": 0.0126,
      "gpu_hours": 0.028863570822609794
    },
    "10": {
      "val_acc": 0.0127,
      "gpu_hours": 0.031687705053223506
    },
    "11": {
      "val_acc": 0.0122,
      "gpu_hours": 0.03451589776409997
    },
    "12": {
      "val_acc": 0.0122,
      "gpu_hours": 0.03735823227299584
    },
    "13": {
      "val_acc": 0.0127,
      "gpu_hours": 0.040199578007062274
    },
    "14": {
      "val_acc": 0.0118,
      "gpu_hours": 0.043049838874075146
    },
    "15": {
      "val_acc": 0.0135,
      "gpu_hours": 0.04591596888171302
    },
    "16": {
      "val_acc": 0.0141,
      "gpu_hours": 0.048765683306588065
    },
    "17": {
      "val_acc": 0.0126,
      "gpu_hours": 0.051623489326900904
    },
    "18": {
      "val_acc": 0.0111,
      "gpu_hours": 0.054439509842130876
    },
    "19": {
      "val_acc": 0.0136,
      "gpu_hours": 0.05728825522793664
    },
    "20": {
      "val_acc": 0.0129,
      "gpu_hours": 0.06012663635942671
    },
    "21": {
      "val_acc": 0.0124,
      "gpu_hours": 0.0629672157102161
    },
    "22": {
      "val_acc": 0.0121,
      "gpu_hours": 0.06581290596061283
    },
    "23": {
      "val_acc": 0.0121,
      "gpu_hours": 0.06864484084977043
    },
    "24": {
      "val_acc": 0.0124,
      "gpu_hours": 0.07145302799012926
    },
    "25": {
      "val_acc": 0.012,
      "gpu_hours": 0.07426494903034635
    },
    "26": {
      "val_acc": 0.0123,
      "gpu_hours": 0.0770630943775177
    },
    "27": {
      "val_acc": 0.0112,
      "gpu_hours": 0.07990936073991987
    },
    "28": {
      "val_acc": 0.0134,
      "gpu_hours": 0.08272871222760943
    },
    "29": {
      "val_acc": 0.0122,
      "gpu_hours": 0.08555803073777093
    }
  }
}