{
  "trial_number": 113,
  "params": {
    "lr": 0.0003601491666738989,
    "weight_decay": 0.004664168119643122,
    "batch_size": 256,
    "dropout": 0.06355728552953177,
    "optimizer": "AdamW",
    "scheduler": "plateau",
    "model": "efficientnet_b0"
  },
  "best_val_acc": 0.2236,
  "total_gpu_hours": 0.07647973471217685,
  "slurm_task": 5,
  "parallel_workers": 40,
  "sampler": "random",
  "dataset": "cifar100",
  "device": "cuda",
  "accuracy_thresholds": {},
  "accuracy_curve": {
    "0": {
      "val_acc": 0.0307,
      "gpu_hours": 0.0030129653215408324
    },
    "1": {
      "val_acc": 0.0856,
      "gpu_hours": 0.005559778544637892
    },
    "2": {
      "val_acc": 0.1277,
      "gpu_hours": 0.008091391060087416
    },
    "3": {
      "val_acc": 0.1631,
      "gpu_hours": 0.010642075141270956
    },
    "4": {
      "val_acc": 0.1832,
      "gpu_hours": 0.013181198769145542
    },
    "5": {
      "val_acc": 0.2084,
      "gpu_hours": 0.01573363118701511
    },
    "6": {
      "val_acc": 0.2139,
      "gpu_hours": 0.01827237645785014
    },
    "7": {
      "val_acc": 0.2137,
      "gpu_hours": 0.020826637281311882
    },
    "8": {
      "val_acc": 0.2211,
      "gpu_hours": 0.023377016385396323
    },
    "9": {
      "val_acc": 0.2232,
      "gpu_hours": 0.025945468412505255
    },
    "10": {
      "val_acc": 0.2227,
      "gpu_hours": 0.028482416934437222
    },
    "11": {
      "val_acc": 0.2228,
      "gpu_hours": 0.031005233062638176
    },
    "12": {
      "val_acc": 0.2209,
      "gpu_hours": 0.03354619754685296
    },
    "13": {
      "val_acc": 0.2226,
      "gpu_hours": 0.03607386767864227
    },
    "14": {
      "val_acc": 0.2214,
      "gpu_hours": 0.03860254996352726
    },
    "15": {
      "val_acc": 0.2219,
      "gpu_hours": 0.04112501879533132
    },
    "16": {
      "val_acc": 0.2236,
      "gpu_hours": 0.04364039831691318
    },
    "17": {
      "val_acc": 0.2196,
      "gpu_hours": 0.04618631813261244
    },
    "18": {
      "val_acc": 0.2227,
      "gpu_hours": 0.0487332010269165
    },
    "19": {
      "val_acc": 0.222,
      "gpu_hours": 0.05126431061161889
    },
    "20": {
      "val_acc": 0.2226,
      "gpu_hours": 0.053792016439967685
    },
    "21": {
      "val_acc": 0.2214,
      "gpu_hours": 0.056317908763885496
    },
    "22": {
      "val_acc": 0.2196,
      "gpu_hours": 0.05886125869221157
    },
    "23": {
      "val_acc": 0.2223,
      "gpu_hours": 0.06138501094447242
    },
    "24": {
      "val_acc": 0.2229,
      "gpu_hours": 0.06390577369266086
    },
    "25": {
      "val_acc": 0.2217,
      "gpu_hours": 0.0664166111416287
    },
    "26": {
      "val_acc": 0.2198,
      "gpu_hours": 0.06892020258638594
    },
    "27": {
      "val_acc": 0.2201,
      "gpu_hours": 0.07144142866134644
    },
    "28": {
      "val_acc": 0.2218,
      "gpu_hours": 0.0739529577228758
    },
    "29": {
      "val_acc": 0.222,
      "gpu_hours": 0.07647253354390462
    }
  }
}