{
  "trial_number": 8,
  "params": {
    "lr": 0.00012625951922367383,
    "weight_decay": 9.045446969815956e-05,
    "batch_size": 64,
    "dropout": 0.145471618633067,
    "optimizer": "SGD",
    "scheduler": "cosine",
    "model": "resnet18",
    "momentum": 0.8387182366395032
  },
  "best_val_acc": 0.0551,
  "total_gpu_hours": 0.04626444942421383,
  "slurm_task": 20,
  "parallel_workers": 40,
  "sampler": "random",
  "dataset": "cifar100",
  "device": "cuda",
  "accuracy_thresholds": {},
  "accuracy_curve": {
    "0": {
      "val_acc": 0.0125,
      "gpu_hours": 0.0025316907299889457
    },
    "1": {
      "val_acc": 0.0183,
      "gpu_hours": 0.004065304795900981
    },
    "2": {
      "val_acc": 0.0233,
      "gpu_hours": 0.005585406488842435
    },
    "3": {
      "val_acc": 0.0264,
      "gpu_hours": 0.007095298634635078
    },
    "4": {
      "val_acc": 0.0306,
      "gpu_hours": 0.008620011342896356
    },
    "5": {
      "val_acc": 0.0334,
      "gpu_hours": 0.010116083754433526
    },
    "6": {
      "val_acc": 0.0373,
      "gpu_hours": 0.011627304024166531
    },
    "7": {
      "val_acc": 0.0381,
      "gpu_hours": 0.013129982815848457
    },
    "8": {
      "val_acc": 0.0392,
      "gpu_hours": 0.014629356132613288
    },
    "9": {
      "val_acc": 0.0414,
      "gpu_hours": 0.016141015688578286
    },
    "10": {
      "val_acc": 0.0438,
      "gpu_hours": 0.017651849720213147
    },
    "11": {
      "val_acc": 0.0444,
      "gpu_hours": 0.019166103535228306
    },
    "12": {
      "val_acc": 0.045,
      "gpu_hours": 0.020688126352098254
    },
    "13": {
      "val_acc": 0.0484,
      "gpu_hours": 0.022197569873597885
    },
    "14": {
      "val_acc": 0.0477,
      "gpu_hours": 0.023697242935498554
    },
    "15": {
      "val_acc": 0.0498,
      "gpu_hours": 0.025213138394885592
    },
    "16": {
      "val_acc": 0.05,
      "gpu_hours": 0.02669674581951565
    },
    "17": {
      "val_acc": 0.0503,
      "gpu_hours": 0.028203489647971258
    },
    "18": {
      "val_acc": 0.0542,
      "gpu_hours": 0.029685217009650336
    },
    "19": {
      "val_acc": 0.051,
      "gpu_hours": 0.03117703159650167
    },
    "20": {
      "val_acc": 0.0529,
      "gpu_hours": 0.03268054525057475
    },
    "21": {
      "val_acc": 0.0532,
      "gpu_hours": 0.0342149990134769
    },
    "22": {
      "val_acc": 0.0526,
      "gpu_hours": 0.03573743369844225
    },
    "23": {
      "val_acc": 0.0531,
      "gpu_hours": 0.03725029554631975
    },
    "24": {
      "val_acc": 0.0542,
      "gpu_hours": 0.038770714071061876
    },
    "25": {
      "val_acc": 0.0516,
      "gpu_hours": 0.04028376486566332
    },
    "26": {
      "val_acc": 0.0524,
      "gpu_hours": 0.041766932805379235
    },
    "27": {
      "val_acc": 0.0551,
      "gpu_hours": 0.04325273917780982
    },
    "28": {
      "val_acc": 0.0526,
      "gpu_hours": 0.044751741621229385
    },
    "29": {
      "val_acc": 0.0539,
      "gpu_hours": 0.04625742276509603
    }
  }
}