{
  "trial_number": 27,
  "params": {
    "lr": 0.000112842009834812,
    "weight_decay": 0.0036837747667933336,
    "batch_size": 256,
    "dropout": 0.1622352987391144,
    "optimizer": "SGD",
    "scheduler": "cosine",
    "model": "resnet34",
    "momentum": 0.8639756329115255
  },
  "best_val_acc": 0.0227,
  "total_gpu_hours": 0.04432038519117567,
  "slurm_task": 6,
  "parallel_workers": 40,
  "sampler": "random",
  "dataset": "cifar100",
  "device": "cuda",
  "accuracy_thresholds": {},
  "accuracy_curve": {
    "0": {
      "val_acc": 0.0092,
      "gpu_hours": 0.002158131930563185
    },
    "1": {
      "val_acc": 0.009,
      "gpu_hours": 0.0036235748396979436
    },
    "2": {
      "val_acc": 0.0088,
      "gpu_hours": 0.0050754792822731865
    },
    "3": {
      "val_acc": 0.0115,
      "gpu_hours": 0.006530384686258104
    },
    "4": {
      "val_acc": 0.0126,
      "gpu_hours": 0.007991794347763061
    },
    "5": {
      "val_acc": 0.014,
      "gpu_hours": 0.009442623655001323
    },
    "6": {
      "val_acc": 0.0149,
      "gpu_hours": 0.010896866917610168
    },
    "7": {
      "val_acc": 0.0155,
      "gpu_hours": 0.012349211242463853
    },
    "8": {
      "val_acc": 0.0162,
      "gpu_hours": 0.013801462252934774
    },
    "9": {
      "val_acc": 0.0147,
      "gpu_hours": 0.015257698761092292
    },
    "10": {
      "val_acc": 0.0165,
      "gpu_hours": 0.016709469424353706
    },
    "11": {
      "val_acc": 0.0178,
      "gpu_hours": 0.01815416283077664
    },
    "12": {
      "val_acc": 0.0176,
      "gpu_hours": 0.019605950713157655
    },
    "13": {
      "val_acc": 0.0187,
      "gpu_hours": 0.021062283251020643
    },
    "14": {
      "val_acc": 0.0208,
      "gpu_hours": 0.022513499326176113
    },
    "15": {
      "val_acc": 0.0218,
      "gpu_hours": 0.02396527522140079
    },
    "16": {
      "val_acc": 0.0215,
      "gpu_hours": 0.025418634083535938
    },
    "17": {
      "val_acc": 0.0203,
      "gpu_hours": 0.026874197787708706
    },
    "18": {
      "val_acc": 0.022,
      "gpu_hours": 0.02833105954858992
    },
    "19": {
      "val_acc": 0.0217,
      "gpu_hours": 0.029783990052011277
    },
    "20": {
      "val_acc": 0.0218,
      "gpu_hours": 0.0312346218029658
    },
    "21": {
      "val_acc": 0.0216,
      "gpu_hours": 0.0326892391178343
    },
    "22": {
      "val_acc": 0.0224,
      "gpu_hours": 0.03414201577504476
    },
    "23": {
      "val_acc": 0.0224,
      "gpu_hours": 0.035598355266782976
    },
    "24": {
      "val_acc": 0.0206,
      "gpu_hours": 0.03705328941345215
    },
    "25": {
      "val_acc": 0.0227,
      "gpu_hours": 0.038505035705036585
    },
    "26": {
      "val_acc": 0.0214,
      "gpu_hours": 0.039954370856285094
    },
    "27": {
      "val_acc": 0.0209,
      "gpu_hours": 0.04141215357515547
    },
    "28": {
      "val_acc": 0.021,
      "gpu_hours": 0.0428651813003752
    },
    "29": {
      "val_acc": 0.0213,
      "gpu_hours": 0.04431444784005483
    }
  }
}