{
  "trial_number": 81,
  "params": {
    "lr": 0.0001759893068000826,
    "weight_decay": 1.2920927867508866e-06,
    "batch_size": 64,
    "dropout": 0.23300432362636714,
    "optimizer": "AdamW",
    "scheduler": "step",
    "model": "resnet34"
  },
  "best_val_acc": 0.687,
  "total_gpu_hours": 0.23431439797083536,
  "slurm_task": 19,
  "parallel_workers": 40,
  "sampler": "random",
  "dataset": "cifar100",
  "device": "cuda",
  "accuracy_thresholds": {},
  "accuracy_curve": {
    "0": {
      "val_acc": 0.2121,
      "gpu_hours": 0.008342610001564025
    },
    "1": {
      "val_acc": 0.296,
      "gpu_hours": 0.016150513490041096
    },
    "2": {
      "val_acc": 0.3589,
      "gpu_hours": 0.02394829942120446
    },
    "3": {
      "val_acc": 0.3986,
      "gpu_hours": 0.03174621482690176
    },
    "4": {
      "val_acc": 0.464,
      "gpu_hours": 0.039558252096176146
    },
    "5": {
      "val_acc": 0.5077,
      "gpu_hours": 0.04735600305928124
    },
    "6": {
      "val_acc": 0.5171,
      "gpu_hours": 0.05515528135829502
    },
    "7": {
      "val_acc": 0.5454,
      "gpu_hours": 0.06295663542217679
    },
    "8": {
      "val_acc": 0.5351,
      "gpu_hours": 0.07078656905227237
    },
    "9": {
      "val_acc": 0.5707,
      "gpu_hours": 0.0785900764995151
    },
    "10": {
      "val_acc": 0.6231,
      "gpu_hours": 0.08638900286621518
    },
    "11": {
      "val_acc": 0.631,
      "gpu_hours": 0.09417652520868514
    },
    "12": {
      "val_acc": 0.6378,
      "gpu_hours": 0.1019664497507943
    },
    "13": {
      "val_acc": 0.6389,
      "gpu_hours": 0.10974474582407209
    },
    "14": {
      "val_acc": 0.6494,
      "gpu_hours": 0.11752515965037875
    },
    "15": {
      "val_acc": 0.6492,
      "gpu_hours": 0.12530591567357383
    },
    "16": {
      "val_acc": 0.6507,
      "gpu_hours": 0.13309294912550185
    },
    "17": {
      "val_acc": 0.6535,
      "gpu_hours": 0.1408777435620626
    },
    "18": {
      "val_acc": 0.6527,
      "gpu_hours": 0.14865729126665328
    },
    "19": {
      "val_acc": 0.6575,
      "gpu_hours": 0.1564439288775126
    },
    "20": {
      "val_acc": 0.6759,
      "gpu_hours": 0.16424949824810028
    },
    "21": {
      "val_acc": 0.6776,
      "gpu_hours": 0.17203846395015718
    },
    "22": {
      "val_acc": 0.6796,
      "gpu_hours": 0.17981980370150671
    },
    "23": {
      "val_acc": 0.6867,
      "gpu_hours": 0.18760135094324748
    },
    "24": {
      "val_acc": 0.6836,
      "gpu_hours": 0.19540147456857893
    },
    "25": {
      "val_acc": 0.6856,
      "gpu_hours": 0.20318547281954025
    },
    "26": {
      "val_acc": 0.6857,
      "gpu_hours": 0.2109622495704227
    },
    "27": {
      "val_acc": 0.6861,
      "gpu_hours": 0.21874422311782837
    },
    "28": {
      "val_acc": 0.6854,
      "gpu_hours": 0.22652986784776052
    },
    "29": {
      "val_acc": 0.687,
      "gpu_hours": 0.23430770258108774
    }
  }
}