{
  "trial_number": 10,
  "params": {
    "lr": 0.0007991347021041982,
    "weight_decay": 5.59478324193539e-06,
    "batch_size": 128,
    "dropout": 0.19912697944938235,
    "optimizer": "SGD",
    "scheduler": "plateau",
    "model": "resnet34",
    "momentum": 0.8544578962467282
  },
  "best_val_acc": 0.048,
  "total_gpu_hours": 0.04978054066499074,
  "slurm_task": 18,
  "parallel_workers": 40,
  "sampler": "random",
  "dataset": "cifar100",
  "device": "cuda",
  "accuracy_thresholds": {},
  "accuracy_curve": {
    "0": {
      "val_acc": 0.0209,
      "gpu_hours": 0.002219110263718499
    },
    "1": {
      "val_acc": 0.0274,
      "gpu_hours": 0.003859927256902059
    },
    "2": {
      "val_acc": 0.0334,
      "gpu_hours": 0.005502419339285957
    },
    "3": {
      "val_acc": 0.0329,
      "gpu_hours": 0.007138865722550286
    },
    "4": {
      "val_acc": 0.041,
      "gpu_hours": 0.008767771522204081
    },
    "5": {
      "val_acc": 0.0433,
      "gpu_hours": 0.010409290790557862
    },
    "6": {
      "val_acc": 0.0421,
      "gpu_hours": 0.012049154175652398
    },
    "7": {
      "val_acc": 0.044,
      "gpu_hours": 0.013694264358944363
    },
    "8": {
      "val_acc": 0.0458,
      "gpu_hours": 0.015333743161625332
    },
    "9": {
      "val_acc": 0.0454,
      "gpu_hours": 0.016985613902409873
    },
    "10": {
      "val_acc": 0.0471,
      "gpu_hours": 0.018626198636160957
    },
    "11": {
      "val_acc": 0.0473,
      "gpu_hours": 0.02026508457130856
    },
    "12": {
      "val_acc": 0.0458,
      "gpu_hours": 0.021907415986061097
    },
    "13": {
      "val_acc": 0.0453,
      "gpu_hours": 0.02355406469768948
    },
    "14": {
      "val_acc": 0.0464,
      "gpu_hours": 0.025196518633100722
    },
    "15": {
      "val_acc": 0.0455,
      "gpu_hours": 0.026826612816916572
    },
    "16": {
      "val_acc": 0.0454,
      "gpu_hours": 0.028466742634773255
    },
    "17": {
      "val_acc": 0.0472,
      "gpu_hours": 0.03010889536804623
    },
    "18": {
      "val_acc": 0.0464,
      "gpu_hours": 0.03173834383487702
    },
    "19": {
      "val_acc": 0.048,
      "gpu_hours": 0.03336869120597839
    },
    "20": {
      "val_acc": 0.0476,
      "gpu_hours": 0.03500411841604445
    },
    "21": {
      "val_acc": 0.0473,
      "gpu_hours": 0.036636601554022895
    },
    "22": {
      "val_acc": 0.0466,
      "gpu_hours": 0.03827462593714396
    },
    "23": {
      "val_acc": 0.0452,
      "gpu_hours": 0.03990413049856822
    },
    "24": {
      "val_acc": 0.0463,
      "gpu_hours": 0.041539495454894174
    },
    "25": {
      "val_acc": 0.0463,
      "gpu_hours": 0.043214237491289775
    },
    "26": {
      "val_acc": 0.0457,
      "gpu_hours": 0.04484809848997328
    },
    "27": {
      "val_acc": 0.0463,
      "gpu_hours": 0.0464774747689565
    },
    "28": {
      "val_acc": 0.044,
      "gpu_hours": 0.048143885135650634
    },
    "29": {
      "val_acc": 0.0459,
      "gpu_hours": 0.04977236204677158
    }
  }
}