{
  "trial_number": 47,
  "params": {
    "lr": 0.076967536641328,
    "weight_decay": 7.904676701777381e-06,
    "batch_size": 256,
    "dropout": 0.4813909497145371,
    "optimizer": "Adam",
    "scheduler": "step",
    "model": "efficientnet_b1"
  },
  "best_val_acc": 0.0323,
  "total_gpu_hours": 0.04407060960928599,
  "slurm_task": 20,
  "parallel_workers": 40,
  "sampler": "random",
  "dataset": "cifar100",
  "device": "cuda",
  "accuracy_thresholds": {},
  "accuracy_curve": {
    "0": {
      "val_acc": 0.0122,
      "gpu_hours": 0.0018283313512802125
    },
    "1": {
      "val_acc": 0.0074,
      "gpu_hours": 0.0032863116264343264
    },
    "2": {
      "val_acc": 0.01,
      "gpu_hours": 0.004749286969502767
    },
    "3": {
      "val_acc": 0.01,
      "gpu_hours": 0.00618113186624315
    },
    "4": {
      "val_acc": 0.0103,
      "gpu_hours": 0.007618940472602844
    },
    "5": {
      "val_acc": 0.01,
      "gpu_hours": 0.009067813290490044
    },
    "6": {
      "val_acc": 0.0086,
      "gpu_hours": 0.0104853888352712
    },
    "7": {
      "val_acc": 0.01,
      "gpu_hours": 0.011957599454455906
    },
    "8": {
      "val_acc": 0.01,
      "gpu_hours": 0.01342250837220086
    },
    "9": {
      "val_acc": 0.01,
      "gpu_hours": 0.014872679511706035
    },
    "10": {
      "val_acc": 0.0098,
      "gpu_hours": 0.016304386324352688
    },
    "11": {
      "val_acc": 0.01,
      "gpu_hours": 0.017755286892255147
    },
    "12": {
      "val_acc": 0.0104,
      "gpu_hours": 0.019197968509462145
    },
    "13": {
      "val_acc": 0.01,
      "gpu_hours": 0.02068245271841685
    },
    "14": {
      "val_acc": 0.0099,
      "gpu_hours": 0.022123631636301676
    },
    "15": {
      "val_acc": 0.01,
      "gpu_hours": 0.023557128575113086
    },
    "16": {
      "val_acc": 0.0142,
      "gpu_hours": 0.025045726961559718
    },
    "17": {
      "val_acc": 0.0135,
      "gpu_hours": 0.02647224373287625
    },
    "18": {
      "val_acc": 0.0149,
      "gpu_hours": 0.02794077754020691
    },
    "19": {
      "val_acc": 0.01,
      "gpu_hours": 0.029373725122875637
    },
    "20": {
      "val_acc": 0.0224,
      "gpu_hours": 0.030871546136008367
    },
    "21": {
      "val_acc": 0.0241,
      "gpu_hours": 0.032343236472871566
    },
    "22": {
      "val_acc": 0.0237,
      "gpu_hours": 0.033815248674816556
    },
    "23": {
      "val_acc": 0.0099,
      "gpu_hours": 0.035282703638076784
    },
    "24": {
      "val_acc": 0.0287,
      "gpu_hours": 0.03671637773513794
    },
    "25": {
      "val_acc": 0.0323,
      "gpu_hours": 0.03816298948393928
    },
    "26": {
      "val_acc": 0.0252,
      "gpu_hours": 0.03967057632075416
    },
    "27": {
      "val_acc": 0.029,
      "gpu_hours": 0.041118186646037634
    },
    "28": {
      "val_acc": 0.0284,
      "gpu_hours": 0.04262983500957489
    },
    "29": {
      "val_acc": 0.0303,
      "gpu_hours": 0.04406359553337097
    }
  }
}