{
  "trial_number": 40,
  "params": {
    "lr": 0.00031771495738117854,
    "weight_decay": 4.2542761723246944e-05,
    "batch_size": 64,
    "dropout": 0.26217754980232383,
    "optimizer": "SGD",
    "scheduler": "plateau",
    "model": "efficientnet_b0",
    "momentum": 0.9843007830191328
  },
  "best_val_acc": 0.0183,
  "total_gpu_hours": 0.09305743614832561,
  "slurm_task": 11,
  "parallel_workers": 40,
  "sampler": "random",
  "dataset": "cifar100",
  "device": "cuda",
  "accuracy_thresholds": {},
  "accuracy_curve": {
    "0": {
      "val_acc": 0.0117,
      "gpu_hours": 0.003436118695471022
    },
    "1": {
      "val_acc": 0.0124,
      "gpu_hours": 0.006532504955927531
    },
    "2": {
      "val_acc": 0.0135,
      "gpu_hours": 0.00961800217628479
    },
    "3": {
      "val_acc": 0.0153,
      "gpu_hours": 0.01271068400806851
    },
    "4": {
      "val_acc": 0.015,
      "gpu_hours": 0.01579874932765961
    },
    "5": {
      "val_acc": 0.0144,
      "gpu_hours": 0.018888721929656134
    },
    "6": {
      "val_acc": 0.0135,
      "gpu_hours": 0.021978921095530193
    },
    "7": {
      "val_acc": 0.0161,
      "gpu_hours": 0.02506971816221873
    },
    "8": {
      "val_acc": 0.0167,
      "gpu_hours": 0.028160251577695212
    },
    "9": {
      "val_acc": 0.0158,
      "gpu_hours": 0.03124715639485253
    },
    "10": {
      "val_acc": 0.0142,
      "gpu_hours": 0.034341271784570485
    },
    "11": {
      "val_acc": 0.0164,
      "gpu_hours": 0.03743232323063744
    },
    "12": {
      "val_acc": 0.0141,
      "gpu_hours": 0.04052472882800632
    },
    "13": {
      "val_acc": 0.0171,
      "gpu_hours": 0.0436097459660636
    },
    "14": {
      "val_acc": 0.0169,
      "gpu_hours": 0.04670116557015313
    },
    "15": {
      "val_acc": 0.0166,
      "gpu_hours": 0.0497868201467726
    },
    "16": {
      "val_acc": 0.017,
      "gpu_hours": 0.052881960603925915
    },
    "17": {
      "val_acc": 0.0158,
      "gpu_hours": 0.055972394612100386
    },
    "18": {
      "val_acc": 0.018,
      "gpu_hours": 0.0590640006462733
    },
    "19": {
      "val_acc": 0.0183,
      "gpu_hours": 0.06215300473901961
    },
    "20": {
      "val_acc": 0.0158,
      "gpu_hours": 0.06524263474676344
    },
    "21": {
      "val_acc": 0.0166,
      "gpu_hours": 0.06833676007058885
    },
    "22": {
      "val_acc": 0.0176,
      "gpu_hours": 0.071432001458274
    },
    "23": {
      "val_acc": 0.0145,
      "gpu_hours": 0.07452626354164547
    },
    "24": {
      "val_acc": 0.0167,
      "gpu_hours": 0.07761494451098971
    },
    "25": {
      "val_acc": 0.0148,
      "gpu_hours": 0.08070401065879398
    },
    "26": {
      "val_acc": 0.0165,
      "gpu_hours": 0.08378834936353896
    },
    "27": {
      "val_acc": 0.0159,
      "gpu_hours": 0.0868758468495475
    },
    "28": {
      "val_acc": 0.0154,
      "gpu_hours": 0.08996374871995715
    },
    "29": {
      "val_acc": 0.017,
      "gpu_hours": 0.0930496926440133
    }
  }
}