{
  "trial_number": 75,
  "params": {
    "lr": 0.09269035391921815,
    "weight_decay": 0.00015782612996963698,
    "batch_size": 256,
    "dropout": 0.23640398487774267,
    "optimizer": "Adam",
    "scheduler": "step",
    "model": "resnet18"
  },
  "best_val_acc": 0.1273,
  "total_gpu_hours": 0.11794495291180081,
  "slurm_task": 3,
  "parallel_workers": 40,
  "sampler": "random",
  "dataset": "cifar100",
  "device": "cuda",
  "accuracy_thresholds": {},
  "accuracy_curve": {
    "0": {
      "val_acc": 0.0216,
      "gpu_hours": 0.00468080633216434
    },
    "1": {
      "val_acc": 0.0467,
      "gpu_hours": 0.008579879138204786
    },
    "2": {
      "val_acc": 0.033,
      "gpu_hours": 0.012476722399393717
    },
    "3": {
      "val_acc": 0.0483,
      "gpu_hours": 0.01636679987112681
    },
    "4": {
      "val_acc": 0.0456,
      "gpu_hours": 0.020270890990893044
    },
    "5": {
      "val_acc": 0.01,
      "gpu_hours": 0.024175150593121846
    },
    "6": {
      "val_acc": 0.0401,
      "gpu_hours": 0.02807965934276581
    },
    "7": {
      "val_acc": 0.0382,
      "gpu_hours": 0.03199087083339691
    },
    "8": {
      "val_acc": 0.0617,
      "gpu_hours": 0.03590912673208448
    },
    "9": {
      "val_acc": 0.054,
      "gpu_hours": 0.03980271246698167
    },
    "10": {
      "val_acc": 0.0905,
      "gpu_hours": 0.0437194084458881
    },
    "11": {
      "val_acc": 0.0553,
      "gpu_hours": 0.047632835904757184
    },
    "12": {
      "val_acc": 0.0785,
      "gpu_hours": 0.05153658449649811
    },
    "13": {
      "val_acc": 0.0749,
      "gpu_hours": 0.05544114410877228
    },
    "14": {
      "val_acc": 0.0957,
      "gpu_hours": 0.05936183035373688
    },
    "15": {
      "val_acc": 0.0883,
      "gpu_hours": 0.06327576306131151
    },
    "16": {
      "val_acc": 0.0789,
      "gpu_hours": 0.0671735049618615
    },
    "17": {
      "val_acc": 0.0589,
      "gpu_hours": 0.07108236021465725
    },
    "18": {
      "val_acc": 0.0502,
      "gpu_hours": 0.07499252359072367
    },
    "19": {
      "val_acc": 0.0829,
      "gpu_hours": 0.07888926439815097
    },
    "20": {
      "val_acc": 0.1273,
      "gpu_hours": 0.0827846325106091
    },
    "21": {
      "val_acc": 0.1244,
      "gpu_hours": 0.0866871416568756
    },
    "22": {
      "val_acc": 0.0938,
      "gpu_hours": 0.09059358278910319
    },
    "23": {
      "val_acc": 0.1261,
      "gpu_hours": 0.09448923144075605
    },
    "24": {
      "val_acc": 0.1171,
      "gpu_hours": 0.09839734077453613
    },
    "25": {
      "val_acc": 0.1176,
      "gpu_hours": 0.10231191085444556
    },
    "26": {
      "val_acc": 0.0672,
      "gpu_hours": 0.10624206993314955
    },
    "27": {
      "val_acc": 0.098,
      "gpu_hours": 0.11014595992035336
    },
    "28": {
      "val_acc": 0.1121,
      "gpu_hours": 0.1140412120686637
    },
    "29": {
      "val_acc": 0.1055,
      "gpu_hours": 0.11793866011831496
    }
  }
}