{
  "trial_number": 46,
  "params": {
    "lr": 0.004340645213116583,
    "weight_decay": 0.0027253760954919814,
    "batch_size": 64,
    "dropout": 0.19313889052135447,
    "optimizer": "Adam",
    "scheduler": "step",
    "model": "efficientnet_b1"
  },
  "best_val_acc": 0.0367,
  "total_gpu_hours": 0.24340559893184238,
  "slurm_task": 25,
  "parallel_workers": 40,
  "sampler": "random",
  "dataset": "cifar100",
  "device": "cuda",
  "accuracy_thresholds": {},
  "accuracy_curve": {
    "0": {
      "val_acc": 0.0239,
      "gpu_hours": 0.008912761078940498
    },
    "1": {
      "val_acc": 0.024,
      "gpu_hours": 0.01712731467352973
    },
    "2": {
      "val_acc": 0.0248,
      "gpu_hours": 0.025315542221069336
    },
    "3": {
      "val_acc": 0.0261,
      "gpu_hours": 0.03355102943049537
    },
    "4": {
      "val_acc": 0.0299,
      "gpu_hours": 0.041785518129666646
    },
    "5": {
      "val_acc": 0.0167,
      "gpu_hours": 0.049969439837667676
    },
    "6": {
      "val_acc": 0.0325,
      "gpu_hours": 0.05824784967634413
    },
    "7": {
      "val_acc": 0.03,
      "gpu_hours": 0.066491808825069
    },
    "8": {
      "val_acc": 0.0239,
      "gpu_hours": 0.07469552569919162
    },
    "9": {
      "val_acc": 0.0302,
      "gpu_hours": 0.08298910717169444
    },
    "10": {
      "val_acc": 0.0295,
      "gpu_hours": 0.09113412386841244
    },
    "11": {
      "val_acc": 0.0316,
      "gpu_hours": 0.09924493094285329
    },
    "12": {
      "val_acc": 0.031,
      "gpu_hours": 0.10735087560282813
    },
    "13": {
      "val_acc": 0.036,
      "gpu_hours": 0.11547134498755138
    },
    "14": {
      "val_acc": 0.0323,
      "gpu_hours": 0.12358667135238648
    },
    "15": {
      "val_acc": 0.0298,
      "gpu_hours": 0.13167601890034145
    },
    "16": {
      "val_acc": 0.0313,
      "gpu_hours": 0.139800533718533
    },
    "17": {
      "val_acc": 0.0335,
      "gpu_hours": 0.14794566180970933
    },
    "18": {
      "val_acc": 0.0323,
      "gpu_hours": 0.15607846160729727
    },
    "19": {
      "val_acc": 0.0291,
      "gpu_hours": 0.1641737686925464
    },
    "20": {
      "val_acc": 0.0358,
      "gpu_hours": 0.17227265702353584
    },
    "21": {
      "val_acc": 0.0328,
      "gpu_hours": 0.1801921331220203
    },
    "22": {
      "val_acc": 0.0331,
      "gpu_hours": 0.18809067474471197
    },
    "23": {
      "val_acc": 0.0367,
      "gpu_hours": 0.19599265476067862
    },
    "24": {
      "val_acc": 0.0362,
      "gpu_hours": 0.20388696677154966
    },
    "25": {
      "val_acc": 0.034,
      "gpu_hours": 0.2117849427461624
    },
    "26": {
      "val_acc": 0.036,
      "gpu_hours": 0.219688373737865
    },
    "27": {
      "val_acc": 0.0329,
      "gpu_hours": 0.22758854111035665
    },
    "28": {
      "val_acc": 0.0317,
      "gpu_hours": 0.23550227012899186
    },
    "29": {
      "val_acc": 0.0344,
      "gpu_hours": 0.2433986775080363
    }
  }
}