{
  "trial_number": 101,
  "params": {
    "lr": 0.06002203483807923,
    "weight_decay": 0.0005342025287293992,
    "batch_size": 128,
    "dropout": 0.04747713194180386,
    "optimizer": "AdamW",
    "scheduler": "plateau",
    "model": "efficientnet_b1"
  },
  "best_val_acc": 0.0169,
  "total_gpu_hours": 0.12604442768626742,
  "slurm_task": 10,
  "parallel_workers": 40,
  "sampler": "random",
  "dataset": "cifar100",
  "device": "cuda",
  "accuracy_thresholds": {},
  "accuracy_curve": {
    "0": {
      "val_acc": 0.01,
      "gpu_hours": 0.0046894582774904036
    },
    "1": {
      "val_acc": 0.01,
      "gpu_hours": 0.008866316345002916
    },
    "2": {
      "val_acc": 0.01,
      "gpu_hours": 0.01303559144337972
    },
    "3": {
      "val_acc": 0.0103,
      "gpu_hours": 0.01721697979503208
    },
    "4": {
      "val_acc": 0.0102,
      "gpu_hours": 0.021410971217685277
    },
    "5": {
      "val_acc": 0.01,
      "gpu_hours": 0.025598128702905443
    },
    "6": {
      "val_acc": 0.01,
      "gpu_hours": 0.029779890245861477
    },
    "7": {
      "val_acc": 0.01,
      "gpu_hours": 0.03393695248497857
    },
    "8": {
      "val_acc": 0.0122,
      "gpu_hours": 0.038094822764396664
    },
    "9": {
      "val_acc": 0.013,
      "gpu_hours": 0.042271701627307465
    },
    "10": {
      "val_acc": 0.015,
      "gpu_hours": 0.04644364893436432
    },
    "11": {
      "val_acc": 0.0145,
      "gpu_hours": 0.050623027616076996
    },
    "12": {
      "val_acc": 0.0166,
      "gpu_hours": 0.05479235317971971
    },
    "13": {
      "val_acc": 0.0147,
      "gpu_hours": 0.05897606723838382
    },
    "14": {
      "val_acc": 0.0167,
      "gpu_hours": 0.0631434009472529
    },
    "15": {
      "val_acc": 0.0167,
      "gpu_hours": 0.0673232227563858
    },
    "16": {
      "val_acc": 0.0161,
      "gpu_hours": 0.07150125232007769
    },
    "17": {
      "val_acc": 0.0163,
      "gpu_hours": 0.07568318055735694
    },
    "18": {
      "val_acc": 0.0164,
      "gpu_hours": 0.07987865295675066
    },
    "19": {
      "val_acc": 0.0169,
      "gpu_hours": 0.08407593230406443
    },
    "20": {
      "val_acc": 0.0162,
      "gpu_hours": 0.08825096633699205
    },
    "21": {
      "val_acc": 0.016,
      "gpu_hours": 0.09242769380410512
    },
    "22": {
      "val_acc": 0.0161,
      "gpu_hours": 0.09660971469349332
    },
    "23": {
      "val_acc": 0.016,
      "gpu_hours": 0.10076882044474283
    },
    "24": {
      "val_acc": 0.0166,
      "gpu_hours": 0.10495214872890049
    },
    "25": {
      "val_acc": 0.0167,
      "gpu_hours": 0.10916049175792271
    },
    "26": {
      "val_acc": 0.0159,
      "gpu_hours": 0.113371642364396
    },
    "27": {
      "val_acc": 0.016,
      "gpu_hours": 0.11757903827561272
    },
    "28": {
      "val_acc": 0.0167,
      "gpu_hours": 0.12179823829068077
    },
    "29": {
      "val_acc": 0.0163,
      "gpu_hours": 0.12603737632433573
    }
  }
}