{
  "trial_number": 1,
  "params": {
    "lr": 0.0002213929051433517,
    "weight_decay": 0.00027306507478234055,
    "batch_size": 256,
    "dropout": 0.42956874547429885,
    "optimizer": "SGD",
    "scheduler": "plateau",
    "model": "efficientnet_b0",
    "momentum": 0.8769479951289794
  },
  "best_val_acc": 0.0131,
  "total_gpu_hours": 0.03991047528054979,
  "slurm_task": 1,
  "parallel_workers": 40,
  "sampler": "random",
  "dataset": "cifar100",
  "device": "cuda",
  "accuracy_thresholds": {},
  "accuracy_curve": {
    "0": {
      "val_acc": 0.0131,
      "gpu_hours": 0.0034641692373487683
    },
    "1": {
      "val_acc": 0.013,
      "gpu_hours": 0.004718278182877435
    },
    "2": {
      "val_acc": 0.0112,
      "gpu_hours": 0.005969718959596422
    },
    "3": {
      "val_acc": 0.013,
      "gpu_hours": 0.007220564683278401
    },
    "4": {
      "val_acc": 0.0115,
      "gpu_hours": 0.008495108087857564
    },
    "5": {
      "val_acc": 0.0118,
      "gpu_hours": 0.009753304388788011
    },
    "6": {
      "val_acc": 0.011,
      "gpu_hours": 0.0110130246480306
    },
    "7": {
      "val_acc": 0.0121,
      "gpu_hours": 0.012313230368826124
    },
    "8": {
      "val_acc": 0.0109,
      "gpu_hours": 0.013572969502872892
    },
    "9": {
      "val_acc": 0.0107,
      "gpu_hours": 0.01483004093170166
    },
    "10": {
      "val_acc": 0.0112,
      "gpu_hours": 0.016076182921727498
    },
    "11": {
      "val_acc": 0.0111,
      "gpu_hours": 0.017333139379819233
    },
    "12": {
      "val_acc": 0.0113,
      "gpu_hours": 0.018586181733343338
    },
    "13": {
      "val_acc": 0.0117,
      "gpu_hours": 0.019837464094161986
    },
    "14": {
      "val_acc": 0.0124,
      "gpu_hours": 0.02113979352845086
    },
    "15": {
      "val_acc": 0.0108,
      "gpu_hours": 0.0223878804842631
    },
    "16": {
      "val_acc": 0.0114,
      "gpu_hours": 0.02363860309123993
    },
    "17": {
      "val_acc": 0.0123,
      "gpu_hours": 0.024893002774980334
    },
    "18": {
      "val_acc": 0.0103,
      "gpu_hours": 0.026144680115911697
    },
    "19": {
      "val_acc": 0.0117,
      "gpu_hours": 0.02739494601885478
    },
    "20": {
      "val_acc": 0.0108,
      "gpu_hours": 0.028646486202875774
    },
    "21": {
      "val_acc": 0.0122,
      "gpu_hours": 0.029896813167466056
    },
    "22": {
      "val_acc": 0.01,
      "gpu_hours": 0.0311450023121304
    },
    "23": {
      "val_acc": 0.0105,
      "gpu_hours": 0.032390241887834334
    },
    "24": {
      "val_acc": 0.0123,
      "gpu_hours": 0.03363840169376797
    },
    "25": {
      "val_acc": 0.0104,
      "gpu_hours": 0.034889939890967475
    },
    "26": {
      "val_acc": 0.0114,
      "gpu_hours": 0.036143757700920105
    },
    "27": {
      "val_acc": 0.012,
      "gpu_hours": 0.03739250342051188
    },
    "28": {
      "val_acc": 0.0106,
      "gpu_hours": 0.03864742702907986
    },
    "29": {
      "val_acc": 0.0117,
      "gpu_hours": 0.039901564518610634
    }
  }
}