{
  "trial_number": 109,
  "params": {
    "lr": 0.000610822040175596,
    "weight_decay": 0.0032015396256399042,
    "batch_size": 256,
    "dropout": 0.021713678729642194,
    "optimizer": "Adam",
    "scheduler": "cosine",
    "model": "resnet18"
  },
  "best_val_acc": 0.6705,
  "total_gpu_hours": 0.11845956921577454,
  "slurm_task": 31,
  "parallel_workers": 40,
  "sampler": "random",
  "dataset": "cifar100",
  "device": "cuda",
  "accuracy_thresholds": {},
  "accuracy_curve": {
    "0": {
      "val_acc": 0.1538,
      "gpu_hours": 0.004432325495613946
    },
    "1": {
      "val_acc": 0.175,
      "gpu_hours": 0.00838196747832828
    },
    "2": {
      "val_acc": 0.1822,
      "gpu_hours": 0.012339992258283828
    },
    "3": {
      "val_acc": 0.2442,
      "gpu_hours": 0.01628565013408661
    },
    "4": {
      "val_acc": 0.2431,
      "gpu_hours": 0.020232143667009143
    },
    "5": {
      "val_acc": 0.2791,
      "gpu_hours": 0.02418452905284034
    },
    "6": {
      "val_acc": 0.2304,
      "gpu_hours": 0.02812237474653456
    },
    "7": {
      "val_acc": 0.3572,
      "gpu_hours": 0.03204717602994707
    },
    "8": {
      "val_acc": 0.3106,
      "gpu_hours": 0.03597957385910882
    },
    "9": {
      "val_acc": 0.3568,
      "gpu_hours": 0.0398978849252065
    },
    "10": {
      "val_acc": 0.3539,
      "gpu_hours": 0.04383667687575022
    },
    "11": {
      "val_acc": 0.37,
      "gpu_hours": 0.0477564459376865
    },
    "12": {
      "val_acc": 0.3915,
      "gpu_hours": 0.051681703726450604
    },
    "13": {
      "val_acc": 0.4499,
      "gpu_hours": 0.05559912582238515
    },
    "14": {
      "val_acc": 0.4351,
      "gpu_hours": 0.05952368319034576
    },
    "15": {
      "val_acc": 0.4937,
      "gpu_hours": 0.0634525094429652
    },
    "16": {
      "val_acc": 0.5046,
      "gpu_hours": 0.06737939046488868
    },
    "17": {
      "val_acc": 0.503,
      "gpu_hours": 0.07131527900695801
    },
    "18": {
      "val_acc": 0.4985,
      "gpu_hours": 0.07524998115168677
    },
    "19": {
      "val_acc": 0.5081,
      "gpu_hours": 0.07917547636561924
    },
    "20": {
      "val_acc": 0.5786,
      "gpu_hours": 0.0831043419573042
    },
    "21": {
      "val_acc": 0.57,
      "gpu_hours": 0.08703760392136044
    },
    "22": {
      "val_acc": 0.5868,
      "gpu_hours": 0.09097499019569821
    },
    "23": {
      "val_acc": 0.6049,
      "gpu_hours": 0.09490313284926945
    },
    "24": {
      "val_acc": 0.6255,
      "gpu_hours": 0.09882787221007877
    },
    "25": {
      "val_acc": 0.6323,
      "gpu_hours": 0.10275222837924958
    },
    "26": {
      "val_acc": 0.6538,
      "gpu_hours": 0.10668101423316531
    },
    "27": {
      "val_acc": 0.6602,
      "gpu_hours": 0.11061001088884141
    },
    "28": {
      "val_acc": 0.6677,
      "gpu_hours": 0.11452649957603879
    },
    "29": {
      "val_acc": 0.6705,
      "gpu_hours": 0.11845313370227814
    }
  }
}