{
  "trial_number": 53,
  "params": {
    "lr": 0.005108811568028756,
    "weight_decay": 1.0497564965528392e-06,
    "batch_size": 256,
    "dropout": 0.4458934386107183,
    "optimizer": "Adam",
    "scheduler": "plateau",
    "model": "efficientnet_b0"
  },
  "best_val_acc": 0.1923,
  "total_gpu_hours": 0.03895320786370171,
  "slurm_task": 21,
  "parallel_workers": 40,
  "sampler": "random",
  "dataset": "cifar100",
  "device": "cuda",
  "accuracy_thresholds": {},
  "accuracy_curve": {
    "0": {
      "val_acc": 0.0318,
      "gpu_hours": 0.0016445894373787774
    },
    "1": {
      "val_acc": 0.0513,
      "gpu_hours": 0.0029461996422873605
    },
    "2": {
      "val_acc": 0.071,
      "gpu_hours": 0.004258227679464552
    },
    "3": {
      "val_acc": 0.0953,
      "gpu_hours": 0.005565849939982096
    },
    "4": {
      "val_acc": 0.1213,
      "gpu_hours": 0.006861050526301066
    },
    "5": {
      "val_acc": 0.1634,
      "gpu_hours": 0.008155743347273932
    },
    "6": {
      "val_acc": 0.172,
      "gpu_hours": 0.009449450903468663
    },
    "7": {
      "val_acc": 0.1781,
      "gpu_hours": 0.010746776792738173
    },
    "8": {
      "val_acc": 0.1835,
      "gpu_hours": 0.012045471535788641
    },
    "9": {
      "val_acc": 0.1874,
      "gpu_hours": 0.01334735910097758
    },
    "10": {
      "val_acc": 0.1907,
      "gpu_hours": 0.01463717414273156
    },
    "11": {
      "val_acc": 0.1918,
      "gpu_hours": 0.015941677225960627
    },
    "12": {
      "val_acc": 0.1904,
      "gpu_hours": 0.01724039720164405
    },
    "13": {
      "val_acc": 0.1915,
      "gpu_hours": 0.018533797197871738
    },
    "14": {
      "val_acc": 0.1904,
      "gpu_hours": 0.019819914235009086
    },
    "15": {
      "val_acc": 0.1912,
      "gpu_hours": 0.02110737641652425
    },
    "16": {
      "val_acc": 0.192,
      "gpu_hours": 0.022389334307776558
    },
    "17": {
      "val_acc": 0.191,
      "gpu_hours": 0.023693688909212748
    },
    "18": {
      "val_acc": 0.1904,
      "gpu_hours": 0.024985074135992262
    },
    "19": {
      "val_acc": 0.1912,
      "gpu_hours": 0.026244309147198996
    },
    "20": {
      "val_acc": 0.1905,
      "gpu_hours": 0.027520539628134832
    },
    "21": {
      "val_acc": 0.1898,
      "gpu_hours": 0.02879103316201104
    },
    "22": {
      "val_acc": 0.1899,
      "gpu_hours": 0.0300570054186715
    },
    "23": {
      "val_acc": 0.1908,
      "gpu_hours": 0.03132772670851813
    },
    "24": {
      "val_acc": 0.1923,
      "gpu_hours": 0.03260370016098022
    },
    "25": {
      "val_acc": 0.1908,
      "gpu_hours": 0.03386924227078756
    },
    "26": {
      "val_acc": 0.19,
      "gpu_hours": 0.035136020713382295
    },
    "27": {
      "val_acc": 0.1917,
      "gpu_hours": 0.03641932275560167
    },
    "28": {
      "val_acc": 0.1912,
      "gpu_hours": 0.03768132170041402
    },
    "29": {
      "val_acc": 0.1913,
      "gpu_hours": 0.038947229385375974
    }
  }
}