{
  "trial_number": 49,
  "params": {
    "lr": 0.0004589385766759428,
    "weight_decay": 0.00010193942663737419,
    "batch_size": 64,
    "dropout": 0.2907168758682257,
    "optimizer": "AdamW",
    "scheduler": "step",
    "model": "resnet34"
  },
  "best_val_acc": 0.703,
  "total_gpu_hours": 0.06971191969182756,
  "slurm_task": 18,
  "parallel_workers": 40,
  "sampler": "random",
  "dataset": "cifar100",
  "device": "cuda",
  "accuracy_thresholds": {},
  "accuracy_curve": {
    "0": {
      "val_acc": 0.165,
      "gpu_hours": 0.002696415252155728
    },
    "1": {
      "val_acc": 0.2967,
      "gpu_hours": 0.0050209209654066295
    },
    "2": {
      "val_acc": 0.3412,
      "gpu_hours": 0.007345466944906447
    },
    "3": {
      "val_acc": 0.4018,
      "gpu_hours": 0.009678436385260688
    },
    "4": {
      "val_acc": 0.4757,
      "gpu_hours": 0.012004183332125346
    },
    "5": {
      "val_acc": 0.4771,
      "gpu_hours": 0.014333760605918037
    },
    "6": {
      "val_acc": 0.5316,
      "gpu_hours": 0.016663458281093172
    },
    "7": {
      "val_acc": 0.5561,
      "gpu_hours": 0.018990982042418586
    },
    "8": {
      "val_acc": 0.5764,
      "gpu_hours": 0.02131796578566233
    },
    "9": {
      "val_acc": 0.593,
      "gpu_hours": 0.023652905291981167
    },
    "10": {
      "val_acc": 0.639,
      "gpu_hours": 0.025986649923854403
    },
    "11": {
      "val_acc": 0.6454,
      "gpu_hours": 0.028311755855878196
    },
    "12": {
      "val_acc": 0.6573,
      "gpu_hours": 0.030644448399543764
    },
    "13": {
      "val_acc": 0.6588,
      "gpu_hours": 0.032978298465410866
    },
    "14": {
      "val_acc": 0.6695,
      "gpu_hours": 0.03530395779344771
    },
    "15": {
      "val_acc": 0.6573,
      "gpu_hours": 0.03763112213876512
    },
    "16": {
      "val_acc": 0.6724,
      "gpu_hours": 0.0399565632475747
    },
    "17": {
      "val_acc": 0.6709,
      "gpu_hours": 0.04224414659870995
    },
    "18": {
      "val_acc": 0.6756,
      "gpu_hours": 0.044537897970941334
    },
    "19": {
      "val_acc": 0.6797,
      "gpu_hours": 0.046824379828241135
    },
    "20": {
      "val_acc": 0.7001,
      "gpu_hours": 0.04912019875314501
    },
    "21": {
      "val_acc": 0.6977,
      "gpu_hours": 0.05140872889094882
    },
    "22": {
      "val_acc": 0.6985,
      "gpu_hours": 0.053693170017666284
    },
    "23": {
      "val_acc": 0.6975,
      "gpu_hours": 0.05597933795717028
    },
    "24": {
      "val_acc": 0.6992,
      "gpu_hours": 0.05826147185431586
    },
    "25": {
      "val_acc": 0.7017,
      "gpu_hours": 0.060552027887768214
    },
    "26": {
      "val_acc": 0.703,
      "gpu_hours": 0.06284061683548821
    },
    "27": {
      "val_acc": 0.7,
      "gpu_hours": 0.06512821356455485
    },
    "28": {
      "val_acc": 0.7025,
      "gpu_hours": 0.06741869396633572
    },
    "29": {
      "val_acc": 0.6988,
      "gpu_hours": 0.06970439003573524
    }
  }
}