{
  "trial_number": 79,
  "params": {
    "lr": 0.0002190107415561042,
    "weight_decay": 0.007905555241820407,
    "batch_size": 64,
    "dropout": 0.39980230083002694,
    "optimizer": "AdamW",
    "scheduler": "step",
    "model": "efficientnet_b0"
  },
  "best_val_acc": 0.3975,
  "total_gpu_hours": 0.17467220822970073,
  "slurm_task": 5,
  "parallel_workers": 40,
  "sampler": "random",
  "dataset": "cifar100",
  "device": "cuda",
  "accuracy_thresholds": {},
  "accuracy_curve": {
    "0": {
      "val_acc": 0.032,
      "gpu_hours": 0.006431234346495734
    },
    "1": {
      "val_acc": 0.0884,
      "gpu_hours": 0.012234790258937412
    },
    "2": {
      "val_acc": 0.1345,
      "gpu_hours": 0.01803025530444251
    },
    "3": {
      "val_acc": 0.1607,
      "gpu_hours": 0.02383163895871904
    },
    "4": {
      "val_acc": 0.1938,
      "gpu_hours": 0.029632942080497743
    },
    "5": {
      "val_acc": 0.2249,
      "gpu_hours": 0.035416088965204026
    },
    "6": {
      "val_acc": 0.2395,
      "gpu_hours": 0.04121666186385685
    },
    "7": {
      "val_acc": 0.2512,
      "gpu_hours": 0.0470134303967158
    },
    "8": {
      "val_acc": 0.2779,
      "gpu_hours": 0.05281138314141168
    },
    "9": {
      "val_acc": 0.2883,
      "gpu_hours": 0.0585964834690094
    },
    "10": {
      "val_acc": 0.3141,
      "gpu_hours": 0.06440962221887377
    },
    "11": {
      "val_acc": 0.3234,
      "gpu_hours": 0.07019972821076711
    },
    "12": {
      "val_acc": 0.3291,
      "gpu_hours": 0.0760169772307078
    },
    "13": {
      "val_acc": 0.3302,
      "gpu_hours": 0.08184060394763946
    },
    "14": {
      "val_acc": 0.3331,
      "gpu_hours": 0.0876506194141176
    },
    "15": {
      "val_acc": 0.34,
      "gpu_hours": 0.09343109899097019
    },
    "16": {
      "val_acc": 0.3561,
      "gpu_hours": 0.09922554506195916
    },
    "17": {
      "val_acc": 0.3586,
      "gpu_hours": 0.10501538654168446
    },
    "18": {
      "val_acc": 0.3634,
      "gpu_hours": 0.11080203162299262
    },
    "19": {
      "val_acc": 0.3606,
      "gpu_hours": 0.11661051796542274
    },
    "20": {
      "val_acc": 0.3699,
      "gpu_hours": 0.12241101059648726
    },
    "21": {
      "val_acc": 0.3737,
      "gpu_hours": 0.12817569692929587
    },
    "22": {
      "val_acc": 0.3826,
      "gpu_hours": 0.1339680630630917
    },
    "23": {
      "val_acc": 0.3867,
      "gpu_hours": 0.13975776069694096
    },
    "24": {
      "val_acc": 0.3935,
      "gpu_hours": 0.14556211683485243
    },
    "25": {
      "val_acc": 0.3922,
      "gpu_hours": 0.15137708173857795
    },
    "26": {
      "val_acc": 0.392,
      "gpu_hours": 0.1572111662891176
    },
    "27": {
      "val_acc": 0.3901,
      "gpu_hours": 0.16301466438505385
    },
    "28": {
      "val_acc": 0.3975,
      "gpu_hours": 0.16884174519115025
    },
    "29": {
      "val_acc": 0.3957,
      "gpu_hours": 0.17466509024302165
    }
  }
}