{
  "trial_number": 88,
  "params": {
    "lr": 0.0025729802627275276,
    "weight_decay": 5.3008177273707876e-06,
    "batch_size": 256,
    "dropout": 0.1465152743262424,
    "optimizer": "Adam",
    "scheduler": "cosine",
    "model": "efficientnet_b0"
  },
  "best_val_acc": 0.4665,
  "total_gpu_hours": 0.075782667265998,
  "slurm_task": 27,
  "parallel_workers": 40,
  "sampler": "random",
  "dataset": "cifar100",
  "device": "cuda",
  "accuracy_thresholds": {},
  "accuracy_curve": {
    "0": {
      "val_acc": 0.0566,
      "gpu_hours": 0.0029570249716440837
    },
    "1": {
      "val_acc": 0.0934,
      "gpu_hours": 0.005473886066012912
    },
    "2": {
      "val_acc": 0.1307,
      "gpu_hours": 0.007978413038783603
    },
    "3": {
      "val_acc": 0.1626,
      "gpu_hours": 0.010481335388289558
    },
    "4": {
      "val_acc": 0.1844,
      "gpu_hours": 0.01298159122467041
    },
    "5": {
      "val_acc": 0.2257,
      "gpu_hours": 0.015505386193593344
    },
    "6": {
      "val_acc": 0.2538,
      "gpu_hours": 0.018008567359712388
    },
    "7": {
      "val_acc": 0.2652,
      "gpu_hours": 0.020517051484849717
    },
    "8": {
      "val_acc": 0.2857,
      "gpu_hours": 0.023037796881463794
    },
    "9": {
      "val_acc": 0.3042,
      "gpu_hours": 0.02555354826980167
    },
    "10": {
      "val_acc": 0.3277,
      "gpu_hours": 0.02808765557077196
    },
    "11": {
      "val_acc": 0.3306,
      "gpu_hours": 0.030589463512102764
    },
    "12": {
      "val_acc": 0.3588,
      "gpu_hours": 0.03310532748699188
    },
    "13": {
      "val_acc": 0.376,
      "gpu_hours": 0.03562514411078559
    },
    "14": {
      "val_acc": 0.3959,
      "gpu_hours": 0.03813585466808743
    },
    "15": {
      "val_acc": 0.3813,
      "gpu_hours": 0.040639887717035084
    },
    "16": {
      "val_acc": 0.4148,
      "gpu_hours": 0.0431352522638109
    },
    "17": {
      "val_acc": 0.3962,
      "gpu_hours": 0.04565068099233839
    },
    "18": {
      "val_acc": 0.415,
      "gpu_hours": 0.04815876735581292
    },
    "19": {
      "val_acc": 0.4321,
      "gpu_hours": 0.05067383348941803
    },
    "20": {
      "val_acc": 0.4451,
      "gpu_hours": 0.05317985892295837
    },
    "21": {
      "val_acc": 0.4466,
      "gpu_hours": 0.055696376495891146
    },
    "22": {
      "val_acc": 0.4505,
      "gpu_hours": 0.05821641994847192
    },
    "23": {
      "val_acc": 0.4556,
      "gpu_hours": 0.06072780562771691
    },
    "24": {
      "val_acc": 0.4584,
      "gpu_hours": 0.06323152561982473
    },
    "25": {
      "val_acc": 0.4599,
      "gpu_hours": 0.06572334806124369
    },
    "26": {
      "val_acc": 0.4648,
      "gpu_hours": 0.06823492301834955
    },
    "27": {
      "val_acc": 0.4632,
      "gpu_hours": 0.07073879559834798
    },
    "28": {
      "val_acc": 0.4665,
      "gpu_hours": 0.07325966629717084
    },
    "29": {
      "val_acc": 0.4663,
      "gpu_hours": 0.07577606850200229
    }
  }
}