{
  "trial_number": 66,
  "params": {
    "lr": 0.059170514656475756,
    "weight_decay": 4.280379960396374e-06,
    "batch_size": 64,
    "dropout": 0.1409698834314564,
    "optimizer": "Adam",
    "scheduler": "cosine",
    "model": "resnet34"
  },
  "best_val_acc": 0.2079,
  "total_gpu_hours": 0.23609327170583938,
  "slurm_task": 17,
  "parallel_workers": 40,
  "sampler": "random",
  "dataset": "cifar100",
  "device": "cuda",
  "accuracy_thresholds": {},
  "accuracy_curve": {
    "0": {
      "val_acc": 0.0093,
      "gpu_hours": 0.008875487513012356
    },
    "1": {
      "val_acc": 0.052,
      "gpu_hours": 0.01672189798620012
    },
    "2": {
      "val_acc": 0.0591,
      "gpu_hours": 0.024566536810663012
    },
    "3": {
      "val_acc": 0.06,
      "gpu_hours": 0.032425844073295594
    },
    "4": {
      "val_acc": 0.0581,
      "gpu_hours": 0.04027681079175737
    },
    "5": {
      "val_acc": 0.074,
      "gpu_hours": 0.04812233706315359
    },
    "6": {
      "val_acc": 0.068,
      "gpu_hours": 0.05597316940625509
    },
    "7": {
      "val_acc": 0.0787,
      "gpu_hours": 0.06382050236066182
    },
    "8": {
      "val_acc": 0.0906,
      "gpu_hours": 0.0716650065448549
    },
    "9": {
      "val_acc": 0.0853,
      "gpu_hours": 0.07950301037894356
    },
    "10": {
      "val_acc": 0.01,
      "gpu_hours": 0.08734565019607544
    },
    "11": {
      "val_acc": 0.0321,
      "gpu_hours": 0.09518347197108798
    },
    "12": {
      "val_acc": 0.0953,
      "gpu_hours": 0.10301573197046916
    },
    "13": {
      "val_acc": 0.1048,
      "gpu_hours": 0.11085208184189267
    },
    "14": {
      "val_acc": 0.1058,
      "gpu_hours": 0.1186902141571045
    },
    "15": {
      "val_acc": 0.113,
      "gpu_hours": 0.1265288994047377
    },
    "16": {
      "val_acc": 0.0838,
      "gpu_hours": 0.13436893529362148
    },
    "17": {
      "val_acc": 0.1155,
      "gpu_hours": 0.14221933000617556
    },
    "18": {
      "val_acc": 0.1186,
      "gpu_hours": 0.15005587657292685
    },
    "19": {
      "val_acc": 0.127,
      "gpu_hours": 0.15789322164323594
    },
    "20": {
      "val_acc": 0.1337,
      "gpu_hours": 0.16572799033588834
    },
    "21": {
      "val_acc": 0.15,
      "gpu_hours": 0.17356616622871823
    },
    "22": {
      "val_acc": 0.1575,
      "gpu_hours": 0.18141151871946123
    },
    "23": {
      "val_acc": 0.1725,
      "gpu_hours": 0.1892549040582445
    },
    "24": {
      "val_acc": 0.1806,
      "gpu_hours": 0.19709390925036535
    },
    "25": {
      "val_acc": 0.1887,
      "gpu_hours": 0.20492186069488524
    },
    "26": {
      "val_acc": 0.1973,
      "gpu_hours": 0.21271436393260956
    },
    "27": {
      "val_acc": 0.2033,
      "gpu_hours": 0.22050646834903292
    },
    "28": {
      "val_acc": 0.2079,
      "gpu_hours": 0.2282951142390569
    },
    "29": {
      "val_acc": 0.2069,
      "gpu_hours": 0.23608414166503483
    }
  }
}