{
  "trial_number": 96,
  "params": {
    "lr": 0.0002714617612286784,
    "weight_decay": 6.247651350555091e-05,
    "batch_size": 256,
    "dropout": 0.31241086682580926,
    "optimizer": "Adam",
    "scheduler": "cosine",
    "model": "resnet18"
  },
  "best_val_acc": 0.6654,
  "total_gpu_hours": 0.11858652624819013,
  "slurm_task": 39,
  "parallel_workers": 40,
  "sampler": "random",
  "dataset": "cifar100",
  "device": "cuda",
  "accuracy_thresholds": {},
  "accuracy_curve": {
    "0": {
      "val_acc": 0.1859,
      "gpu_hours": 0.004402921464708116
    },
    "1": {
      "val_acc": 0.2421,
      "gpu_hours": 0.008341833551724753
    },
    "2": {
      "val_acc": 0.3017,
      "gpu_hours": 0.012284002436531915
    },
    "3": {
      "val_acc": 0.3895,
      "gpu_hours": 0.016223866674635146
    },
    "4": {
      "val_acc": 0.3881,
      "gpu_hours": 0.020171357327037388
    },
    "5": {
      "val_acc": 0.429,
      "gpu_hours": 0.024106284313731723
    },
    "6": {
      "val_acc": 0.4732,
      "gpu_hours": 0.028049154149161443
    },
    "7": {
      "val_acc": 0.4835,
      "gpu_hours": 0.031961489319801334
    },
    "8": {
      "val_acc": 0.4981,
      "gpu_hours": 0.035914657711982725
    },
    "9": {
      "val_acc": 0.5164,
      "gpu_hours": 0.03984930766953362
    },
    "10": {
      "val_acc": 0.5247,
      "gpu_hours": 0.04378888540797764
    },
    "11": {
      "val_acc": 0.5571,
      "gpu_hours": 0.04773329814275106
    },
    "12": {
      "val_acc": 0.5579,
      "gpu_hours": 0.0516798409488466
    },
    "13": {
      "val_acc": 0.5712,
      "gpu_hours": 0.05561431143018934
    },
    "14": {
      "val_acc": 0.5771,
      "gpu_hours": 0.059538594749238755
    },
    "15": {
      "val_acc": 0.5942,
      "gpu_hours": 0.06347496767838796
    },
    "16": {
      "val_acc": 0.5927,
      "gpu_hours": 0.0674220958020952
    },
    "17": {
      "val_acc": 0.6247,
      "gpu_hours": 0.07135663085513645
    },
    "18": {
      "val_acc": 0.6174,
      "gpu_hours": 0.07529923114511702
    },
    "19": {
      "val_acc": 0.6292,
      "gpu_hours": 0.07923912200662825
    },
    "20": {
      "val_acc": 0.6378,
      "gpu_hours": 0.08318897849983639
    },
    "21": {
      "val_acc": 0.6401,
      "gpu_hours": 0.087136942214436
    },
    "22": {
      "val_acc": 0.6511,
      "gpu_hours": 0.09107105361090766
    },
    "23": {
      "val_acc": 0.6594,
      "gpu_hours": 0.09501850260628594
    },
    "24": {
      "val_acc": 0.6578,
      "gpu_hours": 0.0989411258035236
    },
    "25": {
      "val_acc": 0.663,
      "gpu_hours": 0.10286109930939144
    },
    "26": {
      "val_acc": 0.6645,
      "gpu_hours": 0.10677538825405969
    },
    "27": {
      "val_acc": 0.6646,
      "gpu_hours": 0.11070062359174093
    },
    "28": {
      "val_acc": 0.6652,
      "gpu_hours": 0.11463517725467681
    },
    "29": {
      "val_acc": 0.6654,
      "gpu_hours": 0.11858013643158807
    }
  }
}