{
  "trial_number": 97,
  "params": {
    "lr": 0.00011687626103826751,
    "weight_decay": 0.000345698717803127,
    "batch_size": 256,
    "dropout": 0.0009742487172321179,
    "optimizer": "Adam",
    "scheduler": "step",
    "model": "resnet18"
  },
  "best_val_acc": 0.5973,
  "total_gpu_hours": 0.11880885124206543,
  "slurm_task": 22,
  "parallel_workers": 40,
  "sampler": "random",
  "dataset": "cifar100",
  "device": "cuda",
  "accuracy_thresholds": {},
  "accuracy_curve": {
    "0": {
      "val_acc": 0.1675,
      "gpu_hours": 0.00441420919365353
    },
    "1": {
      "val_acc": 0.2371,
      "gpu_hours": 0.008350432316462198
    },
    "2": {
      "val_acc": 0.2835,
      "gpu_hours": 0.012293049030833773
    },
    "3": {
      "val_acc": 0.3361,
      "gpu_hours": 0.016224822534455192
    },
    "4": {
      "val_acc": 0.3685,
      "gpu_hours": 0.02017907891008589
    },
    "5": {
      "val_acc": 0.3765,
      "gpu_hours": 0.024119214018185932
    },
    "6": {
      "val_acc": 0.4154,
      "gpu_hours": 0.02806288566854265
    },
    "7": {
      "val_acc": 0.4184,
      "gpu_hours": 0.03201270262400309
    },
    "8": {
      "val_acc": 0.4542,
      "gpu_hours": 0.03596091892984178
    },
    "9": {
      "val_acc": 0.4604,
      "gpu_hours": 0.03989417433738709
    },
    "10": {
      "val_acc": 0.5063,
      "gpu_hours": 0.04381983008649614
    },
    "11": {
      "val_acc": 0.5103,
      "gpu_hours": 0.047755768365330166
    },
    "12": {
      "val_acc": 0.52,
      "gpu_hours": 0.0517078873846266
    },
    "13": {
      "val_acc": 0.5417,
      "gpu_hours": 0.055649506714608936
    },
    "14": {
      "val_acc": 0.5309,
      "gpu_hours": 0.059579193459616764
    },
    "15": {
      "val_acc": 0.5339,
      "gpu_hours": 0.06352481974495781
    },
    "16": {
      "val_acc": 0.5399,
      "gpu_hours": 0.06748019033008151
    },
    "17": {
      "val_acc": 0.5407,
      "gpu_hours": 0.07139965362019009
    },
    "18": {
      "val_acc": 0.5558,
      "gpu_hours": 0.07532620549201965
    },
    "19": {
      "val_acc": 0.5648,
      "gpu_hours": 0.07928291632069481
    },
    "20": {
      "val_acc": 0.5831,
      "gpu_hours": 0.08324198285738627
    },
    "21": {
      "val_acc": 0.5874,
      "gpu_hours": 0.08719637976752387
    },
    "22": {
      "val_acc": 0.5799,
      "gpu_hours": 0.09115621123048995
    },
    "23": {
      "val_acc": 0.5854,
      "gpu_hours": 0.09510560022460089
    },
    "24": {
      "val_acc": 0.587,
      "gpu_hours": 0.09905336962805854
    },
    "25": {
      "val_acc": 0.5935,
      "gpu_hours": 0.10299641244941288
    },
    "26": {
      "val_acc": 0.5973,
      "gpu_hours": 0.10695370448960198
    },
    "27": {
      "val_acc": 0.5934,
      "gpu_hours": 0.11089826338820988
    },
    "28": {
      "val_acc": 0.5909,
      "gpu_hours": 0.11485599398612976
    },
    "29": {
      "val_acc": 0.5931,
      "gpu_hours": 0.11880171471171909
    }
  }
}