{
  "trial_number": 112,
  "params": {
    "lr": 0.07700210971746231,
    "weight_decay": 1.7205739457035144e-06,
    "batch_size": 256,
    "dropout": 0.35380443059242667,
    "optimizer": "SGD",
    "scheduler": "step",
    "model": "efficientnet_b1",
    "momentum": 0.9602922329328787
  },
  "best_val_acc": 0.4543,
  "total_gpu_hours": 0.08367867999606662,
  "slurm_task": 7,
  "parallel_workers": 40,
  "sampler": "random",
  "dataset": "cifar100",
  "device": "cuda",
  "accuracy_thresholds": {},
  "accuracy_curve": {
    "0": {
      "val_acc": 0.0188,
      "gpu_hours": 0.0032954250441657174
    },
    "1": {
      "val_acc": 0.0457,
      "gpu_hours": 0.006090787980291578
    },
    "2": {
      "val_acc": 0.072,
      "gpu_hours": 0.008920541869269476
    },
    "3": {
      "val_acc": 0.0914,
      "gpu_hours": 0.011684251295195685
    },
    "4": {
      "val_acc": 0.1258,
      "gpu_hours": 0.014490458965301514
    },
    "5": {
      "val_acc": 0.1317,
      "gpu_hours": 0.017330716252326964
    },
    "6": {
      "val_acc": 0.1762,
      "gpu_hours": 0.02016500731309255
    },
    "7": {
      "val_acc": 0.2021,
      "gpu_hours": 0.022987336648835077
    },
    "8": {
      "val_acc": 0.2245,
      "gpu_hours": 0.02576109184159173
    },
    "9": {
      "val_acc": 0.2623,
      "gpu_hours": 0.028559249308374193
    },
    "10": {
      "val_acc": 0.2964,
      "gpu_hours": 0.031325262321366204
    },
    "11": {
      "val_acc": 0.3162,
      "gpu_hours": 0.034097135066986084
    },
    "12": {
      "val_acc": 0.3256,
      "gpu_hours": 0.036871571540832516
    },
    "13": {
      "val_acc": 0.3388,
      "gpu_hours": 0.03961413045724233
    },
    "14": {
      "val_acc": 0.3478,
      "gpu_hours": 0.04238986690839132
    },
    "15": {
      "val_acc": 0.3614,
      "gpu_hours": 0.04513215243816376
    },
    "16": {
      "val_acc": 0.3737,
      "gpu_hours": 0.04790522442923652
    },
    "17": {
      "val_acc": 0.3809,
      "gpu_hours": 0.05067155328061845
    },
    "18": {
      "val_acc": 0.3845,
      "gpu_hours": 0.05347268746958839
    },
    "19": {
      "val_acc": 0.3953,
      "gpu_hours": 0.056240097747908696
    },
    "20": {
      "val_acc": 0.4222,
      "gpu_hours": 0.05900589280658298
    },
    "21": {
      "val_acc": 0.4305,
      "gpu_hours": 0.06177764289908939
    },
    "22": {
      "val_acc": 0.4294,
      "gpu_hours": 0.06453786353270213
    },
    "23": {
      "val_acc": 0.4395,
      "gpu_hours": 0.06727840628888872
    },
    "24": {
      "val_acc": 0.4404,
      "gpu_hours": 0.07002069460021125
    },
    "25": {
      "val_acc": 0.4414,
      "gpu_hours": 0.07277426573965284
    },
    "26": {
      "val_acc": 0.4398,
      "gpu_hours": 0.07552969389491611
    },
    "27": {
      "val_acc": 0.4499,
      "gpu_hours": 0.07828240566783481
    },
    "28": {
      "val_acc": 0.4513,
      "gpu_hours": 0.08099051309956444
    },
    "29": {
      "val_acc": 0.4543,
      "gpu_hours": 0.08367180943489075
    }
  }
}