{
  "trial_number": 64,
  "params": {
    "lr": 0.00019025008523597758,
    "weight_decay": 0.0077023576366303395,
    "batch_size": 256,
    "dropout": 0.1427721177323994,
    "optimizer": "SGD",
    "scheduler": "plateau",
    "model": "efficientnet_b1",
    "momentum": 0.9872662005334826
  },
  "best_val_acc": 0.0129,
  "total_gpu_hours": 0.08319324652353922,
  "slurm_task": 13,
  "parallel_workers": 40,
  "sampler": "random",
  "dataset": "cifar100",
  "device": "cuda",
  "accuracy_thresholds": {},
  "accuracy_curve": {
    "0": {
      "val_acc": 0.0106,
      "gpu_hours": 0.003392258882522583
    },
    "1": {
      "val_acc": 0.0089,
      "gpu_hours": 0.006144349310133192
    },
    "2": {
      "val_acc": 0.0112,
      "gpu_hours": 0.008889241880840726
    },
    "3": {
      "val_acc": 0.0121,
      "gpu_hours": 0.011645401782459684
    },
    "4": {
      "val_acc": 0.0103,
      "gpu_hours": 0.014378260175387065
    },
    "5": {
      "val_acc": 0.0126,
      "gpu_hours": 0.017128386033905877
    },
    "6": {
      "val_acc": 0.0121,
      "gpu_hours": 0.01988251917892032
    },
    "7": {
      "val_acc": 0.012,
      "gpu_hours": 0.022619411746660868
    },
    "8": {
      "val_acc": 0.0128,
      "gpu_hours": 0.025358960231145224
    },
    "9": {
      "val_acc": 0.0126,
      "gpu_hours": 0.02810476667351193
    },
    "10": {
      "val_acc": 0.0115,
      "gpu_hours": 0.030865242613686457
    },
    "11": {
      "val_acc": 0.0102,
      "gpu_hours": 0.03360577947563595
    },
    "12": {
      "val_acc": 0.0118,
      "gpu_hours": 0.03636416594187419
    },
    "13": {
      "val_acc": 0.0116,
      "gpu_hours": 0.03911415716012319
    },
    "14": {
      "val_acc": 0.0116,
      "gpu_hours": 0.041861028207672964
    },
    "15": {
      "val_acc": 0.011,
      "gpu_hours": 0.04463296598858303
    },
    "16": {
      "val_acc": 0.0129,
      "gpu_hours": 0.047379683984650506
    },
    "17": {
      "val_acc": 0.01,
      "gpu_hours": 0.050127422412236534
    },
    "18": {
      "val_acc": 0.0109,
      "gpu_hours": 0.052886943684683906
    },
    "19": {
      "val_acc": 0.0105,
      "gpu_hours": 0.0556405899922053
    },
    "20": {
      "val_acc": 0.0114,
      "gpu_hours": 0.05840214318699307
    },
    "21": {
      "val_acc": 0.011,
      "gpu_hours": 0.06115799751546648
    },
    "22": {
      "val_acc": 0.0116,
      "gpu_hours": 0.0639160739713245
    },
    "23": {
      "val_acc": 0.0118,
      "gpu_hours": 0.06666389842828115
    },
    "24": {
      "val_acc": 0.0119,
      "gpu_hours": 0.0694196003013187
    },
    "25": {
      "val_acc": 0.0127,
      "gpu_hours": 0.07216273228327433
    },
    "26": {
      "val_acc": 0.0121,
      "gpu_hours": 0.07493362188339234
    },
    "27": {
      "val_acc": 0.0122,
      "gpu_hours": 0.07767848683728112
    },
    "28": {
      "val_acc": 0.0122,
      "gpu_hours": 0.08043193360169729
    },
    "29": {
      "val_acc": 0.0117,
      "gpu_hours": 0.08318381243281894
    }
  }
}