{
  "trial_number": 65,
  "params": {
    "lr": 0.034672664846602176,
    "weight_decay": 0.00017565566518203723,
    "batch_size": 256,
    "dropout": 0.2678748721365379,
    "optimizer": "SGD",
    "scheduler": "cosine",
    "model": "efficientnet_b1",
    "momentum": 0.970523965329855
  },
  "best_val_acc": 0.4906,
  "total_gpu_hours": 0.08302594780921936,
  "slurm_task": 11,
  "parallel_workers": 40,
  "sampler": "random",
  "dataset": "cifar100",
  "device": "cuda",
  "accuracy_thresholds": {},
  "accuracy_curve": {
    "0": {
      "val_acc": 0.0163,
      "gpu_hours": 0.0035558596584531997
    },
    "1": {
      "val_acc": 0.0206,
      "gpu_hours": 0.00629439181751675
    },
    "2": {
      "val_acc": 0.0471,
      "gpu_hours": 0.009032783442073398
    },
    "3": {
      "val_acc": 0.0732,
      "gpu_hours": 0.011760349008772108
    },
    "4": {
      "val_acc": 0.1149,
      "gpu_hours": 0.014504973888397216
    },
    "5": {
      "val_acc": 0.1396,
      "gpu_hours": 0.01723591771390703
    },
    "6": {
      "val_acc": 0.179,
      "gpu_hours": 0.019981490241156682
    },
    "7": {
      "val_acc": 0.2149,
      "gpu_hours": 0.02272910601562924
    },
    "8": {
      "val_acc": 0.2465,
      "gpu_hours": 0.025493911107381185
    },
    "9": {
      "val_acc": 0.2717,
      "gpu_hours": 0.028232029212845695
    },
    "10": {
      "val_acc": 0.2849,
      "gpu_hours": 0.030979270339012144
    },
    "11": {
      "val_acc": 0.3114,
      "gpu_hours": 0.03371344884236654
    },
    "12": {
      "val_acc": 0.3276,
      "gpu_hours": 0.036447151369518704
    },
    "13": {
      "val_acc": 0.3514,
      "gpu_hours": 0.03920079125298394
    },
    "14": {
      "val_acc": 0.363,
      "gpu_hours": 0.04195577237341139
    },
    "15": {
      "val_acc": 0.3903,
      "gpu_hours": 0.04469483183489906
    },
    "16": {
      "val_acc": 0.404,
      "gpu_hours": 0.04742139432165358
    },
    "17": {
      "val_acc": 0.4112,
      "gpu_hours": 0.050146856506665546
    },
    "18": {
      "val_acc": 0.4311,
      "gpu_hours": 0.052896210418807134
    },
    "19": {
      "val_acc": 0.4339,
      "gpu_hours": 0.055639499558342825
    },
    "20": {
      "val_acc": 0.4495,
      "gpu_hours": 0.05836249325010512
    },
    "21": {
      "val_acc": 0.4643,
      "gpu_hours": 0.061098909974098205
    },
    "22": {
      "val_acc": 0.4666,
      "gpu_hours": 0.06383986148569319
    },
    "23": {
      "val_acc": 0.4685,
      "gpu_hours": 0.06657435668839348
    },
    "24": {
      "val_acc": 0.4781,
      "gpu_hours": 0.06932344092263115
    },
    "25": {
      "val_acc": 0.4822,
      "gpu_hours": 0.07207923816310034
    },
    "26": {
      "val_acc": 0.488,
      "gpu_hours": 0.07481412483586206
    },
    "27": {
      "val_acc": 0.4895,
      "gpu_hours": 0.07755701979001363
    },
    "28": {
      "val_acc": 0.4906,
      "gpu_hours": 0.08028877238432566
    },
    "29": {
      "val_acc": 0.4906,
      "gpu_hours": 0.08301911618974474
    }
  }
}