{
  "trial_number": 6,
  "params": {
    "lr": 0.0013718150915872562,
    "weight_decay": 0.00018552082577006233,
    "batch_size": 64,
    "dropout": 0.15582549893769776,
    "optimizer": "AdamW",
    "scheduler": "step",
    "model": "resnet18"
  },
  "best_val_acc": 0.6917,
  "total_gpu_hours": 0.04648503283659617,
  "slurm_task": 22,
  "parallel_workers": 40,
  "sampler": "random",
  "dataset": "cifar100",
  "device": "cuda",
  "accuracy_thresholds": {},
  "accuracy_curve": {
    "0": {
      "val_acc": 0.1643,
      "gpu_hours": 0.002071713474061754
    },
    "1": {
      "val_acc": 0.28,
      "gpu_hours": 0.003619900014665392
    },
    "2": {
      "val_acc": 0.3616,
      "gpu_hours": 0.005131012664900886
    },
    "3": {
      "val_acc": 0.4108,
      "gpu_hours": 0.006661963396602207
    },
    "4": {
      "val_acc": 0.4441,
      "gpu_hours": 0.008183800710572137
    },
    "5": {
      "val_acc": 0.4749,
      "gpu_hours": 0.009717501799265544
    },
    "6": {
      "val_acc": 0.5204,
      "gpu_hours": 0.011246659888161554
    },
    "7": {
      "val_acc": 0.5512,
      "gpu_hours": 0.012807391617033217
    },
    "8": {
      "val_acc": 0.5722,
      "gpu_hours": 0.01433011081483629
    },
    "9": {
      "val_acc": 0.5871,
      "gpu_hours": 0.015845011737611558
    },
    "10": {
      "val_acc": 0.6367,
      "gpu_hours": 0.017370149426990084
    },
    "11": {
      "val_acc": 0.6434,
      "gpu_hours": 0.0189014771911833
    },
    "12": {
      "val_acc": 0.6572,
      "gpu_hours": 0.02044411467181312
    },
    "13": {
      "val_acc": 0.6597,
      "gpu_hours": 0.021977282365163168
    },
    "14": {
      "val_acc": 0.6587,
      "gpu_hours": 0.0235194820827908
    },
    "15": {
      "val_acc": 0.6666,
      "gpu_hours": 0.025044469369782343
    },
    "16": {
      "val_acc": 0.6694,
      "gpu_hours": 0.026608079605632357
    },
    "17": {
      "val_acc": 0.6758,
      "gpu_hours": 0.028128304150369432
    },
    "18": {
      "val_acc": 0.6746,
      "gpu_hours": 0.02964822298950619
    },
    "19": {
      "val_acc": 0.6701,
      "gpu_hours": 0.031174436145358614
    },
    "20": {
      "val_acc": 0.6862,
      "gpu_hours": 0.032683234877056544
    },
    "21": {
      "val_acc": 0.6874,
      "gpu_hours": 0.034204505284627276
    },
    "22": {
      "val_acc": 0.6859,
      "gpu_hours": 0.03573400636514028
    },
    "23": {
      "val_acc": 0.6892,
      "gpu_hours": 0.037251041134198505
    },
    "24": {
      "val_acc": 0.6872,
      "gpu_hours": 0.03879922032356262
    },
    "25": {
      "val_acc": 0.6859,
      "gpu_hours": 0.0403275023566352
    },
    "26": {
      "val_acc": 0.6901,
      "gpu_hours": 0.041870936817593046
    },
    "27": {
      "val_acc": 0.6888,
      "gpu_hours": 0.04341407967938317
    },
    "28": {
      "val_acc": 0.6917,
      "gpu_hours": 0.044926896293958025
    },
    "29": {
      "val_acc": 0.6911,
      "gpu_hours": 0.046478007237116495
    }
  }
}