{
  "trial_number": 43,
  "params": {
    "lr": 0.0011648160694772835,
    "weight_decay": 2.308848872463057e-05,
    "batch_size": 64,
    "dropout": 0.029744032862452974,
    "optimizer": "Adam",
    "scheduler": "cosine",
    "model": "resnet18"
  },
  "best_val_acc": 0.7159,
  "total_gpu_hours": 0.13431120965215895,
  "slurm_task": 39,
  "parallel_workers": 40,
  "sampler": "random",
  "dataset": "cifar100",
  "device": "cuda",
  "accuracy_thresholds": {},
  "accuracy_curve": {
    "0": {
      "val_acc": 0.1775,
      "gpu_hours": 0.005453075302971734
    },
    "1": {
      "val_acc": 0.233,
      "gpu_hours": 0.00989537364906735
    },
    "2": {
      "val_acc": 0.3426,
      "gpu_hours": 0.014340244332949321
    },
    "3": {
      "val_acc": 0.3897,
      "gpu_hours": 0.01878326223956214
    },
    "4": {
      "val_acc": 0.4188,
      "gpu_hours": 0.023226902816030716
    },
    "5": {
      "val_acc": 0.4416,
      "gpu_hours": 0.027676341864797803
    },
    "6": {
      "val_acc": 0.5082,
      "gpu_hours": 0.032108799748950534
    },
    "7": {
      "val_acc": 0.5279,
      "gpu_hours": 0.03654588447676765
    },
    "8": {
      "val_acc": 0.5661,
      "gpu_hours": 0.040988896091779074
    },
    "9": {
      "val_acc": 0.5832,
      "gpu_hours": 0.04547369082768758
    },
    "10": {
      "val_acc": 0.5982,
      "gpu_hours": 0.04992465800709195
    },
    "11": {
      "val_acc": 0.6183,
      "gpu_hours": 0.05437109198835161
    },
    "12": {
      "val_acc": 0.6278,
      "gpu_hours": 0.058814358115196225
    },
    "13": {
      "val_acc": 0.6461,
      "gpu_hours": 0.0632571315103107
    },
    "14": {
      "val_acc": 0.6499,
      "gpu_hours": 0.06770983245637682
    },
    "15": {
      "val_acc": 0.6665,
      "gpu_hours": 0.07215322097142537
    },
    "16": {
      "val_acc": 0.6676,
      "gpu_hours": 0.07660282015800476
    },
    "17": {
      "val_acc": 0.6891,
      "gpu_hours": 0.08103103260199229
    },
    "18": {
      "val_acc": 0.6872,
      "gpu_hours": 0.08546801937950982
    },
    "19": {
      "val_acc": 0.6933,
      "gpu_hours": 0.08991110344727835
    },
    "20": {
      "val_acc": 0.6939,
      "gpu_hours": 0.09433693355984157
    },
    "21": {
      "val_acc": 0.7019,
      "gpu_hours": 0.09877748456266192
    },
    "22": {
      "val_acc": 0.7019,
      "gpu_hours": 0.10322192894087898
    },
    "23": {
      "val_acc": 0.7123,
      "gpu_hours": 0.10766035523679521
    },
    "24": {
      "val_acc": 0.7097,
      "gpu_hours": 0.11210195514890883
    },
    "25": {
      "val_acc": 0.7088,
      "gpu_hours": 0.1165404878060023
    },
    "26": {
      "val_acc": 0.7124,
      "gpu_hours": 0.12098045733239915
    },
    "27": {
      "val_acc": 0.7153,
      "gpu_hours": 0.1254233581489987
    },
    "28": {
      "val_acc": 0.7159,
      "gpu_hours": 0.1298620500167211
    },
    "29": {
      "val_acc": 0.7148,
      "gpu_hours": 0.13430479254987504
    }
  }
}