{
  "trial_number": 55,
  "params": {
    "lr": 0.0001394901953554011,
    "weight_decay": 0.0005294830421905366,
    "batch_size": 256,
    "dropout": 0.22200991210964466,
    "optimizer": "SGD",
    "scheduler": "plateau",
    "model": "resnet18",
    "momentum": 0.855631679635897
  },
  "best_val_acc": 0.0219,
  "total_gpu_hours": 0.11772445817788442,
  "slurm_task": 36,
  "parallel_workers": 40,
  "sampler": "random",
  "dataset": "cifar100",
  "device": "cuda",
  "accuracy_thresholds": {},
  "accuracy_curve": {
    "0": {
      "val_acc": 0.0097,
      "gpu_hours": 0.004538506666819255
    },
    "1": {
      "val_acc": 0.0099,
      "gpu_hours": 0.008440632157855564
    },
    "2": {
      "val_acc": 0.0169,
      "gpu_hours": 0.012341604166560704
    },
    "3": {
      "val_acc": 0.0193,
      "gpu_hours": 0.016225349307060242
    },
    "4": {
      "val_acc": 0.0204,
      "gpu_hours": 0.020157999065187244
    },
    "5": {
      "val_acc": 0.021,
      "gpu_hours": 0.02405822005536821
    },
    "6": {
      "val_acc": 0.0209,
      "gpu_hours": 0.027955899834632873
    },
    "7": {
      "val_acc": 0.0213,
      "gpu_hours": 0.03184196359581418
    },
    "8": {
      "val_acc": 0.0214,
      "gpu_hours": 0.03574442923069
    },
    "9": {
      "val_acc": 0.0212,
      "gpu_hours": 0.03964183681541019
    },
    "10": {
      "val_acc": 0.0217,
      "gpu_hours": 0.043539637327194215
    },
    "11": {
      "val_acc": 0.0217,
      "gpu_hours": 0.047440337008900116
    },
    "12": {
      "val_acc": 0.0216,
      "gpu_hours": 0.051348629461394416
    },
    "13": {
      "val_acc": 0.0219,
      "gpu_hours": 0.055260817805926
    },
    "14": {
      "val_acc": 0.0215,
      "gpu_hours": 0.059160394867261254
    },
    "15": {
      "val_acc": 0.0213,
      "gpu_hours": 0.06306013418568505
    },
    "16": {
      "val_acc": 0.0211,
      "gpu_hours": 0.06697547680801816
    },
    "17": {
      "val_acc": 0.0211,
      "gpu_hours": 0.07087116029527452
    },
    "18": {
      "val_acc": 0.0211,
      "gpu_hours": 0.07476938042375776
    },
    "19": {
      "val_acc": 0.0213,
      "gpu_hours": 0.07865754610962337
    },
    "20": {
      "val_acc": 0.0215,
      "gpu_hours": 0.08256564756234487
    },
    "21": {
      "val_acc": 0.0214,
      "gpu_hours": 0.08647631141874525
    },
    "22": {
      "val_acc": 0.0212,
      "gpu_hours": 0.09037091255187989
    },
    "23": {
      "val_acc": 0.0212,
      "gpu_hours": 0.09427705499860975
    },
    "24": {
      "val_acc": 0.0214,
      "gpu_hours": 0.09817824224630992
    },
    "25": {
      "val_acc": 0.021,
      "gpu_hours": 0.1020992726749844
    },
    "26": {
      "val_acc": 0.0209,
      "gpu_hours": 0.10600907312499153
    },
    "27": {
      "val_acc": 0.0213,
      "gpu_hours": 0.10991181539164649
    },
    "28": {
      "val_acc": 0.0207,
      "gpu_hours": 0.11381751543945737
    },
    "29": {
      "val_acc": 0.0214,
      "gpu_hours": 0.11771780947844188
    }
  }
}