{
  "trial_number": 51,
  "params": {
    "lr": 0.029744620187499505,
    "weight_decay": 5.313723229263038e-06,
    "batch_size": 256,
    "dropout": 0.0017727734048654242,
    "optimizer": "SGD",
    "scheduler": "plateau",
    "model": "efficientnet_b1",
    "momentum": 0.9268181118955416
  },
  "best_val_acc": 0.0757,
  "total_gpu_hours": 0.08327638003561232,
  "slurm_task": 19,
  "parallel_workers": 40,
  "sampler": "random",
  "dataset": "cifar100",
  "device": "cuda",
  "accuracy_thresholds": {},
  "accuracy_curve": {
    "0": {
      "val_acc": 0.0114,
      "gpu_hours": 0.00340071698029836
    },
    "1": {
      "val_acc": 0.0115,
      "gpu_hours": 0.0061466283930672536
    },
    "2": {
      "val_acc": 0.0153,
      "gpu_hours": 0.008894081115722657
    },
    "3": {
      "val_acc": 0.0315,
      "gpu_hours": 0.011633872654702929
    },
    "4": {
      "val_acc": 0.039,
      "gpu_hours": 0.014376912580596077
    },
    "5": {
      "val_acc": 0.0553,
      "gpu_hours": 0.017119454476568433
    },
    "6": {
      "val_acc": 0.0611,
      "gpu_hours": 0.019880319039026897
    },
    "7": {
      "val_acc": 0.065,
      "gpu_hours": 0.022630862924787734
    },
    "8": {
      "val_acc": 0.0716,
      "gpu_hours": 0.02536765734354655
    },
    "9": {
      "val_acc": 0.0729,
      "gpu_hours": 0.028115962081485323
    },
    "10": {
      "val_acc": 0.0716,
      "gpu_hours": 0.03085483729839325
    },
    "11": {
      "val_acc": 0.0749,
      "gpu_hours": 0.03361722389856974
    },
    "12": {
      "val_acc": 0.0747,
      "gpu_hours": 0.03638420210944282
    },
    "13": {
      "val_acc": 0.0739,
      "gpu_hours": 0.039150183664427865
    },
    "14": {
      "val_acc": 0.0755,
      "gpu_hours": 0.041896972788704766
    },
    "15": {
      "val_acc": 0.0741,
      "gpu_hours": 0.044666403002209136
    },
    "16": {
      "val_acc": 0.075,
      "gpu_hours": 0.04743288391166263
    },
    "17": {
      "val_acc": 0.0757,
      "gpu_hours": 0.0501775402492947
    },
    "18": {
      "val_acc": 0.0754,
      "gpu_hours": 0.05291645937495761
    },
    "19": {
      "val_acc": 0.0736,
      "gpu_hours": 0.05568575527932909
    },
    "20": {
      "val_acc": 0.0741,
      "gpu_hours": 0.05844330019421048
    },
    "21": {
      "val_acc": 0.0746,
      "gpu_hours": 0.06121303743786282
    },
    "22": {
      "val_acc": 0.0746,
      "gpu_hours": 0.06397560199101766
    },
    "23": {
      "val_acc": 0.0745,
      "gpu_hours": 0.06673506538073222
    },
    "24": {
      "val_acc": 0.074,
      "gpu_hours": 0.06949518918991089
    },
    "25": {
      "val_acc": 0.074,
      "gpu_hours": 0.07223826262685988
    },
    "26": {
      "val_acc": 0.0749,
      "gpu_hours": 0.07499679187933604
    },
    "27": {
      "val_acc": 0.0755,
      "gpu_hours": 0.07775021188788944
    },
    "28": {
      "val_acc": 0.0754,
      "gpu_hours": 0.080513460305002
    },
    "29": {
      "val_acc": 0.074,
      "gpu_hours": 0.08326936470137702
    }
  }
}