{
  "trial_number": 44,
  "params": {
    "lr": 0.0005470435614760994,
    "weight_decay": 0.006522087595181223,
    "batch_size": 64,
    "dropout": 0.18581432232320727,
    "optimizer": "AdamW",
    "scheduler": "cosine",
    "model": "resnet34"
  },
  "best_val_acc": 0.7074,
  "total_gpu_hours": 0.06948903666602241,
  "slurm_task": 29,
  "parallel_workers": 40,
  "sampler": "random",
  "dataset": "cifar100",
  "device": "cuda",
  "accuracy_thresholds": {},
  "accuracy_curve": {
    "0": {
      "val_acc": 0.1705,
      "gpu_hours": 0.0026881672276390925
    },
    "1": {
      "val_acc": 0.2857,
      "gpu_hours": 0.004988811413447062
    },
    "2": {
      "val_acc": 0.3591,
      "gpu_hours": 0.00730083790090349
    },
    "3": {
      "val_acc": 0.4182,
      "gpu_hours": 0.009612536430358887
    },
    "4": {
      "val_acc": 0.482,
      "gpu_hours": 0.011918798751301236
    },
    "5": {
      "val_acc": 0.4987,
      "gpu_hours": 0.014237801101472642
    },
    "6": {
      "val_acc": 0.5305,
      "gpu_hours": 0.016547639634874132
    },
    "7": {
      "val_acc": 0.5551,
      "gpu_hours": 0.018869457774692112
    },
    "8": {
      "val_acc": 0.5797,
      "gpu_hours": 0.021198483109474184
    },
    "9": {
      "val_acc": 0.5956,
      "gpu_hours": 0.023515895538859896
    },
    "10": {
      "val_acc": 0.6091,
      "gpu_hours": 0.025837456583976747
    },
    "11": {
      "val_acc": 0.6161,
      "gpu_hours": 0.028162465559111702
    },
    "12": {
      "val_acc": 0.6427,
      "gpu_hours": 0.030478191905551486
    },
    "13": {
      "val_acc": 0.6478,
      "gpu_hours": 0.032799803614616395
    },
    "14": {
      "val_acc": 0.648,
      "gpu_hours": 0.035118629005220205
    },
    "15": {
      "val_acc": 0.658,
      "gpu_hours": 0.037436981995900474
    },
    "16": {
      "val_acc": 0.6699,
      "gpu_hours": 0.039754982060856286
    },
    "17": {
      "val_acc": 0.677,
      "gpu_hours": 0.04206812693013085
    },
    "18": {
      "val_acc": 0.6798,
      "gpu_hours": 0.04438455839951833
    },
    "19": {
      "val_acc": 0.6902,
      "gpu_hours": 0.046702458063761394
    },
    "20": {
      "val_acc": 0.6935,
      "gpu_hours": 0.049019788967238534
    },
    "21": {
      "val_acc": 0.6949,
      "gpu_hours": 0.05131399154663086
    },
    "22": {
      "val_acc": 0.6997,
      "gpu_hours": 0.053579952319463095
    },
    "23": {
      "val_acc": 0.7035,
      "gpu_hours": 0.055849209560288327
    },
    "24": {
      "val_acc": 0.7016,
      "gpu_hours": 0.058127180337905884
    },
    "25": {
      "val_acc": 0.7058,
      "gpu_hours": 0.06040317230754429
    },
    "26": {
      "val_acc": 0.7035,
      "gpu_hours": 0.06267375495698717
    },
    "27": {
      "val_acc": 0.7058,
      "gpu_hours": 0.0649443578057819
    },
    "28": {
      "val_acc": 0.7074,
      "gpu_hours": 0.0672123443418079
    },
    "29": {
      "val_acc": 0.7073,
      "gpu_hours": 0.06948255035612318
    }
  }
}