{
  "trial_number": 11,
  "params": {
    "lr": 0.034672664846602176,
    "weight_decay": 0.00017565566518203723,
    "batch_size": 256,
    "dropout": 0.2678748721365379,
    "optimizer": "SGD",
    "scheduler": "cosine",
    "model": "efficientnet_b1",
    "momentum": 0.970523965329855
  },
  "best_val_acc": 0.4923,
  "total_gpu_hours": 0.043387668132781984,
  "slurm_task": 11,
  "parallel_workers": 40,
  "sampler": "random",
  "dataset": "cifar100",
  "device": "cuda",
  "accuracy_thresholds": {},
  "accuracy_curve": {
    "0": {
      "val_acc": 0.0145,
      "gpu_hours": 0.002082366148630778
    },
    "1": {
      "val_acc": 0.0285,
      "gpu_hours": 0.003493297431204054
    },
    "2": {
      "val_acc": 0.0599,
      "gpu_hours": 0.004916732907295227
    },
    "3": {
      "val_acc": 0.102,
      "gpu_hours": 0.006328712701797485
    },
    "4": {
      "val_acc": 0.1281,
      "gpu_hours": 0.007753835188017951
    },
    "5": {
      "val_acc": 0.162,
      "gpu_hours": 0.009172140624788072
    },
    "6": {
      "val_acc": 0.2028,
      "gpu_hours": 0.010631195969051785
    },
    "7": {
      "val_acc": 0.228,
      "gpu_hours": 0.012061071925693088
    },
    "8": {
      "val_acc": 0.2631,
      "gpu_hours": 0.013494256006346808
    },
    "9": {
      "val_acc": 0.2775,
      "gpu_hours": 0.014932250248061286
    },
    "10": {
      "val_acc": 0.3147,
      "gpu_hours": 0.016351937188042533
    },
    "11": {
      "val_acc": 0.3351,
      "gpu_hours": 0.017787124315897625
    },
    "12": {
      "val_acc": 0.3589,
      "gpu_hours": 0.01922428607940674
    },
    "13": {
      "val_acc": 0.376,
      "gpu_hours": 0.02066406700346205
    },
    "14": {
      "val_acc": 0.3928,
      "gpu_hours": 0.022069080670674642
    },
    "15": {
      "val_acc": 0.4036,
      "gpu_hours": 0.023513561950789557
    },
    "16": {
      "val_acc": 0.4161,
      "gpu_hours": 0.0249167052242491
    },
    "17": {
      "val_acc": 0.435,
      "gpu_hours": 0.02635749035411411
    },
    "18": {
      "val_acc": 0.445,
      "gpu_hours": 0.027765385574764677
    },
    "19": {
      "val_acc": 0.4503,
      "gpu_hours": 0.029180302951070998
    },
    "20": {
      "val_acc": 0.453,
      "gpu_hours": 0.0305869150824017
    },
    "21": {
      "val_acc": 0.4637,
      "gpu_hours": 0.03198749085267385
    },
    "22": {
      "val_acc": 0.4718,
      "gpu_hours": 0.03339505434036255
    },
    "23": {
      "val_acc": 0.4787,
      "gpu_hours": 0.03481571118036906
    },
    "24": {
      "val_acc": 0.4813,
      "gpu_hours": 0.03626088162263234
    },
    "25": {
      "val_acc": 0.4878,
      "gpu_hours": 0.0376790048678716
    },
    "26": {
      "val_acc": 0.4894,
      "gpu_hours": 0.039099851780467564
    },
    "27": {
      "val_acc": 0.4921,
      "gpu_hours": 0.04051801237795088
    },
    "28": {
      "val_acc": 0.4902,
      "gpu_hours": 0.0419535082578659
    },
    "29": {
      "val_acc": 0.4923,
      "gpu_hours": 0.04337688108285268
    }
  }
}