{
  "trial_number": 83,
  "params": {
    "lr": 0.0005470435614760994,
    "weight_decay": 0.006522087595181223,
    "batch_size": 64,
    "dropout": 0.18581432232320727,
    "optimizer": "AdamW",
    "scheduler": "cosine",
    "model": "resnet34"
  },
  "best_val_acc": 0.7092,
  "total_gpu_hours": 0.2338609411319097,
  "slurm_task": 29,
  "parallel_workers": 40,
  "sampler": "random",
  "dataset": "cifar100",
  "device": "cuda",
  "accuracy_thresholds": {},
  "accuracy_curve": {
    "0": {
      "val_acc": 0.1705,
      "gpu_hours": 0.00831248786714342
    },
    "1": {
      "val_acc": 0.2634,
      "gpu_hours": 0.016104553275638155
    },
    "2": {
      "val_acc": 0.3878,
      "gpu_hours": 0.02389254907766978
    },
    "3": {
      "val_acc": 0.4177,
      "gpu_hours": 0.03167450328667958
    },
    "4": {
      "val_acc": 0.4851,
      "gpu_hours": 0.0394619721836514
    },
    "5": {
      "val_acc": 0.5059,
      "gpu_hours": 0.047255202664269344
    },
    "6": {
      "val_acc": 0.529,
      "gpu_hours": 0.05503977616628011
    },
    "7": {
      "val_acc": 0.5573,
      "gpu_hours": 0.06283026284641689
    },
    "8": {
      "val_acc": 0.5817,
      "gpu_hours": 0.070622059835328
    },
    "9": {
      "val_acc": 0.597,
      "gpu_hours": 0.07841870903968812
    },
    "10": {
      "val_acc": 0.6144,
      "gpu_hours": 0.08620384971300761
    },
    "11": {
      "val_acc": 0.6227,
      "gpu_hours": 0.09397079772419399
    },
    "12": {
      "val_acc": 0.6471,
      "gpu_hours": 0.10173918869760301
    },
    "13": {
      "val_acc": 0.647,
      "gpu_hours": 0.10951431863837773
    },
    "14": {
      "val_acc": 0.6646,
      "gpu_hours": 0.11728464742501576
    },
    "15": {
      "val_acc": 0.6704,
      "gpu_hours": 0.12505400240421294
    },
    "16": {
      "val_acc": 0.6744,
      "gpu_hours": 0.13282711346944173
    },
    "17": {
      "val_acc": 0.6801,
      "gpu_hours": 0.14060492581791348
    },
    "18": {
      "val_acc": 0.6901,
      "gpu_hours": 0.1483761911922031
    },
    "19": {
      "val_acc": 0.6952,
      "gpu_hours": 0.1561460581752989
    },
    "20": {
      "val_acc": 0.7023,
      "gpu_hours": 0.16391709446907043
    },
    "21": {
      "val_acc": 0.7028,
      "gpu_hours": 0.1716941343413459
    },
    "22": {
      "val_acc": 0.7021,
      "gpu_hours": 0.17945964674154918
    },
    "23": {
      "val_acc": 0.7055,
      "gpu_hours": 0.18722033785449135
    },
    "24": {
      "val_acc": 0.7077,
      "gpu_hours": 0.19499599754810334
    },
    "25": {
      "val_acc": 0.7092,
      "gpu_hours": 0.20277331782711877
    },
    "26": {
      "val_acc": 0.7089,
      "gpu_hours": 0.21054248637623257
    },
    "27": {
      "val_acc": 0.7078,
      "gpu_hours": 0.21830871409840055
    },
    "28": {
      "val_acc": 0.7079,
      "gpu_hours": 0.226078130669064
    },
    "29": {
      "val_acc": 0.709,
      "gpu_hours": 0.23385446508725485
    }
  }
}