{
  "trial_number": 36,
  "params": {
    "lr": 0.08472468199848683,
    "weight_decay": 0.0004923477941754626,
    "batch_size": 256,
    "dropout": 0.056230447897997304,
    "optimizer": "Adam",
    "scheduler": "step",
    "model": "resnet18"
  },
  "best_val_acc": 0.0954,
  "total_gpu_hours": 0.03564676562945048,
  "slurm_task": 3,
  "parallel_workers": 40,
  "sampler": "random",
  "dataset": "cifar100",
  "device": "cuda",
  "accuracy_thresholds": {},
  "accuracy_curve": {
    "0": {
      "val_acc": 0.0344,
      "gpu_hours": 0.0014946193165249295
    },
    "1": {
      "val_acc": 0.0249,
      "gpu_hours": 0.0026768329408433703
    },
    "2": {
      "val_acc": 0.0111,
      "gpu_hours": 0.0038485571410920884
    },
    "3": {
      "val_acc": 0.0225,
      "gpu_hours": 0.005019540852970547
    },
    "4": {
      "val_acc": 0.0432,
      "gpu_hours": 0.00619854556189643
    },
    "5": {
      "val_acc": 0.0311,
      "gpu_hours": 0.007382695542441474
    },
    "6": {
      "val_acc": 0.0432,
      "gpu_hours": 0.008569673233562046
    },
    "7": {
      "val_acc": 0.0349,
      "gpu_hours": 0.009757474064826965
    },
    "8": {
      "val_acc": 0.0168,
      "gpu_hours": 0.010924668444527521
    },
    "9": {
      "val_acc": 0.053,
      "gpu_hours": 0.012102640006277296
    },
    "10": {
      "val_acc": 0.0218,
      "gpu_hours": 0.013282791243659126
    },
    "11": {
      "val_acc": 0.06,
      "gpu_hours": 0.014460069404708014
    },
    "12": {
      "val_acc": 0.0713,
      "gpu_hours": 0.01563598526848687
    },
    "13": {
      "val_acc": 0.0517,
      "gpu_hours": 0.016807924972640144
    },
    "14": {
      "val_acc": 0.0373,
      "gpu_hours": 0.017981309824519686
    },
    "15": {
      "val_acc": 0.0517,
      "gpu_hours": 0.019161224563916526
    },
    "16": {
      "val_acc": 0.0504,
      "gpu_hours": 0.020354638033443027
    },
    "17": {
      "val_acc": 0.0499,
      "gpu_hours": 0.02152471661567688
    },
    "18": {
      "val_acc": 0.056,
      "gpu_hours": 0.022704929378297593
    },
    "19": {
      "val_acc": 0.058,
      "gpu_hours": 0.023881794876522488
    },
    "20": {
      "val_acc": 0.092,
      "gpu_hours": 0.02506111052301195
    },
    "21": {
      "val_acc": 0.0831,
      "gpu_hours": 0.026243391633033752
    },
    "22": {
      "val_acc": 0.0698,
      "gpu_hours": 0.027418134013811747
    },
    "23": {
      "val_acc": 0.0954,
      "gpu_hours": 0.028588872949282328
    },
    "24": {
      "val_acc": 0.0535,
      "gpu_hours": 0.029770739210976494
    },
    "25": {
      "val_acc": 0.0786,
      "gpu_hours": 0.030940098497602674
    },
    "26": {
      "val_acc": 0.0716,
      "gpu_hours": 0.03211945116519928
    },
    "27": {
      "val_acc": 0.0545,
      "gpu_hours": 0.033286703096495736
    },
    "28": {
      "val_acc": 0.0413,
      "gpu_hours": 0.03445436464415656
    },
    "29": {
      "val_acc": 0.0635,
      "gpu_hours": 0.03563353889518314
    }
  }
}