{
  "trial_number": 89,
  "params": {
    "lr": 0.0059110903757799305,
    "weight_decay": 4.737095832930085e-06,
    "batch_size": 256,
    "dropout": 0.2649556882477569,
    "optimizer": "SGD",
    "scheduler": "cosine",
    "model": "efficientnet_b1",
    "momentum": 0.9361474513780133
  },
  "best_val_acc": 0.0141,
  "total_gpu_hours": 0.08348747505082024,
  "slurm_task": 26,
  "parallel_workers": 40,
  "sampler": "random",
  "dataset": "cifar100",
  "device": "cuda",
  "accuracy_thresholds": {},
  "accuracy_curve": {
    "0": {
      "val_acc": 0.0115,
      "gpu_hours": 0.0032659632629818388
    },
    "1": {
      "val_acc": 0.0125,
      "gpu_hours": 0.0060445944468180334
    },
    "2": {
      "val_acc": 0.0129,
      "gpu_hours": 0.008799948692321778
    },
    "3": {
      "val_acc": 0.0099,
      "gpu_hours": 0.011577394935819838
    },
    "4": {
      "val_acc": 0.0124,
      "gpu_hours": 0.01435266375541687
    },
    "5": {
      "val_acc": 0.0106,
      "gpu_hours": 0.017100667026307848
    },
    "6": {
      "val_acc": 0.0123,
      "gpu_hours": 0.019871049523353577
    },
    "7": {
      "val_acc": 0.0125,
      "gpu_hours": 0.022645739052030774
    },
    "8": {
      "val_acc": 0.0113,
      "gpu_hours": 0.025412339833047654
    },
    "9": {
      "val_acc": 0.0132,
      "gpu_hours": 0.028182500931951734
    },
    "10": {
      "val_acc": 0.012,
      "gpu_hours": 0.030950787862141928
    },
    "11": {
      "val_acc": 0.0111,
      "gpu_hours": 0.03371571938196818
    },
    "12": {
      "val_acc": 0.0118,
      "gpu_hours": 0.03648109429412418
    },
    "13": {
      "val_acc": 0.0123,
      "gpu_hours": 0.03925111121601529
    },
    "14": {
      "val_acc": 0.0123,
      "gpu_hours": 0.0420188010401196
    },
    "15": {
      "val_acc": 0.0138,
      "gpu_hours": 0.04477661848068237
    },
    "16": {
      "val_acc": 0.0106,
      "gpu_hours": 0.0475462990336948
    },
    "17": {
      "val_acc": 0.0141,
      "gpu_hours": 0.05030102656947242
    },
    "18": {
      "val_acc": 0.0124,
      "gpu_hours": 0.05306319309605492
    },
    "19": {
      "val_acc": 0.012,
      "gpu_hours": 0.05582143916024102
    },
    "20": {
      "val_acc": 0.0119,
      "gpu_hours": 0.05858852744102478
    },
    "21": {
      "val_acc": 0.0125,
      "gpu_hours": 0.061348824699719744
    },
    "22": {
      "val_acc": 0.0118,
      "gpu_hours": 0.06410603966977861
    },
    "23": {
      "val_acc": 0.0134,
      "gpu_hours": 0.06686779035462273
    },
    "24": {
      "val_acc": 0.0132,
      "gpu_hours": 0.06962171230051252
    },
    "25": {
      "val_acc": 0.0101,
      "gpu_hours": 0.07239620963732402
    },
    "26": {
      "val_acc": 0.0119,
      "gpu_hours": 0.07517986430062187
    },
    "27": {
      "val_acc": 0.0129,
      "gpu_hours": 0.0779433654414283
    },
    "28": {
      "val_acc": 0.0108,
      "gpu_hours": 0.08070223987102508
    },
    "29": {
      "val_acc": 0.0121,
      "gpu_hours": 0.08348111192385356
    }
  }
}