{
  "trial_number": 61,
  "params": {
    "lr": 0.004115476988019712,
    "weight_decay": 1.8968595252326444e-06,
    "batch_size": 128,
    "dropout": 0.038282756830497755,
    "optimizer": "Adam",
    "scheduler": "plateau",
    "model": "efficientnet_b1"
  },
  "best_val_acc": 0.1234,
  "total_gpu_hours": 0.12095529384083219,
  "slurm_task": 40,
  "parallel_workers": 40,
  "sampler": "random",
  "dataset": "cifar100",
  "device": "cuda",
  "accuracy_thresholds": {},
  "accuracy_curve": {
    "0": {
      "val_acc": 0.0225,
      "gpu_hours": 0.004531971083747016
    },
    "1": {
      "val_acc": 0.0327,
      "gpu_hours": 0.008568180269665188
    },
    "2": {
      "val_acc": 0.0515,
      "gpu_hours": 0.012604229383998447
    },
    "3": {
      "val_acc": 0.0569,
      "gpu_hours": 0.0166395988729265
    },
    "4": {
      "val_acc": 0.0644,
      "gpu_hours": 0.02066960182454851
    },
    "5": {
      "val_acc": 0.0923,
      "gpu_hours": 0.024694984290334912
    },
    "6": {
      "val_acc": 0.1016,
      "gpu_hours": 0.028717450433307225
    },
    "7": {
      "val_acc": 0.1078,
      "gpu_hours": 0.032748669783274335
    },
    "8": {
      "val_acc": 0.1141,
      "gpu_hours": 0.03676938825183444
    },
    "9": {
      "val_acc": 0.1166,
      "gpu_hours": 0.040789253181881376
    },
    "10": {
      "val_acc": 0.1165,
      "gpu_hours": 0.04481657776567671
    },
    "11": {
      "val_acc": 0.1187,
      "gpu_hours": 0.04882852349016401
    },
    "12": {
      "val_acc": 0.1213,
      "gpu_hours": 0.052838088009092544
    },
    "13": {
      "val_acc": 0.1199,
      "gpu_hours": 0.05683993544843462
    },
    "14": {
      "val_acc": 0.122,
      "gpu_hours": 0.06085053695572747
    },
    "15": {
      "val_acc": 0.119,
      "gpu_hours": 0.06484472003248003
    },
    "16": {
      "val_acc": 0.1211,
      "gpu_hours": 0.06885390294922723
    },
    "17": {
      "val_acc": 0.1194,
      "gpu_hours": 0.0728533446126514
    },
    "18": {
      "val_acc": 0.1195,
      "gpu_hours": 0.07688618772559695
    },
    "19": {
      "val_acc": 0.1216,
      "gpu_hours": 0.08088681101799011
    },
    "20": {
      "val_acc": 0.1193,
      "gpu_hours": 0.08488715529441833
    },
    "21": {
      "val_acc": 0.121,
      "gpu_hours": 0.08890078849262661
    },
    "22": {
      "val_acc": 0.1205,
      "gpu_hours": 0.09290708992216322
    },
    "23": {
      "val_acc": 0.1185,
      "gpu_hours": 0.09690409481525421
    },
    "24": {
      "val_acc": 0.121,
      "gpu_hours": 0.10090564893351661
    },
    "25": {
      "val_acc": 0.1217,
      "gpu_hours": 0.1049154676993688
    },
    "26": {
      "val_acc": 0.1216,
      "gpu_hours": 0.10893496308061812
    },
    "27": {
      "val_acc": 0.1234,
      "gpu_hours": 0.11294026613235474
    },
    "28": {
      "val_acc": 0.1212,
      "gpu_hours": 0.11694162521097395
    },
    "29": {
      "val_acc": 0.1183,
      "gpu_hours": 0.12094897369543711
    }
  }
}