{
  "trial_number": 26,
  "params": {
    "lr": 0.06059567335863839,
    "weight_decay": 0.003088198286308928,
    "batch_size": 128,
    "dropout": 0.07400405046489184,
    "optimizer": "SGD",
    "scheduler": "cosine",
    "model": "efficientnet_b1",
    "momentum": 0.8351707837590983
  },
  "best_val_acc": 0.2379,
  "total_gpu_hours": 0.06783004562060038,
  "slurm_task": 28,
  "parallel_workers": 40,
  "sampler": "random",
  "dataset": "cifar100",
  "device": "cuda",
  "accuracy_thresholds": {},
  "accuracy_curve": {
    "0": {
      "val_acc": 0.0374,
      "gpu_hours": 0.0030477333731121488
    },
    "1": {
      "val_acc": 0.0725,
      "gpu_hours": 0.005281111001968384
    },
    "2": {
      "val_acc": 0.127,
      "gpu_hours": 0.007512358360820346
    },
    "3": {
      "val_acc": 0.1402,
      "gpu_hours": 0.009741594990094502
    },
    "4": {
      "val_acc": 0.1575,
      "gpu_hours": 0.01198097288608551
    },
    "5": {
      "val_acc": 0.1413,
      "gpu_hours": 0.01422881113158332
    },
    "6": {
      "val_acc": 0.1579,
      "gpu_hours": 0.01646041817135281
    },
    "7": {
      "val_acc": 0.1403,
      "gpu_hours": 0.018690551850530836
    },
    "8": {
      "val_acc": 0.1408,
      "gpu_hours": 0.020927666889296637
    },
    "9": {
      "val_acc": 0.1543,
      "gpu_hours": 0.02316140095392863
    },
    "10": {
      "val_acc": 0.1486,
      "gpu_hours": 0.025388880438274808
    },
    "11": {
      "val_acc": 0.1712,
      "gpu_hours": 0.027620161175727843
    },
    "12": {
      "val_acc": 0.1738,
      "gpu_hours": 0.02985458254814148
    },
    "13": {
      "val_acc": 0.1733,
      "gpu_hours": 0.03209005455176035
    },
    "14": {
      "val_acc": 0.1691,
      "gpu_hours": 0.03432116972075568
    },
    "15": {
      "val_acc": 0.1868,
      "gpu_hours": 0.03655688550737169
    },
    "16": {
      "val_acc": 0.1772,
      "gpu_hours": 0.038786927660306295
    },
    "17": {
      "val_acc": 0.1945,
      "gpu_hours": 0.041019858519236244
    },
    "18": {
      "val_acc": 0.1952,
      "gpu_hours": 0.043257677025265166
    },
    "19": {
      "val_acc": 0.1967,
      "gpu_hours": 0.04549769951237573
    },
    "20": {
      "val_acc": 0.2054,
      "gpu_hours": 0.04772967444525825
    },
    "21": {
      "val_acc": 0.2027,
      "gpu_hours": 0.04996423489517636
    },
    "22": {
      "val_acc": 0.2185,
      "gpu_hours": 0.052204609976874455
    },
    "23": {
      "val_acc": 0.2186,
      "gpu_hours": 0.05443520393636492
    },
    "24": {
      "val_acc": 0.2241,
      "gpu_hours": 0.05667124430338542
    },
    "25": {
      "val_acc": 0.229,
      "gpu_hours": 0.05890275094244215
    },
    "26": {
      "val_acc": 0.2319,
      "gpu_hours": 0.06113294038507674
    },
    "27": {
      "val_acc": 0.2293,
      "gpu_hours": 0.06335914942953322
    },
    "28": {
      "val_acc": 0.2379,
      "gpu_hours": 0.06559048129452599
    },
    "29": {
      "val_acc": 0.236,
      "gpu_hours": 0.0678226543797387
    }
  }
}