{
  "trial_number": 62,
  "params": {
    "lr": 0.0002903104937436486,
    "weight_decay": 3.426085862560751e-06,
    "batch_size": 128,
    "dropout": 0.12560519174349677,
    "optimizer": "SGD",
    "scheduler": "plateau",
    "model": "efficientnet_b1",
    "momentum": 0.897745725146971
  },
  "best_val_acc": 0.013,
  "total_gpu_hours": 0.12412347747219933,
  "slurm_task": 24,
  "parallel_workers": 40,
  "sampler": "random",
  "dataset": "cifar100",
  "device": "cuda",
  "accuracy_thresholds": {},
  "accuracy_curve": {
    "0": {
      "val_acc": 0.0103,
      "gpu_hours": 0.004783562554253472
    },
    "1": {
      "val_acc": 0.0115,
      "gpu_hours": 0.008894559211201138
    },
    "2": {
      "val_acc": 0.0111,
      "gpu_hours": 0.01300035536289215
    },
    "3": {
      "val_acc": 0.0109,
      "gpu_hours": 0.017099709312121073
    },
    "4": {
      "val_acc": 0.0113,
      "gpu_hours": 0.021206694311565823
    },
    "5": {
      "val_acc": 0.0095,
      "gpu_hours": 0.025322435365782842
    },
    "6": {
      "val_acc": 0.0101,
      "gpu_hours": 0.029426021774609883
    },
    "7": {
      "val_acc": 0.0114,
      "gpu_hours": 0.03351726161109077
    },
    "8": {
      "val_acc": 0.0106,
      "gpu_hours": 0.037628071506818135
    },
    "9": {
      "val_acc": 0.013,
      "gpu_hours": 0.04174608098136054
    },
    "10": {
      "val_acc": 0.0111,
      "gpu_hours": 0.04585967454645369
    },
    "11": {
      "val_acc": 0.0117,
      "gpu_hours": 0.04997486160861121
    },
    "12": {
      "val_acc": 0.0094,
      "gpu_hours": 0.05411375217967563
    },
    "13": {
      "val_acc": 0.0108,
      "gpu_hours": 0.058226873411072626
    },
    "14": {
      "val_acc": 0.0112,
      "gpu_hours": 0.06234480175707075
    },
    "15": {
      "val_acc": 0.0096,
      "gpu_hours": 0.0664650367365943
    },
    "16": {
      "val_acc": 0.0095,
      "gpu_hours": 0.07057937310801612
    },
    "17": {
      "val_acc": 0.0124,
      "gpu_hours": 0.0746931810511483
    },
    "18": {
      "val_acc": 0.0126,
      "gpu_hours": 0.07880517337057326
    },
    "19": {
      "val_acc": 0.0108,
      "gpu_hours": 0.08291928542984857
    },
    "20": {
      "val_acc": 0.0099,
      "gpu_hours": 0.08703888257344564
    },
    "21": {
      "val_acc": 0.0109,
      "gpu_hours": 0.09114468826187981
    },
    "22": {
      "val_acc": 0.0106,
      "gpu_hours": 0.09525625401073032
    },
    "23": {
      "val_acc": 0.0103,
      "gpu_hours": 0.09936379154523213
    },
    "24": {
      "val_acc": 0.0106,
      "gpu_hours": 0.10348432196511162
    },
    "25": {
      "val_acc": 0.011,
      "gpu_hours": 0.10758808407518598
    },
    "26": {
      "val_acc": 0.01,
      "gpu_hours": 0.11169691032833523
    },
    "27": {
      "val_acc": 0.0103,
      "gpu_hours": 0.11581740346219804
    },
    "28": {
      "val_acc": 0.0099,
      "gpu_hours": 0.11996246172322167
    },
    "29": {
      "val_acc": 0.0104,
      "gpu_hours": 0.12411562244097392
    }
  }
}