{
  "trial_number": 57,
  "params": {
    "lr": 0.07700210971746231,
    "weight_decay": 1.7205739457035144e-06,
    "batch_size": 256,
    "dropout": 0.35380443059242667,
    "optimizer": "SGD",
    "scheduler": "step",
    "model": "efficientnet_b1",
    "momentum": 0.9602922329328787
  },
  "best_val_acc": 0.4635,
  "total_gpu_hours": 0.0424931843413247,
  "slurm_task": 7,
  "parallel_workers": 40,
  "sampler": "random",
  "dataset": "cifar100",
  "device": "cuda",
  "accuracy_thresholds": {},
  "accuracy_curve": {
    "0": {
      "val_acc": 0.0149,
      "gpu_hours": 0.001775711907280816
    },
    "1": {
      "val_acc": 0.0502,
      "gpu_hours": 0.0031689837906095715
    },
    "2": {
      "val_acc": 0.077,
      "gpu_hours": 0.004559106363190545
    },
    "3": {
      "val_acc": 0.1137,
      "gpu_hours": 0.005946855743726095
    },
    "4": {
      "val_acc": 0.1338,
      "gpu_hours": 0.007402142286300659
    },
    "5": {
      "val_acc": 0.1533,
      "gpu_hours": 0.00881766570938958
    },
    "6": {
      "val_acc": 0.1874,
      "gpu_hours": 0.010217644837167528
    },
    "7": {
      "val_acc": 0.2107,
      "gpu_hours": 0.011623859471744961
    },
    "8": {
      "val_acc": 0.2522,
      "gpu_hours": 0.01302003926701016
    },
    "9": {
      "val_acc": 0.2766,
      "gpu_hours": 0.01445142130057017
    },
    "10": {
      "val_acc": 0.3027,
      "gpu_hours": 0.015843540098932053
    },
    "11": {
      "val_acc": 0.3201,
      "gpu_hours": 0.017243088285128275
    },
    "12": {
      "val_acc": 0.3342,
      "gpu_hours": 0.018639206687609353
    },
    "13": {
      "val_acc": 0.3494,
      "gpu_hours": 0.020057640274365744
    },
    "14": {
      "val_acc": 0.3593,
      "gpu_hours": 0.021464696592754788
    },
    "15": {
      "val_acc": 0.371,
      "gpu_hours": 0.022861703038215636
    },
    "16": {
      "val_acc": 0.3832,
      "gpu_hours": 0.024256592856513128
    },
    "17": {
      "val_acc": 0.3802,
      "gpu_hours": 0.025670578479766847
    },
    "18": {
      "val_acc": 0.3918,
      "gpu_hours": 0.027071018351448907
    },
    "19": {
      "val_acc": 0.4028,
      "gpu_hours": 0.02845322377151913
    },
    "20": {
      "val_acc": 0.4302,
      "gpu_hours": 0.029843592312600878
    },
    "21": {
      "val_acc": 0.4377,
      "gpu_hours": 0.031240055958429973
    },
    "22": {
      "val_acc": 0.4364,
      "gpu_hours": 0.03265279173851013
    },
    "23": {
      "val_acc": 0.4435,
      "gpu_hours": 0.03408376223511166
    },
    "24": {
      "val_acc": 0.4398,
      "gpu_hours": 0.03548532333638933
    },
    "25": {
      "val_acc": 0.4508,
      "gpu_hours": 0.03689243157704671
    },
    "26": {
      "val_acc": 0.4498,
      "gpu_hours": 0.038287379145622254
    },
    "27": {
      "val_acc": 0.4561,
      "gpu_hours": 0.039682571358150905
    },
    "28": {
      "val_acc": 0.4634,
      "gpu_hours": 0.04107862022187975
    },
    "29": {
      "val_acc": 0.4635,
      "gpu_hours": 0.042480719486872355
    }
  }
}