{
  "trial_number": 17,
  "params": {
    "lr": 0.0004528299575492549,
    "weight_decay": 1.3353984813610555e-06,
    "batch_size": 256,
    "dropout": 0.08147511125354417,
    "optimizer": "Adam",
    "scheduler": "plateau",
    "model": "efficientnet_b1"
  },
  "best_val_acc": 0.214,
  "total_gpu_hours": 0.04370498604244656,
  "slurm_task": 23,
  "parallel_workers": 40,
  "sampler": "random",
  "dataset": "cifar100",
  "device": "cuda",
  "accuracy_thresholds": {},
  "accuracy_curve": {
    "0": {
      "val_acc": 0.0299,
      "gpu_hours": 0.0020643611749013263
    },
    "1": {
      "val_acc": 0.0797,
      "gpu_hours": 0.0034862003723780313
    },
    "2": {
      "val_acc": 0.1191,
      "gpu_hours": 0.0049253616730372115
    },
    "3": {
      "val_acc": 0.1538,
      "gpu_hours": 0.006349173718028598
    },
    "4": {
      "val_acc": 0.1709,
      "gpu_hours": 0.007781887451807658
    },
    "5": {
      "val_acc": 0.196,
      "gpu_hours": 0.009218903382619222
    },
    "6": {
      "val_acc": 0.2015,
      "gpu_hours": 0.010632086396217346
    },
    "7": {
      "val_acc": 0.2012,
      "gpu_hours": 0.012065388560295105
    },
    "8": {
      "val_acc": 0.2085,
      "gpu_hours": 0.013493701418240866
    },
    "9": {
      "val_acc": 0.2091,
      "gpu_hours": 0.01495732327302297
    },
    "10": {
      "val_acc": 0.2114,
      "gpu_hours": 0.016382936106787788
    },
    "11": {
      "val_acc": 0.2127,
      "gpu_hours": 0.01782061802016364
    },
    "12": {
      "val_acc": 0.2136,
      "gpu_hours": 0.019246714115142824
    },
    "13": {
      "val_acc": 0.2135,
      "gpu_hours": 0.020701288051075406
    },
    "14": {
      "val_acc": 0.2122,
      "gpu_hours": 0.022121738923920525
    },
    "15": {
      "val_acc": 0.2111,
      "gpu_hours": 0.023547346856858994
    },
    "16": {
      "val_acc": 0.2119,
      "gpu_hours": 0.024996419350306193
    },
    "17": {
      "val_acc": 0.2133,
      "gpu_hours": 0.02640898161464267
    },
    "18": {
      "val_acc": 0.2131,
      "gpu_hours": 0.0278471130794949
    },
    "19": {
      "val_acc": 0.2126,
      "gpu_hours": 0.02928688254621294
    },
    "20": {
      "val_acc": 0.2109,
      "gpu_hours": 0.030719168782234192
    },
    "21": {
      "val_acc": 0.2126,
      "gpu_hours": 0.03217554032802582
    },
    "22": {
      "val_acc": 0.2113,
      "gpu_hours": 0.03363079965114593
    },
    "23": {
      "val_acc": 0.2133,
      "gpu_hours": 0.03505964093738132
    },
    "24": {
      "val_acc": 0.2119,
      "gpu_hours": 0.03649878184000651
    },
    "25": {
      "val_acc": 0.2123,
      "gpu_hours": 0.03792989956008064
    },
    "26": {
      "val_acc": 0.214,
      "gpu_hours": 0.03937433977921804
    },
    "27": {
      "val_acc": 0.2095,
      "gpu_hours": 0.04081212924586402
    },
    "28": {
      "val_acc": 0.2125,
      "gpu_hours": 0.04224574479791853
    },
    "29": {
      "val_acc": 0.2121,
      "gpu_hours": 0.0436951603492101
    }
  }
}