{
  "trial_number": 68,
  "params": {
    "lr": 0.00015675816264769027,
    "weight_decay": 4.958872613497764e-05,
    "batch_size": 64,
    "dropout": 0.3936680080357408,
    "optimizer": "SGD",
    "scheduler": "cosine",
    "model": "resnet34",
    "momentum": 0.9333624025361053
  },
  "best_val_acc": 0.05,
  "total_gpu_hours": 0.23010854211118487,
  "slurm_task": 32,
  "parallel_workers": 40,
  "sampler": "random",
  "dataset": "cifar100",
  "device": "cuda",
  "accuracy_thresholds": {},
  "accuracy_curve": {
    "0": {
      "val_acc": 0.0088,
      "gpu_hours": 0.008171547253926595
    },
    "1": {
      "val_acc": 0.0118,
      "gpu_hours": 0.01582133094469706
    },
    "2": {
      "val_acc": 0.0182,
      "gpu_hours": 0.023480587469206917
    },
    "3": {
      "val_acc": 0.0235,
      "gpu_hours": 0.03113323774602678
    },
    "4": {
      "val_acc": 0.0239,
      "gpu_hours": 0.03878973722457886
    },
    "5": {
      "val_acc": 0.0269,
      "gpu_hours": 0.04644195192390018
    },
    "6": {
      "val_acc": 0.0268,
      "gpu_hours": 0.054097063938776654
    },
    "7": {
      "val_acc": 0.0316,
      "gpu_hours": 0.06175082988209195
    },
    "8": {
      "val_acc": 0.0315,
      "gpu_hours": 0.06939718974961175
    },
    "9": {
      "val_acc": 0.0303,
      "gpu_hours": 0.07705439501338535
    },
    "10": {
      "val_acc": 0.0348,
      "gpu_hours": 0.08471468912230598
    },
    "11": {
      "val_acc": 0.036,
      "gpu_hours": 0.09237537920475006
    },
    "12": {
      "val_acc": 0.0369,
      "gpu_hours": 0.10003540409935845
    },
    "13": {
      "val_acc": 0.041,
      "gpu_hours": 0.10769718587398529
    },
    "14": {
      "val_acc": 0.0419,
      "gpu_hours": 0.11535705228646596
    },
    "15": {
      "val_acc": 0.0422,
      "gpu_hours": 0.12301120658715566
    },
    "16": {
      "val_acc": 0.0444,
      "gpu_hours": 0.13066063072946338
    },
    "17": {
      "val_acc": 0.0448,
      "gpu_hours": 0.13831445064809586
    },
    "18": {
      "val_acc": 0.046,
      "gpu_hours": 0.14596764345963795
    },
    "19": {
      "val_acc": 0.0464,
      "gpu_hours": 0.15361531264252132
    },
    "20": {
      "val_acc": 0.0478,
      "gpu_hours": 0.16126376430193584
    },
    "21": {
      "val_acc": 0.047,
      "gpu_hours": 0.16891133540206485
    },
    "22": {
      "val_acc": 0.0472,
      "gpu_hours": 0.17656139029396906
    },
    "23": {
      "val_acc": 0.0495,
      "gpu_hours": 0.18420638859272004
    },
    "24": {
      "val_acc": 0.0481,
      "gpu_hours": 0.19185409029324849
    },
    "25": {
      "val_acc": 0.0495,
      "gpu_hours": 0.19949935310416753
    },
    "26": {
      "val_acc": 0.0488,
      "gpu_hours": 0.20714408033423953
    },
    "27": {
      "val_acc": 0.05,
      "gpu_hours": 0.2147927710082796
    },
    "28": {
      "val_acc": 0.0491,
      "gpu_hours": 0.22245016674200693
    },
    "29": {
      "val_acc": 0.0497,
      "gpu_hours": 0.23010297616322836
    }
  }
}