{
  "trial_number": 7,
  "params": {
    "lr": 0.09269035391921815,
    "weight_decay": 0.00015782612996963698,
    "batch_size": 256,
    "dropout": 0.23640398487774267,
    "optimizer": "Adam",
    "scheduler": "step",
    "model": "resnet18"
  },
  "best_val_acc": 0.1406,
  "total_gpu_hours": 0.036808390551143225,
  "slurm_task": 3,
  "parallel_workers": 40,
  "sampler": "random",
  "dataset": "cifar100",
  "device": "cuda",
  "accuracy_thresholds": {},
  "accuracy_curve": {
    "0": {
      "val_acc": 0.0221,
      "gpu_hours": 0.0025769922468397355
    },
    "1": {
      "val_acc": 0.0409,
      "gpu_hours": 0.0037600600719451902
    },
    "2": {
      "val_acc": 0.0409,
      "gpu_hours": 0.004941037760840522
    },
    "3": {
      "val_acc": 0.0172,
      "gpu_hours": 0.006124590635299683
    },
    "4": {
      "val_acc": 0.0559,
      "gpu_hours": 0.007309715416696337
    },
    "5": {
      "val_acc": 0.0582,
      "gpu_hours": 0.008495284385151333
    },
    "6": {
      "val_acc": 0.0369,
      "gpu_hours": 0.009672860503196717
    },
    "7": {
      "val_acc": 0.017,
      "gpu_hours": 0.010849396851327684
    },
    "8": {
      "val_acc": 0.0537,
      "gpu_hours": 0.012033502525753446
    },
    "9": {
      "val_acc": 0.0694,
      "gpu_hours": 0.013209690517849393
    },
    "10": {
      "val_acc": 0.0726,
      "gpu_hours": 0.014389104512002733
    },
    "11": {
      "val_acc": 0.0727,
      "gpu_hours": 0.01556029823091295
    },
    "12": {
      "val_acc": 0.0936,
      "gpu_hours": 0.016744840873612298
    },
    "13": {
      "val_acc": 0.093,
      "gpu_hours": 0.017959697246551512
    },
    "14": {
      "val_acc": 0.0973,
      "gpu_hours": 0.019140103459358217
    },
    "15": {
      "val_acc": 0.1152,
      "gpu_hours": 0.02031883378823598
    },
    "16": {
      "val_acc": 0.1184,
      "gpu_hours": 0.02149798207812839
    },
    "17": {
      "val_acc": 0.0865,
      "gpu_hours": 0.022681743105252585
    },
    "18": {
      "val_acc": 0.0915,
      "gpu_hours": 0.023864010837343005
    },
    "19": {
      "val_acc": 0.0741,
      "gpu_hours": 0.025040608445803324
    },
    "20": {
      "val_acc": 0.1084,
      "gpu_hours": 0.026215796338187325
    },
    "21": {
      "val_acc": 0.1101,
      "gpu_hours": 0.027389006548457676
    },
    "22": {
      "val_acc": 0.0979,
      "gpu_hours": 0.02856519771946801
    },
    "23": {
      "val_acc": 0.1207,
      "gpu_hours": 0.029731942150327893
    },
    "24": {
      "val_acc": 0.125,
      "gpu_hours": 0.03091366661919488
    },
    "25": {
      "val_acc": 0.117,
      "gpu_hours": 0.03208462304539151
    },
    "26": {
      "val_acc": 0.1106,
      "gpu_hours": 0.03325799783070882
    },
    "27": {
      "val_acc": 0.088,
      "gpu_hours": 0.03442790236737993
    },
    "28": {
      "val_acc": 0.1406,
      "gpu_hours": 0.035608126256201
    },
    "29": {
      "val_acc": 0.1203,
      "gpu_hours": 0.036798524724112616
    }
  }
}