{
  "trial_number": 63,
  "params": {
    "lr": 0.05719092164999413,
    "weight_decay": 0.00037049504124192186,
    "batch_size": 64,
    "dropout": 0.3940010290182459,
    "optimizer": "Adam",
    "scheduler": "plateau",
    "model": "resnet18"
  },
  "best_val_acc": 0.1273,
  "total_gpu_hours": 0.13422565513186985,
  "slurm_task": 35,
  "parallel_workers": 40,
  "sampler": "random",
  "dataset": "cifar100",
  "device": "cuda",
  "accuracy_thresholds": {},
  "accuracy_curve": {
    "0": {
      "val_acc": 0.0268,
      "gpu_hours": 0.0051430375046200225
    },
    "1": {
      "val_acc": 0.0224,
      "gpu_hours": 0.009596546755896674
    },
    "2": {
      "val_acc": 0.0268,
      "gpu_hours": 0.014063707126511468
    },
    "3": {
      "val_acc": 0.019,
      "gpu_hours": 0.01851380076673296
    },
    "4": {
      "val_acc": 0.0146,
      "gpu_hours": 0.022976440125041537
    },
    "5": {
      "val_acc": 0.0198,
      "gpu_hours": 0.027417153649859957
    },
    "6": {
      "val_acc": 0.0301,
      "gpu_hours": 0.03187638090716468
    },
    "7": {
      "val_acc": 0.0181,
      "gpu_hours": 0.03631248599953121
    },
    "8": {
      "val_acc": 0.0294,
      "gpu_hours": 0.04077891965707143
    },
    "9": {
      "val_acc": 0.0499,
      "gpu_hours": 0.04522976815700531
    },
    "10": {
      "val_acc": 0.0614,
      "gpu_hours": 0.04969186060958439
    },
    "11": {
      "val_acc": 0.0886,
      "gpu_hours": 0.05415361622969309
    },
    "12": {
      "val_acc": 0.097,
      "gpu_hours": 0.05861593749788072
    },
    "13": {
      "val_acc": 0.1099,
      "gpu_hours": 0.06306212617291344
    },
    "14": {
      "val_acc": 0.1176,
      "gpu_hours": 0.06750453485382928
    },
    "15": {
      "val_acc": 0.1229,
      "gpu_hours": 0.0719558619790607
    },
    "16": {
      "val_acc": 0.1214,
      "gpu_hours": 0.07641344567139943
    },
    "17": {
      "val_acc": 0.1252,
      "gpu_hours": 0.08086912923389011
    },
    "18": {
      "val_acc": 0.1272,
      "gpu_hours": 0.0853113646639718
    },
    "19": {
      "val_acc": 0.1254,
      "gpu_hours": 0.08975290675957998
    },
    "20": {
      "val_acc": 0.1243,
      "gpu_hours": 0.09420068628258176
    },
    "21": {
      "val_acc": 0.1272,
      "gpu_hours": 0.09864285674360063
    },
    "22": {
      "val_acc": 0.1241,
      "gpu_hours": 0.10309919350677066
    },
    "23": {
      "val_acc": 0.1254,
      "gpu_hours": 0.10755241413911183
    },
    "24": {
      "val_acc": 0.1248,
      "gpu_hours": 0.11200727959473927
    },
    "25": {
      "val_acc": 0.1268,
      "gpu_hours": 0.11646840631961823
    },
    "26": {
      "val_acc": 0.1248,
      "gpu_hours": 0.12090655088424683
    },
    "27": {
      "val_acc": 0.1245,
      "gpu_hours": 0.12534610682063632
    },
    "28": {
      "val_acc": 0.1252,
      "gpu_hours": 0.1297801619105869
    },
    "29": {
      "val_acc": 0.1273,
      "gpu_hours": 0.13421847939491272
    }
  }
}