{
  "trial_number": 84,
  "params": {
    "lr": 0.009088848499484348,
    "weight_decay": 1.5346032712264712e-05,
    "batch_size": 128,
    "dropout": 0.13944339730396033,
    "optimizer": "SGD",
    "scheduler": "step",
    "model": "efficientnet_b0",
    "momentum": 0.8960585543298325
  },
  "best_val_acc": 0.2184,
  "total_gpu_hours": 0.09679834173785315,
  "slurm_task": 16,
  "parallel_workers": 40,
  "sampler": "random",
  "dataset": "cifar100",
  "device": "cuda",
  "accuracy_thresholds": {},
  "accuracy_curve": {
    "0": {
      "val_acc": 0.0132,
      "gpu_hours": 0.003695318102836609
    },
    "1": {
      "val_acc": 0.0127,
      "gpu_hours": 0.006945929725964864
    },
    "2": {
      "val_acc": 0.0156,
      "gpu_hours": 0.010143806801901923
    },
    "3": {
      "val_acc": 0.0145,
      "gpu_hours": 0.013361618518829346
    },
    "4": {
      "val_acc": 0.0162,
      "gpu_hours": 0.01654174009958903
    },
    "5": {
      "val_acc": 0.0236,
      "gpu_hours": 0.019735309812757704
    },
    "6": {
      "val_acc": 0.0333,
      "gpu_hours": 0.022947241067886353
    },
    "7": {
      "val_acc": 0.0472,
      "gpu_hours": 0.02620967494116889
    },
    "8": {
      "val_acc": 0.0545,
      "gpu_hours": 0.029394107129838733
    },
    "9": {
      "val_acc": 0.0635,
      "gpu_hours": 0.032619742353757225
    },
    "10": {
      "val_acc": 0.0857,
      "gpu_hours": 0.03586469014485677
    },
    "11": {
      "val_acc": 0.0967,
      "gpu_hours": 0.03904350625144111
    },
    "12": {
      "val_acc": 0.1104,
      "gpu_hours": 0.042294009791480174
    },
    "13": {
      "val_acc": 0.1189,
      "gpu_hours": 0.04547924061616262
    },
    "14": {
      "val_acc": 0.129,
      "gpu_hours": 0.04872205244170295
    },
    "15": {
      "val_acc": 0.1443,
      "gpu_hours": 0.05193620814217462
    },
    "16": {
      "val_acc": 0.1514,
      "gpu_hours": 0.05517244537671407
    },
    "17": {
      "val_acc": 0.1582,
      "gpu_hours": 0.058343015048238966
    },
    "18": {
      "val_acc": 0.1671,
      "gpu_hours": 0.06152216474215189
    },
    "19": {
      "val_acc": 0.1779,
      "gpu_hours": 0.06472554524739584
    },
    "20": {
      "val_acc": 0.1897,
      "gpu_hours": 0.06788288659519619
    },
    "21": {
      "val_acc": 0.1901,
      "gpu_hours": 0.07108183470037248
    },
    "22": {
      "val_acc": 0.1963,
      "gpu_hours": 0.07431939052210913
    },
    "23": {
      "val_acc": 0.1994,
      "gpu_hours": 0.07757238758934869
    },
    "24": {
      "val_acc": 0.203,
      "gpu_hours": 0.08077001697487302
    },
    "25": {
      "val_acc": 0.2048,
      "gpu_hours": 0.08393991390864054
    },
    "26": {
      "val_acc": 0.2104,
      "gpu_hours": 0.08713741925027635
    },
    "27": {
      "val_acc": 0.2128,
      "gpu_hours": 0.09039333012368944
    },
    "28": {
      "val_acc": 0.2184,
      "gpu_hours": 0.09360587219397228
    },
    "29": {
      "val_acc": 0.2182,
      "gpu_hours": 0.09679235776265462
    }
  }
}