{
  "trial_number": 82,
  "params": {
    "lr": 0.01644833246986817,
    "weight_decay": 4.576807249709061e-06,
    "batch_size": 128,
    "dropout": 0.05010403575001693,
    "optimizer": "SGD",
    "scheduler": "step",
    "model": "resnet34",
    "momentum": 0.9045514227032239
  },
  "best_val_acc": 0.5531,
  "total_gpu_hours": 0.21721495230992635,
  "slurm_task": 23,
  "parallel_workers": 40,
  "sampler": "random",
  "dataset": "cifar100",
  "device": "cuda",
  "accuracy_thresholds": {},
  "accuracy_curve": {
    "0": {
      "val_acc": 0.116,
      "gpu_hours": 0.007746299306551616
    },
    "1": {
      "val_acc": 0.1787,
      "gpu_hours": 0.01496449589729309
    },
    "2": {
      "val_acc": 0.2358,
      "gpu_hours": 0.02218017339706421
    },
    "3": {
      "val_acc": 0.2796,
      "gpu_hours": 0.0293901569975747
    },
    "4": {
      "val_acc": 0.2989,
      "gpu_hours": 0.036613693833351134
    },
    "5": {
      "val_acc": 0.3054,
      "gpu_hours": 0.04382783770561218
    },
    "6": {
      "val_acc": 0.3606,
      "gpu_hours": 0.051043115125762095
    },
    "7": {
      "val_acc": 0.3857,
      "gpu_hours": 0.05826074719429016
    },
    "8": {
      "val_acc": 0.4074,
      "gpu_hours": 0.06548203388849894
    },
    "9": {
      "val_acc": 0.4302,
      "gpu_hours": 0.07269617233011458
    },
    "10": {
      "val_acc": 0.4532,
      "gpu_hours": 0.07991587824291653
    },
    "11": {
      "val_acc": 0.4753,
      "gpu_hours": 0.08713482273949517
    },
    "12": {
      "val_acc": 0.4833,
      "gpu_hours": 0.0943455476893319
    },
    "13": {
      "val_acc": 0.4807,
      "gpu_hours": 0.10154921332995097
    },
    "14": {
      "val_acc": 0.4994,
      "gpu_hours": 0.10875681532753838
    },
    "15": {
      "val_acc": 0.4987,
      "gpu_hours": 0.11596010029315948
    },
    "16": {
      "val_acc": 0.4998,
      "gpu_hours": 0.12317137247986264
    },
    "17": {
      "val_acc": 0.5148,
      "gpu_hours": 0.13037713726361594
    },
    "18": {
      "val_acc": 0.5139,
      "gpu_hours": 0.13758955319722493
    },
    "19": {
      "val_acc": 0.5223,
      "gpu_hours": 0.14479754832055833
    },
    "20": {
      "val_acc": 0.5313,
      "gpu_hours": 0.1520072278049257
    },
    "21": {
      "val_acc": 0.5409,
      "gpu_hours": 0.159221210943328
    },
    "22": {
      "val_acc": 0.5365,
      "gpu_hours": 0.16646419796678755
    },
    "23": {
      "val_acc": 0.5457,
      "gpu_hours": 0.17371499392721387
    },
    "24": {
      "val_acc": 0.5457,
      "gpu_hours": 0.180961575044526
    },
    "25": {
      "val_acc": 0.5486,
      "gpu_hours": 0.18820845517847273
    },
    "26": {
      "val_acc": 0.547,
      "gpu_hours": 0.19546129273043739
    },
    "27": {
      "val_acc": 0.5485,
      "gpu_hours": 0.20271382225884332
    },
    "28": {
      "val_acc": 0.5489,
      "gpu_hours": 0.20996619972917768
    },
    "29": {
      "val_acc": 0.5531,
      "gpu_hours": 0.21720823466777803
    }
  }
}