{
  "trial_number": 90,
  "params": {
    "lr": 0.04173575562590305,
    "weight_decay": 0.0034062318552109325,
    "batch_size": 256,
    "dropout": 0.1949208151726045,
    "optimizer": "AdamW",
    "scheduler": "cosine",
    "model": "efficientnet_b1"
  },
  "best_val_acc": 0.1036,
  "total_gpu_hours": 0.08634618785646227,
  "slurm_task": 36,
  "parallel_workers": 40,
  "sampler": "random",
  "dataset": "cifar100",
  "device": "cuda",
  "accuracy_thresholds": {},
  "accuracy_curve": {
    "0": {
      "val_acc": 0.0081,
      "gpu_hours": 0.0033868943982654147
    },
    "1": {
      "val_acc": 0.0176,
      "gpu_hours": 0.006237889859411452
    },
    "2": {
      "val_acc": 0.0126,
      "gpu_hours": 0.009123645888434517
    },
    "3": {
      "val_acc": 0.0256,
      "gpu_hours": 0.011957336995336744
    },
    "4": {
      "val_acc": 0.0308,
      "gpu_hours": 0.01480118128988478
    },
    "5": {
      "val_acc": 0.0361,
      "gpu_hours": 0.017668137417899236
    },
    "6": {
      "val_acc": 0.0231,
      "gpu_hours": 0.0205427352587382
    },
    "7": {
      "val_acc": 0.0281,
      "gpu_hours": 0.023409162097507052
    },
    "8": {
      "val_acc": 0.042,
      "gpu_hours": 0.026295338405503167
    },
    "9": {
      "val_acc": 0.0383,
      "gpu_hours": 0.029169522987471688
    },
    "10": {
      "val_acc": 0.033,
      "gpu_hours": 0.03201022340191735
    },
    "11": {
      "val_acc": 0.0414,
      "gpu_hours": 0.03485839770899879
    },
    "12": {
      "val_acc": 0.0429,
      "gpu_hours": 0.037716548376613195
    },
    "13": {
      "val_acc": 0.0588,
      "gpu_hours": 0.0405910587310791
    },
    "14": {
      "val_acc": 0.0491,
      "gpu_hours": 0.04343736118740506
    },
    "15": {
      "val_acc": 0.0558,
      "gpu_hours": 0.04629721184571584
    },
    "16": {
      "val_acc": 0.0431,
      "gpu_hours": 0.0491493550936381
    },
    "17": {
      "val_acc": 0.0718,
      "gpu_hours": 0.05203289535310533
    },
    "18": {
      "val_acc": 0.069,
      "gpu_hours": 0.05491319073571099
    },
    "19": {
      "val_acc": 0.0699,
      "gpu_hours": 0.05778450893031226
    },
    "20": {
      "val_acc": 0.0645,
      "gpu_hours": 0.06064006434546577
    },
    "21": {
      "val_acc": 0.082,
      "gpu_hours": 0.06350705524285634
    },
    "22": {
      "val_acc": 0.0911,
      "gpu_hours": 0.06634003904130724
    },
    "23": {
      "val_acc": 0.0899,
      "gpu_hours": 0.06918210234906938
    },
    "24": {
      "val_acc": 0.0918,
      "gpu_hours": 0.07205260753631591
    },
    "25": {
      "val_acc": 0.1004,
      "gpu_hours": 0.07491218255625831
    },
    "26": {
      "val_acc": 0.0994,
      "gpu_hours": 0.07779343128204345
    },
    "27": {
      "val_acc": 0.1029,
      "gpu_hours": 0.080641770362854
    },
    "28": {
      "val_acc": 0.1036,
      "gpu_hours": 0.08349363022380404
    },
    "29": {
      "val_acc": 0.1028,
      "gpu_hours": 0.08633967651261223
    }
  }
}