{
  "trial_number": 106,
  "params": {
    "lr": 0.0025327446879214533,
    "weight_decay": 2.5266706044074715e-06,
    "batch_size": 64,
    "dropout": 0.026080028429129154,
    "optimizer": "SGD",
    "scheduler": "plateau",
    "model": "efficientnet_b1",
    "momentum": 0.8815369244785628
  },
  "best_val_acc": 0.0111,
  "total_gpu_hours": 0.2209441606203715,
  "slurm_task": 15,
  "parallel_workers": 40,
  "sampler": "random",
  "dataset": "cifar100",
  "device": "cuda",
  "accuracy_thresholds": {},
  "accuracy_curve": {
    "0": {
      "val_acc": 0.0088,
      "gpu_hours": 0.008168468674023946
    },
    "1": {
      "val_acc": 0.0094,
      "gpu_hours": 0.015864215029610527
    },
    "2": {
      "val_acc": 0.0088,
      "gpu_hours": 0.02356359773212009
    },
    "3": {
      "val_acc": 0.0085,
      "gpu_hours": 0.031290687521298724
    },
    "4": {
      "val_acc": 0.0079,
      "gpu_hours": 0.03903331167168087
    },
    "5": {
      "val_acc": 0.0098,
      "gpu_hours": 0.0466768514447742
    },
    "6": {
      "val_acc": 0.0099,
      "gpu_hours": 0.05413149032327864
    },
    "7": {
      "val_acc": 0.0095,
      "gpu_hours": 0.06157855735884772
    },
    "8": {
      "val_acc": 0.0111,
      "gpu_hours": 0.06897712727387746
    },
    "9": {
      "val_acc": 0.0102,
      "gpu_hours": 0.07641787866751353
    },
    "10": {
      "val_acc": 0.0089,
      "gpu_hours": 0.08385869423548381
    },
    "11": {
      "val_acc": 0.0099,
      "gpu_hours": 0.09130922317504883
    },
    "12": {
      "val_acc": 0.0097,
      "gpu_hours": 0.09878402597374386
    },
    "13": {
      "val_acc": 0.0083,
      "gpu_hours": 0.10620189958148532
    },
    "14": {
      "val_acc": 0.0099,
      "gpu_hours": 0.11363796267244551
    },
    "15": {
      "val_acc": 0.0088,
      "gpu_hours": 0.12090923243098789
    },
    "16": {
      "val_acc": 0.0088,
      "gpu_hours": 0.12805183119244046
    },
    "17": {
      "val_acc": 0.0083,
      "gpu_hours": 0.1352351317803065
    },
    "18": {
      "val_acc": 0.008,
      "gpu_hours": 0.14237507032023536
    },
    "19": {
      "val_acc": 0.009,
      "gpu_hours": 0.14952794869740804
    },
    "20": {
      "val_acc": 0.0094,
      "gpu_hours": 0.15660583933194477
    },
    "21": {
      "val_acc": 0.0099,
      "gpu_hours": 0.1637236362695694
    },
    "22": {
      "val_acc": 0.0103,
      "gpu_hours": 0.1708691057231691
    },
    "23": {
      "val_acc": 0.0101,
      "gpu_hours": 0.17801212131977082
    },
    "24": {
      "val_acc": 0.0091,
      "gpu_hours": 0.1851640221145418
    },
    "25": {
      "val_acc": 0.0098,
      "gpu_hours": 0.19227853543228574
    },
    "26": {
      "val_acc": 0.0089,
      "gpu_hours": 0.19941085980998144
    },
    "27": {
      "val_acc": 0.0094,
      "gpu_hours": 0.20659930990801917
    },
    "28": {
      "val_acc": 0.0103,
      "gpu_hours": 0.21379663202497695
    },
    "29": {
      "val_acc": 0.0097,
      "gpu_hours": 0.2209389938910802
    }
  }
}