{
  "trial_number": 3,
  "params": {
    "lr": 0.0018220022184198068,
    "weight_decay": 2.8376445112903882e-05,
    "batch_size": 128,
    "dropout": 0.4844681033597431,
    "optimizer": "SGD",
    "scheduler": "plateau",
    "model": "efficientnet_b1",
    "momentum": 0.861773566479374
  },
  "best_val_acc": 0.0136,
  "total_gpu_hours": 0.06943921175267961,
  "slurm_task": 12,
  "parallel_workers": 40,
  "sampler": "random",
  "dataset": "cifar100",
  "device": "cuda",
  "accuracy_thresholds": {},
  "accuracy_curve": {
    "0": {
      "val_acc": 0.0099,
      "gpu_hours": 0.0029877797100279066
    },
    "1": {
      "val_acc": 0.0107,
      "gpu_hours": 0.005324758556154039
    },
    "2": {
      "val_acc": 0.0104,
      "gpu_hours": 0.007668689158227709
    },
    "3": {
      "val_acc": 0.0129,
      "gpu_hours": 0.010020252598656548
    },
    "4": {
      "val_acc": 0.0122,
      "gpu_hours": 0.012365371452437508
    },
    "5": {
      "val_acc": 0.0121,
      "gpu_hours": 0.01472429116566976
    },
    "6": {
      "val_acc": 0.0122,
      "gpu_hours": 0.017064995169639587
    },
    "7": {
      "val_acc": 0.0132,
      "gpu_hours": 0.0194188251097997
    },
    "8": {
      "val_acc": 0.0126,
      "gpu_hours": 0.021772173311975267
    },
    "9": {
      "val_acc": 0.013,
      "gpu_hours": 0.024119237727589077
    },
    "10": {
      "val_acc": 0.0136,
      "gpu_hours": 0.026465937627686394
    },
    "11": {
      "val_acc": 0.0123,
      "gpu_hours": 0.028806388311915926
    },
    "12": {
      "val_acc": 0.0121,
      "gpu_hours": 0.031153162717819215
    },
    "13": {
      "val_acc": 0.0124,
      "gpu_hours": 0.033498492969406976
    },
    "14": {
      "val_acc": 0.0127,
      "gpu_hours": 0.03576604790157742
    },
    "15": {
      "val_acc": 0.0131,
      "gpu_hours": 0.03800975653860304
    },
    "16": {
      "val_acc": 0.0131,
      "gpu_hours": 0.04025631765524546
    },
    "17": {
      "val_acc": 0.0128,
      "gpu_hours": 0.042497964037789236
    },
    "18": {
      "val_acc": 0.0131,
      "gpu_hours": 0.044741083648469716
    },
    "19": {
      "val_acc": 0.013,
      "gpu_hours": 0.04700236962901221
    },
    "20": {
      "val_acc": 0.0128,
      "gpu_hours": 0.049245845079422
    },
    "21": {
      "val_acc": 0.0134,
      "gpu_hours": 0.05148627327548133
    },
    "22": {
      "val_acc": 0.0129,
      "gpu_hours": 0.053726109663645424
    },
    "23": {
      "val_acc": 0.0129,
      "gpu_hours": 0.05596544868416256
    },
    "24": {
      "val_acc": 0.0128,
      "gpu_hours": 0.058204833335346644
    },
    "25": {
      "val_acc": 0.0127,
      "gpu_hours": 0.06044975327120887
    },
    "26": {
      "val_acc": 0.0123,
      "gpu_hours": 0.0626892751455307
    },
    "27": {
      "val_acc": 0.0127,
      "gpu_hours": 0.06493445535500844
    },
    "28": {
      "val_acc": 0.0127,
      "gpu_hours": 0.06718472162882487
    },
    "29": {
      "val_acc": 0.0132,
      "gpu_hours": 0.0694320164124171
    }
  }
}