{
  "trial_number": 51,
  "params": {
    "lr": 0.00020522165797944264,
    "weight_decay": 0.00161596588262516,
    "batch_size": 128,
    "dropout": 0.1499539250107677,
    "optimizer": "Adam",
    "scheduler": "cosine",
    "model": "resnet34"
  },
  "best_val_acc": 0.7187,
  "total_gpu_hours": 0.050456578532854714,
  "slurm_task": 4,
  "parallel_workers": 40,
  "sampler": "random",
  "dataset": "cifar100",
  "device": "cuda",
  "accuracy_thresholds": {},
  "accuracy_curve": {
    "0": {
      "val_acc": 0.159,
      "gpu_hours": 0.0020672662390602958
    },
    "1": {
      "val_acc": 0.2083,
      "gpu_hours": 0.0037299844953748917
    },
    "2": {
      "val_acc": 0.2665,
      "gpu_hours": 0.005386648972829183
    },
    "3": {
      "val_acc": 0.3114,
      "gpu_hours": 0.00704826553662618
    },
    "4": {
      "val_acc": 0.3012,
      "gpu_hours": 0.008707573612531026
    },
    "5": {
      "val_acc": 0.3646,
      "gpu_hours": 0.010373250047365824
    },
    "6": {
      "val_acc": 0.3482,
      "gpu_hours": 0.012031135757764181
    },
    "7": {
      "val_acc": 0.4125,
      "gpu_hours": 0.013688955770598518
    },
    "8": {
      "val_acc": 0.408,
      "gpu_hours": 0.015351079238785637
    },
    "9": {
      "val_acc": 0.4501,
      "gpu_hours": 0.01702051924334632
    },
    "10": {
      "val_acc": 0.4699,
      "gpu_hours": 0.018685385584831238
    },
    "11": {
      "val_acc": 0.4858,
      "gpu_hours": 0.020359308984544543
    },
    "12": {
      "val_acc": 0.5187,
      "gpu_hours": 0.02202650805314382
    },
    "13": {
      "val_acc": 0.5,
      "gpu_hours": 0.023691552347607083
    },
    "14": {
      "val_acc": 0.5729,
      "gpu_hours": 0.025365680522388884
    },
    "15": {
      "val_acc": 0.5122,
      "gpu_hours": 0.027034872637854684
    },
    "16": {
      "val_acc": 0.5641,
      "gpu_hours": 0.0287015171845754
    },
    "17": {
      "val_acc": 0.587,
      "gpu_hours": 0.03037595576710171
    },
    "18": {
      "val_acc": 0.5942,
      "gpu_hours": 0.03205095867315928
    },
    "19": {
      "val_acc": 0.6195,
      "gpu_hours": 0.033725699385007225
    },
    "20": {
      "val_acc": 0.6238,
      "gpu_hours": 0.035394261280695595
    },
    "21": {
      "val_acc": 0.6487,
      "gpu_hours": 0.03707134809758928
    },
    "22": {
      "val_acc": 0.6512,
      "gpu_hours": 0.03874342858791351
    },
    "23": {
      "val_acc": 0.6713,
      "gpu_hours": 0.04042178875870175
    },
    "24": {
      "val_acc": 0.6922,
      "gpu_hours": 0.042095259692933824
    },
    "25": {
      "val_acc": 0.6962,
      "gpu_hours": 0.0437681155734592
    },
    "26": {
      "val_acc": 0.7057,
      "gpu_hours": 0.045438091026412115
    },
    "27": {
      "val_acc": 0.7104,
      "gpu_hours": 0.047108706103430854
    },
    "28": {
      "val_acc": 0.7163,
      "gpu_hours": 0.048778976135783726
    },
    "29": {
      "val_acc": 0.7187,
      "gpu_hours": 0.050445783535639444
    }
  }
}