{
  "trial_number": 67,
  "params": {
    "lr": 0.00047312453612585937,
    "weight_decay": 2.1028225301876997e-06,
    "batch_size": 256,
    "dropout": 0.07158505761948986,
    "optimizer": "AdamW",
    "scheduler": "cosine",
    "model": "resnet18"
  },
  "best_val_acc": 0.6968,
  "total_gpu_hours": 0.11827029678556654,
  "slurm_task": 33,
  "parallel_workers": 40,
  "sampler": "random",
  "dataset": "cifar100",
  "device": "cuda",
  "accuracy_thresholds": {},
  "accuracy_curve": {
    "0": {
      "val_acc": 0.2139,
      "gpu_hours": 0.004404327207141452
    },
    "1": {
      "val_acc": 0.3079,
      "gpu_hours": 0.008311666713820564
    },
    "2": {
      "val_acc": 0.3694,
      "gpu_hours": 0.012243328558074104
    },
    "3": {
      "val_acc": 0.4087,
      "gpu_hours": 0.016154557598961724
    },
    "4": {
      "val_acc": 0.4479,
      "gpu_hours": 0.020087892214457195
    },
    "5": {
      "val_acc": 0.463,
      "gpu_hours": 0.024016256994671293
    },
    "6": {
      "val_acc": 0.5062,
      "gpu_hours": 0.027942669590314228
    },
    "7": {
      "val_acc": 0.5426,
      "gpu_hours": 0.03186236043771108
    },
    "8": {
      "val_acc": 0.5472,
      "gpu_hours": 0.03578727258576287
    },
    "9": {
      "val_acc": 0.5797,
      "gpu_hours": 0.039717525111304386
    },
    "10": {
      "val_acc": 0.567,
      "gpu_hours": 0.04363605750931634
    },
    "11": {
      "val_acc": 0.5993,
      "gpu_hours": 0.047572502692540486
    },
    "12": {
      "val_acc": 0.6002,
      "gpu_hours": 0.05150524576505025
    },
    "13": {
      "val_acc": 0.6198,
      "gpu_hours": 0.055431028140915765
    },
    "14": {
      "val_acc": 0.6348,
      "gpu_hours": 0.05936768889427185
    },
    "15": {
      "val_acc": 0.6501,
      "gpu_hours": 0.06329972836706374
    },
    "16": {
      "val_acc": 0.6367,
      "gpu_hours": 0.06723087516095903
    },
    "17": {
      "val_acc": 0.6534,
      "gpu_hours": 0.07115103099081252
    },
    "18": {
      "val_acc": 0.6587,
      "gpu_hours": 0.07507504642009735
    },
    "19": {
      "val_acc": 0.6706,
      "gpu_hours": 0.07900240904755063
    },
    "20": {
      "val_acc": 0.6784,
      "gpu_hours": 0.08292192843225267
    },
    "21": {
      "val_acc": 0.685,
      "gpu_hours": 0.08684173067410787
    },
    "22": {
      "val_acc": 0.6859,
      "gpu_hours": 0.09078188280264536
    },
    "23": {
      "val_acc": 0.6864,
      "gpu_hours": 0.09470876223511165
    },
    "24": {
      "val_acc": 0.6903,
      "gpu_hours": 0.09863975074556139
    },
    "25": {
      "val_acc": 0.6918,
      "gpu_hours": 0.10255708535512288
    },
    "26": {
      "val_acc": 0.6955,
      "gpu_hours": 0.10647578603691525
    },
    "27": {
      "val_acc": 0.6968,
      "gpu_hours": 0.11041099846363067
    },
    "28": {
      "val_acc": 0.6957,
      "gpu_hours": 0.11433404405911764
    },
    "29": {
      "val_acc": 0.6953,
      "gpu_hours": 0.11826447765032451
    }
  }
}