{
  "trial_number": 53,
  "params": {
    "lr": 0.0006693865925157984,
    "weight_decay": 0.0003605147547140157,
    "batch_size": 128,
    "dropout": 0.47956694274440353,
    "optimizer": "SGD",
    "scheduler": "step",
    "model": "resnet34",
    "momentum": 0.9274738349567399
  },
  "best_val_acc": 0.1047,
  "total_gpu_hours": 0.21576781948407492,
  "slurm_task": 40,
  "parallel_workers": 40,
  "sampler": "random",
  "dataset": "cifar100",
  "device": "cuda",
  "accuracy_thresholds": {},
  "accuracy_curve": {
    "0": {
      "val_acc": 0.0202,
      "gpu_hours": 0.00793687515788608
    },
    "1": {
      "val_acc": 0.0257,
      "gpu_hours": 0.015107166965802511
    },
    "2": {
      "val_acc": 0.0314,
      "gpu_hours": 0.022274585233794317
    },
    "3": {
      "val_acc": 0.0378,
      "gpu_hours": 0.02943722969955868
    },
    "4": {
      "val_acc": 0.0437,
      "gpu_hours": 0.036601675417688155
    },
    "5": {
      "val_acc": 0.0466,
      "gpu_hours": 0.043766073783238726
    },
    "6": {
      "val_acc": 0.0524,
      "gpu_hours": 0.05093912515375349
    },
    "7": {
      "val_acc": 0.0558,
      "gpu_hours": 0.05810553034146627
    },
    "8": {
      "val_acc": 0.0617,
      "gpu_hours": 0.06527538021405538
    },
    "9": {
      "val_acc": 0.0609,
      "gpu_hours": 0.07243935545285543
    },
    "10": {
      "val_acc": 0.0671,
      "gpu_hours": 0.07960899392763773
    },
    "11": {
      "val_acc": 0.0665,
      "gpu_hours": 0.08677758600976732
    },
    "12": {
      "val_acc": 0.0706,
      "gpu_hours": 0.09394441929128435
    },
    "13": {
      "val_acc": 0.0715,
      "gpu_hours": 0.10110916038354238
    },
    "14": {
      "val_acc": 0.0746,
      "gpu_hours": 0.10827630082766215
    },
    "15": {
      "val_acc": 0.0791,
      "gpu_hours": 0.11544043832355075
    },
    "16": {
      "val_acc": 0.0805,
      "gpu_hours": 0.12260910848776499
    },
    "17": {
      "val_acc": 0.0886,
      "gpu_hours": 0.1297771586974462
    },
    "18": {
      "val_acc": 0.0912,
      "gpu_hours": 0.13693937215540145
    },
    "19": {
      "val_acc": 0.0944,
      "gpu_hours": 0.1441094813744227
    },
    "20": {
      "val_acc": 0.0937,
      "gpu_hours": 0.15127542952696482
    },
    "21": {
      "val_acc": 0.0937,
      "gpu_hours": 0.15844322641690572
    },
    "22": {
      "val_acc": 0.0963,
      "gpu_hours": 0.16561091072029538
    },
    "23": {
      "val_acc": 0.0962,
      "gpu_hours": 0.17278250336647033
    },
    "24": {
      "val_acc": 0.0987,
      "gpu_hours": 0.17994751744800144
    },
    "25": {
      "val_acc": 0.1008,
      "gpu_hours": 0.18711494776937695
    },
    "26": {
      "val_acc": 0.1019,
      "gpu_hours": 0.19428124381436243
    },
    "27": {
      "val_acc": 0.1035,
      "gpu_hours": 0.20144971748193105
    },
    "28": {
      "val_acc": 0.1023,
      "gpu_hours": 0.20861079944504632
    },
    "29": {
      "val_acc": 0.1047,
      "gpu_hours": 0.21576147907310061
    }
  }
}