{
  "trial_number": 65,
  "params": {
    "lr": 0.008473634891351767,
    "weight_decay": 0.00014271963418955493,
    "batch_size": 128,
    "dropout": 0.10723099889571758,
    "optimizer": "AdamW",
    "scheduler": "plateau",
    "model": "resnet34"
  },
  "best_val_acc": 0.5322,
  "total_gpu_hours": 0.2193874982992808,
  "slurm_task": 31,
  "parallel_workers": 40,
  "sampler": "random",
  "dataset": "cifar100",
  "device": "cuda",
  "accuracy_thresholds": {},
  "accuracy_curve": {
    "0": {
      "val_acc": 0.0799,
      "gpu_hours": 0.00796530180507236
    },
    "1": {
      "val_acc": 0.1585,
      "gpu_hours": 0.01525293442938063
    },
    "2": {
      "val_acc": 0.2267,
      "gpu_hours": 0.022539069520102605
    },
    "3": {
      "val_acc": 0.3125,
      "gpu_hours": 0.029823071360588073
    },
    "4": {
      "val_acc": 0.3834,
      "gpu_hours": 0.0371124345726437
    },
    "5": {
      "val_acc": 0.4722,
      "gpu_hours": 0.044400523437394035
    },
    "6": {
      "val_acc": 0.4932,
      "gpu_hours": 0.05168943166732788
    },
    "7": {
      "val_acc": 0.5005,
      "gpu_hours": 0.058978666265805564
    },
    "8": {
      "val_acc": 0.5153,
      "gpu_hours": 0.06626832147439321
    },
    "9": {
      "val_acc": 0.5251,
      "gpu_hours": 0.0735668506887224
    },
    "10": {
      "val_acc": 0.5268,
      "gpu_hours": 0.08086536314752367
    },
    "11": {
      "val_acc": 0.529,
      "gpu_hours": 0.0881589576933119
    },
    "12": {
      "val_acc": 0.5301,
      "gpu_hours": 0.09545549094676971
    },
    "13": {
      "val_acc": 0.5287,
      "gpu_hours": 0.1027458957168791
    },
    "14": {
      "val_acc": 0.5307,
      "gpu_hours": 0.11003301348951128
    },
    "15": {
      "val_acc": 0.5303,
      "gpu_hours": 0.1173221457666821
    },
    "16": {
      "val_acc": 0.5304,
      "gpu_hours": 0.12460901551776463
    },
    "17": {
      "val_acc": 0.53,
      "gpu_hours": 0.13189505385027991
    },
    "18": {
      "val_acc": 0.531,
      "gpu_hours": 0.13918515781561533
    },
    "19": {
      "val_acc": 0.5322,
      "gpu_hours": 0.14647215922673543
    },
    "20": {
      "val_acc": 0.5307,
      "gpu_hours": 0.15375591662194993
    },
    "21": {
      "val_acc": 0.5299,
      "gpu_hours": 0.16104408548937904
    },
    "22": {
      "val_acc": 0.5279,
      "gpu_hours": 0.16833548208077748
    },
    "23": {
      "val_acc": 0.532,
      "gpu_hours": 0.17562567287021214
    },
    "24": {
      "val_acc": 0.529,
      "gpu_hours": 0.18292110131846534
    },
    "25": {
      "val_acc": 0.5296,
      "gpu_hours": 0.19021292666594186
    },
    "26": {
      "val_acc": 0.5314,
      "gpu_hours": 0.19750589264763727
    },
    "27": {
      "val_acc": 0.5314,
      "gpu_hours": 0.20479803409841327
    },
    "28": {
      "val_acc": 0.5306,
      "gpu_hours": 0.21209157201978895
    },
    "29": {
      "val_acc": 0.5309,
      "gpu_hours": 0.21938171174791124
    }
  }
}