{
  "trial_number": 50,
  "params": {
    "lr": 0.0008725136690969743,
    "weight_decay": 0.0035710846922779073,
    "batch_size": 64,
    "dropout": 0.262051751332057,
    "optimizer": "SGD",
    "scheduler": "step",
    "model": "efficientnet_b0",
    "momentum": 0.9392106456922382
  },
  "best_val_acc": 0.1506,
  "total_gpu_hours": 0.09693423178460862,
  "slurm_task": 8,
  "parallel_workers": 40,
  "sampler": "random",
  "dataset": "cifar100",
  "device": "cuda",
  "accuracy_thresholds": {},
  "accuracy_curve": {
    "0": {
      "val_acc": 0.0119,
      "gpu_hours": 0.00353217707739936
    },
    "1": {
      "val_acc": 0.0127,
      "gpu_hours": 0.00675878902276357
    },
    "2": {
      "val_acc": 0.013,
      "gpu_hours": 0.009973584016164144
    },
    "3": {
      "val_acc": 0.0128,
      "gpu_hours": 0.013197655214203729
    },
    "4": {
      "val_acc": 0.0151,
      "gpu_hours": 0.016419064071443345
    },
    "5": {
      "val_acc": 0.0164,
      "gpu_hours": 0.019641712374157377
    },
    "6": {
      "val_acc": 0.0217,
      "gpu_hours": 0.022864629758728876
    },
    "7": {
      "val_acc": 0.0302,
      "gpu_hours": 0.026082724862628512
    },
    "8": {
      "val_acc": 0.0456,
      "gpu_hours": 0.02930917786227332
    },
    "9": {
      "val_acc": 0.0626,
      "gpu_hours": 0.03253728270530701
    },
    "10": {
      "val_acc": 0.0718,
      "gpu_hours": 0.0357613088687261
    },
    "11": {
      "val_acc": 0.0797,
      "gpu_hours": 0.03898340158992344
    },
    "12": {
      "val_acc": 0.0836,
      "gpu_hours": 0.042207923663987054
    },
    "13": {
      "val_acc": 0.0901,
      "gpu_hours": 0.04542783856391907
    },
    "14": {
      "val_acc": 0.097,
      "gpu_hours": 0.048644429975085786
    },
    "15": {
      "val_acc": 0.1038,
      "gpu_hours": 0.051863930490281845
    },
    "16": {
      "val_acc": 0.1135,
      "gpu_hours": 0.05508669462468889
    },
    "17": {
      "val_acc": 0.1137,
      "gpu_hours": 0.05831313278939989
    },
    "18": {
      "val_acc": 0.1235,
      "gpu_hours": 0.061540252698792354
    },
    "19": {
      "val_acc": 0.131,
      "gpu_hours": 0.06475989984141456
    },
    "20": {
      "val_acc": 0.1304,
      "gpu_hours": 0.0679864932431115
    },
    "21": {
      "val_acc": 0.1311,
      "gpu_hours": 0.07121378262837728
    },
    "22": {
      "val_acc": 0.1331,
      "gpu_hours": 0.07443853676319122
    },
    "23": {
      "val_acc": 0.1422,
      "gpu_hours": 0.07766513466835022
    },
    "24": {
      "val_acc": 0.1388,
      "gpu_hours": 0.08088665829764471
    },
    "25": {
      "val_acc": 0.14,
      "gpu_hours": 0.08410645690229204
    },
    "26": {
      "val_acc": 0.144,
      "gpu_hours": 0.08733840591377683
    },
    "27": {
      "val_acc": 0.1451,
      "gpu_hours": 0.09056942449675666
    },
    "28": {
      "val_acc": 0.1475,
      "gpu_hours": 0.09379657725493114
    },
    "29": {
      "val_acc": 0.1506,
      "gpu_hours": 0.09692730671829647
    }
  }
}