{
  "trial_number": 43,
  "params": {
    "lr": 0.0023082532859770035,
    "weight_decay": 5.604167295034012e-06,
    "batch_size": 64,
    "dropout": 0.04099391537555552,
    "optimizer": "AdamW",
    "scheduler": "cosine",
    "model": "efficientnet_b0"
  },
  "best_val_acc": 0.3889,
  "total_gpu_hours": 0.10007524324787988,
  "slurm_task": 6,
  "parallel_workers": 40,
  "sampler": "random",
  "dataset": "cifar100",
  "device": "cuda",
  "accuracy_thresholds": {},
  "accuracy_curve": {
    "0": {
      "val_acc": 0.0508,
      "gpu_hours": 0.003733230431874593
    },
    "1": {
      "val_acc": 0.0792,
      "gpu_hours": 0.007094346814685398
    },
    "2": {
      "val_acc": 0.1106,
      "gpu_hours": 0.010406144658724466
    },
    "3": {
      "val_acc": 0.1258,
      "gpu_hours": 0.013722738358709546
    },
    "4": {
      "val_acc": 0.1406,
      "gpu_hours": 0.017028917935159472
    },
    "5": {
      "val_acc": 0.1645,
      "gpu_hours": 0.020358362197875977
    },
    "6": {
      "val_acc": 0.196,
      "gpu_hours": 0.023675163520707025
    },
    "7": {
      "val_acc": 0.2182,
      "gpu_hours": 0.026998601423369514
    },
    "8": {
      "val_acc": 0.2436,
      "gpu_hours": 0.030329200691647
    },
    "9": {
      "val_acc": 0.2505,
      "gpu_hours": 0.03364371332857344
    },
    "10": {
      "val_acc": 0.2707,
      "gpu_hours": 0.036959520445929636
    },
    "11": {
      "val_acc": 0.2859,
      "gpu_hours": 0.04027826898627811
    },
    "12": {
      "val_acc": 0.29,
      "gpu_hours": 0.043610611624187896
    },
    "13": {
      "val_acc": 0.3007,
      "gpu_hours": 0.04692041171921624
    },
    "14": {
      "val_acc": 0.3079,
      "gpu_hours": 0.050238961312505936
    },
    "15": {
      "val_acc": 0.3189,
      "gpu_hours": 0.053556854724884036
    },
    "16": {
      "val_acc": 0.3405,
      "gpu_hours": 0.05687307669056786
    },
    "17": {
      "val_acc": 0.3427,
      "gpu_hours": 0.06019279128975338
    },
    "18": {
      "val_acc": 0.3468,
      "gpu_hours": 0.06352385222911834
    },
    "19": {
      "val_acc": 0.3567,
      "gpu_hours": 0.06684219843811459
    },
    "20": {
      "val_acc": 0.3634,
      "gpu_hours": 0.0701657505830129
    },
    "21": {
      "val_acc": 0.3725,
      "gpu_hours": 0.07348083178202311
    },
    "22": {
      "val_acc": 0.3732,
      "gpu_hours": 0.0768050797118081
    },
    "23": {
      "val_acc": 0.376,
      "gpu_hours": 0.08013284352090623
    },
    "24": {
      "val_acc": 0.3793,
      "gpu_hours": 0.0834568825032976
    },
    "25": {
      "val_acc": 0.3794,
      "gpu_hours": 0.08678037358654869
    },
    "26": {
      "val_acc": 0.3889,
      "gpu_hours": 0.09009053230285645
    },
    "27": {
      "val_acc": 0.3855,
      "gpu_hours": 0.09341966880692376
    },
    "28": {
      "val_acc": 0.3867,
      "gpu_hours": 0.09674366513888041
    },
    "29": {
      "val_acc": 0.3886,
      "gpu_hours": 0.10006720622380574
    }
  }
}