{
  "trial_number": 4,
  "params": {
    "lr": 0.059170514656475756,
    "weight_decay": 4.280379960396374e-06,
    "batch_size": 64,
    "dropout": 0.1409698834314564,
    "optimizer": "Adam",
    "scheduler": "cosine",
    "model": "resnet34"
  },
  "best_val_acc": 0.2184,
  "total_gpu_hours": 0.07112292183770073,
  "slurm_task": 17,
  "parallel_workers": 40,
  "sampler": "random",
  "dataset": "cifar100",
  "device": "cuda",
  "accuracy_thresholds": {},
  "accuracy_curve": {
    "0": {
      "val_acc": 0.0149,
      "gpu_hours": 0.0037949183914396498
    },
    "1": {
      "val_acc": 0.0461,
      "gpu_hours": 0.0061149209075503875
    },
    "2": {
      "val_acc": 0.0771,
      "gpu_hours": 0.0084475839138031
    },
    "3": {
      "val_acc": 0.0483,
      "gpu_hours": 0.01078035248650445
    },
    "4": {
      "val_acc": 0.0812,
      "gpu_hours": 0.013102708260218303
    },
    "5": {
      "val_acc": 0.0774,
      "gpu_hours": 0.015428376926316155
    },
    "6": {
      "val_acc": 0.0874,
      "gpu_hours": 0.017771717243724398
    },
    "7": {
      "val_acc": 0.1026,
      "gpu_hours": 0.020103714068730672
    },
    "8": {
      "val_acc": 0.086,
      "gpu_hours": 0.022427171998553805
    },
    "9": {
      "val_acc": 0.1105,
      "gpu_hours": 0.024754221571816337
    },
    "10": {
      "val_acc": 0.0992,
      "gpu_hours": 0.027088819742202758
    },
    "11": {
      "val_acc": 0.109,
      "gpu_hours": 0.02940673139360216
    },
    "12": {
      "val_acc": 0.0987,
      "gpu_hours": 0.031734235750304325
    },
    "13": {
      "val_acc": 0.1174,
      "gpu_hours": 0.03406138645278083
    },
    "14": {
      "val_acc": 0.1298,
      "gpu_hours": 0.03639667557345496
    },
    "15": {
      "val_acc": 0.1334,
      "gpu_hours": 0.03872695638073815
    },
    "16": {
      "val_acc": 0.1406,
      "gpu_hours": 0.041059756808810764
    },
    "17": {
      "val_acc": 0.143,
      "gpu_hours": 0.04337983813550737
    },
    "18": {
      "val_acc": 0.1557,
      "gpu_hours": 0.045704857773251006
    },
    "19": {
      "val_acc": 0.1543,
      "gpu_hours": 0.048020571536488005
    },
    "20": {
      "val_acc": 0.1579,
      "gpu_hours": 0.05032043006685045
    },
    "21": {
      "val_acc": 0.173,
      "gpu_hours": 0.05262645443280538
    },
    "22": {
      "val_acc": 0.1838,
      "gpu_hours": 0.054925879968537226
    },
    "23": {
      "val_acc": 0.1876,
      "gpu_hours": 0.05723203599452972
    },
    "24": {
      "val_acc": 0.1894,
      "gpu_hours": 0.05953248606787787
    },
    "25": {
      "val_acc": 0.2077,
      "gpu_hours": 0.06184038394027286
    },
    "26": {
      "val_acc": 0.2107,
      "gpu_hours": 0.06415028731028238
    },
    "27": {
      "val_acc": 0.2155,
      "gpu_hours": 0.06645636936028798
    },
    "28": {
      "val_acc": 0.2184,
      "gpu_hours": 0.06881206605169508
    },
    "29": {
      "val_acc": 0.2175,
      "gpu_hours": 0.07111550377474891
    }
  }
}