{
  "trial_number": 62,
  "params": {
    "lr": 0.03135959969767538,
    "weight_decay": 5.906785965924102e-05,
    "batch_size": 64,
    "dropout": 0.3899012513986149,
    "optimizer": "Adam",
    "scheduler": "plateau",
    "model": "efficientnet_b0"
  },
  "best_val_acc": 0.045,
  "total_gpu_hours": 0.17617447733879088,
  "slurm_task": 34,
  "parallel_workers": 40,
  "sampler": "random",
  "dataset": "cifar100",
  "device": "cuda",
  "accuracy_thresholds": {},
  "accuracy_curve": {
    "0": {
      "val_acc": 0.01,
      "gpu_hours": 0.006376095612843831
    },
    "1": {
      "val_acc": 0.01,
      "gpu_hours": 0.012193991740544637
    },
    "2": {
      "val_acc": 0.0108,
      "gpu_hours": 0.017900077833069697
    },
    "3": {
      "val_acc": 0.0096,
      "gpu_hours": 0.02366034686565399
    },
    "4": {
      "val_acc": 0.0107,
      "gpu_hours": 0.029486648705270554
    },
    "5": {
      "val_acc": 0.0101,
      "gpu_hours": 0.03543472442362044
    },
    "6": {
      "val_acc": 0.0103,
      "gpu_hours": 0.041179999245537655
    },
    "7": {
      "val_acc": 0.0122,
      "gpu_hours": 0.04692823098765479
    },
    "8": {
      "val_acc": 0.01,
      "gpu_hours": 0.05281886047787136
    },
    "9": {
      "val_acc": 0.0101,
      "gpu_hours": 0.058683767451180355
    },
    "10": {
      "val_acc": 0.0198,
      "gpu_hours": 0.06455281423197852
    },
    "11": {
      "val_acc": 0.0248,
      "gpu_hours": 0.0704648310608334
    },
    "12": {
      "val_acc": 0.0383,
      "gpu_hours": 0.07637278868092431
    },
    "13": {
      "val_acc": 0.0439,
      "gpu_hours": 0.08228139619032541
    },
    "14": {
      "val_acc": 0.0381,
      "gpu_hours": 0.08815794918272231
    },
    "15": {
      "val_acc": 0.0398,
      "gpu_hours": 0.09405937208069695
    },
    "16": {
      "val_acc": 0.0431,
      "gpu_hours": 0.0999831000301573
    },
    "17": {
      "val_acc": 0.0447,
      "gpu_hours": 0.10590069472789765
    },
    "18": {
      "val_acc": 0.0437,
      "gpu_hours": 0.11177495181560516
    },
    "19": {
      "val_acc": 0.043,
      "gpu_hours": 0.11764304770363701
    },
    "20": {
      "val_acc": 0.0425,
      "gpu_hours": 0.12351672497060563
    },
    "21": {
      "val_acc": 0.0444,
      "gpu_hours": 0.12930506977770065
    },
    "22": {
      "val_acc": 0.0442,
      "gpu_hours": 0.13510901709397635
    },
    "23": {
      "val_acc": 0.0437,
      "gpu_hours": 0.1409081510702769
    },
    "24": {
      "val_acc": 0.0429,
      "gpu_hours": 0.14674579560756684
    },
    "25": {
      "val_acc": 0.0447,
      "gpu_hours": 0.15269143223762513
    },
    "26": {
      "val_acc": 0.0441,
      "gpu_hours": 0.15865372273657058
    },
    "27": {
      "val_acc": 0.0411,
      "gpu_hours": 0.16459371354844834
    },
    "28": {
      "val_acc": 0.045,
      "gpu_hours": 0.17041838434007434
    },
    "29": {
      "val_acc": 0.0446,
      "gpu_hours": 0.17616888794634078
    }
  }
}