{
  "trial_number": 33,
  "params": {
    "lr": 0.0001394901953554011,
    "weight_decay": 0.0005294830421905366,
    "batch_size": 256,
    "dropout": 0.22200991210964466,
    "optimizer": "SGD",
    "scheduler": "plateau",
    "model": "resnet18",
    "momentum": 0.855631679635897
  },
  "best_val_acc": 0.0258,
  "total_gpu_hours": 0.11865889926751455,
  "slurm_task": 36,
  "parallel_workers": 40,
  "sampler": "random",
  "dataset": "cifar100",
  "device": "cuda",
  "accuracy_thresholds": {},
  "accuracy_curve": {
    "0": {
      "val_acc": 0.0101,
      "gpu_hours": 0.004535016947322421
    },
    "1": {
      "val_acc": 0.0125,
      "gpu_hours": 0.008462281823158264
    },
    "2": {
      "val_acc": 0.0151,
      "gpu_hours": 0.01238532496823205
    },
    "3": {
      "val_acc": 0.0205,
      "gpu_hours": 0.01631161206298404
    },
    "4": {
      "val_acc": 0.0237,
      "gpu_hours": 0.020244424343109132
    },
    "5": {
      "val_acc": 0.0244,
      "gpu_hours": 0.024170706537034778
    },
    "6": {
      "val_acc": 0.0237,
      "gpu_hours": 0.028092969589763216
    },
    "7": {
      "val_acc": 0.0247,
      "gpu_hours": 0.032017329401440094
    },
    "8": {
      "val_acc": 0.0253,
      "gpu_hours": 0.035953590008947586
    },
    "9": {
      "val_acc": 0.0258,
      "gpu_hours": 0.03988707701365153
    },
    "10": {
      "val_acc": 0.0252,
      "gpu_hours": 0.04381426513195038
    },
    "11": {
      "val_acc": 0.0254,
      "gpu_hours": 0.047748468187120224
    },
    "12": {
      "val_acc": 0.0249,
      "gpu_hours": 0.05168369915750291
    },
    "13": {
      "val_acc": 0.0256,
      "gpu_hours": 0.055614422228601246
    },
    "14": {
      "val_acc": 0.0254,
      "gpu_hours": 0.05954740418328179
    },
    "15": {
      "val_acc": 0.0246,
      "gpu_hours": 0.06348174565368228
    },
    "16": {
      "val_acc": 0.0255,
      "gpu_hours": 0.06742910087108613
    },
    "17": {
      "val_acc": 0.0253,
      "gpu_hours": 0.07140251477559408
    },
    "18": {
      "val_acc": 0.025,
      "gpu_hours": 0.07533751587073008
    },
    "19": {
      "val_acc": 0.0249,
      "gpu_hours": 0.0792743640475803
    },
    "20": {
      "val_acc": 0.0253,
      "gpu_hours": 0.08321143143706851
    },
    "21": {
      "val_acc": 0.0254,
      "gpu_hours": 0.08715027305814955
    },
    "22": {
      "val_acc": 0.0247,
      "gpu_hours": 0.09108425650331708
    },
    "23": {
      "val_acc": 0.025,
      "gpu_hours": 0.09503426108095381
    },
    "24": {
      "val_acc": 0.0255,
      "gpu_hours": 0.09898350656032562
    },
    "25": {
      "val_acc": 0.025,
      "gpu_hours": 0.10293431772126092
    },
    "26": {
      "val_acc": 0.0258,
      "gpu_hours": 0.106866039302614
    },
    "27": {
      "val_acc": 0.0255,
      "gpu_hours": 0.11080884787771438
    },
    "28": {
      "val_acc": 0.0255,
      "gpu_hours": 0.11473073820273082
    },
    "29": {
      "val_acc": 0.0249,
      "gpu_hours": 0.1186526276005639
    }
  }
}