{
  "trial_number": 80,
  "params": {
    "lr": 0.02729798893490971,
    "weight_decay": 3.1027527123103826e-05,
    "batch_size": 64,
    "dropout": 0.14526209808023477,
    "optimizer": "AdamW",
    "scheduler": "plateau",
    "model": "efficientnet_b1"
  },
  "best_val_acc": 0.0775,
  "total_gpu_hours": 0.2354453343153,
  "slurm_task": 38,
  "parallel_workers": 40,
  "sampler": "random",
  "dataset": "cifar100",
  "device": "cuda",
  "accuracy_thresholds": {},
  "accuracy_curve": {
    "0": {
      "val_acc": 0.01,
      "gpu_hours": 0.008329488105244106
    },
    "1": {
      "val_acc": 0.0136,
      "gpu_hours": 0.016196881996260747
    },
    "2": {
      "val_acc": 0.0096,
      "gpu_hours": 0.024045720431539748
    },
    "3": {
      "val_acc": 0.0124,
      "gpu_hours": 0.03191782911618551
    },
    "4": {
      "val_acc": 0.0281,
      "gpu_hours": 0.03976970699098375
    },
    "5": {
      "val_acc": 0.0223,
      "gpu_hours": 0.04769267883565691
    },
    "6": {
      "val_acc": 0.0273,
      "gpu_hours": 0.05565189811918471
    },
    "7": {
      "val_acc": 0.0436,
      "gpu_hours": 0.06360115826129914
    },
    "8": {
      "val_acc": 0.0503,
      "gpu_hours": 0.07154270940356784
    },
    "9": {
      "val_acc": 0.0436,
      "gpu_hours": 0.07947377185026805
    },
    "10": {
      "val_acc": 0.0559,
      "gpu_hours": 0.08741957187652588
    },
    "11": {
      "val_acc": 0.0694,
      "gpu_hours": 0.09535899394088321
    },
    "12": {
      "val_acc": 0.0715,
      "gpu_hours": 0.10330694841014014
    },
    "13": {
      "val_acc": 0.0696,
      "gpu_hours": 0.11125196331077152
    },
    "14": {
      "val_acc": 0.0534,
      "gpu_hours": 0.11919172962506612
    },
    "15": {
      "val_acc": 0.077,
      "gpu_hours": 0.12715087115764617
    },
    "16": {
      "val_acc": 0.0772,
      "gpu_hours": 0.13479473213354745
    },
    "17": {
      "val_acc": 0.0603,
      "gpu_hours": 0.1424723403983646
    },
    "18": {
      "val_acc": 0.0552,
      "gpu_hours": 0.15024027605851492
    },
    "19": {
      "val_acc": 0.0769,
      "gpu_hours": 0.15799445973502266
    },
    "20": {
      "val_acc": 0.0544,
      "gpu_hours": 0.16573845432864295
    },
    "21": {
      "val_acc": 0.0494,
      "gpu_hours": 0.17348084449768067
    },
    "22": {
      "val_acc": 0.074,
      "gpu_hours": 0.18120464768674638
    },
    "23": {
      "val_acc": 0.066,
      "gpu_hours": 0.18895233048333063
    },
    "24": {
      "val_acc": 0.0775,
      "gpu_hours": 0.19668673329883152
    },
    "25": {
      "val_acc": 0.0762,
      "gpu_hours": 0.20443424701690674
    },
    "26": {
      "val_acc": 0.0775,
      "gpu_hours": 0.21216139316558838
    },
    "27": {
      "val_acc": 0.0746,
      "gpu_hours": 0.21993543869919246
    },
    "28": {
      "val_acc": 0.0638,
      "gpu_hours": 0.22767953640884822
    },
    "29": {
      "val_acc": 0.0526,
      "gpu_hours": 0.23543977346685196
    }
  }
}