{
  "trial_number": 94,
  "params": {
    "lr": 0.076967536641328,
    "weight_decay": 7.904676701777381e-06,
    "batch_size": 256,
    "dropout": 0.4813909497145371,
    "optimizer": "Adam",
    "scheduler": "step",
    "model": "efficientnet_b1"
  },
  "best_val_acc": 0.0156,
  "total_gpu_hours": 0.08640491081608666,
  "slurm_task": 20,
  "parallel_workers": 40,
  "sampler": "random",
  "dataset": "cifar100",
  "device": "cuda",
  "accuracy_thresholds": {},
  "accuracy_curve": {
    "0": {
      "val_acc": 0.01,
      "gpu_hours": 0.0033495662609736125
    },
    "1": {
      "val_acc": 0.0082,
      "gpu_hours": 0.006214113963974846
    },
    "2": {
      "val_acc": 0.01,
      "gpu_hours": 0.009094034632047018
    },
    "3": {
      "val_acc": 0.01,
      "gpu_hours": 0.01197242948744032
    },
    "4": {
      "val_acc": 0.01,
      "gpu_hours": 0.014832920299635993
    },
    "5": {
      "val_acc": 0.01,
      "gpu_hours": 0.017674972282515633
    },
    "6": {
      "val_acc": 0.01,
      "gpu_hours": 0.020536216961012946
    },
    "7": {
      "val_acc": 0.0115,
      "gpu_hours": 0.02338564866118961
    },
    "8": {
      "val_acc": 0.0103,
      "gpu_hours": 0.026242028408580358
    },
    "9": {
      "val_acc": 0.01,
      "gpu_hours": 0.02911168403095669
    },
    "10": {
      "val_acc": 0.0112,
      "gpu_hours": 0.03196564628018273
    },
    "11": {
      "val_acc": 0.0156,
      "gpu_hours": 0.034801861113972134
    },
    "12": {
      "val_acc": 0.0131,
      "gpu_hours": 0.03767692294385698
    },
    "13": {
      "val_acc": 0.01,
      "gpu_hours": 0.0405453892548879
    },
    "14": {
      "val_acc": 0.0141,
      "gpu_hours": 0.04345342344707913
    },
    "15": {
      "val_acc": 0.01,
      "gpu_hours": 0.04631589260366228
    },
    "16": {
      "val_acc": 0.0101,
      "gpu_hours": 0.04919451812903086
    },
    "17": {
      "val_acc": 0.0126,
      "gpu_hours": 0.052078953981399535
    },
    "18": {
      "val_acc": 0.0126,
      "gpu_hours": 0.054948725899060566
    },
    "19": {
      "val_acc": 0.01,
      "gpu_hours": 0.057812269462479485
    },
    "20": {
      "val_acc": 0.01,
      "gpu_hours": 0.060646704766485426
    },
    "21": {
      "val_acc": 0.0101,
      "gpu_hours": 0.0634996944003635
    },
    "22": {
      "val_acc": 0.0104,
      "gpu_hours": 0.06638622456126743
    },
    "23": {
      "val_acc": 0.01,
      "gpu_hours": 0.06924544162220425
    },
    "24": {
      "val_acc": 0.0133,
      "gpu_hours": 0.07210062437587314
    },
    "25": {
      "val_acc": 0.0155,
      "gpu_hours": 0.07496331797705756
    },
    "26": {
      "val_acc": 0.014,
      "gpu_hours": 0.07781848298178778
    },
    "27": {
      "val_acc": 0.0108,
      "gpu_hours": 0.08065775440798865
    },
    "28": {
      "val_acc": 0.01,
      "gpu_hours": 0.08354338473743862
    },
    "29": {
      "val_acc": 0.0091,
      "gpu_hours": 0.08639886531564925
    }
  }
}