{
  "trial_number": 110,
  "params": {
    "lr": 0.022197961285320002,
    "weight_decay": 0.0002934139652329253,
    "batch_size": 64,
    "dropout": 0.3726605270001936,
    "optimizer": "Adam",
    "scheduler": "plateau",
    "model": "resnet34"
  },
  "best_val_acc": 0.1609,
  "total_gpu_hours": 0.23370625469419692,
  "slurm_task": 30,
  "parallel_workers": 40,
  "sampler": "random",
  "dataset": "cifar100",
  "device": "cuda",
  "accuracy_thresholds": {},
  "accuracy_curve": {
    "0": {
      "val_acc": 0.038,
      "gpu_hours": 0.008308461573388841
    },
    "1": {
      "val_acc": 0.0199,
      "gpu_hours": 0.0160853472020891
    },
    "2": {
      "val_acc": 0.0175,
      "gpu_hours": 0.023865263594521416
    },
    "3": {
      "val_acc": 0.0139,
      "gpu_hours": 0.031645771265029904
    },
    "4": {
      "val_acc": 0.0174,
      "gpu_hours": 0.03941790242989858
    },
    "5": {
      "val_acc": 0.0132,
      "gpu_hours": 0.04719249977005852
    },
    "6": {
      "val_acc": 0.0701,
      "gpu_hours": 0.054973615407943724
    },
    "7": {
      "val_acc": 0.0498,
      "gpu_hours": 0.06275262739923265
    },
    "8": {
      "val_acc": 0.0443,
      "gpu_hours": 0.07054138541221619
    },
    "9": {
      "val_acc": 0.0347,
      "gpu_hours": 0.07832581063111622
    },
    "10": {
      "val_acc": 0.1173,
      "gpu_hours": 0.08609949668248494
    },
    "11": {
      "val_acc": 0.1283,
      "gpu_hours": 0.0938812698258294
    },
    "12": {
      "val_acc": 0.1342,
      "gpu_hours": 0.10165521985954709
    },
    "13": {
      "val_acc": 0.1396,
      "gpu_hours": 0.10942978726492988
    },
    "14": {
      "val_acc": 0.1518,
      "gpu_hours": 0.11719968153370751
    },
    "15": {
      "val_acc": 0.1515,
      "gpu_hours": 0.12496993515226576
    },
    "16": {
      "val_acc": 0.1528,
      "gpu_hours": 0.1327416385544671
    },
    "17": {
      "val_acc": 0.1605,
      "gpu_hours": 0.1405131505595313
    },
    "18": {
      "val_acc": 0.156,
      "gpu_hours": 0.14828922159141963
    },
    "19": {
      "val_acc": 0.158,
      "gpu_hours": 0.1560625884268019
    },
    "20": {
      "val_acc": 0.158,
      "gpu_hours": 0.16383107953601414
    },
    "21": {
      "val_acc": 0.157,
      "gpu_hours": 0.17160268293486702
    },
    "22": {
      "val_acc": 0.1573,
      "gpu_hours": 0.17936193770832487
    },
    "23": {
      "val_acc": 0.1601,
      "gpu_hours": 0.18712718705336254
    },
    "24": {
      "val_acc": 0.1591,
      "gpu_hours": 0.19489091568522984
    },
    "25": {
      "val_acc": 0.1554,
      "gpu_hours": 0.20265405668152703
    },
    "26": {
      "val_acc": 0.1579,
      "gpu_hours": 0.21042009525828892
    },
    "27": {
      "val_acc": 0.1609,
      "gpu_hours": 0.21818144533369277
    },
    "28": {
      "val_acc": 0.1595,
      "gpu_hours": 0.22594048062960306
    },
    "29": {
      "val_acc": 0.16,
      "gpu_hours": 0.23370033774111007
    }
  }
}