{
  "trial_number": 66,
  "params": {
    "lr": 0.0004042098387048985,
    "weight_decay": 0.0013746445558919461,
    "batch_size": 64,
    "dropout": 0.4051818581232387,
    "optimizer": "SGD",
    "scheduler": "step",
    "model": "efficientnet_b0",
    "momentum": 0.9362072138207123
  },
  "best_val_acc": 0.016,
  "total_gpu_hours": 0.1626072950495614,
  "slurm_task": 32,
  "parallel_workers": 40,
  "sampler": "random",
  "dataset": "cifar100",
  "device": "cuda",
  "accuracy_thresholds": {},
  "accuracy_curve": {
    "0": {
      "val_acc": 0.011,
      "gpu_hours": 0.006044926775826348
    },
    "1": {
      "val_acc": 0.0108,
      "gpu_hours": 0.011426962349149916
    },
    "2": {
      "val_acc": 0.0106,
      "gpu_hours": 0.016779668397373625
    },
    "3": {
      "val_acc": 0.0095,
      "gpu_hours": 0.022160581747690835
    },
    "4": {
      "val_acc": 0.0126,
      "gpu_hours": 0.02756031460232205
    },
    "5": {
      "val_acc": 0.015,
      "gpu_hours": 0.03297487411234114
    },
    "6": {
      "val_acc": 0.0146,
      "gpu_hours": 0.03838251127137078
    },
    "7": {
      "val_acc": 0.014,
      "gpu_hours": 0.043784390489260354
    },
    "8": {
      "val_acc": 0.0136,
      "gpu_hours": 0.04919437415070004
    },
    "9": {
      "val_acc": 0.0139,
      "gpu_hours": 0.05459043694867028
    },
    "10": {
      "val_acc": 0.0134,
      "gpu_hours": 0.06000197781456841
    },
    "11": {
      "val_acc": 0.0155,
      "gpu_hours": 0.06539015743467542
    },
    "12": {
      "val_acc": 0.0142,
      "gpu_hours": 0.07080203745100233
    },
    "13": {
      "val_acc": 0.0131,
      "gpu_hours": 0.07619664582941267
    },
    "14": {
      "val_acc": 0.0159,
      "gpu_hours": 0.08157868709829119
    },
    "15": {
      "val_acc": 0.0142,
      "gpu_hours": 0.08696373350090451
    },
    "16": {
      "val_acc": 0.0153,
      "gpu_hours": 0.0923705334133572
    },
    "17": {
      "val_acc": 0.0128,
      "gpu_hours": 0.09776878635088602
    },
    "18": {
      "val_acc": 0.014,
      "gpu_hours": 0.1031623543633355
    },
    "19": {
      "val_acc": 0.0147,
      "gpu_hours": 0.10855838782257504
    },
    "20": {
      "val_acc": 0.0155,
      "gpu_hours": 0.11397278282377454
    },
    "21": {
      "val_acc": 0.0139,
      "gpu_hours": 0.1193832082218594
    },
    "22": {
      "val_acc": 0.0152,
      "gpu_hours": 0.12478442807992299
    },
    "23": {
      "val_acc": 0.0154,
      "gpu_hours": 0.13018935779730478
    },
    "24": {
      "val_acc": 0.0151,
      "gpu_hours": 0.13559757040606604
    },
    "25": {
      "val_acc": 0.0143,
      "gpu_hours": 0.14099031766255696
    },
    "26": {
      "val_acc": 0.016,
      "gpu_hours": 0.14640335798263548
    },
    "27": {
      "val_acc": 0.0142,
      "gpu_hours": 0.1518100694153044
    },
    "28": {
      "val_acc": 0.015,
      "gpu_hours": 0.15719910913043553
    },
    "29": {
      "val_acc": 0.0152,
      "gpu_hours": 0.16260160386562347
    }
  }
}