{
  "trial_number": 52,
  "params": {
    "lr": 0.004590109726898731,
    "weight_decay": 3.8458432115618485e-05,
    "batch_size": 128,
    "dropout": 0.250005080497077,
    "optimizer": "AdamW",
    "scheduler": "plateau",
    "model": "efficientnet_b0"
  },
  "best_val_acc": 0.1871,
  "total_gpu_hours": 0.094778869483206,
  "slurm_task": 21,
  "parallel_workers": 40,
  "sampler": "random",
  "dataset": "cifar100",
  "device": "cuda",
  "accuracy_thresholds": {},
  "accuracy_curve": {
    "0": {
      "val_acc": 0.0393,
      "gpu_hours": 0.003801423841052585
    },
    "1": {
      "val_acc": 0.0683,
      "gpu_hours": 0.006950803663995531
    },
    "2": {
      "val_acc": 0.09,
      "gpu_hours": 0.01008286992708842
    },
    "3": {
      "val_acc": 0.112,
      "gpu_hours": 0.013220754663149516
    },
    "4": {
      "val_acc": 0.1251,
      "gpu_hours": 0.016351899239752027
    },
    "5": {
      "val_acc": 0.1595,
      "gpu_hours": 0.01944749606980218
    },
    "6": {
      "val_acc": 0.1706,
      "gpu_hours": 0.022560012737909953
    },
    "7": {
      "val_acc": 0.1701,
      "gpu_hours": 0.025683591564496358
    },
    "8": {
      "val_acc": 0.178,
      "gpu_hours": 0.028783844378259447
    },
    "9": {
      "val_acc": 0.1809,
      "gpu_hours": 0.031909633146391975
    },
    "10": {
      "val_acc": 0.1845,
      "gpu_hours": 0.035038085844781665
    },
    "11": {
      "val_acc": 0.1846,
      "gpu_hours": 0.03815003123548296
    },
    "12": {
      "val_acc": 0.1863,
      "gpu_hours": 0.041298589573966135
    },
    "13": {
      "val_acc": 0.1853,
      "gpu_hours": 0.04441562149259779
    },
    "14": {
      "val_acc": 0.185,
      "gpu_hours": 0.047568489048216075
    },
    "15": {
      "val_acc": 0.1861,
      "gpu_hours": 0.05068736910820007
    },
    "16": {
      "val_acc": 0.1824,
      "gpu_hours": 0.053831303715705874
    },
    "17": {
      "val_acc": 0.1838,
      "gpu_hours": 0.05694964143964979
    },
    "18": {
      "val_acc": 0.1849,
      "gpu_hours": 0.060345064335399205
    },
    "19": {
      "val_acc": 0.1845,
      "gpu_hours": 0.06347104171911876
    },
    "20": {
      "val_acc": 0.1846,
      "gpu_hours": 0.06659171885914272
    },
    "21": {
      "val_acc": 0.1847,
      "gpu_hours": 0.06972688357035318
    },
    "22": {
      "val_acc": 0.1833,
      "gpu_hours": 0.07283501035637326
    },
    "23": {
      "val_acc": 0.183,
      "gpu_hours": 0.0759624437491099
    },
    "24": {
      "val_acc": 0.1855,
      "gpu_hours": 0.07909803642166985
    },
    "25": {
      "val_acc": 0.1856,
      "gpu_hours": 0.08223106496863895
    },
    "26": {
      "val_acc": 0.1846,
      "gpu_hours": 0.0853670123550627
    },
    "27": {
      "val_acc": 0.1871,
      "gpu_hours": 0.08852021952470143
    },
    "28": {
      "val_acc": 0.1855,
      "gpu_hours": 0.09164043380154503
    },
    "29": {
      "val_acc": 0.1852,
      "gpu_hours": 0.09477240979671478
    }
  }
}