{
  "trial_number": 58,
  "params": {
    "lr": 0.0007261728142731342,
    "weight_decay": 5.654044069745086e-06,
    "batch_size": 64,
    "dropout": 0.20383378702992233,
    "optimizer": "AdamW",
    "scheduler": "cosine",
    "model": "resnet34"
  },
  "best_val_acc": 0.7039,
  "total_gpu_hours": 0.23516218913926018,
  "slurm_task": 37,
  "parallel_workers": 40,
  "sampler": "random",
  "dataset": "cifar100",
  "device": "cuda",
  "accuracy_thresholds": {},
  "accuracy_curve": {
    "0": {
      "val_acc": 0.156,
      "gpu_hours": 0.008326213757197063
    },
    "1": {
      "val_acc": 0.2744,
      "gpu_hours": 0.01615335570441352
    },
    "2": {
      "val_acc": 0.3481,
      "gpu_hours": 0.02398129794332716
    },
    "3": {
      "val_acc": 0.3996,
      "gpu_hours": 0.03181857566038768
    },
    "4": {
      "val_acc": 0.4767,
      "gpu_hours": 0.03964450975259145
    },
    "5": {
      "val_acc": 0.4974,
      "gpu_hours": 0.04746344016657935
    },
    "6": {
      "val_acc": 0.5424,
      "gpu_hours": 0.05528788036770291
    },
    "7": {
      "val_acc": 0.5716,
      "gpu_hours": 0.06312274429533217
    },
    "8": {
      "val_acc": 0.5774,
      "gpu_hours": 0.07095645858181847
    },
    "9": {
      "val_acc": 0.6135,
      "gpu_hours": 0.07877755880355836
    },
    "10": {
      "val_acc": 0.6179,
      "gpu_hours": 0.0865988665819168
    },
    "11": {
      "val_acc": 0.6368,
      "gpu_hours": 0.09442437165313297
    },
    "12": {
      "val_acc": 0.6434,
      "gpu_hours": 0.10224067250887553
    },
    "13": {
      "val_acc": 0.6579,
      "gpu_hours": 0.11005697965621948
    },
    "14": {
      "val_acc": 0.6612,
      "gpu_hours": 0.11787511262628768
    },
    "15": {
      "val_acc": 0.6698,
      "gpu_hours": 0.1256960493988461
    },
    "16": {
      "val_acc": 0.6736,
      "gpu_hours": 0.133507722152604
    },
    "17": {
      "val_acc": 0.6776,
      "gpu_hours": 0.14131961908605364
    },
    "18": {
      "val_acc": 0.6874,
      "gpu_hours": 0.14914322959052193
    },
    "19": {
      "val_acc": 0.6833,
      "gpu_hours": 0.1569590695699056
    },
    "20": {
      "val_acc": 0.6902,
      "gpu_hours": 0.16476885007487402
    },
    "21": {
      "val_acc": 0.6958,
      "gpu_hours": 0.17258907503551907
    },
    "22": {
      "val_acc": 0.6916,
      "gpu_hours": 0.18041309747431014
    },
    "23": {
      "val_acc": 0.7001,
      "gpu_hours": 0.18824009458223978
    },
    "24": {
      "val_acc": 0.6968,
      "gpu_hours": 0.19605827112992605
    },
    "25": {
      "val_acc": 0.6908,
      "gpu_hours": 0.20387787441412608
    },
    "26": {
      "val_acc": 0.6956,
      "gpu_hours": 0.21170002937316895
    },
    "27": {
      "val_acc": 0.6996,
      "gpu_hours": 0.2195253660943773
    },
    "28": {
      "val_acc": 0.7039,
      "gpu_hours": 0.22734029670556385
    },
    "29": {
      "val_acc": 0.6858,
      "gpu_hours": 0.23515613787704043
    }
  }
}