{
  "trial_number": 107,
  "params": {
    "lr": 0.004115476988019712,
    "weight_decay": 1.8968595252326444e-06,
    "batch_size": 128,
    "dropout": 0.038282756830497755,
    "optimizer": "Adam",
    "scheduler": "plateau",
    "model": "efficientnet_b1"
  },
  "best_val_acc": 0.1418,
  "total_gpu_hours": 0.12475852436489529,
  "slurm_task": 40,
  "parallel_workers": 40,
  "sampler": "random",
  "dataset": "cifar100",
  "device": "cuda",
  "accuracy_thresholds": {},
  "accuracy_curve": {
    "0": {
      "val_acc": 0.0301,
      "gpu_hours": 0.004716562827428182
    },
    "1": {
      "val_acc": 0.0358,
      "gpu_hours": 0.008879563874668546
    },
    "2": {
      "val_acc": 0.0548,
      "gpu_hours": 0.01303357740243276
    },
    "3": {
      "val_acc": 0.0735,
      "gpu_hours": 0.017191166281700133
    },
    "4": {
      "val_acc": 0.0834,
      "gpu_hours": 0.021347181068526375
    },
    "5": {
      "val_acc": 0.1197,
      "gpu_hours": 0.025512234701050653
    },
    "6": {
      "val_acc": 0.1244,
      "gpu_hours": 0.029679237604141234
    },
    "7": {
      "val_acc": 0.128,
      "gpu_hours": 0.033841075698534645
    },
    "8": {
      "val_acc": 0.134,
      "gpu_hours": 0.03800299518638187
    },
    "9": {
      "val_acc": 0.137,
      "gpu_hours": 0.04215776681900024
    },
    "10": {
      "val_acc": 0.1371,
      "gpu_hours": 0.04632161597410838
    },
    "11": {
      "val_acc": 0.1379,
      "gpu_hours": 0.05048485603597429
    },
    "12": {
      "val_acc": 0.1383,
      "gpu_hours": 0.054648755126529266
    },
    "13": {
      "val_acc": 0.1385,
      "gpu_hours": 0.05881661633650462
    },
    "14": {
      "val_acc": 0.1386,
      "gpu_hours": 0.06298319651020898
    },
    "15": {
      "val_acc": 0.1398,
      "gpu_hours": 0.06712976515293122
    },
    "16": {
      "val_acc": 0.1409,
      "gpu_hours": 0.07129734694957733
    },
    "17": {
      "val_acc": 0.1385,
      "gpu_hours": 0.07545852455827926
    },
    "18": {
      "val_acc": 0.1375,
      "gpu_hours": 0.0796201005909178
    },
    "19": {
      "val_acc": 0.1388,
      "gpu_hours": 0.0837887895769543
    },
    "20": {
      "val_acc": 0.1401,
      "gpu_hours": 0.08793568478690253
    },
    "21": {
      "val_acc": 0.1395,
      "gpu_hours": 0.09209691014554766
    },
    "22": {
      "val_acc": 0.1404,
      "gpu_hours": 0.0962589818239212
    },
    "23": {
      "val_acc": 0.1403,
      "gpu_hours": 0.10032318863603804
    },
    "24": {
      "val_acc": 0.1415,
      "gpu_hours": 0.1044114664528105
    },
    "25": {
      "val_acc": 0.1396,
      "gpu_hours": 0.10847958081298405
    },
    "26": {
      "val_acc": 0.1411,
      "gpu_hours": 0.11255438817871942
    },
    "27": {
      "val_acc": 0.1418,
      "gpu_hours": 0.11662056201034122
    },
    "28": {
      "val_acc": 0.1386,
      "gpu_hours": 0.12068649126423729
    },
    "29": {
      "val_acc": 0.1407,
      "gpu_hours": 0.12475310014353858
    }
  }
}