{
  "trial_number": 114,
  "params": {
    "lr": 0.0005911918463421064,
    "weight_decay": 1.1077875023624054e-06,
    "batch_size": 128,
    "dropout": 0.4775043967143612,
    "optimizer": "Adam",
    "scheduler": "plateau",
    "model": "resnet18"
  },
  "best_val_acc": 0.5855,
  "total_gpu_hours": 0.1257584778467814,
  "slurm_task": 25,
  "parallel_workers": 40,
  "sampler": "random",
  "dataset": "cifar100",
  "device": "cuda",
  "accuracy_thresholds": {},
  "accuracy_curve": {
    "0": {
      "val_acc": 0.1703,
      "gpu_hours": 0.004731094572279188
    },
    "1": {
      "val_acc": 0.2554,
      "gpu_hours": 0.00889439821243286
    },
    "2": {
      "val_acc": 0.3576,
      "gpu_hours": 0.0130881530046463
    },
    "3": {
      "val_acc": 0.3883,
      "gpu_hours": 0.01727760334809621
    },
    "4": {
      "val_acc": 0.4548,
      "gpu_hours": 0.021471912529733447
    },
    "5": {
      "val_acc": 0.5492,
      "gpu_hours": 0.025650221440527175
    },
    "6": {
      "val_acc": 0.5586,
      "gpu_hours": 0.0298458382818434
    },
    "7": {
      "val_acc": 0.5671,
      "gpu_hours": 0.03403184758292304
    },
    "8": {
      "val_acc": 0.5722,
      "gpu_hours": 0.038219596015082465
    },
    "9": {
      "val_acc": 0.5802,
      "gpu_hours": 0.04241490489906735
    },
    "10": {
      "val_acc": 0.5823,
      "gpu_hours": 0.04659102565712399
    },
    "11": {
      "val_acc": 0.5829,
      "gpu_hours": 0.050784588389926485
    },
    "12": {
      "val_acc": 0.5817,
      "gpu_hours": 0.05497525639004178
    },
    "13": {
      "val_acc": 0.5833,
      "gpu_hours": 0.059159155752923756
    },
    "14": {
      "val_acc": 0.5834,
      "gpu_hours": 0.06330339749654135
    },
    "15": {
      "val_acc": 0.5826,
      "gpu_hours": 0.06747034271558126
    },
    "16": {
      "val_acc": 0.5848,
      "gpu_hours": 0.07163374112712012
    },
    "17": {
      "val_acc": 0.5827,
      "gpu_hours": 0.07580241799354553
    },
    "18": {
      "val_acc": 0.5855,
      "gpu_hours": 0.07996026204691993
    },
    "19": {
      "val_acc": 0.5844,
      "gpu_hours": 0.08413194749090407
    },
    "20": {
      "val_acc": 0.5834,
      "gpu_hours": 0.08829612818029192
    },
    "21": {
      "val_acc": 0.5834,
      "gpu_hours": 0.09245799746778276
    },
    "22": {
      "val_acc": 0.5829,
      "gpu_hours": 0.09662330289681753
    },
    "23": {
      "val_acc": 0.5843,
      "gpu_hours": 0.10078866773181491
    },
    "24": {
      "val_acc": 0.5829,
      "gpu_hours": 0.10494171248541938
    },
    "25": {
      "val_acc": 0.5844,
      "gpu_hours": 0.10909764581256443
    },
    "26": {
      "val_acc": 0.5851,
      "gpu_hours": 0.11326219903098213
    },
    "27": {
      "val_acc": 0.5837,
      "gpu_hours": 0.1174338807662328
    },
    "28": {
      "val_acc": 0.5832,
      "gpu_hours": 0.12159129367934333
    },
    "29": {
      "val_acc": 0.584,
      "gpu_hours": 0.1257509183221393
    }
  }
}