{
  "trial_number": 42,
  "params": {
    "lr": 0.0008560308165360968,
    "weight_decay": 0.0018877691427048498,
    "batch_size": 64,
    "dropout": 0.4811550437231104,
    "optimizer": "SGD",
    "scheduler": "step",
    "model": "efficientnet_b1",
    "momentum": 0.8310118398785878
  },
  "best_val_acc": 0.0128,
  "total_gpu_hours": 0.23065772387716504,
  "slurm_task": 34,
  "parallel_workers": 40,
  "sampler": "random",
  "dataset": "cifar100",
  "device": "cuda",
  "accuracy_thresholds": {},
  "accuracy_curve": {
    "0": {
      "val_acc": 0.0084,
      "gpu_hours": 0.008782551950878566
    },
    "1": {
      "val_acc": 0.0097,
      "gpu_hours": 0.01643641385767195
    },
    "2": {
      "val_acc": 0.0106,
      "gpu_hours": 0.024082660145229765
    },
    "3": {
      "val_acc": 0.0125,
      "gpu_hours": 0.031737464467684426
    },
    "4": {
      "val_acc": 0.011,
      "gpu_hours": 0.03942235496309068
    },
    "5": {
      "val_acc": 0.0109,
      "gpu_hours": 0.047069399423069425
    },
    "6": {
      "val_acc": 0.0121,
      "gpu_hours": 0.05473532948229048
    },
    "7": {
      "val_acc": 0.0116,
      "gpu_hours": 0.06239941504266527
    },
    "8": {
      "val_acc": 0.0118,
      "gpu_hours": 0.07004398478402032
    },
    "9": {
      "val_acc": 0.0118,
      "gpu_hours": 0.077717747092247
    },
    "10": {
      "val_acc": 0.0115,
      "gpu_hours": 0.08536058922608693
    },
    "11": {
      "val_acc": 0.012,
      "gpu_hours": 0.09300512121783362
    },
    "12": {
      "val_acc": 0.0112,
      "gpu_hours": 0.10066851980156369
    },
    "13": {
      "val_acc": 0.011,
      "gpu_hours": 0.10833612475130293
    },
    "14": {
      "val_acc": 0.0127,
      "gpu_hours": 0.11601106226444244
    },
    "15": {
      "val_acc": 0.012,
      "gpu_hours": 0.12368899742762247
    },
    "16": {
      "val_acc": 0.0116,
      "gpu_hours": 0.13134971082210542
    },
    "17": {
      "val_acc": 0.0111,
      "gpu_hours": 0.1390395446618398
    },
    "18": {
      "val_acc": 0.0119,
      "gpu_hours": 0.14673003666930728
    },
    "19": {
      "val_acc": 0.0125,
      "gpu_hours": 0.15441888954904345
    },
    "20": {
      "val_acc": 0.011,
      "gpu_hours": 0.16210617509153155
    },
    "21": {
      "val_acc": 0.011,
      "gpu_hours": 0.1697925427224901
    },
    "22": {
      "val_acc": 0.0116,
      "gpu_hours": 0.17744094570477803
    },
    "23": {
      "val_acc": 0.0107,
      "gpu_hours": 0.1850783167945014
    },
    "24": {
      "val_acc": 0.012,
      "gpu_hours": 0.192732841902309
    },
    "25": {
      "val_acc": 0.0115,
      "gpu_hours": 0.20035783734586504
    },
    "26": {
      "val_acc": 0.0128,
      "gpu_hours": 0.2080214254723655
    },
    "27": {
      "val_acc": 0.0119,
      "gpu_hours": 0.21563139074378543
    },
    "28": {
      "val_acc": 0.012,
      "gpu_hours": 0.2231916833586163
    },
    "29": {
      "val_acc": 0.0117,
      "gpu_hours": 0.23065096980995603
    }
  }
}