{
  "trial_number": 21,
  "params": {
    "lr": 0.03195408940621896,
    "weight_decay": 2.6253331201428122e-06,
    "batch_size": 64,
    "dropout": 0.30461919030907586,
    "optimizer": "AdamW",
    "scheduler": "step",
    "model": "efficientnet_b1"
  },
  "best_val_acc": 0.1392,
  "total_gpu_hours": 0.13938521133528817,
  "slurm_task": 2,
  "parallel_workers": 40,
  "sampler": "random",
  "dataset": "cifar100",
  "device": "cuda",
  "accuracy_thresholds": {},
  "accuracy_curve": {
    "0": {
      "val_acc": 0.0079,
      "gpu_hours": 0.005508447223239475
    },
    "1": {
      "val_acc": 0.0151,
      "gpu_hours": 0.010169473820262485
    },
    "2": {
      "val_acc": 0.0122,
      "gpu_hours": 0.014839344090885586
    },
    "3": {
      "val_acc": 0.0161,
      "gpu_hours": 0.019504736794365776
    },
    "4": {
      "val_acc": 0.0241,
      "gpu_hours": 0.02416509853469001
    },
    "5": {
      "val_acc": 0.0267,
      "gpu_hours": 0.02882798777686225
    },
    "6": {
      "val_acc": 0.0265,
      "gpu_hours": 0.033487854335043164
    },
    "7": {
      "val_acc": 0.0291,
      "gpu_hours": 0.03815488391452365
    },
    "8": {
      "val_acc": 0.0316,
      "gpu_hours": 0.04281215071678161
    },
    "9": {
      "val_acc": 0.0262,
      "gpu_hours": 0.04748759004804823
    },
    "10": {
      "val_acc": 0.0445,
      "gpu_hours": 0.05215205609798432
    },
    "11": {
      "val_acc": 0.0504,
      "gpu_hours": 0.05679192198647393
    },
    "12": {
      "val_acc": 0.0556,
      "gpu_hours": 0.061456456184387206
    },
    "13": {
      "val_acc": 0.0584,
      "gpu_hours": 0.06613479336102804
    },
    "14": {
      "val_acc": 0.0716,
      "gpu_hours": 0.07080845759974586
    },
    "15": {
      "val_acc": 0.0672,
      "gpu_hours": 0.0754603393872579
    },
    "16": {
      "val_acc": 0.0704,
      "gpu_hours": 0.08011099358399709
    },
    "17": {
      "val_acc": 0.076,
      "gpu_hours": 0.08478444437185924
    },
    "18": {
      "val_acc": 0.0914,
      "gpu_hours": 0.08944423768255445
    },
    "19": {
      "val_acc": 0.0668,
      "gpu_hours": 0.09410041915045844
    },
    "20": {
      "val_acc": 0.0976,
      "gpu_hours": 0.09876165714528826
    },
    "21": {
      "val_acc": 0.0986,
      "gpu_hours": 0.10342313965161641
    },
    "22": {
      "val_acc": 0.1073,
      "gpu_hours": 0.10802869452370538
    },
    "23": {
      "val_acc": 0.1072,
      "gpu_hours": 0.11250124924712711
    },
    "24": {
      "val_acc": 0.1227,
      "gpu_hours": 0.11697934614287482
    },
    "25": {
      "val_acc": 0.1193,
      "gpu_hours": 0.12145806690057119
    },
    "26": {
      "val_acc": 0.1194,
      "gpu_hours": 0.12593980802430046
    },
    "27": {
      "val_acc": 0.1225,
      "gpu_hours": 0.13041059109899733
    },
    "28": {
      "val_acc": 0.1239,
      "gpu_hours": 0.13489215128951604
    },
    "29": {
      "val_acc": 0.1392,
      "gpu_hours": 0.13937511616282994
    }
  }
}