{
  "trial_number": 37,
  "params": {
    "lr": 0.0008877474082252488,
    "weight_decay": 2.026052990673314e-06,
    "batch_size": 256,
    "dropout": 0.19268845719756905,
    "optimizer": "SGD",
    "scheduler": "step",
    "model": "efficientnet_b0",
    "momentum": 0.9209109987385893
  },
  "best_val_acc": 0.0162,
  "total_gpu_hours": 0.03777529610527886,
  "slurm_task": 1,
  "parallel_workers": 40,
  "sampler": "random",
  "dataset": "cifar100",
  "device": "cuda",
  "accuracy_thresholds": {},
  "accuracy_curve": {
    "0": {
      "val_acc": 0.0115,
      "gpu_hours": 0.0015699295865164863
    },
    "1": {
      "val_acc": 0.0115,
      "gpu_hours": 0.0028260165452957155
    },
    "2": {
      "val_acc": 0.0113,
      "gpu_hours": 0.004079359968503316
    },
    "3": {
      "val_acc": 0.0116,
      "gpu_hours": 0.005330981016159058
    },
    "4": {
      "val_acc": 0.0118,
      "gpu_hours": 0.00658031251695421
    },
    "5": {
      "val_acc": 0.0131,
      "gpu_hours": 0.007831243607732985
    },
    "6": {
      "val_acc": 0.0127,
      "gpu_hours": 0.009074624975522359
    },
    "7": {
      "val_acc": 0.0134,
      "gpu_hours": 0.010312258998552959
    },
    "8": {
      "val_acc": 0.0137,
      "gpu_hours": 0.011567884418699477
    },
    "9": {
      "val_acc": 0.0142,
      "gpu_hours": 0.012824817829661899
    },
    "10": {
      "val_acc": 0.014,
      "gpu_hours": 0.014076120720969306
    },
    "11": {
      "val_acc": 0.0135,
      "gpu_hours": 0.015327714681625366
    },
    "12": {
      "val_acc": 0.0132,
      "gpu_hours": 0.016569561229811774
    },
    "13": {
      "val_acc": 0.0137,
      "gpu_hours": 0.01782051146030426
    },
    "14": {
      "val_acc": 0.0134,
      "gpu_hours": 0.019068368275960288
    },
    "15": {
      "val_acc": 0.015,
      "gpu_hours": 0.02031871630085839
    },
    "16": {
      "val_acc": 0.0137,
      "gpu_hours": 0.021556365489959716
    },
    "17": {
      "val_acc": 0.0128,
      "gpu_hours": 0.02280373043484158
    },
    "18": {
      "val_acc": 0.014,
      "gpu_hours": 0.02405111809571584
    },
    "19": {
      "val_acc": 0.0133,
      "gpu_hours": 0.025287209550539654
    },
    "20": {
      "val_acc": 0.0131,
      "gpu_hours": 0.026530818078253006
    },
    "21": {
      "val_acc": 0.0134,
      "gpu_hours": 0.02777289569377899
    },
    "22": {
      "val_acc": 0.0145,
      "gpu_hours": 0.029022657142745125
    },
    "23": {
      "val_acc": 0.0137,
      "gpu_hours": 0.03026146087381575
    },
    "24": {
      "val_acc": 0.0147,
      "gpu_hours": 0.031503852473364936
    },
    "25": {
      "val_acc": 0.0162,
      "gpu_hours": 0.03274923735194736
    },
    "26": {
      "val_acc": 0.0144,
      "gpu_hours": 0.03401375730832418
    },
    "27": {
      "val_acc": 0.014,
      "gpu_hours": 0.03525726934274038
    },
    "28": {
      "val_acc": 0.0143,
      "gpu_hours": 0.03650902231534322
    },
    "29": {
      "val_acc": 0.0143,
      "gpu_hours": 0.03776856243610382
    }
  }
}