{
  "trial_number": 87,
  "params": {
    "lr": 0.005108811568028756,
    "weight_decay": 1.0497564965528392e-06,
    "batch_size": 256,
    "dropout": 0.4458934386107183,
    "optimizer": "Adam",
    "scheduler": "plateau",
    "model": "efficientnet_b0"
  },
  "best_val_acc": 0.1366,
  "total_gpu_hours": 0.07565616501702202,
  "slurm_task": 21,
  "parallel_workers": 40,
  "sampler": "random",
  "dataset": "cifar100",
  "device": "cuda",
  "accuracy_thresholds": {},
  "accuracy_curve": {
    "0": {
      "val_acc": 0.0267,
      "gpu_hours": 0.002988922397295634
    },
    "1": {
      "val_acc": 0.0378,
      "gpu_hours": 0.005482994847827488
    },
    "2": {
      "val_acc": 0.0545,
      "gpu_hours": 0.00799274981021881
    },
    "3": {
      "val_acc": 0.0767,
      "gpu_hours": 0.010498844848738776
    },
    "4": {
      "val_acc": 0.0915,
      "gpu_hours": 0.013014895651075576
    },
    "5": {
      "val_acc": 0.115,
      "gpu_hours": 0.015538047485881381
    },
    "6": {
      "val_acc": 0.1214,
      "gpu_hours": 0.018059646487236024
    },
    "7": {
      "val_acc": 0.1264,
      "gpu_hours": 0.02057160006629096
    },
    "8": {
      "val_acc": 0.129,
      "gpu_hours": 0.023080340425173443
    },
    "9": {
      "val_acc": 0.1321,
      "gpu_hours": 0.025613897244135538
    },
    "10": {
      "val_acc": 0.1338,
      "gpu_hours": 0.028107689685291714
    },
    "11": {
      "val_acc": 0.1321,
      "gpu_hours": 0.03061115046342214
    },
    "12": {
      "val_acc": 0.1341,
      "gpu_hours": 0.033113272653685674
    },
    "13": {
      "val_acc": 0.1346,
      "gpu_hours": 0.03560691581832038
    },
    "14": {
      "val_acc": 0.1353,
      "gpu_hours": 0.03811538312170241
    },
    "15": {
      "val_acc": 0.1342,
      "gpu_hours": 0.04062467628055148
    },
    "16": {
      "val_acc": 0.134,
      "gpu_hours": 0.04312274542119768
    },
    "17": {
      "val_acc": 0.1334,
      "gpu_hours": 0.04562370048628913
    },
    "18": {
      "val_acc": 0.134,
      "gpu_hours": 0.04813449276818169
    },
    "19": {
      "val_acc": 0.1347,
      "gpu_hours": 0.05064394374688466
    },
    "20": {
      "val_acc": 0.1348,
      "gpu_hours": 0.053149906926684906
    },
    "21": {
      "val_acc": 0.1351,
      "gpu_hours": 0.055661793218718635
    },
    "22": {
      "val_acc": 0.1337,
      "gpu_hours": 0.058157779574394226
    },
    "23": {
      "val_acc": 0.1344,
      "gpu_hours": 0.060650227930810714
    },
    "24": {
      "val_acc": 0.1352,
      "gpu_hours": 0.06315812495019701
    },
    "25": {
      "val_acc": 0.1347,
      "gpu_hours": 0.06566322777006361
    },
    "26": {
      "val_acc": 0.1366,
      "gpu_hours": 0.06815216773086125
    },
    "27": {
      "val_acc": 0.1358,
      "gpu_hours": 0.07064107537269593
    },
    "28": {
      "val_acc": 0.136,
      "gpu_hours": 0.07314998944600423
    },
    "29": {
      "val_acc": 0.1353,
      "gpu_hours": 0.0756484635008706
    }
  }
}