{
  "trial_number": 14,
  "params": {
    "lr": 0.001245422619235683,
    "weight_decay": 6.380043849100562e-05,
    "batch_size": 256,
    "dropout": 0.1448170028869793,
    "optimizer": "AdamW",
    "scheduler": "cosine",
    "model": "efficientnet_b0"
  },
  "best_val_acc": 0.4537,
  "total_gpu_hours": 0.03969650387763977,
  "slurm_task": 16,
  "parallel_workers": 40,
  "sampler": "random",
  "dataset": "cifar100",
  "device": "cuda",
  "accuracy_thresholds": {},
  "accuracy_curve": {
    "0": {
      "val_acc": 0.0658,
      "gpu_hours": 0.00222197949886322
    },
    "1": {
      "val_acc": 0.1152,
      "gpu_hours": 0.003526036673121982
    },
    "2": {
      "val_acc": 0.1588,
      "gpu_hours": 0.004844460222456191
    },
    "3": {
      "val_acc": 0.1853,
      "gpu_hours": 0.006128161483340793
    },
    "4": {
      "val_acc": 0.2202,
      "gpu_hours": 0.007426012953122457
    },
    "5": {
      "val_acc": 0.2477,
      "gpu_hours": 0.008718983199861315
    },
    "6": {
      "val_acc": 0.2707,
      "gpu_hours": 0.010014040735032823
    },
    "7": {
      "val_acc": 0.2979,
      "gpu_hours": 0.011315481464068095
    },
    "8": {
      "val_acc": 0.3179,
      "gpu_hours": 0.012598399718602498
    },
    "9": {
      "val_acc": 0.3274,
      "gpu_hours": 0.013885264529122247
    },
    "10": {
      "val_acc": 0.3471,
      "gpu_hours": 0.015176475909021166
    },
    "11": {
      "val_acc": 0.3581,
      "gpu_hours": 0.01645501997735765
    },
    "12": {
      "val_acc": 0.3755,
      "gpu_hours": 0.0177319825357861
    },
    "13": {
      "val_acc": 0.3723,
      "gpu_hours": 0.01902028242746989
    },
    "14": {
      "val_acc": 0.3841,
      "gpu_hours": 0.02030621290206909
    },
    "15": {
      "val_acc": 0.3984,
      "gpu_hours": 0.021593317654397752
    },
    "16": {
      "val_acc": 0.4057,
      "gpu_hours": 0.02288430412610372
    },
    "17": {
      "val_acc": 0.418,
      "gpu_hours": 0.02418666568067339
    },
    "18": {
      "val_acc": 0.4176,
      "gpu_hours": 0.025468296806017556
    },
    "19": {
      "val_acc": 0.4244,
      "gpu_hours": 0.026755644149250454
    },
    "20": {
      "val_acc": 0.4343,
      "gpu_hours": 0.028050717645221285
    },
    "21": {
      "val_acc": 0.4394,
      "gpu_hours": 0.029338177839914957
    },
    "22": {
      "val_acc": 0.4424,
      "gpu_hours": 0.03064413567384084
    },
    "23": {
      "val_acc": 0.445,
      "gpu_hours": 0.03193198800086975
    },
    "24": {
      "val_acc": 0.4501,
      "gpu_hours": 0.033219733105765446
    },
    "25": {
      "val_acc": 0.4499,
      "gpu_hours": 0.03450699812836117
    },
    "26": {
      "val_acc": 0.4525,
      "gpu_hours": 0.03579836739434136
    },
    "27": {
      "val_acc": 0.4537,
      "gpu_hours": 0.03709951420625051
    },
    "28": {
      "val_acc": 0.453,
      "gpu_hours": 0.038388016952408684
    },
    "29": {
      "val_acc": 0.4532,
      "gpu_hours": 0.03968831731213464
    }
  }
}