{
  "trial_number": 60,
  "params": {
    "lr": 0.06761641816415334,
    "weight_decay": 0.003367418741319775,
    "batch_size": 64,
    "dropout": 0.06957312599245175,
    "optimizer": "Adam",
    "scheduler": "step",
    "model": "resnet18"
  },
  "best_val_acc": 0.0375,
  "total_gpu_hours": 0.04701633671919505,
  "slurm_task": 2,
  "parallel_workers": 40,
  "sampler": "random",
  "dataset": "cifar100",
  "device": "cuda",
  "accuracy_thresholds": {},
  "accuracy_curve": {
    "0": {
      "val_acc": 0.01,
      "gpu_hours": 0.0019435390498903063
    },
    "1": {
      "val_acc": 0.0105,
      "gpu_hours": 0.0035016281737221613
    },
    "2": {
      "val_acc": 0.01,
      "gpu_hours": 0.00505937053097619
    },
    "3": {
      "val_acc": 0.0121,
      "gpu_hours": 0.006626439823044671
    },
    "4": {
      "val_acc": 0.01,
      "gpu_hours": 0.00815640476014879
    },
    "5": {
      "val_acc": 0.0114,
      "gpu_hours": 0.009707661800914341
    },
    "6": {
      "val_acc": 0.01,
      "gpu_hours": 0.011247920857535468
    },
    "7": {
      "val_acc": 0.01,
      "gpu_hours": 0.012801654537518819
    },
    "8": {
      "val_acc": 0.0108,
      "gpu_hours": 0.01434404538737403
    },
    "9": {
      "val_acc": 0.01,
      "gpu_hours": 0.01592545555697547
    },
    "10": {
      "val_acc": 0.0148,
      "gpu_hours": 0.017501041955418056
    },
    "11": {
      "val_acc": 0.01,
      "gpu_hours": 0.01905570454067654
    },
    "12": {
      "val_acc": 0.0131,
      "gpu_hours": 0.02059392319785224
    },
    "13": {
      "val_acc": 0.0181,
      "gpu_hours": 0.022145233617888557
    },
    "14": {
      "val_acc": 0.017,
      "gpu_hours": 0.023746365904808043
    },
    "15": {
      "val_acc": 0.0213,
      "gpu_hours": 0.02528842204146915
    },
    "16": {
      "val_acc": 0.0175,
      "gpu_hours": 0.02684931801425086
    },
    "17": {
      "val_acc": 0.0226,
      "gpu_hours": 0.028404232992066278
    },
    "18": {
      "val_acc": 0.0164,
      "gpu_hours": 0.029971752497884963
    },
    "19": {
      "val_acc": 0.0202,
      "gpu_hours": 0.031512941188282434
    },
    "20": {
      "val_acc": 0.0196,
      "gpu_hours": 0.03305988437599606
    },
    "21": {
      "val_acc": 0.0117,
      "gpu_hours": 0.03461573216650221
    },
    "22": {
      "val_acc": 0.0186,
      "gpu_hours": 0.036204521324899465
    },
    "23": {
      "val_acc": 0.0188,
      "gpu_hours": 0.0377414776219262
    },
    "24": {
      "val_acc": 0.0193,
      "gpu_hours": 0.03930114136801826
    },
    "25": {
      "val_acc": 0.0247,
      "gpu_hours": 0.040839362343152365
    },
    "26": {
      "val_acc": 0.0226,
      "gpu_hours": 0.042382777134577436
    },
    "27": {
      "val_acc": 0.0375,
      "gpu_hours": 0.04391161137157017
    },
    "28": {
      "val_acc": 0.0207,
      "gpu_hours": 0.04545545127656725
    },
    "29": {
      "val_acc": 0.0317,
      "gpu_hours": 0.047006837129592895
    }
  }
}