{
  "trial_number": 115,
  "params": {
    "lr": 0.00020612862297704422,
    "weight_decay": 7.797599348305907e-05,
    "batch_size": 256,
    "dropout": 0.15703671151997584,
    "optimizer": "Adam",
    "scheduler": "cosine",
    "model": "efficientnet_b1"
  },
  "best_val_acc": 0.3082,
  "total_gpu_hours": 0.0835330143239763,
  "slurm_task": 17,
  "parallel_workers": 40,
  "sampler": "random",
  "dataset": "cifar100",
  "device": "cuda",
  "accuracy_thresholds": {},
  "accuracy_curve": {
    "0": {
      "val_acc": 0.0105,
      "gpu_hours": 0.003279604646894667
    },
    "1": {
      "val_acc": 0.0189,
      "gpu_hours": 0.006047273013326857
    },
    "2": {
      "val_acc": 0.0372,
      "gpu_hours": 0.008832501371701558
    },
    "3": {
      "val_acc": 0.0609,
      "gpu_hours": 0.011625952455732558
    },
    "4": {
      "val_acc": 0.0865,
      "gpu_hours": 0.014407555924521552
    },
    "5": {
      "val_acc": 0.1049,
      "gpu_hours": 0.017179931733343336
    },
    "6": {
      "val_acc": 0.127,
      "gpu_hours": 0.019950886567433674
    },
    "7": {
      "val_acc": 0.1434,
      "gpu_hours": 0.0227035661538442
    },
    "8": {
      "val_acc": 0.1708,
      "gpu_hours": 0.025476600660218132
    },
    "9": {
      "val_acc": 0.1838,
      "gpu_hours": 0.028257561061117382
    },
    "10": {
      "val_acc": 0.2013,
      "gpu_hours": 0.031009500092930263
    },
    "11": {
      "val_acc": 0.2116,
      "gpu_hours": 0.03376902057064904
    },
    "12": {
      "val_acc": 0.2308,
      "gpu_hours": 0.03652403354644775
    },
    "13": {
      "val_acc": 0.2415,
      "gpu_hours": 0.03930619597434998
    },
    "14": {
      "val_acc": 0.2545,
      "gpu_hours": 0.04207867834303114
    },
    "15": {
      "val_acc": 0.2594,
      "gpu_hours": 0.04486941768063439
    },
    "16": {
      "val_acc": 0.2713,
      "gpu_hours": 0.047604785164197284
    },
    "17": {
      "val_acc": 0.2743,
      "gpu_hours": 0.05034866253534953
    },
    "18": {
      "val_acc": 0.2805,
      "gpu_hours": 0.05311704602506426
    },
    "19": {
      "val_acc": 0.2873,
      "gpu_hours": 0.05586915963225895
    },
    "20": {
      "val_acc": 0.2893,
      "gpu_hours": 0.058646609783172605
    },
    "21": {
      "val_acc": 0.2958,
      "gpu_hours": 0.061394903461138406
    },
    "22": {
      "val_acc": 0.2986,
      "gpu_hours": 0.06416232248147329
    },
    "23": {
      "val_acc": 0.3013,
      "gpu_hours": 0.06692972163359324
    },
    "24": {
      "val_acc": 0.3034,
      "gpu_hours": 0.06969051188892789
    },
    "25": {
      "val_acc": 0.3052,
      "gpu_hours": 0.0724711463186476
    },
    "26": {
      "val_acc": 0.3043,
      "gpu_hours": 0.07522701481978099
    },
    "27": {
      "val_acc": 0.3053,
      "gpu_hours": 0.07798989004558987
    },
    "28": {
      "val_acc": 0.3073,
      "gpu_hours": 0.08075775338543786
    },
    "29": {
      "val_acc": 0.3082,
      "gpu_hours": 0.08352701127529144
    }
  }
}