{
  "trial_number": 48,
  "params": {
    "lr": 0.0004528299575492549,
    "weight_decay": 1.3353984813610555e-06,
    "batch_size": 256,
    "dropout": 0.08147511125354417,
    "optimizer": "Adam",
    "scheduler": "plateau",
    "model": "efficientnet_b1"
  },
  "best_val_acc": 0.206,
  "total_gpu_hours": 0.08443647642930349,
  "slurm_task": 23,
  "parallel_workers": 40,
  "sampler": "random",
  "dataset": "cifar100",
  "device": "cuda",
  "accuracy_thresholds": {},
  "accuracy_curve": {
    "0": {
      "val_acc": 0.0202,
      "gpu_hours": 0.00363279038005405
    },
    "1": {
      "val_acc": 0.0599,
      "gpu_hours": 0.00639684173795912
    },
    "2": {
      "val_acc": 0.1003,
      "gpu_hours": 0.00916964550813039
    },
    "3": {
      "val_acc": 0.1379,
      "gpu_hours": 0.011959469185935127
    },
    "4": {
      "val_acc": 0.1501,
      "gpu_hours": 0.01473218990696801
    },
    "5": {
      "val_acc": 0.1847,
      "gpu_hours": 0.017499109903971355
    },
    "6": {
      "val_acc": 0.1931,
      "gpu_hours": 0.02027834547890557
    },
    "7": {
      "val_acc": 0.1961,
      "gpu_hours": 0.0230691177977456
    },
    "8": {
      "val_acc": 0.2017,
      "gpu_hours": 0.025846709344122146
    },
    "9": {
      "val_acc": 0.2039,
      "gpu_hours": 0.028632822036743163
    },
    "10": {
      "val_acc": 0.2029,
      "gpu_hours": 0.03142452590995365
    },
    "11": {
      "val_acc": 0.2038,
      "gpu_hours": 0.03421417282687293
    },
    "12": {
      "val_acc": 0.2044,
      "gpu_hours": 0.036974674264589946
    },
    "13": {
      "val_acc": 0.2037,
      "gpu_hours": 0.03974976572725508
    },
    "14": {
      "val_acc": 0.2027,
      "gpu_hours": 0.04252032379309336
    },
    "15": {
      "val_acc": 0.2057,
      "gpu_hours": 0.045306266480022006
    },
    "16": {
      "val_acc": 0.205,
      "gpu_hours": 0.04809054632981618
    },
    "17": {
      "val_acc": 0.2036,
      "gpu_hours": 0.05088200165165795
    },
    "18": {
      "val_acc": 0.2043,
      "gpu_hours": 0.05367348935869005
    },
    "19": {
      "val_acc": 0.2025,
      "gpu_hours": 0.056498377720514935
    },
    "20": {
      "val_acc": 0.205,
      "gpu_hours": 0.05928324268923865
    },
    "21": {
      "val_acc": 0.206,
      "gpu_hours": 0.062072210245662264
    },
    "22": {
      "val_acc": 0.2051,
      "gpu_hours": 0.06485727177725897
    },
    "23": {
      "val_acc": 0.2011,
      "gpu_hours": 0.06765672008196513
    },
    "24": {
      "val_acc": 0.2036,
      "gpu_hours": 0.07046580109331343
    },
    "25": {
      "val_acc": 0.2039,
      "gpu_hours": 0.07326638943619199
    },
    "26": {
      "val_acc": 0.2016,
      "gpu_hours": 0.07606631497542063
    },
    "27": {
      "val_acc": 0.2053,
      "gpu_hours": 0.07885787261856927
    },
    "28": {
      "val_acc": 0.2046,
      "gpu_hours": 0.08164357092645433
    },
    "29": {
      "val_acc": 0.2027,
      "gpu_hours": 0.08442893465360006
    }
  }
}