{
  "trial_number": 68,
  "params": {
    "lr": 0.08965521402272686,
    "weight_decay": 2.1560015267633803e-05,
    "batch_size": 64,
    "dropout": 0.40668297659103025,
    "optimizer": "AdamW",
    "scheduler": "cosine",
    "model": "resnet18"
  },
  "best_val_acc": 0.1361,
  "total_gpu_hours": 0.13356892559263442,
  "slurm_task": 14,
  "parallel_workers": 40,
  "sampler": "random",
  "dataset": "cifar100",
  "device": "cuda",
  "accuracy_thresholds": {},
  "accuracy_curve": {
    "0": {
      "val_acc": 0.0226,
      "gpu_hours": 0.005432722899648878
    },
    "1": {
      "val_acc": 0.0248,
      "gpu_hours": 0.009855354891883002
    },
    "2": {
      "val_acc": 0.0314,
      "gpu_hours": 0.014282696048418681
    },
    "3": {
      "val_acc": 0.0265,
      "gpu_hours": 0.01871081835693783
    },
    "4": {
      "val_acc": 0.0357,
      "gpu_hours": 0.02311710152361128
    },
    "5": {
      "val_acc": 0.0289,
      "gpu_hours": 0.027529736823505825
    },
    "6": {
      "val_acc": 0.0348,
      "gpu_hours": 0.03193928692075941
    },
    "7": {
      "val_acc": 0.0426,
      "gpu_hours": 0.036355241139729814
    },
    "8": {
      "val_acc": 0.0421,
      "gpu_hours": 0.04078410307566325
    },
    "9": {
      "val_acc": 0.0441,
      "gpu_hours": 0.04521393967999352
    },
    "10": {
      "val_acc": 0.0528,
      "gpu_hours": 0.0496223164929284
    },
    "11": {
      "val_acc": 0.0521,
      "gpu_hours": 0.054042463567521834
    },
    "12": {
      "val_acc": 0.0546,
      "gpu_hours": 0.0584674416648017
    },
    "13": {
      "val_acc": 0.0511,
      "gpu_hours": 0.06289083706008064
    },
    "14": {
      "val_acc": 0.059,
      "gpu_hours": 0.06730681796868643
    },
    "15": {
      "val_acc": 0.0582,
      "gpu_hours": 0.07171816726525625
    },
    "16": {
      "val_acc": 0.0602,
      "gpu_hours": 0.07613558815585242
    },
    "17": {
      "val_acc": 0.0669,
      "gpu_hours": 0.08055591384569803
    },
    "18": {
      "val_acc": 0.074,
      "gpu_hours": 0.08497899287276797
    },
    "19": {
      "val_acc": 0.0778,
      "gpu_hours": 0.0893934534655677
    },
    "20": {
      "val_acc": 0.0874,
      "gpu_hours": 0.09379409379429288
    },
    "21": {
      "val_acc": 0.1073,
      "gpu_hours": 0.0982140068213145
    },
    "22": {
      "val_acc": 0.1014,
      "gpu_hours": 0.10260812249448564
    },
    "23": {
      "val_acc": 0.1102,
      "gpu_hours": 0.10703546828693813
    },
    "24": {
      "val_acc": 0.1198,
      "gpu_hours": 0.1114624324772093
    },
    "25": {
      "val_acc": 0.1271,
      "gpu_hours": 0.11587863875759973
    },
    "26": {
      "val_acc": 0.1311,
      "gpu_hours": 0.12028533140818277
    },
    "27": {
      "val_acc": 0.132,
      "gpu_hours": 0.12471040036943223
    },
    "28": {
      "val_acc": 0.1325,
      "gpu_hours": 0.12913787331846024
    },
    "29": {
      "val_acc": 0.1361,
      "gpu_hours": 0.13356276008817886
    }
  }
}