{
  "trial_number": 56,
  "params": {
    "lr": 0.00020612862297704422,
    "weight_decay": 7.797599348305907e-05,
    "batch_size": 256,
    "dropout": 0.15703671151997584,
    "optimizer": "Adam",
    "scheduler": "cosine",
    "model": "efficientnet_b1"
  },
  "best_val_acc": 0.3007,
  "total_gpu_hours": 0.043710003760125904,
  "slurm_task": 17,
  "parallel_workers": 40,
  "sampler": "random",
  "dataset": "cifar100",
  "device": "cuda",
  "accuracy_thresholds": {},
  "accuracy_curve": {
    "0": {
      "val_acc": 0.0106,
      "gpu_hours": 0.0018160333236058553
    },
    "1": {
      "val_acc": 0.0167,
      "gpu_hours": 0.0032534748315811157
    },
    "2": {
      "val_acc": 0.0382,
      "gpu_hours": 0.004698779980341594
    },
    "3": {
      "val_acc": 0.0615,
      "gpu_hours": 0.006112364199426439
    },
    "4": {
      "val_acc": 0.0904,
      "gpu_hours": 0.007551505830552843
    },
    "5": {
      "val_acc": 0.1097,
      "gpu_hours": 0.008965039451917012
    },
    "6": {
      "val_acc": 0.1381,
      "gpu_hours": 0.010386692881584168
    },
    "7": {
      "val_acc": 0.1498,
      "gpu_hours": 0.011802969773610433
    },
    "8": {
      "val_acc": 0.17,
      "gpu_hours": 0.013239845434824626
    },
    "9": {
      "val_acc": 0.1891,
      "gpu_hours": 0.014655569858021206
    },
    "10": {
      "val_acc": 0.2036,
      "gpu_hours": 0.016088662876023188
    },
    "11": {
      "val_acc": 0.2163,
      "gpu_hours": 0.017518575456407334
    },
    "12": {
      "val_acc": 0.2293,
      "gpu_hours": 0.018950568901167975
    },
    "13": {
      "val_acc": 0.2437,
      "gpu_hours": 0.020400498310724893
    },
    "14": {
      "val_acc": 0.2457,
      "gpu_hours": 0.021853482789463467
    },
    "15": {
      "val_acc": 0.2566,
      "gpu_hours": 0.023249564700656467
    },
    "16": {
      "val_acc": 0.2629,
      "gpu_hours": 0.024716563688384163
    },
    "17": {
      "val_acc": 0.2749,
      "gpu_hours": 0.026167050864961412
    },
    "18": {
      "val_acc": 0.2782,
      "gpu_hours": 0.027618497278955247
    },
    "19": {
      "val_acc": 0.2814,
      "gpu_hours": 0.02910022841559516
    },
    "20": {
      "val_acc": 0.2883,
      "gpu_hours": 0.03054963403277927
    },
    "21": {
      "val_acc": 0.2895,
      "gpu_hours": 0.031963902645640904
    },
    "22": {
      "val_acc": 0.2931,
      "gpu_hours": 0.03342050121890174
    },
    "23": {
      "val_acc": 0.296,
      "gpu_hours": 0.03491609685950809
    },
    "24": {
      "val_acc": 0.2958,
      "gpu_hours": 0.036371032463179694
    },
    "25": {
      "val_acc": 0.2973,
      "gpu_hours": 0.03784842378563351
    },
    "26": {
      "val_acc": 0.3007,
      "gpu_hours": 0.03932075182596843
    },
    "27": {
      "val_acc": 0.3007,
      "gpu_hours": 0.04078195207648807
    },
    "28": {
      "val_acc": 0.2998,
      "gpu_hours": 0.04225206163194444
    },
    "29": {
      "val_acc": 0.3001,
      "gpu_hours": 0.04370273782147301
    }
  }
}