{
  "trial_number": 111,
  "params": {
    "lr": 0.03135959969767538,
    "weight_decay": 5.906785965924102e-05,
    "batch_size": 64,
    "dropout": 0.3899012513986149,
    "optimizer": "Adam",
    "scheduler": "plateau",
    "model": "efficientnet_b0"
  },
  "best_val_acc": 0.0473,
  "total_gpu_hours": 0.1702227744791243,
  "slurm_task": 34,
  "parallel_workers": 40,
  "sampler": "random",
  "dataset": "cifar100",
  "device": "cuda",
  "accuracy_thresholds": {},
  "accuracy_curve": {
    "0": {
      "val_acc": 0.01,
      "gpu_hours": 0.0061112546920776365
    },
    "1": {
      "val_acc": 0.0104,
      "gpu_hours": 0.01178904910882314
    },
    "2": {
      "val_acc": 0.0099,
      "gpu_hours": 0.01746258146233029
    },
    "3": {
      "val_acc": 0.0101,
      "gpu_hours": 0.023112358053525288
    },
    "4": {
      "val_acc": 0.01,
      "gpu_hours": 0.028745541837480335
    },
    "5": {
      "val_acc": 0.01,
      "gpu_hours": 0.03439953678184086
    },
    "6": {
      "val_acc": 0.01,
      "gpu_hours": 0.04006647871600257
    },
    "7": {
      "val_acc": 0.0156,
      "gpu_hours": 0.045734282864464654
    },
    "8": {
      "val_acc": 0.0175,
      "gpu_hours": 0.051428700817955864
    },
    "9": {
      "val_acc": 0.0212,
      "gpu_hours": 0.05712150884999169
    },
    "10": {
      "val_acc": 0.0286,
      "gpu_hours": 0.06276339835590787
    },
    "11": {
      "val_acc": 0.0339,
      "gpu_hours": 0.0684092644850413
    },
    "12": {
      "val_acc": 0.0351,
      "gpu_hours": 0.07409604615635342
    },
    "13": {
      "val_acc": 0.0398,
      "gpu_hours": 0.07977409760157267
    },
    "14": {
      "val_acc": 0.0414,
      "gpu_hours": 0.08541812466250526
    },
    "15": {
      "val_acc": 0.0412,
      "gpu_hours": 0.09107084492842356
    },
    "16": {
      "val_acc": 0.0389,
      "gpu_hours": 0.0967277354001999
    },
    "17": {
      "val_acc": 0.0415,
      "gpu_hours": 0.10241889278093974
    },
    "18": {
      "val_acc": 0.0427,
      "gpu_hours": 0.10809108588430616
    },
    "19": {
      "val_acc": 0.0442,
      "gpu_hours": 0.1137745209534963
    },
    "20": {
      "val_acc": 0.0427,
      "gpu_hours": 0.11941125962469312
    },
    "21": {
      "val_acc": 0.0443,
      "gpu_hours": 0.12504805359575483
    },
    "22": {
      "val_acc": 0.044,
      "gpu_hours": 0.13068006608221266
    },
    "23": {
      "val_acc": 0.0436,
      "gpu_hours": 0.13634880297713808
    },
    "24": {
      "val_acc": 0.0437,
      "gpu_hours": 0.14200994498199887
    },
    "25": {
      "val_acc": 0.0395,
      "gpu_hours": 0.1476791982518302
    },
    "26": {
      "val_acc": 0.0437,
      "gpu_hours": 0.15332793474197387
    },
    "27": {
      "val_acc": 0.0447,
      "gpu_hours": 0.15898246400886112
    },
    "28": {
      "val_acc": 0.0444,
      "gpu_hours": 0.16468119800090789
    },
    "29": {
      "val_acc": 0.0473,
      "gpu_hours": 0.1702098650402493
    }
  }
}