{
  "trial_number": 86,
  "params": {
    "lr": 0.003091966410397739,
    "weight_decay": 2.5661125642846994e-05,
    "batch_size": 64,
    "dropout": 0.010226656582795701,
    "optimizer": "SGD",
    "scheduler": "plateau",
    "model": "efficientnet_b0",
    "momentum": 0.803735384856985
  },
  "best_val_acc": 0.0228,
  "total_gpu_hours": 0.16502170079284245,
  "slurm_task": 13,
  "parallel_workers": 40,
  "sampler": "random",
  "dataset": "cifar100",
  "device": "cuda",
  "accuracy_thresholds": {},
  "accuracy_curve": {
    "0": {
      "val_acc": 0.0116,
      "gpu_hours": 0.0059309520324071245
    },
    "1": {
      "val_acc": 0.0118,
      "gpu_hours": 0.011394054094950357
    },
    "2": {
      "val_acc": 0.0128,
      "gpu_hours": 0.016844098700417413
    },
    "3": {
      "val_acc": 0.0191,
      "gpu_hours": 0.02230830404493544
    },
    "4": {
      "val_acc": 0.0178,
      "gpu_hours": 0.027775704595777724
    },
    "5": {
      "val_acc": 0.0204,
      "gpu_hours": 0.03325319449106852
    },
    "6": {
      "val_acc": 0.019,
      "gpu_hours": 0.038710875709851586
    },
    "7": {
      "val_acc": 0.021,
      "gpu_hours": 0.04417960471577115
    },
    "8": {
      "val_acc": 0.0193,
      "gpu_hours": 0.049639150632752316
    },
    "9": {
      "val_acc": 0.0202,
      "gpu_hours": 0.05511234468883938
    },
    "10": {
      "val_acc": 0.0183,
      "gpu_hours": 0.0605548052655326
    },
    "11": {
      "val_acc": 0.0214,
      "gpu_hours": 0.06603715757528941
    },
    "12": {
      "val_acc": 0.0212,
      "gpu_hours": 0.07153595142894321
    },
    "13": {
      "val_acc": 0.0188,
      "gpu_hours": 0.07702052679326798
    },
    "14": {
      "val_acc": 0.0227,
      "gpu_hours": 0.08248778793546889
    },
    "15": {
      "val_acc": 0.0209,
      "gpu_hours": 0.0879717289076911
    },
    "16": {
      "val_acc": 0.0192,
      "gpu_hours": 0.09344145046340095
    },
    "17": {
      "val_acc": 0.0196,
      "gpu_hours": 0.09890614410241445
    },
    "18": {
      "val_acc": 0.0218,
      "gpu_hours": 0.10437710828251309
    },
    "19": {
      "val_acc": 0.0184,
      "gpu_hours": 0.10984858042663997
    },
    "20": {
      "val_acc": 0.0196,
      "gpu_hours": 0.11529698497719235
    },
    "21": {
      "val_acc": 0.0191,
      "gpu_hours": 0.12074973119629753
    },
    "22": {
      "val_acc": 0.0215,
      "gpu_hours": 0.12628166562981075
    },
    "23": {
      "val_acc": 0.0197,
      "gpu_hours": 0.1318003385596805
    },
    "24": {
      "val_acc": 0.019,
      "gpu_hours": 0.13731333997514514
    },
    "25": {
      "val_acc": 0.0215,
      "gpu_hours": 0.14282704333464305
    },
    "26": {
      "val_acc": 0.0228,
      "gpu_hours": 0.14834782792462242
    },
    "27": {
      "val_acc": 0.0187,
      "gpu_hours": 0.1538909629980723
    },
    "28": {
      "val_acc": 0.0191,
      "gpu_hours": 0.1594865580399831
    },
    "29": {
      "val_acc": 0.0175,
      "gpu_hours": 0.16501577079296112
    }
  }
}