{
  "trial_number": 24,
  "params": {
    "lr": 0.0008179499475211679,
    "weight_decay": 0.0001256104370001356,
    "batch_size": 256,
    "dropout": 0.06974693032602092,
    "optimizer": "AdamW",
    "scheduler": "cosine",
    "model": "efficientnet_b0"
  },
  "best_val_acc": 0.7725,
  "total_gpu_hours": 0.03912307024002075,
  "slurm_task": 20,
  "parallel_workers": 20,
  "sampler": "tpe",
  "dataset": "cifar10",
  "device": "cuda",
  "accuracy_thresholds": {},
  "accuracy_curve": {
    "0": {
      "val_acc": 0.3536,
      "gpu_hours": 0.0016620575719409518
    },
    "1": {
      "val_acc": 0.4521,
      "gpu_hours": 0.0029683170715967813
    },
    "2": {
      "val_acc": 0.5163,
      "gpu_hours": 0.004264040191968282
    },
    "3": {
      "val_acc": 0.55,
      "gpu_hours": 0.005561075475480822
    },
    "4": {
      "val_acc": 0.5824,
      "gpu_hours": 0.006874281101756626
    },
    "5": {
      "val_acc": 0.6039,
      "gpu_hours": 0.008183352483643425
    },
    "6": {
      "val_acc": 0.6416,
      "gpu_hours": 0.009488600426250033
    },
    "7": {
      "val_acc": 0.6491,
      "gpu_hours": 0.010781810084978739
    },
    "8": {
      "val_acc": 0.6652,
      "gpu_hours": 0.012080563240581089
    },
    "9": {
      "val_acc": 0.6805,
      "gpu_hours": 0.013391192224290636
    },
    "10": {
      "val_acc": 0.6886,
      "gpu_hours": 0.0146692732307646
    },
    "11": {
      "val_acc": 0.7026,
      "gpu_hours": 0.01594922827349769
    },
    "12": {
      "val_acc": 0.7113,
      "gpu_hours": 0.01723611315091451
    },
    "13": {
      "val_acc": 0.7282,
      "gpu_hours": 0.01851747989654541
    },
    "14": {
      "val_acc": 0.7242,
      "gpu_hours": 0.019792399870024787
    },
    "15": {
      "val_acc": 0.7355,
      "gpu_hours": 0.02109152807129754
    },
    "16": {
      "val_acc": 0.7443,
      "gpu_hours": 0.022377740078502233
    },
    "17": {
      "val_acc": 0.7459,
      "gpu_hours": 0.02365805553065406
    },
    "18": {
      "val_acc": 0.7515,
      "gpu_hours": 0.024952502250671388
    },
    "19": {
      "val_acc": 0.7505,
      "gpu_hours": 0.026235128376219007
    },
    "20": {
      "val_acc": 0.7584,
      "gpu_hours": 0.027508428825272453
    },
    "21": {
      "val_acc": 0.7581,
      "gpu_hours": 0.02879108084572686
    },
    "22": {
      "val_acc": 0.7637,
      "gpu_hours": 0.03008064952161577
    },
    "23": {
      "val_acc": 0.7696,
      "gpu_hours": 0.031360395948092146
    },
    "24": {
      "val_acc": 0.7705,
      "gpu_hours": 0.032639237178696524
    },
    "25": {
      "val_acc": 0.7725,
      "gpu_hours": 0.033927127851380245
    },
    "26": {
      "val_acc": 0.7689,
      "gpu_hours": 0.03521436029010349
    },
    "27": {
      "val_acc": 0.7723,
      "gpu_hours": 0.03649646434519026
    },
    "28": {
      "val_acc": 0.7724,
      "gpu_hours": 0.03779179818100399
    },
    "29": {
      "val_acc": 0.771,
      "gpu_hours": 0.03908225231700473
    }
  }
}