{
  "trial_number": 2,
  "params": {
    "lr": 0.0013292918943162175,
    "weight_decay": 0.006351221010640704,
    "batch_size": 64,
    "dropout": 0.07799726016810132,
    "optimizer": "Adam",
    "scheduler": "plateau",
    "model": "resnet18"
  },
  "best_val_acc": 0.4441,
  "total_gpu_hours": 0.04695911831325955,
  "slurm_task": 4,
  "parallel_workers": 20,
  "sampler": "tpe",
  "dataset": "cifar10",
  "device": "cuda",
  "accuracy_thresholds": {},
  "accuracy_curve": {
    "0": {
      "val_acc": 0.1756,
      "gpu_hours": 0.0020385297801759506
    },
    "1": {
      "val_acc": 0.2346,
      "gpu_hours": 0.0035963526037004257
    },
    "2": {
      "val_acc": 0.3485,
      "gpu_hours": 0.005154582129584418
    },
    "3": {
      "val_acc": 0.3319,
      "gpu_hours": 0.006717696123652988
    },
    "4": {
      "val_acc": 0.3585,
      "gpu_hours": 0.008257485628128051
    },
    "5": {
      "val_acc": 0.407,
      "gpu_hours": 0.009807324806849161
    },
    "6": {
      "val_acc": 0.4135,
      "gpu_hours": 0.011352281504207187
    },
    "7": {
      "val_acc": 0.413,
      "gpu_hours": 0.012885610659917196
    },
    "8": {
      "val_acc": 0.4294,
      "gpu_hours": 0.014436195029152764
    },
    "9": {
      "val_acc": 0.4378,
      "gpu_hours": 0.015978803038597108
    },
    "10": {
      "val_acc": 0.4431,
      "gpu_hours": 0.01751953211095598
    },
    "11": {
      "val_acc": 0.4406,
      "gpu_hours": 0.019069032337930468
    },
    "12": {
      "val_acc": 0.4357,
      "gpu_hours": 0.020640514294306436
    },
    "13": {
      "val_acc": 0.4383,
      "gpu_hours": 0.022171557678116693
    },
    "14": {
      "val_acc": 0.4409,
      "gpu_hours": 0.023709131942854986
    },
    "15": {
      "val_acc": 0.4387,
      "gpu_hours": 0.02525473521815406
    },
    "16": {
      "val_acc": 0.442,
      "gpu_hours": 0.026781838801172044
    },
    "17": {
      "val_acc": 0.4441,
      "gpu_hours": 0.028319349884986876
    },
    "18": {
      "val_acc": 0.439,
      "gpu_hours": 0.029834959970580208
    },
    "19": {
      "val_acc": 0.4387,
      "gpu_hours": 0.0313617123497857
    },
    "20": {
      "val_acc": 0.4391,
      "gpu_hours": 0.03289072394371033
    },
    "21": {
      "val_acc": 0.4382,
      "gpu_hours": 0.03446012126074897
    },
    "22": {
      "val_acc": 0.4404,
      "gpu_hours": 0.03601162566079034
    },
    "23": {
      "val_acc": 0.4398,
      "gpu_hours": 0.037550268371899925
    },
    "24": {
      "val_acc": 0.4397,
      "gpu_hours": 0.03913140806886885
    },
    "25": {
      "val_acc": 0.4372,
      "gpu_hours": 0.04069369375705719
    },
    "26": {
      "val_acc": 0.4397,
      "gpu_hours": 0.04224029673470391
    },
    "27": {
      "val_acc": 0.4422,
      "gpu_hours": 0.04376728488339318
    },
    "28": {
      "val_acc": 0.4396,
      "gpu_hours": 0.045352602733506095
    },
    "29": {
      "val_acc": 0.4436,
      "gpu_hours": 0.04691958990361955
    }
  }
}