{
  "trial_number": 28,
  "params": {
    "lr": 0.004095676584000674,
    "weight_decay": 2.907879986529897e-05,
    "batch_size": 64,
    "dropout": 0.1996279439278742,
    "optimizer": "SGD",
    "scheduler": "plateau",
    "model": "resnet18",
    "momentum": 0.9844622757771642
  },
  "best_val_acc": 0.8324,
  "total_gpu_hours": 0.0456917181942198,
  "slurm_task": 16,
  "parallel_workers": 20,
  "sampler": "tpe",
  "dataset": "cifar10",
  "device": "cuda",
  "accuracy_thresholds": {
    "gpu_h_to_80pct": 0.009300300942526924
  },
  "accuracy_curve": {
    "0": {
      "val_acc": 0.5108,
      "gpu_hours": 0.0017988036738501654
    },
    "1": {
      "val_acc": 0.6097,
      "gpu_hours": 0.0033115448554356893
    },
    "2": {
      "val_acc": 0.6955,
      "gpu_hours": 0.004811164074473911
    },
    "3": {
      "val_acc": 0.7374,
      "gpu_hours": 0.006302306784523858
    },
    "4": {
      "val_acc": 0.7765,
      "gpu_hours": 0.007805634670787387
    },
    "5": {
      "val_acc": 0.8133,
      "gpu_hours": 0.009300300942526924
    },
    "6": {
      "val_acc": 0.816,
      "gpu_hours": 0.010847051077418858
    },
    "7": {
      "val_acc": 0.8231,
      "gpu_hours": 0.012355996436542935
    },
    "8": {
      "val_acc": 0.826,
      "gpu_hours": 0.013862125343746609
    },
    "9": {
      "val_acc": 0.8286,
      "gpu_hours": 0.015366144246525234
    },
    "10": {
      "val_acc": 0.8311,
      "gpu_hours": 0.016865609420670405
    },
    "11": {
      "val_acc": 0.8301,
      "gpu_hours": 0.01838694413503011
    },
    "12": {
      "val_acc": 0.832,
      "gpu_hours": 0.019904887874921163
    },
    "13": {
      "val_acc": 0.8303,
      "gpu_hours": 0.021408118340704177
    },
    "14": {
      "val_acc": 0.832,
      "gpu_hours": 0.02295440720187293
    },
    "15": {
      "val_acc": 0.8309,
      "gpu_hours": 0.024464800622728135
    },
    "16": {
      "val_acc": 0.8298,
      "gpu_hours": 0.025967261989911398
    },
    "17": {
      "val_acc": 0.8324,
      "gpu_hours": 0.027482796907424927
    },
    "18": {
      "val_acc": 0.8317,
      "gpu_hours": 0.028995387487941317
    },
    "19": {
      "val_acc": 0.8312,
      "gpu_hours": 0.030509780314233566
    },
    "20": {
      "val_acc": 0.8314,
      "gpu_hours": 0.03203325582875146
    },
    "21": {
      "val_acc": 0.8316,
      "gpu_hours": 0.03356281989150577
    },
    "22": {
      "val_acc": 0.8308,
      "gpu_hours": 0.035097874734136794
    },
    "23": {
      "val_acc": 0.8249,
      "gpu_hours": 0.03662763377030691
    },
    "24": {
      "val_acc": 0.8307,
      "gpu_hours": 0.0381558938158883
    },
    "25": {
      "val_acc": 0.8296,
      "gpu_hours": 0.03965989887714386
    },
    "26": {
      "val_acc": 0.8292,
      "gpu_hours": 0.041169785658518476
    },
    "27": {
      "val_acc": 0.8308,
      "gpu_hours": 0.04266147726111942
    },
    "28": {
      "val_acc": 0.8322,
      "gpu_hours": 0.04417182485262553
    },
    "29": {
      "val_acc": 0.8319,
      "gpu_hours": 0.04566568023628659
    }
  }
}