{
  "trial_number": 4,
  "params": {
    "lr": 0.0013292918943162175,
    "weight_decay": 0.006351221010640704,
    "batch_size": 64,
    "dropout": 0.07799726016810132,
    "optimizer": "Adam",
    "scheduler": "plateau",
    "model": "resnet18"
  },
  "best_val_acc": 0.4408,
  "total_gpu_hours": 0.04708536711004045,
  "slurm_task": 15,
  "parallel_workers": 20,
  "sampler": "tpe",
  "dataset": "cifar10",
  "device": "cuda",
  "accuracy_thresholds": {},
  "accuracy_curve": {
    "0": {
      "val_acc": 0.2135,
      "gpu_hours": 0.0020650190777248808
    },
    "1": {
      "val_acc": 0.2102,
      "gpu_hours": 0.0036184767882029216
    },
    "2": {
      "val_acc": 0.3315,
      "gpu_hours": 0.005160955919159783
    },
    "3": {
      "val_acc": 0.3114,
      "gpu_hours": 0.006754801074663798
    },
    "4": {
      "val_acc": 0.2582,
      "gpu_hours": 0.00832715974913703
    },
    "5": {
      "val_acc": 0.3368,
      "gpu_hours": 0.009889074895117018
    },
    "6": {
      "val_acc": 0.4293,
      "gpu_hours": 0.011411278247833253
    },
    "7": {
      "val_acc": 0.4354,
      "gpu_hours": 0.012976789540714687
    },
    "8": {
      "val_acc": 0.4316,
      "gpu_hours": 0.014508413076400757
    },
    "9": {
      "val_acc": 0.4205,
      "gpu_hours": 0.016065656079186332
    },
    "10": {
      "val_acc": 0.4337,
      "gpu_hours": 0.017612943318155078
    },
    "11": {
      "val_acc": 0.4308,
      "gpu_hours": 0.01917238752047221
    },
    "12": {
      "val_acc": 0.4327,
      "gpu_hours": 0.020724284450213116
    },
    "13": {
      "val_acc": 0.4306,
      "gpu_hours": 0.022256091568205093
    },
    "14": {
      "val_acc": 0.4341,
      "gpu_hours": 0.023806326919131808
    },
    "15": {
      "val_acc": 0.4346,
      "gpu_hours": 0.025348026421335008
    },
    "16": {
      "val_acc": 0.4354,
      "gpu_hours": 0.026910395953390332
    },
    "17": {
      "val_acc": 0.4368,
      "gpu_hours": 0.028453170392248366
    },
    "18": {
      "val_acc": 0.4408,
      "gpu_hours": 0.03000164184305403
    },
    "19": {
      "val_acc": 0.436,
      "gpu_hours": 0.031541386975182426
    },
    "20": {
      "val_acc": 0.4326,
      "gpu_hours": 0.03310054242610931
    },
    "21": {
      "val_acc": 0.4342,
      "gpu_hours": 0.034638306498527525
    },
    "22": {
      "val_acc": 0.4373,
      "gpu_hours": 0.036189743744002446
    },
    "23": {
      "val_acc": 0.428,
      "gpu_hours": 0.03775895244545407
    },
    "24": {
      "val_acc": 0.4361,
      "gpu_hours": 0.03930534561475118
    },
    "25": {
      "val_acc": 0.4373,
      "gpu_hours": 0.04084619886345334
    },
    "26": {
      "val_acc": 0.4396,
      "gpu_hours": 0.04240673634741041
    },
    "27": {
      "val_acc": 0.4352,
      "gpu_hours": 0.043946933481428356
    },
    "28": {
      "val_acc": 0.4324,
      "gpu_hours": 0.045470182365841334
    },
    "29": {
      "val_acc": 0.4333,
      "gpu_hours": 0.04705520305368635
    }
  }
}