{
  "trial_number": 27,
  "params": {
    "lr": 0.004095676584000674,
    "weight_decay": 2.907879986529897e-05,
    "batch_size": 64,
    "dropout": 0.1996279439278742,
    "optimizer": "SGD",
    "scheduler": "plateau",
    "model": "resnet18",
    "momentum": 0.8630073277450395
  },
  "best_val_acc": 0.5864,
  "total_gpu_hours": 0.046254918177922565,
  "slurm_task": 9,
  "parallel_workers": 20,
  "sampler": "tpe",
  "dataset": "cifar10",
  "device": "cuda",
  "accuracy_thresholds": {},
  "accuracy_curve": {
    "0": {
      "val_acc": 0.3885,
      "gpu_hours": 0.001817864841885037
    },
    "1": {
      "val_acc": 0.4486,
      "gpu_hours": 0.003356695506307814
    },
    "2": {
      "val_acc": 0.4899,
      "gpu_hours": 0.004876038365893893
    },
    "3": {
      "val_acc": 0.5274,
      "gpu_hours": 0.0064032181104024255
    },
    "4": {
      "val_acc": 0.5476,
      "gpu_hours": 0.007924428780873616
    },
    "5": {
      "val_acc": 0.574,
      "gpu_hours": 0.00944188846482171
    },
    "6": {
      "val_acc": 0.5752,
      "gpu_hours": 0.010966153144836425
    },
    "7": {
      "val_acc": 0.579,
      "gpu_hours": 0.01249740739663442
    },
    "8": {
      "val_acc": 0.5778,
      "gpu_hours": 0.014023972352345785
    },
    "9": {
      "val_acc": 0.5777,
      "gpu_hours": 0.015558757583300272
    },
    "10": {
      "val_acc": 0.5804,
      "gpu_hours": 0.01709143446551429
    },
    "11": {
      "val_acc": 0.5803,
      "gpu_hours": 0.018647206558121576
    },
    "12": {
      "val_acc": 0.5815,
      "gpu_hours": 0.02019494851430257
    },
    "13": {
      "val_acc": 0.5849,
      "gpu_hours": 0.021718174682723152
    },
    "14": {
      "val_acc": 0.5783,
      "gpu_hours": 0.023253740072250367
    },
    "15": {
      "val_acc": 0.5847,
      "gpu_hours": 0.024768065412839255
    },
    "16": {
      "val_acc": 0.5839,
      "gpu_hours": 0.02628321157561408
    },
    "17": {
      "val_acc": 0.5806,
      "gpu_hours": 0.027824718488587273
    },
    "18": {
      "val_acc": 0.5833,
      "gpu_hours": 0.02934742126199934
    },
    "19": {
      "val_acc": 0.5864,
      "gpu_hours": 0.030886445376608108
    },
    "20": {
      "val_acc": 0.5853,
      "gpu_hours": 0.03242424627145132
    },
    "21": {
      "val_acc": 0.5802,
      "gpu_hours": 0.033962260087331136
    },
    "22": {
      "val_acc": 0.5846,
      "gpu_hours": 0.03553680075539483
    },
    "23": {
      "val_acc": 0.582,
      "gpu_hours": 0.03707002494070265
    },
    "24": {
      "val_acc": 0.5774,
      "gpu_hours": 0.03862819274266561
    },
    "25": {
      "val_acc": 0.5829,
      "gpu_hours": 0.04016320241822137
    },
    "26": {
      "val_acc": 0.5844,
      "gpu_hours": 0.04167392717467414
    },
    "27": {
      "val_acc": 0.5849,
      "gpu_hours": 0.043216718832651775
    },
    "28": {
      "val_acc": 0.5833,
      "gpu_hours": 0.04472572677665287
    },
    "29": {
      "val_acc": 0.5809,
      "gpu_hours": 0.046231916215684676
    }
  }
}