{
  "trial_number": 29,
  "params": {
    "lr": 0.009071659038603897,
    "weight_decay": 0.0035332134760896403,
    "batch_size": 64,
    "dropout": 0.0234266753470872,
    "optimizer": "SGD",
    "scheduler": "cosine",
    "model": "efficientnet_b1",
    "momentum": 0.8049926318232632
  },
  "best_val_acc": 0.7182,
  "total_gpu_hours": 0.1323439566956626,
  "slurm_task": 3,
  "parallel_workers": 20,
  "sampler": "tpe",
  "dataset": "cifar10",
  "device": "cuda",
  "accuracy_thresholds": {},
  "accuracy_curve": {
    "0": {
      "val_acc": 0.1107,
      "gpu_hours": 0.004638552864392598
    },
    "1": {
      "val_acc": 0.1699,
      "gpu_hours": 0.00896364304754469
    },
    "2": {
      "val_acc": 0.2635,
      "gpu_hours": 0.013430166708098518
    },
    "3": {
      "val_acc": 0.375,
      "gpu_hours": 0.01799566818608178
    },
    "4": {
      "val_acc": 0.4459,
      "gpu_hours": 0.02255747828218672
    },
    "5": {
      "val_acc": 0.4942,
      "gpu_hours": 0.0271227048503028
    },
    "6": {
      "val_acc": 0.5197,
      "gpu_hours": 0.03171550578541226
    },
    "7": {
      "val_acc": 0.5541,
      "gpu_hours": 0.03631482826338874
    },
    "8": {
      "val_acc": 0.5722,
      "gpu_hours": 0.04091335892677307
    },
    "9": {
      "val_acc": 0.5996,
      "gpu_hours": 0.04552113354206085
    },
    "10": {
      "val_acc": 0.5955,
      "gpu_hours": 0.05006667461660173
    },
    "11": {
      "val_acc": 0.6173,
      "gpu_hours": 0.05463393688201904
    },
    "12": {
      "val_acc": 0.6299,
      "gpu_hours": 0.05898021611902449
    },
    "13": {
      "val_acc": 0.6373,
      "gpu_hours": 0.06329386684629652
    },
    "14": {
      "val_acc": 0.6435,
      "gpu_hours": 0.06761089523633321
    },
    "15": {
      "val_acc": 0.6447,
      "gpu_hours": 0.0719440910551283
    },
    "16": {
      "val_acc": 0.6658,
      "gpu_hours": 0.07626137501663632
    },
    "17": {
      "val_acc": 0.663,
      "gpu_hours": 0.08057234452830421
    },
    "18": {
      "val_acc": 0.662,
      "gpu_hours": 0.08490999983416664
    },
    "19": {
      "val_acc": 0.6815,
      "gpu_hours": 0.08921106656392415
    },
    "20": {
      "val_acc": 0.6788,
      "gpu_hours": 0.09351271788279215
    },
    "21": {
      "val_acc": 0.6955,
      "gpu_hours": 0.09783167163530986
    },
    "22": {
      "val_acc": 0.6853,
      "gpu_hours": 0.10213106956746842
    },
    "23": {
      "val_acc": 0.695,
      "gpu_hours": 0.10643314712577397
    },
    "24": {
      "val_acc": 0.6981,
      "gpu_hours": 0.11075959768560198
    },
    "25": {
      "val_acc": 0.7106,
      "gpu_hours": 0.11507901807626088
    },
    "26": {
      "val_acc": 0.7112,
      "gpu_hours": 0.11938661191198562
    },
    "27": {
      "val_acc": 0.7127,
      "gpu_hours": 0.12370149705145095
    },
    "28": {
      "val_acc": 0.7128,
      "gpu_hours": 0.12800554129812453
    },
    "29": {
      "val_acc": 0.7182,
      "gpu_hours": 0.13231373535262214
    }
  }
}