{
  "trial_number": 1,
  "params": {
    "lr": 0.0013292918943162175,
    "weight_decay": 0.006351221010640704,
    "batch_size": 64,
    "dropout": 0.07799726016810132,
    "optimizer": "Adam",
    "scheduler": "plateau",
    "model": "resnet18"
  },
  "best_val_acc": 0.4538,
  "total_gpu_hours": 0.046904085013601514,
  "slurm_task": 10,
  "parallel_workers": 20,
  "sampler": "tpe",
  "dataset": "cifar10",
  "device": "cuda",
  "accuracy_thresholds": {},
  "accuracy_curve": {
    "0": {
      "val_acc": 0.1828,
      "gpu_hours": 0.0020820650789472794
    },
    "1": {
      "val_acc": 0.2639,
      "gpu_hours": 0.0036526905165778266
    },
    "2": {
      "val_acc": 0.3341,
      "gpu_hours": 0.0052120982938342626
    },
    "3": {
      "val_acc": 0.2347,
      "gpu_hours": 0.0068067393038007944
    },
    "4": {
      "val_acc": 0.3477,
      "gpu_hours": 0.008344598015149434
    },
    "5": {
      "val_acc": 0.4261,
      "gpu_hours": 0.009873100320498148
    },
    "6": {
      "val_acc": 0.4287,
      "gpu_hours": 0.011435949073897467
    },
    "7": {
      "val_acc": 0.4125,
      "gpu_hours": 0.01297878000471327
    },
    "8": {
      "val_acc": 0.4245,
      "gpu_hours": 0.014537408881717258
    },
    "9": {
      "val_acc": 0.4458,
      "gpu_hours": 0.016084989309310915
    },
    "10": {
      "val_acc": 0.4441,
      "gpu_hours": 0.017616551452212862
    },
    "11": {
      "val_acc": 0.4423,
      "gpu_hours": 0.019154504670037164
    },
    "12": {
      "val_acc": 0.4538,
      "gpu_hours": 0.020681476593017577
    },
    "13": {
      "val_acc": 0.4476,
      "gpu_hours": 0.022208463350931802
    },
    "14": {
      "val_acc": 0.4488,
      "gpu_hours": 0.0237323577536477
    },
    "15": {
      "val_acc": 0.45,
      "gpu_hours": 0.025251156290372213
    },
    "16": {
      "val_acc": 0.4468,
      "gpu_hours": 0.026800362467765806
    },
    "17": {
      "val_acc": 0.4519,
      "gpu_hours": 0.028336370256212023
    },
    "18": {
      "val_acc": 0.4493,
      "gpu_hours": 0.02990281058682336
    },
    "19": {
      "val_acc": 0.4486,
      "gpu_hours": 0.031424685451719496
    },
    "20": {
      "val_acc": 0.4478,
      "gpu_hours": 0.03296859251128303
    },
    "21": {
      "val_acc": 0.4478,
      "gpu_hours": 0.03453219042883979
    },
    "22": {
      "val_acc": 0.4477,
      "gpu_hours": 0.03605633192592197
    },
    "23": {
      "val_acc": 0.4487,
      "gpu_hours": 0.037605544593599105
    },
    "24": {
      "val_acc": 0.4504,
      "gpu_hours": 0.0391779762506485
    },
    "25": {
      "val_acc": 0.4497,
      "gpu_hours": 0.04072417279084523
    },
    "26": {
      "val_acc": 0.4488,
      "gpu_hours": 0.042250742779837716
    },
    "27": {
      "val_acc": 0.4516,
      "gpu_hours": 0.043793450792630514
    },
    "28": {
      "val_acc": 0.4482,
      "gpu_hours": 0.04532958898279402
    },
    "29": {
      "val_acc": 0.4478,
      "gpu_hours": 0.04686962313122219
    }
  }
}