{
  "trial_number": 30,
  "params": {
    "lr": 0.004107871826676734,
    "weight_decay": 0.007757467485848162,
    "batch_size": 128,
    "dropout": 0.22121170617550623,
    "optimizer": "AdamW",
    "scheduler": "step",
    "model": "resnet18"
  },
  "best_val_acc": 0.9156,
  "total_gpu_hours": 0.03951010247071584,
  "slurm_task": 18,
  "parallel_workers": 20,
  "sampler": "tpe",
  "dataset": "cifar10",
  "device": "cuda",
  "accuracy_thresholds": {
    "gpu_h_to_80pct": 0.008154925439092848,
    "gpu_h_to_85pct": 0.013364186551835801,
    "gpu_h_to_90pct": 0.0264350649383333
  },
  "accuracy_curve": {
    "0": {
      "val_acc": 0.485,
      "gpu_hours": 0.0016263578335444133
    },
    "1": {
      "val_acc": 0.6098,
      "gpu_hours": 0.002940090298652649
    },
    "2": {
      "val_acc": 0.6934,
      "gpu_hours": 0.004247350162929959
    },
    "3": {
      "val_acc": 0.7584,
      "gpu_hours": 0.005549289253022936
    },
    "4": {
      "val_acc": 0.7108,
      "gpu_hours": 0.006852764553493923
    },
    "5": {
      "val_acc": 0.8007,
      "gpu_hours": 0.008154925439092848
    },
    "6": {
      "val_acc": 0.8231,
      "gpu_hours": 0.009452333516544766
    },
    "7": {
      "val_acc": 0.8411,
      "gpu_hours": 0.01076082984606425
    },
    "8": {
      "val_acc": 0.8458,
      "gpu_hours": 0.012061141861809625
    },
    "9": {
      "val_acc": 0.8592,
      "gpu_hours": 0.013364186551835801
    },
    "10": {
      "val_acc": 0.8858,
      "gpu_hours": 0.014685465296109517
    },
    "11": {
      "val_acc": 0.8772,
      "gpu_hours": 0.015989857912063598
    },
    "12": {
      "val_acc": 0.8911,
      "gpu_hours": 0.01728993852933248
    },
    "13": {
      "val_acc": 0.8916,
      "gpu_hours": 0.018591914110713537
    },
    "14": {
      "val_acc": 0.8948,
      "gpu_hours": 0.019903478291299608
    },
    "15": {
      "val_acc": 0.892,
      "gpu_hours": 0.021220725576082865
    },
    "16": {
      "val_acc": 0.8951,
      "gpu_hours": 0.02252841353416443
    },
    "17": {
      "val_acc": 0.8854,
      "gpu_hours": 0.0238294216659334
    },
    "18": {
      "val_acc": 0.8952,
      "gpu_hours": 0.02512859642505646
    },
    "19": {
      "val_acc": 0.9025,
      "gpu_hours": 0.0264350649383333
    },
    "20": {
      "val_acc": 0.9117,
      "gpu_hours": 0.02774507145086924
    },
    "21": {
      "val_acc": 0.912,
      "gpu_hours": 0.029047443005773756
    },
    "22": {
      "val_acc": 0.9131,
      "gpu_hours": 0.03035638729731242
    },
    "23": {
      "val_acc": 0.9069,
      "gpu_hours": 0.03165233936574724
    },
    "24": {
      "val_acc": 0.912,
      "gpu_hours": 0.0329599576526218
    },
    "25": {
      "val_acc": 0.9104,
      "gpu_hours": 0.03426186594698164
    },
    "26": {
      "val_acc": 0.9142,
      "gpu_hours": 0.035568891167640684
    },
    "27": {
      "val_acc": 0.9156,
      "gpu_hours": 0.03687581996122996
    },
    "28": {
      "val_acc": 0.9123,
      "gpu_hours": 0.0381752837366528
    },
    "29": {
      "val_acc": 0.9141,
      "gpu_hours": 0.039479205144776236
    }
  }
}