{
  "trial_number": 21,
  "params": {
    "lr": 0.0008179499475211679,
    "weight_decay": 0.0001256104370001356,
    "batch_size": 256,
    "dropout": 0.06974693032602092,
    "optimizer": "AdamW",
    "scheduler": "cosine",
    "model": "efficientnet_b0"
  },
  "best_val_acc": 0.7782,
  "total_gpu_hours": 0.03922595838705699,
  "slurm_task": 10,
  "parallel_workers": 20,
  "sampler": "tpe",
  "dataset": "cifar10",
  "device": "cuda",
  "accuracy_thresholds": {},
  "accuracy_curve": {
    "0": {
      "val_acc": 0.362,
      "gpu_hours": 0.0016330944829516941
    },
    "1": {
      "val_acc": 0.4628,
      "gpu_hours": 0.0029252690739101834
    },
    "2": {
      "val_acc": 0.5183,
      "gpu_hours": 0.004193948109944661
    },
    "3": {
      "val_acc": 0.5493,
      "gpu_hours": 0.005464933647049798
    },
    "4": {
      "val_acc": 0.5923,
      "gpu_hours": 0.006742191712061564
    },
    "5": {
      "val_acc": 0.6252,
      "gpu_hours": 0.008012149996227689
    },
    "6": {
      "val_acc": 0.6434,
      "gpu_hours": 0.009289817876285977
    },
    "7": {
      "val_acc": 0.6684,
      "gpu_hours": 0.010565676954057482
    },
    "8": {
      "val_acc": 0.6823,
      "gpu_hours": 0.011825790339046054
    },
    "9": {
      "val_acc": 0.6863,
      "gpu_hours": 0.013125952614678277
    },
    "10": {
      "val_acc": 0.7135,
      "gpu_hours": 0.014436250196562873
    },
    "11": {
      "val_acc": 0.7169,
      "gpu_hours": 0.015745211243629455
    },
    "12": {
      "val_acc": 0.7278,
      "gpu_hours": 0.0170537754562166
    },
    "13": {
      "val_acc": 0.7399,
      "gpu_hours": 0.018352902068032157
    },
    "14": {
      "val_acc": 0.7399,
      "gpu_hours": 0.01966283400853475
    },
    "15": {
      "val_acc": 0.7477,
      "gpu_hours": 0.020975165433353846
    },
    "16": {
      "val_acc": 0.7566,
      "gpu_hours": 0.02227523664633433
    },
    "17": {
      "val_acc": 0.7592,
      "gpu_hours": 0.023576579756206938
    },
    "18": {
      "val_acc": 0.7614,
      "gpu_hours": 0.02488837076558007
    },
    "19": {
      "val_acc": 0.7644,
      "gpu_hours": 0.026184096601274277
    },
    "20": {
      "val_acc": 0.7669,
      "gpu_hours": 0.027494953208499484
    },
    "21": {
      "val_acc": 0.7688,
      "gpu_hours": 0.02880090077718099
    },
    "22": {
      "val_acc": 0.7707,
      "gpu_hours": 0.030104491048389012
    },
    "23": {
      "val_acc": 0.7746,
      "gpu_hours": 0.031412686043315464
    },
    "24": {
      "val_acc": 0.7782,
      "gpu_hours": 0.03270355138513777
    },
    "25": {
      "val_acc": 0.7757,
      "gpu_hours": 0.03400121092796326
    },
    "26": {
      "val_acc": 0.7762,
      "gpu_hours": 0.035306263301107615
    },
    "27": {
      "val_acc": 0.7781,
      "gpu_hours": 0.036607564091682435
    },
    "28": {
      "val_acc": 0.7774,
      "gpu_hours": 0.03790722621811761
    },
    "29": {
      "val_acc": 0.778,
      "gpu_hours": 0.03920106934176551
    }
  }
}