{
  "trial_number": 34,
  "params": {
    "lr": 0.0037918184635206396,
    "weight_decay": 0.0021777086439036986,
    "batch_size": 256,
    "dropout": 0.21003294756924473,
    "optimizer": "AdamW",
    "scheduler": "plateau",
    "model": "efficientnet_b1"
  },
  "best_val_acc": 0.614,
  "total_gpu_hours": 0.043693144652578564,
  "slurm_task": 8,
  "parallel_workers": 20,
  "sampler": "tpe",
  "dataset": "cifar10",
  "device": "cuda",
  "accuracy_thresholds": {},
  "accuracy_curve": {
    "0": {
      "val_acc": 0.2343,
      "gpu_hours": 0.0018043275011910332
    },
    "1": {
      "val_acc": 0.2938,
      "gpu_hours": 0.0032346242666244506
    },
    "2": {
      "val_acc": 0.3575,
      "gpu_hours": 0.004665133754412333
    },
    "3": {
      "val_acc": 0.4095,
      "gpu_hours": 0.006104453669653998
    },
    "4": {
      "val_acc": 0.4886,
      "gpu_hours": 0.007552048630184598
    },
    "5": {
      "val_acc": 0.5618,
      "gpu_hours": 0.00901396698421902
    },
    "6": {
      "val_acc": 0.5815,
      "gpu_hours": 0.01045569227801429
    },
    "7": {
      "val_acc": 0.5846,
      "gpu_hours": 0.01189697523911794
    },
    "8": {
      "val_acc": 0.6025,
      "gpu_hours": 0.01335552003648546
    },
    "9": {
      "val_acc": 0.6061,
      "gpu_hours": 0.014804769555727642
    },
    "10": {
      "val_acc": 0.6081,
      "gpu_hours": 0.016320121222072177
    },
    "11": {
      "val_acc": 0.6106,
      "gpu_hours": 0.017810639871491327
    },
    "12": {
      "val_acc": 0.6126,
      "gpu_hours": 0.019261104596985712
    },
    "13": {
      "val_acc": 0.6115,
      "gpu_hours": 0.020694202250904507
    },
    "14": {
      "val_acc": 0.6137,
      "gpu_hours": 0.022120159533288743
    },
    "15": {
      "val_acc": 0.614,
      "gpu_hours": 0.02358896553516388
    },
    "16": {
      "val_acc": 0.6119,
      "gpu_hours": 0.025051556958092584
    },
    "17": {
      "val_acc": 0.6132,
      "gpu_hours": 0.02648401439189911
    },
    "18": {
      "val_acc": 0.6121,
      "gpu_hours": 0.027944617138968574
    },
    "19": {
      "val_acc": 0.6136,
      "gpu_hours": 0.029356463220384387
    },
    "20": {
      "val_acc": 0.6126,
      "gpu_hours": 0.030807457235124375
    },
    "21": {
      "val_acc": 0.6121,
      "gpu_hours": 0.03223196234967973
    },
    "22": {
      "val_acc": 0.613,
      "gpu_hours": 0.033657934135860865
    },
    "23": {
      "val_acc": 0.6122,
      "gpu_hours": 0.035070889194806415
    },
    "24": {
      "val_acc": 0.6128,
      "gpu_hours": 0.036508929597006905
    },
    "25": {
      "val_acc": 0.6122,
      "gpu_hours": 0.03794936431778802
    },
    "26": {
      "val_acc": 0.612,
      "gpu_hours": 0.03939587851365407
    },
    "27": {
      "val_acc": 0.6128,
      "gpu_hours": 0.04084801581170824
    },
    "28": {
      "val_acc": 0.6131,
      "gpu_hours": 0.04224272966384888
    },
    "29": {
      "val_acc": 0.6128,
      "gpu_hours": 0.043676710923512774
    }
  }
}