{
  "trial_number": 17,
  "params": {
    "lr": 0.0013292918943162175,
    "weight_decay": 0.006351221010640704,
    "batch_size": 64,
    "dropout": 0.07799726016810132,
    "optimizer": "Adam",
    "scheduler": "plateau",
    "model": "resnet18"
  },
  "best_val_acc": 0.4498,
  "total_gpu_hours": 0.04695820430914561,
  "slurm_task": 16,
  "parallel_workers": 20,
  "sampler": "tpe",
  "dataset": "cifar10",
  "device": "cuda",
  "accuracy_thresholds": {},
  "accuracy_curve": {
    "0": {
      "val_acc": 0.2561,
      "gpu_hours": 0.002098459005355835
    },
    "1": {
      "val_acc": 0.2639,
      "gpu_hours": 0.0036222160524792143
    },
    "2": {
      "val_acc": 0.3432,
      "gpu_hours": 0.005193929539786445
    },
    "3": {
      "val_acc": 0.3212,
      "gpu_hours": 0.006745910776986016
    },
    "4": {
      "val_acc": 0.3696,
      "gpu_hours": 0.008291766709751553
    },
    "5": {
      "val_acc": 0.4158,
      "gpu_hours": 0.009828159477975634
    },
    "6": {
      "val_acc": 0.4174,
      "gpu_hours": 0.011360696487956576
    },
    "7": {
      "val_acc": 0.4395,
      "gpu_hours": 0.012914447916878595
    },
    "8": {
      "val_acc": 0.4322,
      "gpu_hours": 0.014458890557289123
    },
    "9": {
      "val_acc": 0.4447,
      "gpu_hours": 0.016027974287668865
    },
    "10": {
      "val_acc": 0.4399,
      "gpu_hours": 0.017574280235502455
    },
    "11": {
      "val_acc": 0.4494,
      "gpu_hours": 0.019140754010942247
    },
    "12": {
      "val_acc": 0.4476,
      "gpu_hours": 0.02067592395676507
    },
    "13": {
      "val_acc": 0.4451,
      "gpu_hours": 0.022223113377888997
    },
    "14": {
      "val_acc": 0.4498,
      "gpu_hours": 0.023737173477808633
    },
    "15": {
      "val_acc": 0.447,
      "gpu_hours": 0.025280034608311124
    },
    "16": {
      "val_acc": 0.4446,
      "gpu_hours": 0.026812095708317225
    },
    "17": {
      "val_acc": 0.4476,
      "gpu_hours": 0.028369010355737474
    },
    "18": {
      "val_acc": 0.4495,
      "gpu_hours": 0.0299289474884669
    },
    "19": {
      "val_acc": 0.4458,
      "gpu_hours": 0.03146944443384806
    },
    "20": {
      "val_acc": 0.4449,
      "gpu_hours": 0.03302866929107242
    },
    "21": {
      "val_acc": 0.4481,
      "gpu_hours": 0.03461159222655826
    },
    "22": {
      "val_acc": 0.4487,
      "gpu_hours": 0.036148581173684864
    },
    "23": {
      "val_acc": 0.4479,
      "gpu_hours": 0.037687792049513925
    },
    "24": {
      "val_acc": 0.4498,
      "gpu_hours": 0.03923356400595771
    },
    "25": {
      "val_acc": 0.4483,
      "gpu_hours": 0.040770850512716506
    },
    "26": {
      "val_acc": 0.4457,
      "gpu_hours": 0.04228799276881748
    },
    "27": {
      "val_acc": 0.449,
      "gpu_hours": 0.04381354524029626
    },
    "28": {
      "val_acc": 0.4496,
      "gpu_hours": 0.04538487990697225
    },
    "29": {
      "val_acc": 0.4451,
      "gpu_hours": 0.04692584819263882
    }
  }
}