{
  "trial_number": 20,
  "params": {
    "lr": 0.0008179499475211679,
    "weight_decay": 0.0001256104370001356,
    "batch_size": 256,
    "dropout": 0.06974693032602092,
    "optimizer": "AdamW",
    "scheduler": "cosine",
    "model": "efficientnet_b0"
  },
  "best_val_acc": 0.7778,
  "total_gpu_hours": 0.038537645869784885,
  "slurm_task": 2,
  "parallel_workers": 20,
  "sampler": "tpe",
  "dataset": "cifar10",
  "device": "cuda",
  "accuracy_thresholds": {},
  "accuracy_curve": {
    "0": {
      "val_acc": 0.3525,
      "gpu_hours": 0.0016244919432534112
    },
    "1": {
      "val_acc": 0.4514,
      "gpu_hours": 0.0028984846009148493
    },
    "2": {
      "val_acc": 0.5262,
      "gpu_hours": 0.004164992173512776
    },
    "3": {
      "val_acc": 0.5573,
      "gpu_hours": 0.005432034267319573
    },
    "4": {
      "val_acc": 0.5948,
      "gpu_hours": 0.006694365938504537
    },
    "5": {
      "val_acc": 0.5952,
      "gpu_hours": 0.007957910762892829
    },
    "6": {
      "val_acc": 0.6245,
      "gpu_hours": 0.009226962924003601
    },
    "7": {
      "val_acc": 0.661,
      "gpu_hours": 0.010507994890213012
    },
    "8": {
      "val_acc": 0.6785,
      "gpu_hours": 0.011782359149720934
    },
    "9": {
      "val_acc": 0.6904,
      "gpu_hours": 0.013039757079548306
    },
    "10": {
      "val_acc": 0.7059,
      "gpu_hours": 0.01430882838037279
    },
    "11": {
      "val_acc": 0.7119,
      "gpu_hours": 0.01557694137096405
    },
    "12": {
      "val_acc": 0.7216,
      "gpu_hours": 0.016854285067982144
    },
    "13": {
      "val_acc": 0.7213,
      "gpu_hours": 0.01812896794743008
    },
    "14": {
      "val_acc": 0.7394,
      "gpu_hours": 0.019399136039945815
    },
    "15": {
      "val_acc": 0.7441,
      "gpu_hours": 0.02067245105902354
    },
    "16": {
      "val_acc": 0.7454,
      "gpu_hours": 0.021947377456559076
    },
    "17": {
      "val_acc": 0.7567,
      "gpu_hours": 0.023225959473186068
    },
    "18": {
      "val_acc": 0.7581,
      "gpu_hours": 0.024492410951190525
    },
    "19": {
      "val_acc": 0.7639,
      "gpu_hours": 0.025764914353688557
    },
    "20": {
      "val_acc": 0.7632,
      "gpu_hours": 0.027032315532366433
    },
    "21": {
      "val_acc": 0.7697,
      "gpu_hours": 0.028309086958567303
    },
    "22": {
      "val_acc": 0.7702,
      "gpu_hours": 0.029575380153126187
    },
    "23": {
      "val_acc": 0.7737,
      "gpu_hours": 0.030843271480666266
    },
    "24": {
      "val_acc": 0.7755,
      "gpu_hours": 0.03211220138602787
    },
    "25": {
      "val_acc": 0.7759,
      "gpu_hours": 0.033383972114986844
    },
    "26": {
      "val_acc": 0.7768,
      "gpu_hours": 0.03466269512971242
    },
    "27": {
      "val_acc": 0.7751,
      "gpu_hours": 0.035935707092285156
    },
    "28": {
      "val_acc": 0.7764,
      "gpu_hours": 0.03723430964681837
    },
    "29": {
      "val_acc": 0.7778,
      "gpu_hours": 0.03851160234875149
    }
  }
}