{
  "trial_number": 22,
  "params": {
    "lr": 0.0008179499475211679,
    "weight_decay": 0.0001256104370001356,
    "batch_size": 256,
    "dropout": 0.06974693032602092,
    "optimizer": "AdamW",
    "scheduler": "cosine",
    "model": "efficientnet_b0"
  },
  "best_val_acc": 0.783,
  "total_gpu_hours": 0.03901517795191871,
  "slurm_task": 13,
  "parallel_workers": 20,
  "sampler": "tpe",
  "dataset": "cifar10",
  "device": "cuda",
  "accuracy_thresholds": {},
  "accuracy_curve": {
    "0": {
      "val_acc": 0.3938,
      "gpu_hours": 0.0016196939680311415
    },
    "1": {
      "val_acc": 0.4782,
      "gpu_hours": 0.0028877920574612087
    },
    "2": {
      "val_acc": 0.5076,
      "gpu_hours": 0.0041587944163216485
    },
    "3": {
      "val_acc": 0.5792,
      "gpu_hours": 0.005423317154248555
    },
    "4": {
      "val_acc": 0.6238,
      "gpu_hours": 0.006690151890118917
    },
    "5": {
      "val_acc": 0.655,
      "gpu_hours": 0.007954125073220995
    },
    "6": {
      "val_acc": 0.6676,
      "gpu_hours": 0.009217516117625767
    },
    "7": {
      "val_acc": 0.6636,
      "gpu_hours": 0.01048282610045539
    },
    "8": {
      "val_acc": 0.7021,
      "gpu_hours": 0.011746514307128059
    },
    "9": {
      "val_acc": 0.7105,
      "gpu_hours": 0.01305717945098877
    },
    "10": {
      "val_acc": 0.7108,
      "gpu_hours": 0.014366298980183071
    },
    "11": {
      "val_acc": 0.7273,
      "gpu_hours": 0.015667440162764654
    },
    "12": {
      "val_acc": 0.7395,
      "gpu_hours": 0.016959190103742812
    },
    "13": {
      "val_acc": 0.7472,
      "gpu_hours": 0.018260517915089924
    },
    "14": {
      "val_acc": 0.7507,
      "gpu_hours": 0.0195667032400767
    },
    "15": {
      "val_acc": 0.7542,
      "gpu_hours": 0.02086004376411438
    },
    "16": {
      "val_acc": 0.7601,
      "gpu_hours": 0.02215881321165297
    },
    "17": {
      "val_acc": 0.7655,
      "gpu_hours": 0.02344558616479238
    },
    "18": {
      "val_acc": 0.7635,
      "gpu_hours": 0.024724558459387886
    },
    "19": {
      "val_acc": 0.7705,
      "gpu_hours": 0.02601982123321957
    },
    "20": {
      "val_acc": 0.7757,
      "gpu_hours": 0.027311652104059857
    },
    "21": {
      "val_acc": 0.7765,
      "gpu_hours": 0.028592434061898125
    },
    "22": {
      "val_acc": 0.7757,
      "gpu_hours": 0.029896376530329387
    },
    "23": {
      "val_acc": 0.7785,
      "gpu_hours": 0.031182654168870713
    },
    "24": {
      "val_acc": 0.7772,
      "gpu_hours": 0.032481598258018496
    },
    "25": {
      "val_acc": 0.782,
      "gpu_hours": 0.03377444611655341
    },
    "26": {
      "val_acc": 0.782,
      "gpu_hours": 0.035058530105484854
    },
    "27": {
      "val_acc": 0.783,
      "gpu_hours": 0.0363484921058019
    },
    "28": {
      "val_acc": 0.7829,
      "gpu_hours": 0.037651894026332434
    },
    "29": {
      "val_acc": 0.7817,
      "gpu_hours": 0.03898871845669217
    }
  }
}