{
  "trial_number": 26,
  "params": {
    "lr": 0.00010683692784777876,
    "weight_decay": 6.593521713867221e-05,
    "batch_size": 64,
    "dropout": 0.1320318391449698,
    "optimizer": "Adam",
    "scheduler": "step",
    "model": "resnet18"
  },
  "best_val_acc": 0.8924,
  "total_gpu_hours": 0.04614580406083001,
  "slurm_task": 7,
  "parallel_workers": 20,
  "sampler": "tpe",
  "dataset": "cifar10",
  "device": "cuda",
  "accuracy_thresholds": {
    "gpu_h_to_80pct": 0.01250377443101671,
    "gpu_h_to_85pct": 0.018589811589982776
  },
  "accuracy_curve": {
    "0": {
      "val_acc": 0.5491,
      "gpu_hours": 0.0018544169929292466
    },
    "1": {
      "val_acc": 0.6413,
      "gpu_hours": 0.003364648355378045
    },
    "2": {
      "val_acc": 0.7084,
      "gpu_hours": 0.004884403546651204
    },
    "3": {
      "val_acc": 0.7004,
      "gpu_hours": 0.006394963065783183
    },
    "4": {
      "val_acc": 0.7584,
      "gpu_hours": 0.0079132784737481
    },
    "5": {
      "val_acc": 0.7897,
      "gpu_hours": 0.0094521121846305
    },
    "6": {
      "val_acc": 0.7917,
      "gpu_hours": 0.010965758628315395
    },
    "7": {
      "val_acc": 0.8194,
      "gpu_hours": 0.01250377443101671
    },
    "8": {
      "val_acc": 0.8296,
      "gpu_hours": 0.014022156927320692
    },
    "9": {
      "val_acc": 0.827,
      "gpu_hours": 0.015540499753422208
    },
    "10": {
      "val_acc": 0.8497,
      "gpu_hours": 0.01706171883477105
    },
    "11": {
      "val_acc": 0.8552,
      "gpu_hours": 0.018589811589982776
    },
    "12": {
      "val_acc": 0.8642,
      "gpu_hours": 0.020116581320762633
    },
    "13": {
      "val_acc": 0.8696,
      "gpu_hours": 0.02163429425822364
    },
    "14": {
      "val_acc": 0.8622,
      "gpu_hours": 0.023191777997546726
    },
    "15": {
      "val_acc": 0.8752,
      "gpu_hours": 0.024739887250794304
    },
    "16": {
      "val_acc": 0.8674,
      "gpu_hours": 0.026249283618397182
    },
    "17": {
      "val_acc": 0.8747,
      "gpu_hours": 0.027757769227027895
    },
    "18": {
      "val_acc": 0.8734,
      "gpu_hours": 0.02928103870815701
    },
    "19": {
      "val_acc": 0.8756,
      "gpu_hours": 0.030774881442387898
    },
    "20": {
      "val_acc": 0.8853,
      "gpu_hours": 0.03229067193137275
    },
    "21": {
      "val_acc": 0.8834,
      "gpu_hours": 0.03383732683128781
    },
    "22": {
      "val_acc": 0.8892,
      "gpu_hours": 0.03538636498981052
    },
    "23": {
      "val_acc": 0.8886,
      "gpu_hours": 0.03692205508550008
    },
    "24": {
      "val_acc": 0.8903,
      "gpu_hours": 0.03847123907672034
    },
    "25": {
      "val_acc": 0.8874,
      "gpu_hours": 0.04002879520257314
    },
    "26": {
      "val_acc": 0.8843,
      "gpu_hours": 0.04155434528986613
    },
    "27": {
      "val_acc": 0.8897,
      "gpu_hours": 0.04307618161042531
    },
    "28": {
      "val_acc": 0.8924,
      "gpu_hours": 0.044600939684444
    },
    "29": {
      "val_acc": 0.8882,
      "gpu_hours": 0.046122711499532065
    }
  }
}