{
  "trial_number": 32,
  "params": {
    "lr": 0.001945039989219889,
    "weight_decay": 0.0005272238439160214,
    "batch_size": 64,
    "dropout": 0.3688673976751487,
    "optimizer": "Adam",
    "scheduler": "plateau",
    "model": "resnet18"
  },
  "best_val_acc": 0.7586,
  "total_gpu_hours": 0.04643260425991482,
  "slurm_task": 12,
  "parallel_workers": 20,
  "sampler": "tpe",
  "dataset": "cifar10",
  "device": "cuda",
  "accuracy_thresholds": {},
  "accuracy_curve": {
    "0": {
      "val_acc": 0.4072,
      "gpu_hours": 0.0018264025449752808
    },
    "1": {
      "val_acc": 0.4492,
      "gpu_hours": 0.003344921800825331
    },
    "2": {
      "val_acc": 0.4528,
      "gpu_hours": 0.0049104342857996626
    },
    "3": {
      "val_acc": 0.5994,
      "gpu_hours": 0.006455394294526842
    },
    "4": {
      "val_acc": 0.6397,
      "gpu_hours": 0.00801575481891632
    },
    "5": {
      "val_acc": 0.7034,
      "gpu_hours": 0.009559032917022705
    },
    "6": {
      "val_acc": 0.7139,
      "gpu_hours": 0.011084521346622044
    },
    "7": {
      "val_acc": 0.7232,
      "gpu_hours": 0.012665691971778869
    },
    "8": {
      "val_acc": 0.7209,
      "gpu_hours": 0.014215348694059583
    },
    "9": {
      "val_acc": 0.7469,
      "gpu_hours": 0.015760823422008092
    },
    "10": {
      "val_acc": 0.7509,
      "gpu_hours": 0.01731899360815684
    },
    "11": {
      "val_acc": 0.7483,
      "gpu_hours": 0.018858944442537096
    },
    "12": {
      "val_acc": 0.7547,
      "gpu_hours": 0.02040933310985565
    },
    "13": {
      "val_acc": 0.7532,
      "gpu_hours": 0.021962509287728204
    },
    "14": {
      "val_acc": 0.7562,
      "gpu_hours": 0.023493193984031678
    },
    "15": {
      "val_acc": 0.7561,
      "gpu_hours": 0.025065890153249105
    },
    "16": {
      "val_acc": 0.7562,
      "gpu_hours": 0.026610143846935694
    },
    "17": {
      "val_acc": 0.7547,
      "gpu_hours": 0.02814429998397827
    },
    "18": {
      "val_acc": 0.7557,
      "gpu_hours": 0.02968772504064772
    },
    "19": {
      "val_acc": 0.7553,
      "gpu_hours": 0.031215851306915284
    },
    "20": {
      "val_acc": 0.7555,
      "gpu_hours": 0.03276529570420583
    },
    "21": {
      "val_acc": 0.7547,
      "gpu_hours": 0.03427586926354302
    },
    "22": {
      "val_acc": 0.757,
      "gpu_hours": 0.03580896139144898
    },
    "23": {
      "val_acc": 0.7575,
      "gpu_hours": 0.037346894873513115
    },
    "24": {
      "val_acc": 0.7537,
      "gpu_hours": 0.03886839946111043
    },
    "25": {
      "val_acc": 0.7562,
      "gpu_hours": 0.040369141631656225
    },
    "26": {
      "val_acc": 0.7557,
      "gpu_hours": 0.04189937167697483
    },
    "27": {
      "val_acc": 0.7586,
      "gpu_hours": 0.04341105024019877
    },
    "28": {
      "val_acc": 0.7538,
      "gpu_hours": 0.0449062137471305
    },
    "29": {
      "val_acc": 0.7568,
      "gpu_hours": 0.0464145247803794
    }
  }
}