{
  "trial_number": 33,
  "params": {
    "lr": 0.0037918184635206396,
    "weight_decay": 0.0021777086439036986,
    "batch_size": 256,
    "dropout": 0.21003294756924473,
    "optimizer": "AdamW",
    "scheduler": "plateau",
    "model": "efficientnet_b1"
  },
  "best_val_acc": 0.6189,
  "total_gpu_hours": 0.04403967214955224,
  "slurm_task": 5,
  "parallel_workers": 20,
  "sampler": "tpe",
  "dataset": "cifar10",
  "device": "cuda",
  "accuracy_thresholds": {},
  "accuracy_curve": {
    "0": {
      "val_acc": 0.2257,
      "gpu_hours": 0.0017704540491104126
    },
    "1": {
      "val_acc": 0.2295,
      "gpu_hours": 0.0032089870505862764
    },
    "2": {
      "val_acc": 0.3335,
      "gpu_hours": 0.0046271801657146875
    },
    "3": {
      "val_acc": 0.4404,
      "gpu_hours": 0.0060951300462087
    },
    "4": {
      "val_acc": 0.4922,
      "gpu_hours": 0.007522839307785034
    },
    "5": {
      "val_acc": 0.5661,
      "gpu_hours": 0.008940917319721646
    },
    "6": {
      "val_acc": 0.5784,
      "gpu_hours": 0.01042316178480784
    },
    "7": {
      "val_acc": 0.5964,
      "gpu_hours": 0.011862180431683859
    },
    "8": {
      "val_acc": 0.6045,
      "gpu_hours": 0.013298463490274217
    },
    "9": {
      "val_acc": 0.6088,
      "gpu_hours": 0.014740210440423753
    },
    "10": {
      "val_acc": 0.6148,
      "gpu_hours": 0.016189433733622232
    },
    "11": {
      "val_acc": 0.6131,
      "gpu_hours": 0.017652003831333585
    },
    "12": {
      "val_acc": 0.6154,
      "gpu_hours": 0.019107749594582453
    },
    "13": {
      "val_acc": 0.6153,
      "gpu_hours": 0.020533943043814767
    },
    "14": {
      "val_acc": 0.6139,
      "gpu_hours": 0.021989896165000068
    },
    "15": {
      "val_acc": 0.6155,
      "gpu_hours": 0.023410869240760804
    },
    "16": {
      "val_acc": 0.6164,
      "gpu_hours": 0.024848347504933675
    },
    "17": {
      "val_acc": 0.6157,
      "gpu_hours": 0.026324161224895053
    },
    "18": {
      "val_acc": 0.6147,
      "gpu_hours": 0.027788646353615654
    },
    "19": {
      "val_acc": 0.6179,
      "gpu_hours": 0.02927866174115075
    },
    "20": {
      "val_acc": 0.6189,
      "gpu_hours": 0.03071348872449663
    },
    "21": {
      "val_acc": 0.6164,
      "gpu_hours": 0.03221071263154348
    },
    "22": {
      "val_acc": 0.6162,
      "gpu_hours": 0.0336977012289895
    },
    "23": {
      "val_acc": 0.6152,
      "gpu_hours": 0.035174905127949185
    },
    "24": {
      "val_acc": 0.6175,
      "gpu_hours": 0.03663175059689416
    },
    "25": {
      "val_acc": 0.6164,
      "gpu_hours": 0.03811070806450314
    },
    "26": {
      "val_acc": 0.6146,
      "gpu_hours": 0.03954389525784387
    },
    "27": {
      "val_acc": 0.6159,
      "gpu_hours": 0.04104359308878581
    },
    "28": {
      "val_acc": 0.6127,
      "gpu_hours": 0.042526375916269094
    },
    "29": {
      "val_acc": 0.6151,
      "gpu_hours": 0.04400985267427233
    }
  }
}