{
  "trial_number": 5,
  "params": {
    "lr": 0.0013292918943162175,
    "weight_decay": 0.006351221010640704,
    "batch_size": 64,
    "dropout": 0.07799726016810132,
    "optimizer": "Adam",
    "scheduler": "plateau",
    "model": "resnet18"
  },
  "best_val_acc": 0.4208,
  "total_gpu_hours": 0.046851742598745555,
  "slurm_task": 20,
  "parallel_workers": 20,
  "sampler": "tpe",
  "dataset": "cifar10",
  "device": "cuda",
  "accuracy_thresholds": {},
  "accuracy_curve": {
    "0": {
      "val_acc": 0.1875,
      "gpu_hours": 0.002046255005730523
    },
    "1": {
      "val_acc": 0.2688,
      "gpu_hours": 0.0035718790027830334
    },
    "2": {
      "val_acc": 0.3193,
      "gpu_hours": 0.005112692779964871
    },
    "3": {
      "val_acc": 0.3791,
      "gpu_hours": 0.006678691373931037
    },
    "4": {
      "val_acc": 0.3277,
      "gpu_hours": 0.008259738948610094
    },
    "5": {
      "val_acc": 0.4118,
      "gpu_hours": 0.00981893691751692
    },
    "6": {
      "val_acc": 0.4048,
      "gpu_hours": 0.01132399320602417
    },
    "7": {
      "val_acc": 0.3912,
      "gpu_hours": 0.01283314393626319
    },
    "8": {
      "val_acc": 0.3836,
      "gpu_hours": 0.014363619883855185
    },
    "9": {
      "val_acc": 0.4199,
      "gpu_hours": 0.015864068534639147
    },
    "10": {
      "val_acc": 0.4143,
      "gpu_hours": 0.01738074090745714
    },
    "11": {
      "val_acc": 0.4193,
      "gpu_hours": 0.01888903843031989
    },
    "12": {
      "val_acc": 0.4034,
      "gpu_hours": 0.02040604160891639
    },
    "13": {
      "val_acc": 0.4185,
      "gpu_hours": 0.021934056811862522
    },
    "14": {
      "val_acc": 0.4167,
      "gpu_hours": 0.02347465005185869
    },
    "15": {
      "val_acc": 0.4143,
      "gpu_hours": 0.024991143875651888
    },
    "16": {
      "val_acc": 0.4134,
      "gpu_hours": 0.026518026921484205
    },
    "17": {
      "val_acc": 0.416,
      "gpu_hours": 0.0280816164943907
    },
    "18": {
      "val_acc": 0.4152,
      "gpu_hours": 0.029630027016003927
    },
    "19": {
      "val_acc": 0.4208,
      "gpu_hours": 0.031191671291987102
    },
    "20": {
      "val_acc": 0.408,
      "gpu_hours": 0.03275009519524044
    },
    "21": {
      "val_acc": 0.4184,
      "gpu_hours": 0.034315766228569876
    },
    "22": {
      "val_acc": 0.4109,
      "gpu_hours": 0.03586756580405765
    },
    "23": {
      "val_acc": 0.4111,
      "gpu_hours": 0.0374467275540034
    },
    "24": {
      "val_acc": 0.4154,
      "gpu_hours": 0.03901321523719364
    },
    "25": {
      "val_acc": 0.4153,
      "gpu_hours": 0.040558205710517034
    },
    "26": {
      "val_acc": 0.4202,
      "gpu_hours": 0.042093886997964645
    },
    "27": {
      "val_acc": 0.411,
      "gpu_hours": 0.04364202645089891
    },
    "28": {
      "val_acc": 0.4137,
      "gpu_hours": 0.045180866056018405
    },
    "29": {
      "val_acc": 0.4146,
      "gpu_hours": 0.04675613602002462
    }
  }
}