{
  "trial_number": 35,
  "params": {
    "lr": 0.007175896589120969,
    "weight_decay": 3.6666653942627944e-05,
    "batch_size": 256,
    "dropout": 0.10195969554125978,
    "optimizer": "Adam",
    "scheduler": "step",
    "model": "resnet18"
  },
  "best_val_acc": 0.893,
  "total_gpu_hours": 0.037138917909728154,
  "slurm_task": 14,
  "parallel_workers": 20,
  "sampler": "tpe",
  "dataset": "cifar10",
  "device": "cuda",
  "accuracy_thresholds": {
    "gpu_h_to_80pct": 0.013839563793606229,
    "gpu_h_to_85pct": 0.017510405447747974
  },
  "accuracy_curve": {
    "0": {
      "val_acc": 0.3539,
      "gpu_hours": 0.001549175845252143
    },
    "1": {
      "val_acc": 0.5342,
      "gpu_hours": 0.0027784297201368545
    },
    "2": {
      "val_acc": 0.6099,
      "gpu_hours": 0.004014818734592861
    },
    "3": {
      "val_acc": 0.5895,
      "gpu_hours": 0.005239775644408332
    },
    "4": {
      "val_acc": 0.6433,
      "gpu_hours": 0.006495841277970208
    },
    "5": {
      "val_acc": 0.6626,
      "gpu_hours": 0.007719988889164395
    },
    "6": {
      "val_acc": 0.6895,
      "gpu_hours": 0.008940437038739523
    },
    "7": {
      "val_acc": 0.7462,
      "gpu_hours": 0.010167550841967264
    },
    "8": {
      "val_acc": 0.7699,
      "gpu_hours": 0.011390148268805609
    },
    "9": {
      "val_acc": 0.7947,
      "gpu_hours": 0.012620570262273152
    },
    "10": {
      "val_acc": 0.8435,
      "gpu_hours": 0.013839563793606229
    },
    "11": {
      "val_acc": 0.8461,
      "gpu_hours": 0.015055612590577867
    },
    "12": {
      "val_acc": 0.8473,
      "gpu_hours": 0.016291304892963834
    },
    "13": {
      "val_acc": 0.8537,
      "gpu_hours": 0.017510405447747974
    },
    "14": {
      "val_acc": 0.8404,
      "gpu_hours": 0.01872450417942471
    },
    "15": {
      "val_acc": 0.8526,
      "gpu_hours": 0.019954482316970824
    },
    "16": {
      "val_acc": 0.8393,
      "gpu_hours": 0.021176150772306654
    },
    "17": {
      "val_acc": 0.8463,
      "gpu_hours": 0.02241132895151774
    },
    "18": {
      "val_acc": 0.8493,
      "gpu_hours": 0.023641207019488016
    },
    "19": {
      "val_acc": 0.8372,
      "gpu_hours": 0.024864809778001574
    },
    "20": {
      "val_acc": 0.8889,
      "gpu_hours": 0.026094146503342523
    },
    "21": {
      "val_acc": 0.885,
      "gpu_hours": 0.027325960000356038
    },
    "22": {
      "val_acc": 0.8807,
      "gpu_hours": 0.028564781612820094
    },
    "23": {
      "val_acc": 0.8815,
      "gpu_hours": 0.029776122503810457
    },
    "24": {
      "val_acc": 0.8781,
      "gpu_hours": 0.03100003653102451
    },
    "25": {
      "val_acc": 0.8758,
      "gpu_hours": 0.03222280442714691
    },
    "26": {
      "val_acc": 0.893,
      "gpu_hours": 0.03343299898836348
    },
    "27": {
      "val_acc": 0.8887,
      "gpu_hours": 0.03464382270971934
    },
    "28": {
      "val_acc": 0.8895,
      "gpu_hours": 0.035846041043599446
    },
    "29": {
      "val_acc": 0.8861,
      "gpu_hours": 0.037060787479082744
    }
  }
}