{
  "trial_number": 8,
  "params": {
    "lr": 0.0013292918943162175,
    "weight_decay": 0.006351221010640704,
    "batch_size": 64,
    "dropout": 0.07799726016810132,
    "optimizer": "Adam",
    "scheduler": "plateau",
    "model": "resnet18"
  },
  "best_val_acc": 0.4246,
  "total_gpu_hours": 0.04608670327398512,
  "slurm_task": 13,
  "parallel_workers": 20,
  "sampler": "tpe",
  "dataset": "cifar10",
  "device": "cuda",
  "accuracy_thresholds": {},
  "accuracy_curve": {
    "0": {
      "val_acc": 0.2344,
      "gpu_hours": 0.0020460038714938695
    },
    "1": {
      "val_acc": 0.1693,
      "gpu_hours": 0.0035507410764694216
    },
    "2": {
      "val_acc": 0.2713,
      "gpu_hours": 0.005048188964525859
    },
    "3": {
      "val_acc": 0.2623,
      "gpu_hours": 0.006597411632537842
    },
    "4": {
      "val_acc": 0.2406,
      "gpu_hours": 0.008123561806148953
    },
    "5": {
      "val_acc": 0.2669,
      "gpu_hours": 0.009658984674347771
    },
    "6": {
      "val_acc": 0.3935,
      "gpu_hours": 0.011159175369474623
    },
    "7": {
      "val_acc": 0.4232,
      "gpu_hours": 0.012656334638595581
    },
    "8": {
      "val_acc": 0.4173,
      "gpu_hours": 0.01414962649345398
    },
    "9": {
      "val_acc": 0.3749,
      "gpu_hours": 0.01568971574306488
    },
    "10": {
      "val_acc": 0.4189,
      "gpu_hours": 0.017193221052487693
    },
    "11": {
      "val_acc": 0.4193,
      "gpu_hours": 0.01869539373450809
    },
    "12": {
      "val_acc": 0.4186,
      "gpu_hours": 0.020184224711524115
    },
    "13": {
      "val_acc": 0.418,
      "gpu_hours": 0.02170557200908661
    },
    "14": {
      "val_acc": 0.4193,
      "gpu_hours": 0.023220014174779258
    },
    "15": {
      "val_acc": 0.4231,
      "gpu_hours": 0.024750870333777535
    },
    "16": {
      "val_acc": 0.4224,
      "gpu_hours": 0.026278775334358215
    },
    "17": {
      "val_acc": 0.4192,
      "gpu_hours": 0.02780266304810842
    },
    "18": {
      "val_acc": 0.421,
      "gpu_hours": 0.029335382050938077
    },
    "19": {
      "val_acc": 0.4219,
      "gpu_hours": 0.030848738153775535
    },
    "20": {
      "val_acc": 0.4246,
      "gpu_hours": 0.03235573927561442
    },
    "21": {
      "val_acc": 0.4174,
      "gpu_hours": 0.0338735290368398
    },
    "22": {
      "val_acc": 0.419,
      "gpu_hours": 0.035376471943325466
    },
    "23": {
      "val_acc": 0.4196,
      "gpu_hours": 0.03692157506942749
    },
    "24": {
      "val_acc": 0.4216,
      "gpu_hours": 0.038409301175011526
    },
    "25": {
      "val_acc": 0.4171,
      "gpu_hours": 0.03992949525515239
    },
    "26": {
      "val_acc": 0.4168,
      "gpu_hours": 0.04144672294457753
    },
    "27": {
      "val_acc": 0.418,
      "gpu_hours": 0.04298510524961684
    },
    "28": {
      "val_acc": 0.4212,
      "gpu_hours": 0.04451175034046173
    },
    "29": {
      "val_acc": 0.421,
      "gpu_hours": 0.04602150546179878
    }
  }
}