{
  "trial_number": 12,
  "params": {
    "lr": 0.0013292918943162175,
    "weight_decay": 0.006351221010640704,
    "batch_size": 64,
    "dropout": 0.07799726016810132,
    "optimizer": "Adam",
    "scheduler": "plateau",
    "model": "resnet18"
  },
  "best_val_acc": 0.4468,
  "total_gpu_hours": 0.0476207568248113,
  "slurm_task": 18,
  "parallel_workers": 20,
  "sampler": "tpe",
  "dataset": "cifar10",
  "device": "cuda",
  "accuracy_thresholds": {},
  "accuracy_curve": {
    "0": {
      "val_acc": 0.2285,
      "gpu_hours": 0.0020610864294899832
    },
    "1": {
      "val_acc": 0.1879,
      "gpu_hours": 0.003614186512099372
    },
    "2": {
      "val_acc": 0.3264,
      "gpu_hours": 0.005169517596562703
    },
    "3": {
      "val_acc": 0.3268,
      "gpu_hours": 0.00677046881781684
    },
    "4": {
      "val_acc": 0.3098,
      "gpu_hours": 0.008326721257633634
    },
    "5": {
      "val_acc": 0.2365,
      "gpu_hours": 0.009902435739835104
    },
    "6": {
      "val_acc": 0.4117,
      "gpu_hours": 0.011467425359619988
    },
    "7": {
      "val_acc": 0.4284,
      "gpu_hours": 0.013019424478212992
    },
    "8": {
      "val_acc": 0.4125,
      "gpu_hours": 0.014582454098595514
    },
    "9": {
      "val_acc": 0.4044,
      "gpu_hours": 0.01614884270562066
    },
    "10": {
      "val_acc": 0.4381,
      "gpu_hours": 0.017705339656935798
    },
    "11": {
      "val_acc": 0.4391,
      "gpu_hours": 0.0192527926630444
    },
    "12": {
      "val_acc": 0.4367,
      "gpu_hours": 0.02082243071662055
    },
    "13": {
      "val_acc": 0.4383,
      "gpu_hours": 0.022398154139518737
    },
    "14": {
      "val_acc": 0.4447,
      "gpu_hours": 0.023960225250985887
    },
    "15": {
      "val_acc": 0.441,
      "gpu_hours": 0.025538592007425098
    },
    "16": {
      "val_acc": 0.4429,
      "gpu_hours": 0.027097490032513938
    },
    "17": {
      "val_acc": 0.4432,
      "gpu_hours": 0.028653380605909558
    },
    "18": {
      "val_acc": 0.4468,
      "gpu_hours": 0.030215864843792385
    },
    "19": {
      "val_acc": 0.44,
      "gpu_hours": 0.03177402330769433
    },
    "20": {
      "val_acc": 0.4445,
      "gpu_hours": 0.03336002926031748
    },
    "21": {
      "val_acc": 0.446,
      "gpu_hours": 0.03492913868692186
    },
    "22": {
      "val_acc": 0.4417,
      "gpu_hours": 0.036520314084159004
    },
    "23": {
      "val_acc": 0.4403,
      "gpu_hours": 0.03809097190697988
    },
    "24": {
      "val_acc": 0.4422,
      "gpu_hours": 0.039677551256285776
    },
    "25": {
      "val_acc": 0.4425,
      "gpu_hours": 0.04126030908690559
    },
    "26": {
      "val_acc": 0.4433,
      "gpu_hours": 0.04284172435601552
    },
    "27": {
      "val_acc": 0.4454,
      "gpu_hours": 0.04443450782034132
    },
    "28": {
      "val_acc": 0.4424,
      "gpu_hours": 0.045997952156596716
    },
    "29": {
      "val_acc": 0.4421,
      "gpu_hours": 0.047562537656890023
    }
  }
}