{
  "trial_number": 36,
  "params": {
    "lr": 0.007175896589120969,
    "weight_decay": 3.6666653942627944e-05,
    "batch_size": 256,
    "dropout": 0.10195969554125978,
    "optimizer": "Adam",
    "scheduler": "step",
    "model": "resnet18"
  },
  "best_val_acc": 0.8882,
  "total_gpu_hours": 0.03669842481613159,
  "slurm_task": 11,
  "parallel_workers": 20,
  "sampler": "tpe",
  "dataset": "cifar10",
  "device": "cuda",
  "accuracy_thresholds": {
    "gpu_h_to_80pct": 0.013657806714375813,
    "gpu_h_to_85pct": 0.023418633474244013
  },
  "accuracy_curve": {
    "0": {
      "val_acc": 0.4242,
      "gpu_hours": 0.0015324127674102783
    },
    "1": {
      "val_acc": 0.5119,
      "gpu_hours": 0.0027530850966771443
    },
    "2": {
      "val_acc": 0.4959,
      "gpu_hours": 0.0039616673522525365
    },
    "3": {
      "val_acc": 0.6432,
      "gpu_hours": 0.00517609006828732
    },
    "4": {
      "val_acc": 0.6545,
      "gpu_hours": 0.006402130391862658
    },
    "5": {
      "val_acc": 0.5862,
      "gpu_hours": 0.0076081118981043494
    },
    "6": {
      "val_acc": 0.7366,
      "gpu_hours": 0.008808395134078132
    },
    "7": {
      "val_acc": 0.6578,
      "gpu_hours": 0.010027204685741
    },
    "8": {
      "val_acc": 0.7402,
      "gpu_hours": 0.01124344375398424
    },
    "9": {
      "val_acc": 0.7585,
      "gpu_hours": 0.012448888156149123
    },
    "10": {
      "val_acc": 0.8344,
      "gpu_hours": 0.013657806714375813
    },
    "11": {
      "val_acc": 0.8393,
      "gpu_hours": 0.014878730045424567
    },
    "12": {
      "val_acc": 0.8372,
      "gpu_hours": 0.016107246147261726
    },
    "13": {
      "val_acc": 0.8209,
      "gpu_hours": 0.01732018490632375
    },
    "14": {
      "val_acc": 0.8303,
      "gpu_hours": 0.01853589415550232
    },
    "15": {
      "val_acc": 0.8351,
      "gpu_hours": 0.019753087957700092
    },
    "16": {
      "val_acc": 0.8112,
      "gpu_hours": 0.020974005659421285
    },
    "17": {
      "val_acc": 0.8409,
      "gpu_hours": 0.022204904092682734
    },
    "18": {
      "val_acc": 0.8629,
      "gpu_hours": 0.023418633474244013
    },
    "19": {
      "val_acc": 0.8516,
      "gpu_hours": 0.02462849968009525
    },
    "20": {
      "val_acc": 0.8807,
      "gpu_hours": 0.025854078200128344
    },
    "21": {
      "val_acc": 0.8867,
      "gpu_hours": 0.027070648405287
    },
    "22": {
      "val_acc": 0.8792,
      "gpu_hours": 0.0282817276318868
    },
    "23": {
      "val_acc": 0.8798,
      "gpu_hours": 0.029483980205323963
    },
    "24": {
      "val_acc": 0.8882,
      "gpu_hours": 0.030693076848983765
    },
    "25": {
      "val_acc": 0.8817,
      "gpu_hours": 0.031895572013325164
    },
    "26": {
      "val_acc": 0.8836,
      "gpu_hours": 0.03308750596311357
    },
    "27": {
      "val_acc": 0.8872,
      "gpu_hours": 0.034281370176209344
    },
    "28": {
      "val_acc": 0.8736,
      "gpu_hours": 0.03547258589002821
    },
    "29": {
      "val_acc": 0.882,
      "gpu_hours": 0.03667518549495273
    }
  }
}