{
  "trial_number": 7,
  "params": {
    "lr": 0.0013292918943162175,
    "weight_decay": 0.006351221010640704,
    "batch_size": 64,
    "dropout": 0.07799726016810132,
    "optimizer": "Adam",
    "scheduler": "plateau",
    "model": "resnet18"
  },
  "best_val_acc": 0.4314,
  "total_gpu_hours": 0.04679817265934414,
  "slurm_task": 7,
  "parallel_workers": 20,
  "sampler": "tpe",
  "dataset": "cifar10",
  "device": "cuda",
  "accuracy_thresholds": {},
  "accuracy_curve": {
    "0": {
      "val_acc": 0.2092,
      "gpu_hours": 0.002155082623163859
    },
    "1": {
      "val_acc": 0.3033,
      "gpu_hours": 0.0036952418751186795
    },
    "2": {
      "val_acc": 0.2945,
      "gpu_hours": 0.005234695606761508
    },
    "3": {
      "val_acc": 0.3257,
      "gpu_hours": 0.006801103419727749
    },
    "4": {
      "val_acc": 0.3623,
      "gpu_hours": 0.008337651292483012
    },
    "5": {
      "val_acc": 0.4141,
      "gpu_hours": 0.009845429062843324
    },
    "6": {
      "val_acc": 0.4106,
      "gpu_hours": 0.011388943857616848
    },
    "7": {
      "val_acc": 0.4035,
      "gpu_hours": 0.012926820582813687
    },
    "8": {
      "val_acc": 0.4145,
      "gpu_hours": 0.014471267263094584
    },
    "9": {
      "val_acc": 0.429,
      "gpu_hours": 0.016013832290967304
    },
    "10": {
      "val_acc": 0.426,
      "gpu_hours": 0.01753384166293674
    },
    "11": {
      "val_acc": 0.4286,
      "gpu_hours": 0.01905435933007134
    },
    "12": {
      "val_acc": 0.4184,
      "gpu_hours": 0.020590244597858853
    },
    "13": {
      "val_acc": 0.4275,
      "gpu_hours": 0.02212985866599613
    },
    "14": {
      "val_acc": 0.4246,
      "gpu_hours": 0.02365544577439626
    },
    "15": {
      "val_acc": 0.422,
      "gpu_hours": 0.025191380977630615
    },
    "16": {
      "val_acc": 0.4307,
      "gpu_hours": 0.026732293566068013
    },
    "17": {
      "val_acc": 0.4158,
      "gpu_hours": 0.028261502451366848
    },
    "18": {
      "val_acc": 0.4176,
      "gpu_hours": 0.029815503822432626
    },
    "19": {
      "val_acc": 0.4292,
      "gpu_hours": 0.03136418693595462
    },
    "20": {
      "val_acc": 0.4314,
      "gpu_hours": 0.03288833604918586
    },
    "21": {
      "val_acc": 0.4277,
      "gpu_hours": 0.034435186783472696
    },
    "22": {
      "val_acc": 0.4257,
      "gpu_hours": 0.03597960935698615
    },
    "23": {
      "val_acc": 0.4234,
      "gpu_hours": 0.03751195324791802
    },
    "24": {
      "val_acc": 0.4202,
      "gpu_hours": 0.039056055943171186
    },
    "25": {
      "val_acc": 0.4257,
      "gpu_hours": 0.04060144954257541
    },
    "26": {
      "val_acc": 0.4282,
      "gpu_hours": 0.042142670154571536
    },
    "27": {
      "val_acc": 0.4257,
      "gpu_hours": 0.04367381837632921
    },
    "28": {
      "val_acc": 0.4214,
      "gpu_hours": 0.04523593101236555
    },
    "29": {
      "val_acc": 0.4286,
      "gpu_hours": 0.0467708416779836
    }
  }
}