{
  "trial_number": 0,
  "params": {
    "lr": 0.0013292918943162175,
    "weight_decay": 0.006351221010640704,
    "batch_size": 64,
    "dropout": 0.07799726016810132,
    "optimizer": "Adam",
    "scheduler": "plateau",
    "model": "resnet18"
  },
  "best_val_acc": 0.4209,
  "total_gpu_hours": 0.04625439114040798,
  "slurm_task": 2,
  "parallel_workers": 20,
  "sampler": "tpe",
  "dataset": "cifar10",
  "device": "cuda",
  "accuracy_thresholds": {},
  "accuracy_curve": {
    "0": {
      "val_acc": 0.2304,
      "gpu_hours": 0.002461180951860216
    },
    "1": {
      "val_acc": 0.2938,
      "gpu_hours": 0.003947108189264933
    },
    "2": {
      "val_acc": 0.2954,
      "gpu_hours": 0.005456367068820529
    },
    "3": {
      "val_acc": 0.3093,
      "gpu_hours": 0.006981029444270663
    },
    "4": {
      "val_acc": 0.329,
      "gpu_hours": 0.008487411406305101
    },
    "5": {
      "val_acc": 0.4072,
      "gpu_hours": 0.010008539027637906
    },
    "6": {
      "val_acc": 0.4146,
      "gpu_hours": 0.011551067696677315
    },
    "7": {
      "val_acc": 0.4146,
      "gpu_hours": 0.013066598640547858
    },
    "8": {
      "val_acc": 0.4126,
      "gpu_hours": 0.01457172499762641
    },
    "9": {
      "val_acc": 0.4128,
      "gpu_hours": 0.016083463893996345
    },
    "10": {
      "val_acc": 0.4147,
      "gpu_hours": 0.0175890189409256
    },
    "11": {
      "val_acc": 0.4164,
      "gpu_hours": 0.01908960057629479
    },
    "12": {
      "val_acc": 0.4151,
      "gpu_hours": 0.020606573621431985
    },
    "13": {
      "val_acc": 0.416,
      "gpu_hours": 0.022106991741392346
    },
    "14": {
      "val_acc": 0.4181,
      "gpu_hours": 0.023615352776315476
    },
    "15": {
      "val_acc": 0.4194,
      "gpu_hours": 0.025115874740812512
    },
    "16": {
      "val_acc": 0.4206,
      "gpu_hours": 0.0266065290901396
    },
    "17": {
      "val_acc": 0.4178,
      "gpu_hours": 0.028111069798469543
    },
    "18": {
      "val_acc": 0.4162,
      "gpu_hours": 0.029626488751835295
    },
    "19": {
      "val_acc": 0.4209,
      "gpu_hours": 0.031127618617481655
    },
    "20": {
      "val_acc": 0.4173,
      "gpu_hours": 0.03264193733533224
    },
    "21": {
      "val_acc": 0.4204,
      "gpu_hours": 0.03416331211725871
    },
    "22": {
      "val_acc": 0.4205,
      "gpu_hours": 0.03568603343433804
    },
    "23": {
      "val_acc": 0.4147,
      "gpu_hours": 0.037193348010381065
    },
    "24": {
      "val_acc": 0.4203,
      "gpu_hours": 0.03870540387100643
    },
    "25": {
      "val_acc": 0.4201,
      "gpu_hours": 0.04022978537612491
    },
    "26": {
      "val_acc": 0.4202,
      "gpu_hours": 0.041728822257783675
    },
    "27": {
      "val_acc": 0.418,
      "gpu_hours": 0.04321324328581492
    },
    "28": {
      "val_acc": 0.4154,
      "gpu_hours": 0.04471876290109422
    },
    "29": {
      "val_acc": 0.4174,
      "gpu_hours": 0.04623036828305986
    }
  }
}