{
  "trial_number": 19,
  "params": {
    "lr": 0.0013292918943162175,
    "weight_decay": 0.006351221010640704,
    "batch_size": 64,
    "dropout": 0.07799726016810132,
    "optimizer": "Adam",
    "scheduler": "plateau",
    "model": "resnet18"
  },
  "best_val_acc": 0.4434,
  "total_gpu_hours": 0.047450983458095126,
  "slurm_task": 1,
  "parallel_workers": 20,
  "sampler": "tpe",
  "dataset": "cifar10",
  "device": "cuda",
  "accuracy_thresholds": {},
  "accuracy_curve": {
    "0": {
      "val_acc": 0.1696,
      "gpu_hours": 0.002142231861750285
    },
    "1": {
      "val_acc": 0.2092,
      "gpu_hours": 0.0037354818317625257
    },
    "2": {
      "val_acc": 0.293,
      "gpu_hours": 0.005301931765344408
    },
    "3": {
      "val_acc": 0.2952,
      "gpu_hours": 0.0068691541088951955
    },
    "4": {
      "val_acc": 0.2736,
      "gpu_hours": 0.008439880940649245
    },
    "5": {
      "val_acc": 0.407,
      "gpu_hours": 0.010030459099345737
    },
    "6": {
      "val_acc": 0.4189,
      "gpu_hours": 0.01157944016986423
    },
    "7": {
      "val_acc": 0.4171,
      "gpu_hours": 0.013141513731744554
    },
    "8": {
      "val_acc": 0.4138,
      "gpu_hours": 0.014690673218833076
    },
    "9": {
      "val_acc": 0.4416,
      "gpu_hours": 0.016201241811116537
    },
    "10": {
      "val_acc": 0.4383,
      "gpu_hours": 0.017731658352745903
    },
    "11": {
      "val_acc": 0.4434,
      "gpu_hours": 0.019285054670439825
    },
    "12": {
      "val_acc": 0.4426,
      "gpu_hours": 0.02083699769443936
    },
    "13": {
      "val_acc": 0.442,
      "gpu_hours": 0.022372848060395984
    },
    "14": {
      "val_acc": 0.4362,
      "gpu_hours": 0.023911763297186958
    },
    "15": {
      "val_acc": 0.4411,
      "gpu_hours": 0.02543626626332601
    },
    "16": {
      "val_acc": 0.4402,
      "gpu_hours": 0.026996907459364998
    },
    "17": {
      "val_acc": 0.442,
      "gpu_hours": 0.0285733253426022
    },
    "18": {
      "val_acc": 0.4425,
      "gpu_hours": 0.030103861490885418
    },
    "19": {
      "val_acc": 0.4402,
      "gpu_hours": 0.031655121445655826
    },
    "20": {
      "val_acc": 0.4393,
      "gpu_hours": 0.03321764720810784
    },
    "21": {
      "val_acc": 0.4393,
      "gpu_hours": 0.034790052043067086
    },
    "22": {
      "val_acc": 0.4388,
      "gpu_hours": 0.03636258251137204
    },
    "23": {
      "val_acc": 0.4419,
      "gpu_hours": 0.03792010982831319
    },
    "24": {
      "val_acc": 0.4399,
      "gpu_hours": 0.039465944766998294
    },
    "25": {
      "val_acc": 0.4418,
      "gpu_hours": 0.04107082625230153
    },
    "26": {
      "val_acc": 0.441,
      "gpu_hours": 0.04263907081551022
    },
    "27": {
      "val_acc": 0.4419,
      "gpu_hours": 0.0442289051744673
    },
    "28": {
      "val_acc": 0.4419,
      "gpu_hours": 0.04578995751010047
    },
    "29": {
      "val_acc": 0.4404,
      "gpu_hours": 0.04739940451251136
    }
  }
}