{
  "trial_number": 37,
  "params": {
    "lr": 0.00023310182998856628,
    "weight_decay": 5.353999791822631e-06,
    "batch_size": 64,
    "dropout": 0.45834328257057155,
    "optimizer": "AdamW",
    "scheduler": "cosine",
    "model": "efficientnet_b0"
  },
  "best_val_acc": 0.7291,
  "total_gpu_hours": 0.09869699292712741,
  "slurm_task": 17,
  "parallel_workers": 20,
  "sampler": "tpe",
  "dataset": "cifar10",
  "device": "cuda",
  "accuracy_thresholds": {},
  "accuracy_curve": {
    "0": {
      "val_acc": 0.2616,
      "gpu_hours": 0.003736452195379469
    },
    "1": {
      "val_acc": 0.4188,
      "gpu_hours": 0.007136709358957079
    },
    "2": {
      "val_acc": 0.4814,
      "gpu_hours": 0.010556207166777716
    },
    "3": {
      "val_acc": 0.5207,
      "gpu_hours": 0.013955067727300857
    },
    "4": {
      "val_acc": 0.5514,
      "gpu_hours": 0.017361777623494466
    },
    "5": {
      "val_acc": 0.5838,
      "gpu_hours": 0.020775226023462084
    },
    "6": {
      "val_acc": 0.5917,
      "gpu_hours": 0.02418502820862664
    },
    "7": {
      "val_acc": 0.6069,
      "gpu_hours": 0.027598400447103714
    },
    "8": {
      "val_acc": 0.6292,
      "gpu_hours": 0.030887819859716628
    },
    "9": {
      "val_acc": 0.6404,
      "gpu_hours": 0.03412325143814087
    },
    "10": {
      "val_acc": 0.6542,
      "gpu_hours": 0.03735219604439206
    },
    "11": {
      "val_acc": 0.655,
      "gpu_hours": 0.040582939849959476
    },
    "12": {
      "val_acc": 0.6684,
      "gpu_hours": 0.04381430208683014
    },
    "13": {
      "val_acc": 0.6774,
      "gpu_hours": 0.047047959168752033
    },
    "14": {
      "val_acc": 0.6882,
      "gpu_hours": 0.05027159359720018
    },
    "15": {
      "val_acc": 0.6952,
      "gpu_hours": 0.053489936192830406
    },
    "16": {
      "val_acc": 0.703,
      "gpu_hours": 0.05671978877650367
    },
    "17": {
      "val_acc": 0.7092,
      "gpu_hours": 0.05995173864894443
    },
    "18": {
      "val_acc": 0.6966,
      "gpu_hours": 0.06316948195298512
    },
    "19": {
      "val_acc": 0.7085,
      "gpu_hours": 0.06640037609471215
    },
    "20": {
      "val_acc": 0.7099,
      "gpu_hours": 0.0696385352479087
    },
    "21": {
      "val_acc": 0.7196,
      "gpu_hours": 0.0728688649336497
    },
    "22": {
      "val_acc": 0.7214,
      "gpu_hours": 0.07609585662682851
    },
    "23": {
      "val_acc": 0.7209,
      "gpu_hours": 0.07932146363788181
    },
    "24": {
      "val_acc": 0.723,
      "gpu_hours": 0.08254446658823225
    },
    "25": {
      "val_acc": 0.7285,
      "gpu_hours": 0.0857779938644833
    },
    "26": {
      "val_acc": 0.7254,
      "gpu_hours": 0.08900509536266327
    },
    "27": {
      "val_acc": 0.7291,
      "gpu_hours": 0.09222558842764961
    },
    "28": {
      "val_acc": 0.7258,
      "gpu_hours": 0.09545559485753377
    },
    "29": {
      "val_acc": 0.7244,
      "gpu_hours": 0.09868255893389384
    }
  }
}