{
  "trial_number": 23,
  "params": {
    "lr": 0.0008179499475211679,
    "weight_decay": 0.0001256104370001356,
    "batch_size": 256,
    "dropout": 0.06974693032602092,
    "optimizer": "AdamW",
    "scheduler": "cosine",
    "model": "efficientnet_b0"
  },
  "best_val_acc": 0.7781,
  "total_gpu_hours": 0.03928078399764167,
  "slurm_task": 4,
  "parallel_workers": 20,
  "sampler": "tpe",
  "dataset": "cifar10",
  "device": "cuda",
  "accuracy_thresholds": {},
  "accuracy_curve": {
    "0": {
      "val_acc": 0.3797,
      "gpu_hours": 0.0016603944698969522
    },
    "1": {
      "val_acc": 0.4898,
      "gpu_hours": 0.00294691714975569
    },
    "2": {
      "val_acc": 0.5326,
      "gpu_hours": 0.004224537677235073
    },
    "3": {
      "val_acc": 0.5838,
      "gpu_hours": 0.005509360829989115
    },
    "4": {
      "val_acc": 0.6151,
      "gpu_hours": 0.006800361805491977
    },
    "5": {
      "val_acc": 0.6356,
      "gpu_hours": 0.008078936735788982
    },
    "6": {
      "val_acc": 0.6583,
      "gpu_hours": 0.009362504084904988
    },
    "7": {
      "val_acc": 0.6777,
      "gpu_hours": 0.010634194281366137
    },
    "8": {
      "val_acc": 0.6835,
      "gpu_hours": 0.011918546689881218
    },
    "9": {
      "val_acc": 0.6929,
      "gpu_hours": 0.013235371576415168
    },
    "10": {
      "val_acc": 0.7136,
      "gpu_hours": 0.014538441167937385
    },
    "11": {
      "val_acc": 0.7221,
      "gpu_hours": 0.0158652796347936
    },
    "12": {
      "val_acc": 0.7269,
      "gpu_hours": 0.017175937957233853
    },
    "13": {
      "val_acc": 0.7318,
      "gpu_hours": 0.018507913615968492
    },
    "14": {
      "val_acc": 0.7458,
      "gpu_hours": 0.019830988181961908
    },
    "15": {
      "val_acc": 0.7454,
      "gpu_hours": 0.021151034235954283
    },
    "16": {
      "val_acc": 0.749,
      "gpu_hours": 0.022447136574321323
    },
    "17": {
      "val_acc": 0.7551,
      "gpu_hours": 0.02373213443491194
    },
    "18": {
      "val_acc": 0.7628,
      "gpu_hours": 0.025017639994621275
    },
    "19": {
      "val_acc": 0.7659,
      "gpu_hours": 0.026308642493353948
    },
    "20": {
      "val_acc": 0.7668,
      "gpu_hours": 0.02758599109119839
    },
    "21": {
      "val_acc": 0.7707,
      "gpu_hours": 0.028873918718761868
    },
    "22": {
      "val_acc": 0.7685,
      "gpu_hours": 0.03016680869791243
    },
    "23": {
      "val_acc": 0.7735,
      "gpu_hours": 0.031469181643591984
    },
    "24": {
      "val_acc": 0.7753,
      "gpu_hours": 0.03276509483655294
    },
    "25": {
      "val_acc": 0.7761,
      "gpu_hours": 0.03405088676346673
    },
    "26": {
      "val_acc": 0.7781,
      "gpu_hours": 0.035341799192958406
    },
    "27": {
      "val_acc": 0.7771,
      "gpu_hours": 0.03663650525940789
    },
    "28": {
      "val_acc": 0.7751,
      "gpu_hours": 0.03794389459821913
    },
    "29": {
      "val_acc": 0.7774,
      "gpu_hours": 0.039239552749527826
    }
  }
}