{
  "trial_number": 25,
  "params": {
    "lr": 0.0008179499475211679,
    "weight_decay": 0.0001256104370001356,
    "batch_size": 256,
    "dropout": 0.06974693032602092,
    "optimizer": "AdamW",
    "scheduler": "cosine",
    "model": "efficientnet_b0"
  },
  "best_val_acc": 0.7786,
  "total_gpu_hours": 0.03950017280048794,
  "slurm_task": 15,
  "parallel_workers": 20,
  "sampler": "tpe",
  "dataset": "cifar10",
  "device": "cuda",
  "accuracy_thresholds": {},
  "accuracy_curve": {
    "0": {
      "val_acc": 0.3318,
      "gpu_hours": 0.0016465546025170221
    },
    "1": {
      "val_acc": 0.4495,
      "gpu_hours": 0.0029382334815131294
    },
    "2": {
      "val_acc": 0.5133,
      "gpu_hours": 0.004221353067292107
    },
    "3": {
      "val_acc": 0.5549,
      "gpu_hours": 0.005506248672803243
    },
    "4": {
      "val_acc": 0.5898,
      "gpu_hours": 0.0068019548389646745
    },
    "5": {
      "val_acc": 0.6097,
      "gpu_hours": 0.008090948396258884
    },
    "6": {
      "val_acc": 0.6383,
      "gpu_hours": 0.00938026593791114
    },
    "7": {
      "val_acc": 0.6567,
      "gpu_hours": 0.010681479308340285
    },
    "8": {
      "val_acc": 0.6737,
      "gpu_hours": 0.011977765030331081
    },
    "9": {
      "val_acc": 0.6746,
      "gpu_hours": 0.013287078539530437
    },
    "10": {
      "val_acc": 0.6959,
      "gpu_hours": 0.014605922301610312
    },
    "11": {
      "val_acc": 0.7102,
      "gpu_hours": 0.015922795335451764
    },
    "12": {
      "val_acc": 0.7252,
      "gpu_hours": 0.01723760704199473
    },
    "13": {
      "val_acc": 0.7304,
      "gpu_hours": 0.01853531903690762
    },
    "14": {
      "val_acc": 0.7376,
      "gpu_hours": 0.01983714024225871
    },
    "15": {
      "val_acc": 0.7431,
      "gpu_hours": 0.021144658592012193
    },
    "16": {
      "val_acc": 0.749,
      "gpu_hours": 0.022451473938094244
    },
    "17": {
      "val_acc": 0.7555,
      "gpu_hours": 0.023759749134381614
    },
    "18": {
      "val_acc": 0.7628,
      "gpu_hours": 0.025065805845790438
    },
    "19": {
      "val_acc": 0.7636,
      "gpu_hours": 0.026379582285881043
    },
    "20": {
      "val_acc": 0.7656,
      "gpu_hours": 0.02769451936086019
    },
    "21": {
      "val_acc": 0.7691,
      "gpu_hours": 0.02901758200592465
    },
    "22": {
      "val_acc": 0.7699,
      "gpu_hours": 0.030310498873392742
    },
    "23": {
      "val_acc": 0.774,
      "gpu_hours": 0.03161909162998199
    },
    "24": {
      "val_acc": 0.7727,
      "gpu_hours": 0.032933097746637136
    },
    "25": {
      "val_acc": 0.7748,
      "gpu_hours": 0.03424340148766836
    },
    "26": {
      "val_acc": 0.7786,
      "gpu_hours": 0.035552338626649645
    },
    "27": {
      "val_acc": 0.778,
      "gpu_hours": 0.03685814711782667
    },
    "28": {
      "val_acc": 0.7776,
      "gpu_hours": 0.03816918498939938
    },
    "29": {
      "val_acc": 0.7767,
      "gpu_hours": 0.03947494738631778
    }
  }
}